-- MySQL dump 10.13  Distrib 8.0.28, for macos10.15 (x86_64)
--
-- Host: localhost    Database: farmart
-- ------------------------------------------------------
-- Server version	8.0.28

/*!40101 SET @OLD_CHARACTER_SET_CLIENT=@@CHARACTER_SET_CLIENT */;
/*!40101 SET @OLD_CHARACTER_SET_RESULTS=@@CHARACTER_SET_RESULTS */;
/*!40101 SET @OLD_COLLATION_CONNECTION=@@COLLATION_CONNECTION */;
/*!50503 SET NAMES utf8mb4 */;
/*!40103 SET @OLD_TIME_ZONE=@@TIME_ZONE */;
/*!40103 SET TIME_ZONE='+00:00' */;
/*!40014 SET @OLD_UNIQUE_CHECKS=@@UNIQUE_CHECKS, UNIQUE_CHECKS=0 */;
/*!40014 SET @OLD_FOREIGN_KEY_CHECKS=@@FOREIGN_KEY_CHECKS, FOREIGN_KEY_CHECKS=0 */;
/*!40101 SET @OLD_SQL_MODE=@@SQL_MODE, SQL_MODE='NO_AUTO_VALUE_ON_ZERO' */;
/*!40111 SET @OLD_SQL_NOTES=@@SQL_NOTES, SQL_NOTES=0 */;

--
-- Table structure for table `activations`
--

DROP TABLE IF EXISTS `activations`;
/*!40101 SET @saved_cs_client     = @@character_set_client */;
/*!50503 SET character_set_client = utf8mb4 */;
CREATE TABLE `activations` (
  `id` bigint unsigned NOT NULL AUTO_INCREMENT,
  `user_id` int unsigned NOT NULL,
  `code` varchar(120) COLLATE utf8mb4_unicode_ci NOT NULL,
  `completed` tinyint(1) NOT NULL DEFAULT '0',
  `completed_at` timestamp NULL DEFAULT NULL,
  `created_at` timestamp NULL DEFAULT NULL,
  `updated_at` timestamp NULL DEFAULT NULL,
  PRIMARY KEY (`id`),
  KEY `activations_user_id_index` (`user_id`)
) ENGINE=InnoDB AUTO_INCREMENT=2 DEFAULT CHARSET=utf8mb4 COLLATE=utf8mb4_unicode_ci;
/*!40101 SET character_set_client = @saved_cs_client */;

--
-- Dumping data for table `activations`
--

LOCK TABLES `activations` WRITE;
/*!40000 ALTER TABLE `activations` DISABLE KEYS */;
INSERT INTO `activations` VALUES (1,1,'pOJ6gmojq6wtVR1Uouglts9mxqHPq5Y5',1,'2022-05-30 02:37:20','2022-05-30 02:37:20','2022-05-30 02:37:20');
/*!40000 ALTER TABLE `activations` ENABLE KEYS */;
UNLOCK TABLES;

--
-- Table structure for table `ads`
--

DROP TABLE IF EXISTS `ads`;
/*!40101 SET @saved_cs_client     = @@character_set_client */;
/*!50503 SET character_set_client = utf8mb4 */;
CREATE TABLE `ads` (
  `id` bigint unsigned NOT NULL AUTO_INCREMENT,
  `name` varchar(255) COLLATE utf8mb4_unicode_ci NOT NULL,
  `expired_at` datetime DEFAULT NULL,
  `location` varchar(120) COLLATE utf8mb4_unicode_ci DEFAULT NULL,
  `key` varchar(120) COLLATE utf8mb4_unicode_ci NOT NULL,
  `image` varchar(255) COLLATE utf8mb4_unicode_ci DEFAULT NULL,
  `url` varchar(255) COLLATE utf8mb4_unicode_ci DEFAULT NULL,
  `clicked` bigint NOT NULL DEFAULT '0',
  `order` int DEFAULT '0',
  `status` varchar(60) COLLATE utf8mb4_unicode_ci NOT NULL DEFAULT 'published',
  `created_at` timestamp NULL DEFAULT NULL,
  `updated_at` timestamp NULL DEFAULT NULL,
  PRIMARY KEY (`id`),
  UNIQUE KEY `ads_key_unique` (`key`)
) ENGINE=InnoDB AUTO_INCREMENT=6 DEFAULT CHARSET=utf8mb4 COLLATE=utf8mb4_unicode_ci;
/*!40101 SET character_set_client = @saved_cs_client */;

--
-- Dumping data for table `ads`
--

LOCK TABLES `ads` WRITE;
/*!40000 ALTER TABLE `ads` DISABLE KEYS */;
INSERT INTO `ads` VALUES (1,'Top Slider Image 1','2027-05-30 00:00:00','not_set','VC2C8Q1UGCBG','promotion/1.jpg','/products',0,1,'published','2022-05-30 02:37:20','2022-05-30 02:37:20'),(2,'Homepage middle 1','2027-05-30 00:00:00','not_set','IZ6WU8KUALYD','promotion/2.png','/products',0,2,'published','2022-05-30 02:37:20','2022-05-30 02:37:20'),(3,'Homepage middle 2','2027-05-30 00:00:00','not_set','ILSFJVYFGCPZ','promotion/3.png','/products',0,3,'published','2022-05-30 02:37:20','2022-05-30 02:37:20'),(4,'Homepage middle 3','2027-05-30 00:00:00','not_set','ZDOZUZZIU7FT','promotion/4.png','/products',0,4,'published','2022-05-30 02:37:20','2022-05-30 02:37:20'),(5,'Products list 1','2027-05-30 00:00:00','not_set','ZDOZUZZIU7FZ','promotion/5.png','/products/beat-headphone',0,5,'published','2022-05-30 02:37:20','2022-05-30 02:37:20');
/*!40000 ALTER TABLE `ads` ENABLE KEYS */;
UNLOCK TABLES;

--
-- Table structure for table `ads_translations`
--

DROP TABLE IF EXISTS `ads_translations`;
/*!40101 SET @saved_cs_client     = @@character_set_client */;
/*!50503 SET character_set_client = utf8mb4 */;
CREATE TABLE `ads_translations` (
  `lang_code` varchar(191) COLLATE utf8mb4_unicode_ci NOT NULL,
  `ads_id` int NOT NULL,
  `name` varchar(255) COLLATE utf8mb4_unicode_ci DEFAULT NULL,
  `image` varchar(255) COLLATE utf8mb4_unicode_ci DEFAULT NULL,
  `url` varchar(255) COLLATE utf8mb4_unicode_ci DEFAULT NULL,
  PRIMARY KEY (`lang_code`,`ads_id`)
) ENGINE=InnoDB DEFAULT CHARSET=utf8mb4 COLLATE=utf8mb4_unicode_ci;
/*!40101 SET character_set_client = @saved_cs_client */;

--
-- Dumping data for table `ads_translations`
--

LOCK TABLES `ads_translations` WRITE;
/*!40000 ALTER TABLE `ads_translations` DISABLE KEYS */;
INSERT INTO `ads_translations` VALUES ('vi',1,'Top Slider Image 1',NULL,'/vi/products'),('vi',2,'Homepage middle 1',NULL,'/vi/products'),('vi',3,'Homepage middle 2',NULL,'/vi/products'),('vi',4,'Homepage middle 3',NULL,'/vi/products');
/*!40000 ALTER TABLE `ads_translations` ENABLE KEYS */;
UNLOCK TABLES;

--
-- Table structure for table `audit_histories`
--

DROP TABLE IF EXISTS `audit_histories`;
/*!40101 SET @saved_cs_client     = @@character_set_client */;
/*!50503 SET character_set_client = utf8mb4 */;
CREATE TABLE `audit_histories` (
  `id` bigint unsigned NOT NULL AUTO_INCREMENT,
  `user_id` int unsigned NOT NULL,
  `module` varchar(60) COLLATE utf8mb4_unicode_ci NOT NULL,
  `request` text COLLATE utf8mb4_unicode_ci,
  `action` varchar(120) COLLATE utf8mb4_unicode_ci NOT NULL,
  `user_agent` text COLLATE utf8mb4_unicode_ci,
  `ip_address` varchar(39) COLLATE utf8mb4_unicode_ci DEFAULT NULL,
  `reference_user` int unsigned NOT NULL,
  `reference_id` int unsigned NOT NULL,
  `reference_name` varchar(255) COLLATE utf8mb4_unicode_ci NOT NULL,
  `type` varchar(20) COLLATE utf8mb4_unicode_ci NOT NULL,
  `created_at` timestamp NULL DEFAULT NULL,
  `updated_at` timestamp NULL DEFAULT NULL,
  PRIMARY KEY (`id`),
  KEY `audit_histories_user_id_index` (`user_id`),
  KEY `audit_histories_module_index` (`module`)
) ENGINE=InnoDB DEFAULT CHARSET=utf8mb4 COLLATE=utf8mb4_unicode_ci;
/*!40101 SET character_set_client = @saved_cs_client */;

--
-- Dumping data for table `audit_histories`
--

LOCK TABLES `audit_histories` WRITE;
/*!40000 ALTER TABLE `audit_histories` DISABLE KEYS */;
/*!40000 ALTER TABLE `audit_histories` ENABLE KEYS */;
UNLOCK TABLES;

--
-- Table structure for table `categories`
--

DROP TABLE IF EXISTS `categories`;
/*!40101 SET @saved_cs_client     = @@character_set_client */;
/*!50503 SET character_set_client = utf8mb4 */;
CREATE TABLE `categories` (
  `id` bigint unsigned NOT NULL AUTO_INCREMENT,
  `name` varchar(120) COLLATE utf8mb4_unicode_ci NOT NULL,
  `parent_id` int unsigned NOT NULL DEFAULT '0',
  `description` varchar(400) COLLATE utf8mb4_unicode_ci DEFAULT NULL,
  `status` varchar(60) COLLATE utf8mb4_unicode_ci NOT NULL DEFAULT 'published',
  `author_id` int NOT NULL,
  `author_type` varchar(255) CHARACTER SET utf8mb4 COLLATE utf8mb4_unicode_ci NOT NULL DEFAULT 'Botble\\ACL\\Models\\User',
  `icon` varchar(60) COLLATE utf8mb4_unicode_ci DEFAULT NULL,
  `order` tinyint NOT NULL DEFAULT '0',
  `is_featured` tinyint NOT NULL DEFAULT '0',
  `is_default` tinyint unsigned NOT NULL DEFAULT '0',
  `created_at` timestamp NULL DEFAULT NULL,
  `updated_at` timestamp NULL DEFAULT NULL,
  PRIMARY KEY (`id`),
  KEY `categories_parent_id_index` (`parent_id`),
  KEY `categories_status_index` (`status`),
  KEY `categories_created_at_index` (`created_at`)
) ENGINE=InnoDB AUTO_INCREMENT=5 DEFAULT CHARSET=utf8mb4 COLLATE=utf8mb4_unicode_ci;
/*!40101 SET character_set_client = @saved_cs_client */;

--
-- Dumping data for table `categories`
--

LOCK TABLES `categories` WRITE;
/*!40000 ALTER TABLE `categories` DISABLE KEYS */;
INSERT INTO `categories` VALUES (1,'Ecommerce',0,'Aut et expedita reprehenderit incidunt quisquam autem. Rem et et fugiat dolorem. Molestias illo error provident vero facere minima cum similique.','published',1,'Botble\\ACL\\Models\\User',NULL,0,0,1,'2022-05-30 02:37:18','2022-05-30 02:37:18'),(2,'Fashion',0,'Voluptate expedita dolorem in sed ducimus odit architecto sed. Harum a qui autem. Neque quis asperiores molestiae est est.','published',1,'Botble\\ACL\\Models\\User',NULL,0,1,0,'2022-05-30 02:37:18','2022-05-30 02:37:18'),(3,'Electronic',0,'Repudiandae expedita vitae at officia ut suscipit animi. Soluta eos quaerat rerum sequi. Ducimus sit eius et tempore ut.','published',1,'Botble\\ACL\\Models\\User',NULL,0,1,0,'2022-05-30 02:37:18','2022-05-30 02:37:18'),(4,'Commercial',0,'Omnis neque odit rerum voluptatem recusandae ea eveniet. Praesentium iusto natus ducimus. Inventore commodi tempore nesciunt iure sed facere est.','published',1,'Botble\\ACL\\Models\\User',NULL,0,1,0,'2022-05-30 02:37:18','2022-05-30 02:37:18');
/*!40000 ALTER TABLE `categories` ENABLE KEYS */;
UNLOCK TABLES;

--
-- Table structure for table `categories_translations`
--

DROP TABLE IF EXISTS `categories_translations`;
/*!40101 SET @saved_cs_client     = @@character_set_client */;
/*!50503 SET character_set_client = utf8mb4 */;
CREATE TABLE `categories_translations` (
  `lang_code` varchar(191) COLLATE utf8mb4_unicode_ci NOT NULL,
  `categories_id` int NOT NULL,
  `name` varchar(255) COLLATE utf8mb4_unicode_ci DEFAULT NULL,
  `description` varchar(400) COLLATE utf8mb4_unicode_ci DEFAULT NULL,
  PRIMARY KEY (`lang_code`,`categories_id`)
) ENGINE=InnoDB DEFAULT CHARSET=utf8mb4 COLLATE=utf8mb4_unicode_ci;
/*!40101 SET character_set_client = @saved_cs_client */;

--
-- Dumping data for table `categories_translations`
--

LOCK TABLES `categories_translations` WRITE;
/*!40000 ALTER TABLE `categories_translations` DISABLE KEYS */;
INSERT INTO `categories_translations` VALUES ('vi',1,'Thương mại điện tử',NULL),('vi',2,'Thời trang',NULL),('vi',3,'Điện tử',NULL),('vi',4,'Thương mại',NULL);
/*!40000 ALTER TABLE `categories_translations` ENABLE KEYS */;
UNLOCK TABLES;

--
-- Table structure for table `cities`
--

DROP TABLE IF EXISTS `cities`;
/*!40101 SET @saved_cs_client     = @@character_set_client */;
/*!50503 SET character_set_client = utf8mb4 */;
CREATE TABLE `cities` (
  `id` bigint unsigned NOT NULL AUTO_INCREMENT,
  `name` varchar(120) COLLATE utf8mb4_unicode_ci NOT NULL,
  `state_id` int unsigned NOT NULL,
  `country_id` int unsigned DEFAULT NULL,
  `record_id` varchar(40) COLLATE utf8mb4_unicode_ci DEFAULT NULL,
  `order` tinyint NOT NULL DEFAULT '0',
  `is_default` tinyint unsigned NOT NULL DEFAULT '0',
  `status` varchar(60) COLLATE utf8mb4_unicode_ci NOT NULL DEFAULT 'published',
  `created_at` timestamp NULL DEFAULT NULL,
  `updated_at` timestamp NULL DEFAULT NULL,
  PRIMARY KEY (`id`)
) ENGINE=InnoDB DEFAULT CHARSET=utf8mb4 COLLATE=utf8mb4_unicode_ci;
/*!40101 SET character_set_client = @saved_cs_client */;

--
-- Dumping data for table `cities`
--

LOCK TABLES `cities` WRITE;
/*!40000 ALTER TABLE `cities` DISABLE KEYS */;
/*!40000 ALTER TABLE `cities` ENABLE KEYS */;
UNLOCK TABLES;

--
-- Table structure for table `cities_backup`
--

DROP TABLE IF EXISTS `cities_backup`;
/*!40101 SET @saved_cs_client     = @@character_set_client */;
/*!50503 SET character_set_client = utf8mb4 */;
CREATE TABLE `cities_backup` (
  `id` bigint unsigned NOT NULL AUTO_INCREMENT,
  `name` varchar(120) COLLATE utf8mb4_unicode_ci NOT NULL,
  `state_id` int unsigned NOT NULL,
  `country_id` int unsigned DEFAULT NULL,
  `record_id` varchar(40) COLLATE utf8mb4_unicode_ci DEFAULT NULL,
  `order` tinyint NOT NULL DEFAULT '0',
  `is_default` tinyint unsigned NOT NULL DEFAULT '0',
  `status` varchar(60) COLLATE utf8mb4_unicode_ci NOT NULL DEFAULT 'published',
  `created_at` timestamp NULL DEFAULT NULL,
  `updated_at` timestamp NULL DEFAULT NULL,
  PRIMARY KEY (`id`)
) ENGINE=InnoDB DEFAULT CHARSET=utf8mb4 COLLATE=utf8mb4_unicode_ci;
/*!40101 SET character_set_client = @saved_cs_client */;

--
-- Dumping data for table `cities_backup`
--

LOCK TABLES `cities_backup` WRITE;
/*!40000 ALTER TABLE `cities_backup` DISABLE KEYS */;
/*!40000 ALTER TABLE `cities_backup` ENABLE KEYS */;
UNLOCK TABLES;

--
-- Table structure for table `cities_translations`
--

DROP TABLE IF EXISTS `cities_translations`;
/*!40101 SET @saved_cs_client     = @@character_set_client */;
/*!50503 SET character_set_client = utf8mb4 */;
CREATE TABLE `cities_translations` (
  `lang_code` varchar(191) COLLATE utf8mb4_unicode_ci NOT NULL,
  `cities_id` int NOT NULL,
  `name` varchar(120) COLLATE utf8mb4_unicode_ci DEFAULT NULL,
  PRIMARY KEY (`lang_code`,`cities_id`)
) ENGINE=InnoDB DEFAULT CHARSET=utf8mb4 COLLATE=utf8mb4_unicode_ci;
/*!40101 SET character_set_client = @saved_cs_client */;

--
-- Dumping data for table `cities_translations`
--

LOCK TABLES `cities_translations` WRITE;
/*!40000 ALTER TABLE `cities_translations` DISABLE KEYS */;
/*!40000 ALTER TABLE `cities_translations` ENABLE KEYS */;
UNLOCK TABLES;

--
-- Table structure for table `contact_replies`
--

DROP TABLE IF EXISTS `contact_replies`;
/*!40101 SET @saved_cs_client     = @@character_set_client */;
/*!50503 SET character_set_client = utf8mb4 */;
CREATE TABLE `contact_replies` (
  `id` bigint unsigned NOT NULL AUTO_INCREMENT,
  `message` longtext COLLATE utf8mb4_unicode_ci NOT NULL,
  `contact_id` int NOT NULL,
  `created_at` timestamp NULL DEFAULT NULL,
  `updated_at` timestamp NULL DEFAULT NULL,
  PRIMARY KEY (`id`)
) ENGINE=InnoDB DEFAULT CHARSET=utf8mb4 COLLATE=utf8mb4_unicode_ci;
/*!40101 SET character_set_client = @saved_cs_client */;

--
-- Dumping data for table `contact_replies`
--

LOCK TABLES `contact_replies` WRITE;
/*!40000 ALTER TABLE `contact_replies` DISABLE KEYS */;
/*!40000 ALTER TABLE `contact_replies` ENABLE KEYS */;
UNLOCK TABLES;

--
-- Table structure for table `contacts`
--

DROP TABLE IF EXISTS `contacts`;
/*!40101 SET @saved_cs_client     = @@character_set_client */;
/*!50503 SET character_set_client = utf8mb4 */;
CREATE TABLE `contacts` (
  `id` bigint unsigned NOT NULL AUTO_INCREMENT,
  `name` varchar(60) COLLATE utf8mb4_unicode_ci NOT NULL,
  `email` varchar(60) COLLATE utf8mb4_unicode_ci NOT NULL,
  `phone` varchar(60) COLLATE utf8mb4_unicode_ci DEFAULT NULL,
  `address` varchar(120) COLLATE utf8mb4_unicode_ci DEFAULT NULL,
  `subject` varchar(120) COLLATE utf8mb4_unicode_ci DEFAULT NULL,
  `content` longtext COLLATE utf8mb4_unicode_ci NOT NULL,
  `status` varchar(60) COLLATE utf8mb4_unicode_ci NOT NULL DEFAULT 'unread',
  `created_at` timestamp NULL DEFAULT NULL,
  `updated_at` timestamp NULL DEFAULT NULL,
  PRIMARY KEY (`id`)
) ENGINE=InnoDB AUTO_INCREMENT=11 DEFAULT CHARSET=utf8mb4 COLLATE=utf8mb4_unicode_ci;
/*!40101 SET character_set_client = @saved_cs_client */;

--
-- Dumping data for table `contacts`
--

LOCK TABLES `contacts` WRITE;
/*!40000 ALTER TABLE `contacts` DISABLE KEYS */;
INSERT INTO `contacts` VALUES (1,'Genoveva Harris','kathryn.grady@example.net','+1-562-731-4484','88587 Zieme Fork\nLake Mikayla, NY 48069','Non sit natus ut debitis sunt animi.','Exercitationem reiciendis consequatur in. Odit ea at quia officiis aliquam illum aliquid. Tenetur esse animi delectus eaque temporibus. Et nemo consequatur est delectus. Repudiandae ut voluptatem eos reiciendis similique consequuntur a. Nisi assumenda id quis tenetur animi neque. Omnis esse distinctio delectus quas consequatur quis. Consequatur itaque asperiores quidem aut quia. Incidunt voluptas natus dicta impedit facilis odio. Est ea minima sapiente cum iure. Error est rerum asperiores amet.','read','2022-05-30 02:37:15','2022-05-30 02:37:15'),(2,'Mariane Davis','enrique65@example.net','+1 (646) 380-5090','48742 Hahn Lodge Apt. 480\nConroyburgh, PA 40058','Ipsam voluptatem non illo aut explicabo.','Exercitationem ut a corporis dicta laboriosam. Deserunt aut modi sit. Quas nihil optio et natus sint ipsam. Repudiandae sequi est qui sit. Accusamus sunt delectus ullam. Omnis molestias quis quaerat omnis excepturi aut. Non eum tenetur perspiciatis animi maxime. Ut sed eos ullam voluptas quis reprehenderit veritatis. Minima voluptates et at iusto consequuntur ex. Incidunt quidem ea at eum odio iure est doloremque.','read','2022-05-30 02:37:15','2022-05-30 02:37:15'),(3,'Miss Gail Walter I','halvorson.anabel@example.net','(779) 640-2741','15788 Stoltenberg Square\nWest Astridport, RI 91233-2021','Harum id non est dolor facilis non.','Nostrum quidem sequi odit et et ut voluptas. Et et voluptas aperiam qui et quis et. Consequatur sed accusantium rerum ullam. Et qui id repellendus est sunt. Modi explicabo porro aliquid laborum ut. Porro dolor earum eaque qui ut. Sit rem soluta molestiae qui excepturi ut suscipit necessitatibus. Et qui rerum velit iste reprehenderit fugit. Facilis sint reiciendis corrupti.','read','2022-05-30 02:37:15','2022-05-30 02:37:15'),(4,'Destinee Morar','orie05@example.org','(930) 630-2988','6821 Freida Expressway\nNorth Jaydenburgh, WV 42046-6239','Molestiae maxime non voluptates qui enim dolorem.','Aliquam sed possimus suscipit est. Aut vel aut aut qui aut est aut. Optio doloremque nulla et nulla perspiciatis et. Et in sit maxime cum. Repellendus suscipit voluptates autem id temporibus. Pariatur eius occaecati voluptate fugiat. Quae est aut odit est. Rem eos sunt omnis. Eaque quia rerum corporis est enim. Hic consequuntur maiores sunt suscipit minus et expedita.','read','2022-05-30 02:37:15','2022-05-30 02:37:15'),(5,'Dedrick Hayes Jr.','larissa87@example.com','1-361-949-3078','5479 Rae Shore Suite 802\nBaumbachland, HI 92068-7173','Tenetur deserunt perspiciatis ut numquam.','Tempora est laborum consequatur officia. Qui assumenda expedita autem in voluptas quibusdam. Incidunt quidem sit suscipit fugiat et saepe quisquam. Inventore quaerat provident occaecati consequatur magnam optio tenetur eos. Ducimus aliquam error est suscipit rerum voluptas. Et tenetur atque est non. Ut qui iusto aut non quaerat aperiam.','read','2022-05-30 02:37:15','2022-05-30 02:37:15'),(6,'Prof. Shawna Nienow II','elenora.douglas@example.org','781-380-1834','6221 Pfeffer Canyon\nNew Allisonstad, ME 17001','Voluptas ad sunt est.','Non aperiam sint molestias et aut reiciendis. Ea occaecati velit vitae dolorem. In est sequi consectetur. Magnam sunt neque iure consectetur. Doloribus amet quam consectetur nihil animi pariatur. Et adipisci et hic id neque facilis. Quisquam doloremque ut dolores quod corrupti. Adipisci eos expedita unde et beatae qui. Modi unde distinctio quo quia occaecati et dolores et. Tenetur necessitatibus tempore quisquam occaecati molestiae. Reiciendis cum provident nihil autem aut ut.','read','2022-05-30 02:37:15','2022-05-30 02:37:15'),(7,'Cayla Kuvalis','kerluke.kelley@example.com','864-820-8247','9075 Brad Inlet Suite 575\nNorth Kamrenberg, AR 12395-5179','Aperiam nihil harum tempora voluptates omnis.','Fugiat consequatur perspiciatis cumque doloremque. Ratione ut occaecati et porro ea nisi doloremque qui. Corrupti nobis ratione sit autem ipsum. Vel sunt commodi nostrum. Et repellat aut et alias corrupti mollitia. Natus quaerat qui voluptates ullam facilis voluptatem qui. Delectus labore cupiditate voluptatibus laudantium.','unread','2022-05-30 02:37:15','2022-05-30 02:37:15'),(8,'Teagan Howell','baron66@example.com','1-845-839-0097','63087 Hand Inlet\nNorth Alejandraland, MA 62152','Quia reprehenderit ut sunt ratione ea.','A amet unde dolore aliquid labore dolor modi. Accusantium distinctio vero iusto voluptas quia. Ullam itaque accusamus labore. Dolores velit et rerum non voluptatem. Earum nesciunt distinctio quis nostrum unde qui. Impedit in veniam ea sequi placeat dolores. Praesentium quisquam sed itaque provident quia. Dolorum eius nulla voluptatem architecto suscipit enim hic possimus. Facilis possimus est quia illum ut qui reprehenderit molestias. Voluptatum non consequatur quia eos.','read','2022-05-30 02:37:15','2022-05-30 02:37:15'),(9,'Savannah Bashirian','kaycee94@example.net','312-481-9170','90949 Fernando Bypass Suite 294\nNew Aureliaville, TX 75962','Quis totam voluptas perspiciatis.','Recusandae esse omnis error voluptatem. Qui necessitatibus enim ea voluptas. Et rerum odit aut. Voluptas consequatur tenetur omnis rem et nam illum. Reprehenderit tempora quam rerum ad. Libero natus nostrum quas nobis. Veritatis sit quia dignissimos mollitia. Illo mollitia autem optio sint at natus libero voluptatem. Ratione beatae aut at est.','read','2022-05-30 02:37:15','2022-05-30 02:37:15'),(10,'Genevieve Schamberger','wbayer@example.com','+1.520.947.9115','13987 Dave Spur Suite 795\nHackettton, NM 24636','Rerum error accusamus vel mollitia totam.','Molestiae est vero dolorem at et. Qui rerum odio tenetur. Est omnis architecto et enim perspiciatis. Sit delectus laborum voluptate ut eligendi quam. Et aut non numquam itaque consequuntur impedit corrupti libero. Et dolorem est provident nobis assumenda qui. Aliquam natus excepturi molestiae adipisci cumque nobis. Ullam vitae non blanditiis. Quia dolorem suscipit commodi cumque mollitia. Eos repellat iure et voluptatibus aut quis. Tempore est blanditiis quidem libero veniam.','read','2022-05-30 02:37:15','2022-05-30 02:37:15');
/*!40000 ALTER TABLE `contacts` ENABLE KEYS */;
UNLOCK TABLES;

--
-- Table structure for table `countries`
--

DROP TABLE IF EXISTS `countries`;
/*!40101 SET @saved_cs_client     = @@character_set_client */;
/*!50503 SET character_set_client = utf8mb4 */;
CREATE TABLE `countries` (
  `id` bigint unsigned NOT NULL AUTO_INCREMENT,
  `name` varchar(120) COLLATE utf8mb4_unicode_ci NOT NULL,
  `nationality` varchar(120) CHARACTER SET utf8mb4 COLLATE utf8mb4_unicode_ci DEFAULT NULL,
  `order` tinyint NOT NULL DEFAULT '0',
  `is_default` tinyint unsigned NOT NULL DEFAULT '0',
  `status` varchar(60) COLLATE utf8mb4_unicode_ci NOT NULL DEFAULT 'published',
  `created_at` timestamp NULL DEFAULT NULL,
  `updated_at` timestamp NULL DEFAULT NULL,
  `code` varchar(10) COLLATE utf8mb4_unicode_ci DEFAULT NULL,
  PRIMARY KEY (`id`)
) ENGINE=InnoDB DEFAULT CHARSET=utf8mb4 COLLATE=utf8mb4_unicode_ci;
/*!40101 SET character_set_client = @saved_cs_client */;

--
-- Dumping data for table `countries`
--

LOCK TABLES `countries` WRITE;
/*!40000 ALTER TABLE `countries` DISABLE KEYS */;
/*!40000 ALTER TABLE `countries` ENABLE KEYS */;
UNLOCK TABLES;

--
-- Table structure for table `countries_backup`
--

DROP TABLE IF EXISTS `countries_backup`;
/*!40101 SET @saved_cs_client     = @@character_set_client */;
/*!50503 SET character_set_client = utf8mb4 */;
CREATE TABLE `countries_backup` (
  `id` bigint unsigned NOT NULL AUTO_INCREMENT,
  `name` varchar(120) COLLATE utf8mb4_unicode_ci NOT NULL,
  `nationality` varchar(120) COLLATE utf8mb4_unicode_ci NOT NULL,
  `order` tinyint NOT NULL DEFAULT '0',
  `is_default` tinyint unsigned NOT NULL DEFAULT '0',
  `status` varchar(60) COLLATE utf8mb4_unicode_ci NOT NULL DEFAULT 'published',
  `created_at` timestamp NULL DEFAULT NULL,
  `updated_at` timestamp NULL DEFAULT NULL,
  PRIMARY KEY (`id`)
) ENGINE=InnoDB DEFAULT CHARSET=utf8mb4 COLLATE=utf8mb4_unicode_ci;
/*!40101 SET character_set_client = @saved_cs_client */;

--
-- Dumping data for table `countries_backup`
--

LOCK TABLES `countries_backup` WRITE;
/*!40000 ALTER TABLE `countries_backup` DISABLE KEYS */;
/*!40000 ALTER TABLE `countries_backup` ENABLE KEYS */;
UNLOCK TABLES;

--
-- Table structure for table `countries_translations`
--

DROP TABLE IF EXISTS `countries_translations`;
/*!40101 SET @saved_cs_client     = @@character_set_client */;
/*!50503 SET character_set_client = utf8mb4 */;
CREATE TABLE `countries_translations` (
  `lang_code` varchar(191) COLLATE utf8mb4_unicode_ci NOT NULL,
  `countries_id` int NOT NULL,
  `name` varchar(120) COLLATE utf8mb4_unicode_ci DEFAULT NULL,
  `nationality` varchar(120) COLLATE utf8mb4_unicode_ci DEFAULT NULL,
  PRIMARY KEY (`lang_code`,`countries_id`)
) ENGINE=InnoDB DEFAULT CHARSET=utf8mb4 COLLATE=utf8mb4_unicode_ci;
/*!40101 SET character_set_client = @saved_cs_client */;

--
-- Dumping data for table `countries_translations`
--

LOCK TABLES `countries_translations` WRITE;
/*!40000 ALTER TABLE `countries_translations` DISABLE KEYS */;
/*!40000 ALTER TABLE `countries_translations` ENABLE KEYS */;
UNLOCK TABLES;

--
-- Table structure for table `dashboard_widget_settings`
--

DROP TABLE IF EXISTS `dashboard_widget_settings`;
/*!40101 SET @saved_cs_client     = @@character_set_client */;
/*!50503 SET character_set_client = utf8mb4 */;
CREATE TABLE `dashboard_widget_settings` (
  `id` bigint unsigned NOT NULL AUTO_INCREMENT,
  `settings` text COLLATE utf8mb4_unicode_ci,
  `user_id` int unsigned NOT NULL,
  `widget_id` int unsigned NOT NULL,
  `order` tinyint unsigned NOT NULL DEFAULT '0',
  `status` tinyint unsigned NOT NULL DEFAULT '1',
  `created_at` timestamp NULL DEFAULT NULL,
  `updated_at` timestamp NULL DEFAULT NULL,
  PRIMARY KEY (`id`),
  KEY `dashboard_widget_settings_user_id_index` (`user_id`),
  KEY `dashboard_widget_settings_widget_id_index` (`widget_id`)
) ENGINE=InnoDB DEFAULT CHARSET=utf8mb4 COLLATE=utf8mb4_unicode_ci;
/*!40101 SET character_set_client = @saved_cs_client */;

--
-- Dumping data for table `dashboard_widget_settings`
--

LOCK TABLES `dashboard_widget_settings` WRITE;
/*!40000 ALTER TABLE `dashboard_widget_settings` DISABLE KEYS */;
/*!40000 ALTER TABLE `dashboard_widget_settings` ENABLE KEYS */;
UNLOCK TABLES;

--
-- Table structure for table `dashboard_widgets`
--

DROP TABLE IF EXISTS `dashboard_widgets`;
/*!40101 SET @saved_cs_client     = @@character_set_client */;
/*!50503 SET character_set_client = utf8mb4 */;
CREATE TABLE `dashboard_widgets` (
  `id` bigint unsigned NOT NULL AUTO_INCREMENT,
  `name` varchar(120) COLLATE utf8mb4_unicode_ci NOT NULL,
  `created_at` timestamp NULL DEFAULT NULL,
  `updated_at` timestamp NULL DEFAULT NULL,
  PRIMARY KEY (`id`)
) ENGINE=InnoDB DEFAULT CHARSET=utf8mb4 COLLATE=utf8mb4_unicode_ci;
/*!40101 SET character_set_client = @saved_cs_client */;

--
-- Dumping data for table `dashboard_widgets`
--

LOCK TABLES `dashboard_widgets` WRITE;
/*!40000 ALTER TABLE `dashboard_widgets` DISABLE KEYS */;
/*!40000 ALTER TABLE `dashboard_widgets` ENABLE KEYS */;
UNLOCK TABLES;

--
-- Table structure for table `ec_brands`
--

DROP TABLE IF EXISTS `ec_brands`;
/*!40101 SET @saved_cs_client     = @@character_set_client */;
/*!50503 SET character_set_client = utf8mb4 */;
CREATE TABLE `ec_brands` (
  `id` bigint unsigned NOT NULL AUTO_INCREMENT,
  `name` varchar(191) COLLATE utf8mb4_unicode_ci NOT NULL,
  `description` mediumtext COLLATE utf8mb4_unicode_ci,
  `website` varchar(255) COLLATE utf8mb4_unicode_ci DEFAULT NULL,
  `logo` varchar(255) COLLATE utf8mb4_unicode_ci DEFAULT NULL,
  `status` varchar(60) COLLATE utf8mb4_unicode_ci NOT NULL DEFAULT 'published',
  `order` tinyint unsigned NOT NULL DEFAULT '0',
  `is_featured` tinyint unsigned NOT NULL DEFAULT '0',
  `created_at` timestamp NULL DEFAULT NULL,
  `updated_at` timestamp NULL DEFAULT NULL,
  PRIMARY KEY (`id`)
) ENGINE=InnoDB AUTO_INCREMENT=6 DEFAULT CHARSET=utf8mb4 COLLATE=utf8mb4_unicode_ci;
/*!40101 SET character_set_client = @saved_cs_client */;

--
-- Dumping data for table `ec_brands`
--

LOCK TABLES `ec_brands` WRITE;
/*!40000 ALTER TABLE `ec_brands` DISABLE KEYS */;
INSERT INTO `ec_brands` VALUES (1,'FoodPound','New Snacks Release',NULL,'brands/1.png','published',0,1,'2022-05-30 02:36:42','2022-05-30 02:36:42'),(2,'iTea JSC','Happy Tea 100% Organic. From $29.9',NULL,'brands/2.png','published',1,1,'2022-05-30 02:36:42','2022-05-30 02:36:42'),(3,'Soda Brand','Fresh Meat Sausage. BUY 2 GET 1!',NULL,'brands/3.png','published',2,1,'2022-05-30 02:36:42','2022-05-30 02:36:42'),(4,'Farmart','Fresh Meat Sausage. BUY 2 GET 1!',NULL,'brands/4.png','published',3,1,'2022-05-30 02:36:42','2022-05-30 02:36:42'),(5,'Soda Brand','Fresh Meat Sausage. BUY 2 GET 1!',NULL,'brands/3.png','published',4,1,'2022-05-30 02:36:42','2022-05-30 02:36:42');
/*!40000 ALTER TABLE `ec_brands` ENABLE KEYS */;
UNLOCK TABLES;

--
-- Table structure for table `ec_brands_translations`
--

DROP TABLE IF EXISTS `ec_brands_translations`;
/*!40101 SET @saved_cs_client     = @@character_set_client */;
/*!50503 SET character_set_client = utf8mb4 */;
CREATE TABLE `ec_brands_translations` (
  `lang_code` varchar(191) COLLATE utf8mb4_unicode_ci NOT NULL,
  `ec_brands_id` int NOT NULL,
  `name` varchar(191) COLLATE utf8mb4_unicode_ci DEFAULT NULL,
  `description` varchar(191) COLLATE utf8mb4_unicode_ci DEFAULT NULL,
  PRIMARY KEY (`lang_code`,`ec_brands_id`)
) ENGINE=InnoDB DEFAULT CHARSET=utf8mb4 COLLATE=utf8mb4_unicode_ci;
/*!40101 SET character_set_client = @saved_cs_client */;

--
-- Dumping data for table `ec_brands_translations`
--

LOCK TABLES `ec_brands_translations` WRITE;
/*!40000 ALTER TABLE `ec_brands_translations` DISABLE KEYS */;
INSERT INTO `ec_brands_translations` VALUES ('vi',1,'FoodPound','New Snacks Release'),('vi',2,'iTea JSC','Happy Tea 100% Organic. From $29.9'),('vi',3,'Soda Brand','Fresh Meat Sausage. BUY 2 GET 1!'),('vi',4,'Farmart','Fresh Meat Sausage. BUY 2 GET 1!'),('vi',5,'Soda Brand','Fresh Meat Sausage. BUY 2 GET 1!');
/*!40000 ALTER TABLE `ec_brands_translations` ENABLE KEYS */;
UNLOCK TABLES;

--
-- Table structure for table `ec_cart`
--

DROP TABLE IF EXISTS `ec_cart`;
/*!40101 SET @saved_cs_client     = @@character_set_client */;
/*!50503 SET character_set_client = utf8mb4 */;
CREATE TABLE `ec_cart` (
  `identifier` varchar(191) COLLATE utf8mb4_unicode_ci NOT NULL,
  `instance` varchar(191) COLLATE utf8mb4_unicode_ci NOT NULL,
  `content` longtext COLLATE utf8mb4_unicode_ci NOT NULL,
  `created_at` timestamp NULL DEFAULT NULL,
  `updated_at` timestamp NULL DEFAULT NULL,
  PRIMARY KEY (`identifier`,`instance`)
) ENGINE=InnoDB DEFAULT CHARSET=utf8mb4 COLLATE=utf8mb4_unicode_ci;
/*!40101 SET character_set_client = @saved_cs_client */;

--
-- Dumping data for table `ec_cart`
--

LOCK TABLES `ec_cart` WRITE;
/*!40000 ALTER TABLE `ec_cart` DISABLE KEYS */;
/*!40000 ALTER TABLE `ec_cart` ENABLE KEYS */;
UNLOCK TABLES;

--
-- Table structure for table `ec_currencies`
--

DROP TABLE IF EXISTS `ec_currencies`;
/*!40101 SET @saved_cs_client     = @@character_set_client */;
/*!50503 SET character_set_client = utf8mb4 */;
CREATE TABLE `ec_currencies` (
  `id` bigint unsigned NOT NULL AUTO_INCREMENT,
  `title` varchar(191) COLLATE utf8mb4_unicode_ci NOT NULL,
  `symbol` varchar(10) COLLATE utf8mb4_unicode_ci NOT NULL,
  `is_prefix_symbol` tinyint unsigned NOT NULL DEFAULT '0',
  `decimals` tinyint unsigned DEFAULT '0',
  `order` int unsigned DEFAULT '0',
  `is_default` tinyint NOT NULL DEFAULT '0',
  `exchange_rate` double NOT NULL DEFAULT '1',
  `created_at` timestamp NULL DEFAULT NULL,
  `updated_at` timestamp NULL DEFAULT NULL,
  PRIMARY KEY (`id`)
) ENGINE=InnoDB AUTO_INCREMENT=4 DEFAULT CHARSET=utf8mb4 COLLATE=utf8mb4_unicode_ci;
/*!40101 SET character_set_client = @saved_cs_client */;

--
-- Dumping data for table `ec_currencies`
--

LOCK TABLES `ec_currencies` WRITE;
/*!40000 ALTER TABLE `ec_currencies` DISABLE KEYS */;
INSERT INTO `ec_currencies` VALUES (1,'USD','$',1,2,0,1,1,'2022-05-30 02:36:42','2022-05-30 02:36:42'),(2,'EUR','€',0,2,1,0,0.84,'2022-05-30 02:36:42','2022-05-30 02:36:42'),(3,'VND','₫',0,0,2,0,23203,'2022-05-30 02:36:42','2022-05-30 02:36:42');
/*!40000 ALTER TABLE `ec_currencies` ENABLE KEYS */;
UNLOCK TABLES;

--
-- Table structure for table `ec_customer_addresses`
--

DROP TABLE IF EXISTS `ec_customer_addresses`;
/*!40101 SET @saved_cs_client     = @@character_set_client */;
/*!50503 SET character_set_client = utf8mb4 */;
CREATE TABLE `ec_customer_addresses` (
  `id` bigint unsigned NOT NULL AUTO_INCREMENT,
  `name` varchar(191) COLLATE utf8mb4_unicode_ci NOT NULL,
  `email` varchar(60) COLLATE utf8mb4_unicode_ci DEFAULT NULL,
  `phone` varchar(20) CHARACTER SET utf8mb4 COLLATE utf8mb4_unicode_ci DEFAULT NULL,
  `country` varchar(120) COLLATE utf8mb4_unicode_ci DEFAULT NULL,
  `state` varchar(120) COLLATE utf8mb4_unicode_ci DEFAULT NULL,
  `city` varchar(120) COLLATE utf8mb4_unicode_ci DEFAULT NULL,
  `address` varchar(191) COLLATE utf8mb4_unicode_ci NOT NULL,
  `customer_id` int unsigned NOT NULL,
  `is_default` tinyint unsigned NOT NULL DEFAULT '0',
  `created_at` timestamp NULL DEFAULT NULL,
  `updated_at` timestamp NULL DEFAULT NULL,
  `zip_code` varchar(20) COLLATE utf8mb4_unicode_ci DEFAULT NULL,
  PRIMARY KEY (`id`)
) ENGINE=InnoDB AUTO_INCREMENT=13 DEFAULT CHARSET=utf8mb4 COLLATE=utf8mb4_unicode_ci;
/*!40101 SET character_set_client = @saved_cs_client */;

--
-- Dumping data for table `ec_customer_addresses`
--

LOCK TABLES `ec_customer_addresses` WRITE;
/*!40000 ALTER TABLE `ec_customer_addresses` DISABLE KEYS */;
INSERT INTO `ec_customer_addresses` VALUES (1,'Lina Hoeger','customer@botble.com','+12315972556','PH','Wyoming','Wilbertmouth','861 D\'angelo Meadows Suite 945',1,1,'2022-05-30 02:37:13','2022-05-30 02:37:13','64178-4308'),(2,'Lina Hoeger','customer@botble.com','+15739567653','AT','District of Columbia','O\'Connellview','6675 Berta Cliffs',1,0,'2022-05-30 02:37:13','2022-05-30 02:37:13','70721-0102'),(3,'Prof. Bryon Dibbert DVM','vendor@botble.com','+18147960469','CC','Alabama','Dickinsonside','7265 Schiller River',2,1,'2022-05-30 02:37:13','2022-05-30 02:37:13','51845'),(4,'Prof. Bryon Dibbert DVM','vendor@botble.com','+15515837997','TO','Nevada','Johanmouth','98145 Cory Lock Suite 014',2,0,'2022-05-30 02:37:13','2022-05-30 02:37:13','51455-2375'),(5,'Mateo Gutkowski','abelardo26@example.com','+15309400964','MD','Mississippi','Herzogfurt','11925 Ratke Common Suite 620',3,1,'2022-05-30 02:37:13','2022-05-30 02:37:13','37149-9653'),(6,'Mable Robel IV','jasper.beahan@example.com','+19854871898','LK','Nebraska','Graysonport','707 Russel Prairie',4,1,'2022-05-30 02:37:13','2022-05-30 02:37:13','48070'),(7,'Pearlie Hartmann','lorena23@example.com','+18433552124','US','Maryland','Jacobsfurt','47573 Lowe Summit Suite 656',5,1,'2022-05-30 02:37:13','2022-05-30 02:37:13','55049-8887'),(8,'Rhiannon Hegmann','rutherford.lou@example.com','+16572215470','OM','New Jersey','Riceton','7459 Lueilwitz Trafficway',6,1,'2022-05-30 02:37:13','2022-05-30 02:37:13','41224'),(9,'Cordie Jacobson','guillermo16@example.com','+12197249447','MF','District of Columbia','South Aricchester','28331 Jaquan Highway',7,1,'2022-05-30 02:37:13','2022-05-30 02:37:13','46403-8717'),(10,'Destini Schinner','nikolaus.dean@example.net','+19897471753','GR','Tennessee','West Gust','175 Frami Island Apt. 366',8,1,'2022-05-30 02:37:13','2022-05-30 02:37:13','77848'),(11,'Jorge Krajcik Jr.','gturcotte@example.net','+12543772958','CF','North Dakota','North Sanfordville','946 Ruthie Causeway Suite 985',9,1,'2022-05-30 02:37:13','2022-05-30 02:37:13','57927'),(12,'Oceane Pagac','uleffler@example.net','+15614854323','EH','Hawaii','East Aliza','2928 Heaney River',10,1,'2022-05-30 02:37:13','2022-05-30 02:37:13','66041');
/*!40000 ALTER TABLE `ec_customer_addresses` ENABLE KEYS */;
UNLOCK TABLES;

--
-- Table structure for table `ec_customer_password_resets`
--

DROP TABLE IF EXISTS `ec_customer_password_resets`;
/*!40101 SET @saved_cs_client     = @@character_set_client */;
/*!50503 SET character_set_client = utf8mb4 */;
CREATE TABLE `ec_customer_password_resets` (
  `email` varchar(191) COLLATE utf8mb4_unicode_ci NOT NULL,
  `token` varchar(191) COLLATE utf8mb4_unicode_ci NOT NULL,
  `created_at` timestamp NULL DEFAULT NULL,
  KEY `ec_customer_password_resets_email_index` (`email`),
  KEY `ec_customer_password_resets_token_index` (`token`)
) ENGINE=InnoDB DEFAULT CHARSET=utf8mb4 COLLATE=utf8mb4_unicode_ci;
/*!40101 SET character_set_client = @saved_cs_client */;

--
-- Dumping data for table `ec_customer_password_resets`
--

LOCK TABLES `ec_customer_password_resets` WRITE;
/*!40000 ALTER TABLE `ec_customer_password_resets` DISABLE KEYS */;
/*!40000 ALTER TABLE `ec_customer_password_resets` ENABLE KEYS */;
UNLOCK TABLES;

--
-- Table structure for table `ec_customer_recently_viewed_products`
--

DROP TABLE IF EXISTS `ec_customer_recently_viewed_products`;
/*!40101 SET @saved_cs_client     = @@character_set_client */;
/*!50503 SET character_set_client = utf8mb4 */;
CREATE TABLE `ec_customer_recently_viewed_products` (
  `id` bigint unsigned NOT NULL AUTO_INCREMENT,
  `customer_id` int unsigned NOT NULL,
  `product_id` int unsigned NOT NULL,
  PRIMARY KEY (`id`)
) ENGINE=InnoDB DEFAULT CHARSET=utf8mb4 COLLATE=utf8mb4_unicode_ci;
/*!40101 SET character_set_client = @saved_cs_client */;

--
-- Dumping data for table `ec_customer_recently_viewed_products`
--

LOCK TABLES `ec_customer_recently_viewed_products` WRITE;
/*!40000 ALTER TABLE `ec_customer_recently_viewed_products` DISABLE KEYS */;
/*!40000 ALTER TABLE `ec_customer_recently_viewed_products` ENABLE KEYS */;
UNLOCK TABLES;

--
-- Table structure for table `ec_customers`
--

DROP TABLE IF EXISTS `ec_customers`;
/*!40101 SET @saved_cs_client     = @@character_set_client */;
/*!50503 SET character_set_client = utf8mb4 */;
CREATE TABLE `ec_customers` (
  `id` bigint unsigned NOT NULL AUTO_INCREMENT,
  `name` varchar(191) COLLATE utf8mb4_unicode_ci NOT NULL,
  `email` varchar(191) COLLATE utf8mb4_unicode_ci NOT NULL,
  `password` varchar(191) COLLATE utf8mb4_unicode_ci NOT NULL,
  `avatar` varchar(255) COLLATE utf8mb4_unicode_ci DEFAULT NULL,
  `dob` date DEFAULT NULL,
  `phone` varchar(25) COLLATE utf8mb4_unicode_ci DEFAULT NULL,
  `remember_token` varchar(100) COLLATE utf8mb4_unicode_ci DEFAULT NULL,
  `created_at` timestamp NULL DEFAULT NULL,
  `updated_at` timestamp NULL DEFAULT NULL,
  `confirmed_at` datetime DEFAULT NULL,
  `email_verify_token` varchar(120) COLLATE utf8mb4_unicode_ci DEFAULT NULL,
  `is_vendor` tinyint(1) NOT NULL DEFAULT '0',
  `vendor_verified_at` datetime DEFAULT NULL,
  `status` varchar(60) COLLATE utf8mb4_unicode_ci NOT NULL DEFAULT 'activated',
  PRIMARY KEY (`id`),
  UNIQUE KEY `ec_customers_email_unique` (`email`)
) ENGINE=InnoDB AUTO_INCREMENT=11 DEFAULT CHARSET=utf8mb4 COLLATE=utf8mb4_unicode_ci;
/*!40101 SET character_set_client = @saved_cs_client */;

--
-- Dumping data for table `ec_customers`
--

LOCK TABLES `ec_customers` WRITE;
/*!40000 ALTER TABLE `ec_customers` DISABLE KEYS */;
INSERT INTO `ec_customers` VALUES (1,'Lina Hoeger','customer@botble.com','$2y$10$1f4rQ7fV0mfHeeojWaxkOeTu014CigDTXivmpcXbO4LBTZoiz1mRK','customers/9.jpg','1988-05-20','+16403190968',NULL,'2022-05-30 02:37:13','2022-05-30 02:37:26','2022-05-30 09:37:13',NULL,1,'2022-05-30 09:37:26','activated'),(2,'Prof. Bryon Dibbert DVM','vendor@botble.com','$2y$10$kNR49i9WXPDHaLTSesR1EOKIpcNyZdDB6cJba0l3EK.ybWczQRn4.','customers/5.jpg','1992-05-29','+13393034357',NULL,'2022-05-30 02:37:13','2022-05-30 02:37:26','2022-05-30 09:37:13',NULL,1,'2022-05-30 09:37:26','activated'),(3,'Mateo Gutkowski','abelardo26@example.com','$2y$10$gMJpqptFC0CTHb.UaAupDu4nb9DIQWzPkD5.6dptrwme5RYm/pRk2','customers/1.jpg','1974-05-20','+13257077509',NULL,'2022-05-30 02:37:13','2022-05-30 02:37:26','2022-05-30 09:37:13',NULL,1,'2022-05-30 09:37:26','activated'),(4,'Mable Robel IV','jasper.beahan@example.com','$2y$10$99yPrFThbxKznTPsXavHj.SHKoZCVOe7v4y7hEzG/DJVW5V5brV6e','customers/2.jpg','1982-05-03','+14439508648',NULL,'2022-05-30 02:37:13','2022-05-30 02:37:26','2022-05-30 09:37:13',NULL,1,'2022-05-30 09:37:26','activated'),(5,'Pearlie Hartmann','lorena23@example.com','$2y$10$cfkjnEZ0G1vZY3dsNtr4W.9vU2R.laVo2QWG3QSTLRQZPKDp4j8ya','customers/3.jpg','1972-05-22','+12697918245',NULL,'2022-05-30 02:37:13','2022-05-30 02:37:26','2022-05-30 09:37:13',NULL,1,'2022-05-30 09:37:26','activated'),(6,'Rhiannon Hegmann','rutherford.lou@example.com','$2y$10$LDGX8bRPN7piRX41GiOpDOyjiR7rYS04dmnIcGW5T/Ae4Zbal8UBm','customers/4.jpg','2001-05-11','+16785180957',NULL,'2022-05-30 02:37:13','2022-05-30 02:37:26','2022-05-30 09:37:13',NULL,1,'2022-05-30 09:37:26','activated'),(7,'Cordie Jacobson','guillermo16@example.com','$2y$10$tlZQe8SZazbhTOIWfYqIDObg0zleaaY1TuN0VdUnG8JEicunIrTz6','customers/5.jpg','1986-05-06','+19257778904',NULL,'2022-05-30 02:37:13','2022-05-30 02:37:26','2022-05-30 09:37:13',NULL,1,'2022-05-30 09:37:26','activated'),(8,'Destini Schinner','nikolaus.dean@example.net','$2y$10$Bi1MIdizXa4G6FNDTv4VveVAd7xY0Sdzys0KaQcyHKRb37bKMz94W','customers/6.jpg','1996-04-30','+16192657297',NULL,'2022-05-30 02:37:13','2022-05-30 02:37:26','2022-05-30 09:37:13',NULL,1,'2022-05-30 09:37:26','activated'),(9,'Jorge Krajcik Jr.','gturcotte@example.net','$2y$10$h4Ex2onaiw6/ucKKWj1i/eEdmnZIJZcYScYraEN96.3xkt2zzcq26','customers/7.jpg','1988-05-10','+19402122481',NULL,'2022-05-30 02:37:13','2022-05-30 02:37:26','2022-05-30 09:37:13',NULL,0,NULL,'activated'),(10,'Oceane Pagac','uleffler@example.net','$2y$10$nK/ge8qa6nDF6k8ySxKZJefTJRvl3TGMAp8yPI3Tc2UsdcuAnrG26','customers/8.jpg','1996-05-14','+19292590290',NULL,'2022-05-30 02:37:13','2022-05-30 02:37:26','2022-05-30 09:37:13',NULL,0,NULL,'activated');
/*!40000 ALTER TABLE `ec_customers` ENABLE KEYS */;
UNLOCK TABLES;

--
-- Table structure for table `ec_discount_customers`
--

DROP TABLE IF EXISTS `ec_discount_customers`;
/*!40101 SET @saved_cs_client     = @@character_set_client */;
/*!50503 SET character_set_client = utf8mb4 */;
CREATE TABLE `ec_discount_customers` (
  `discount_id` int unsigned NOT NULL,
  `customer_id` int unsigned NOT NULL,
  PRIMARY KEY (`discount_id`,`customer_id`)
) ENGINE=InnoDB DEFAULT CHARSET=utf8mb4 COLLATE=utf8mb4_unicode_ci;
/*!40101 SET character_set_client = @saved_cs_client */;

--
-- Dumping data for table `ec_discount_customers`
--

LOCK TABLES `ec_discount_customers` WRITE;
/*!40000 ALTER TABLE `ec_discount_customers` DISABLE KEYS */;
/*!40000 ALTER TABLE `ec_discount_customers` ENABLE KEYS */;
UNLOCK TABLES;

--
-- Table structure for table `ec_discount_product_collections`
--

DROP TABLE IF EXISTS `ec_discount_product_collections`;
/*!40101 SET @saved_cs_client     = @@character_set_client */;
/*!50503 SET character_set_client = utf8mb4 */;
CREATE TABLE `ec_discount_product_collections` (
  `discount_id` int unsigned NOT NULL,
  `product_collection_id` int unsigned NOT NULL,
  PRIMARY KEY (`discount_id`,`product_collection_id`)
) ENGINE=InnoDB DEFAULT CHARSET=utf8mb4 COLLATE=utf8mb4_unicode_ci;
/*!40101 SET character_set_client = @saved_cs_client */;

--
-- Dumping data for table `ec_discount_product_collections`
--

LOCK TABLES `ec_discount_product_collections` WRITE;
/*!40000 ALTER TABLE `ec_discount_product_collections` DISABLE KEYS */;
/*!40000 ALTER TABLE `ec_discount_product_collections` ENABLE KEYS */;
UNLOCK TABLES;

--
-- Table structure for table `ec_discount_products`
--

DROP TABLE IF EXISTS `ec_discount_products`;
/*!40101 SET @saved_cs_client     = @@character_set_client */;
/*!50503 SET character_set_client = utf8mb4 */;
CREATE TABLE `ec_discount_products` (
  `discount_id` int unsigned NOT NULL,
  `product_id` int unsigned NOT NULL,
  PRIMARY KEY (`discount_id`,`product_id`)
) ENGINE=InnoDB DEFAULT CHARSET=utf8mb4 COLLATE=utf8mb4_unicode_ci;
/*!40101 SET character_set_client = @saved_cs_client */;

--
-- Dumping data for table `ec_discount_products`
--

LOCK TABLES `ec_discount_products` WRITE;
/*!40000 ALTER TABLE `ec_discount_products` DISABLE KEYS */;
/*!40000 ALTER TABLE `ec_discount_products` ENABLE KEYS */;
UNLOCK TABLES;

--
-- Table structure for table `ec_discounts`
--

DROP TABLE IF EXISTS `ec_discounts`;
/*!40101 SET @saved_cs_client     = @@character_set_client */;
/*!50503 SET character_set_client = utf8mb4 */;
CREATE TABLE `ec_discounts` (
  `id` bigint unsigned NOT NULL AUTO_INCREMENT,
  `title` varchar(120) COLLATE utf8mb4_unicode_ci DEFAULT NULL,
  `code` varchar(20) COLLATE utf8mb4_unicode_ci DEFAULT NULL,
  `start_date` datetime DEFAULT NULL,
  `end_date` datetime DEFAULT NULL,
  `quantity` int DEFAULT NULL,
  `total_used` int unsigned NOT NULL DEFAULT '0',
  `value` double DEFAULT NULL,
  `type` varchar(60) COLLATE utf8mb4_unicode_ci DEFAULT 'coupon',
  `can_use_with_promotion` tinyint(1) NOT NULL DEFAULT '0',
  `discount_on` varchar(20) COLLATE utf8mb4_unicode_ci DEFAULT NULL,
  `product_quantity` int unsigned DEFAULT NULL,
  `type_option` varchar(100) COLLATE utf8mb4_unicode_ci NOT NULL DEFAULT 'amount',
  `target` varchar(100) COLLATE utf8mb4_unicode_ci NOT NULL DEFAULT 'all-orders',
  `min_order_price` decimal(15,2) DEFAULT NULL,
  `created_at` timestamp NULL DEFAULT NULL,
  `updated_at` timestamp NULL DEFAULT NULL,
  `store_id` int unsigned DEFAULT NULL,
  PRIMARY KEY (`id`),
  UNIQUE KEY `ec_discounts_code_unique` (`code`)
) ENGINE=InnoDB DEFAULT CHARSET=utf8mb4 COLLATE=utf8mb4_unicode_ci;
/*!40101 SET character_set_client = @saved_cs_client */;

--
-- Dumping data for table `ec_discounts`
--

LOCK TABLES `ec_discounts` WRITE;
/*!40000 ALTER TABLE `ec_discounts` DISABLE KEYS */;
/*!40000 ALTER TABLE `ec_discounts` ENABLE KEYS */;
UNLOCK TABLES;

--
-- Table structure for table `ec_flash_sale_products`
--

DROP TABLE IF EXISTS `ec_flash_sale_products`;
/*!40101 SET @saved_cs_client     = @@character_set_client */;
/*!50503 SET character_set_client = utf8mb4 */;
CREATE TABLE `ec_flash_sale_products` (
  `flash_sale_id` int unsigned NOT NULL,
  `product_id` int unsigned NOT NULL,
  `price` double unsigned DEFAULT NULL,
  `quantity` int unsigned DEFAULT NULL,
  `sold` int unsigned NOT NULL DEFAULT '0'
) ENGINE=InnoDB DEFAULT CHARSET=utf8mb4 COLLATE=utf8mb4_unicode_ci;
/*!40101 SET character_set_client = @saved_cs_client */;

--
-- Dumping data for table `ec_flash_sale_products`
--

LOCK TABLES `ec_flash_sale_products` WRITE;
/*!40000 ALTER TABLE `ec_flash_sale_products` DISABLE KEYS */;
INSERT INTO `ec_flash_sale_products` VALUES (1,1,34.5075,7,5),(1,2,18.225,6,4),(1,3,9.2,11,3),(1,4,272.1709,6,2),(1,5,542.64,12,1),(1,6,159.98,11,2),(1,7,432.16,12,3),(1,8,757.68,17,4),(1,9,290.5,19,1),(1,10,834.39,7,3);
/*!40000 ALTER TABLE `ec_flash_sale_products` ENABLE KEYS */;
UNLOCK TABLES;

--
-- Table structure for table `ec_flash_sales`
--

DROP TABLE IF EXISTS `ec_flash_sales`;
/*!40101 SET @saved_cs_client     = @@character_set_client */;
/*!50503 SET character_set_client = utf8mb4 */;
CREATE TABLE `ec_flash_sales` (
  `id` bigint unsigned NOT NULL AUTO_INCREMENT,
  `name` varchar(255) COLLATE utf8mb4_unicode_ci NOT NULL,
  `end_date` datetime NOT NULL,
  `status` varchar(60) COLLATE utf8mb4_unicode_ci NOT NULL DEFAULT 'published',
  `created_at` timestamp NULL DEFAULT NULL,
  `updated_at` timestamp NULL DEFAULT NULL,
  PRIMARY KEY (`id`)
) ENGINE=InnoDB AUTO_INCREMENT=2 DEFAULT CHARSET=utf8mb4 COLLATE=utf8mb4_unicode_ci;
/*!40101 SET character_set_client = @saved_cs_client */;

--
-- Dumping data for table `ec_flash_sales`
--

LOCK TABLES `ec_flash_sales` WRITE;
/*!40000 ALTER TABLE `ec_flash_sales` DISABLE KEYS */;
INSERT INTO `ec_flash_sales` VALUES (1,'Winter Sale','2022-06-29 00:00:00','published','2022-05-30 02:37:15','2022-05-30 02:37:15');
/*!40000 ALTER TABLE `ec_flash_sales` ENABLE KEYS */;
UNLOCK TABLES;

--
-- Table structure for table `ec_flash_sales_translations`
--

DROP TABLE IF EXISTS `ec_flash_sales_translations`;
/*!40101 SET @saved_cs_client     = @@character_set_client */;
/*!50503 SET character_set_client = utf8mb4 */;
CREATE TABLE `ec_flash_sales_translations` (
  `lang_code` varchar(191) COLLATE utf8mb4_unicode_ci NOT NULL,
  `ec_flash_sales_id` int NOT NULL,
  `name` varchar(191) COLLATE utf8mb4_unicode_ci DEFAULT NULL,
  PRIMARY KEY (`lang_code`,`ec_flash_sales_id`)
) ENGINE=InnoDB DEFAULT CHARSET=utf8mb4 COLLATE=utf8mb4_unicode_ci;
/*!40101 SET character_set_client = @saved_cs_client */;

--
-- Dumping data for table `ec_flash_sales_translations`
--

LOCK TABLES `ec_flash_sales_translations` WRITE;
/*!40000 ALTER TABLE `ec_flash_sales_translations` DISABLE KEYS */;
INSERT INTO `ec_flash_sales_translations` VALUES ('vi',1,'Khuyến mãi mùa đông.');
/*!40000 ALTER TABLE `ec_flash_sales_translations` ENABLE KEYS */;
UNLOCK TABLES;

--
-- Table structure for table `ec_grouped_products`
--

DROP TABLE IF EXISTS `ec_grouped_products`;
/*!40101 SET @saved_cs_client     = @@character_set_client */;
/*!50503 SET character_set_client = utf8mb4 */;
CREATE TABLE `ec_grouped_products` (
  `id` bigint unsigned NOT NULL AUTO_INCREMENT,
  `parent_product_id` int unsigned NOT NULL,
  `product_id` int unsigned NOT NULL,
  `fixed_qty` int NOT NULL DEFAULT '1',
  PRIMARY KEY (`id`)
) ENGINE=InnoDB DEFAULT CHARSET=utf8mb4 COLLATE=utf8mb4_unicode_ci;
/*!40101 SET character_set_client = @saved_cs_client */;

--
-- Dumping data for table `ec_grouped_products`
--

LOCK TABLES `ec_grouped_products` WRITE;
/*!40000 ALTER TABLE `ec_grouped_products` DISABLE KEYS */;
/*!40000 ALTER TABLE `ec_grouped_products` ENABLE KEYS */;
UNLOCK TABLES;

--
-- Table structure for table `ec_order_addresses`
--

DROP TABLE IF EXISTS `ec_order_addresses`;
/*!40101 SET @saved_cs_client     = @@character_set_client */;
/*!50503 SET character_set_client = utf8mb4 */;
CREATE TABLE `ec_order_addresses` (
  `id` bigint unsigned NOT NULL AUTO_INCREMENT,
  `name` varchar(191) COLLATE utf8mb4_unicode_ci NOT NULL,
  `phone` varchar(20) COLLATE utf8mb4_unicode_ci DEFAULT NULL,
  `email` varchar(191) COLLATE utf8mb4_unicode_ci DEFAULT NULL,
  `country` varchar(120) COLLATE utf8mb4_unicode_ci DEFAULT NULL,
  `state` varchar(120) COLLATE utf8mb4_unicode_ci DEFAULT NULL,
  `city` varchar(120) COLLATE utf8mb4_unicode_ci DEFAULT NULL,
  `address` varchar(255) COLLATE utf8mb4_unicode_ci DEFAULT NULL,
  `order_id` int unsigned NOT NULL,
  `zip_code` varchar(20) COLLATE utf8mb4_unicode_ci DEFAULT NULL,
  PRIMARY KEY (`id`)
) ENGINE=InnoDB AUTO_INCREMENT=47 DEFAULT CHARSET=utf8mb4 COLLATE=utf8mb4_unicode_ci;
/*!40101 SET character_set_client = @saved_cs_client */;

--
-- Dumping data for table `ec_order_addresses`
--

LOCK TABLES `ec_order_addresses` WRITE;
/*!40000 ALTER TABLE `ec_order_addresses` DISABLE KEYS */;
INSERT INTO `ec_order_addresses` VALUES (1,'Oceane Pagac','+15614854323','uleffler@example.net','EH','Hawaii','East Aliza','2928 Heaney River',1,'66041'),(2,'Oceane Pagac','+15614854323','uleffler@example.net','EH','Hawaii','East Aliza','2928 Heaney River',2,'66041'),(3,'Oceane Pagac','+15614854323','uleffler@example.net','EH','Hawaii','East Aliza','2928 Heaney River',3,'66041'),(4,'Oceane Pagac','+15614854323','uleffler@example.net','EH','Hawaii','East Aliza','2928 Heaney River',4,'66041'),(5,'Jorge Krajcik Jr.','+12543772958','gturcotte@example.net','CF','North Dakota','North Sanfordville','946 Ruthie Causeway Suite 985',5,'57927'),(6,'Jorge Krajcik Jr.','+12543772958','gturcotte@example.net','CF','North Dakota','North Sanfordville','946 Ruthie Causeway Suite 985',6,'57927'),(7,'Oceane Pagac','+15614854323','uleffler@example.net','EH','Hawaii','East Aliza','2928 Heaney River',7,'66041'),(8,'Oceane Pagac','+15614854323','uleffler@example.net','EH','Hawaii','East Aliza','2928 Heaney River',8,'66041'),(9,'Oceane Pagac','+15614854323','uleffler@example.net','EH','Hawaii','East Aliza','2928 Heaney River',9,'66041'),(10,'Oceane Pagac','+15614854323','uleffler@example.net','EH','Hawaii','East Aliza','2928 Heaney River',10,'66041'),(11,'Oceane Pagac','+15614854323','uleffler@example.net','EH','Hawaii','East Aliza','2928 Heaney River',11,'66041'),(12,'Jorge Krajcik Jr.','+12543772958','gturcotte@example.net','CF','North Dakota','North Sanfordville','946 Ruthie Causeway Suite 985',12,'57927'),(13,'Jorge Krajcik Jr.','+12543772958','gturcotte@example.net','CF','North Dakota','North Sanfordville','946 Ruthie Causeway Suite 985',13,'57927'),(14,'Jorge Krajcik Jr.','+12543772958','gturcotte@example.net','CF','North Dakota','North Sanfordville','946 Ruthie Causeway Suite 985',14,'57927'),(15,'Jorge Krajcik Jr.','+12543772958','gturcotte@example.net','CF','North Dakota','North Sanfordville','946 Ruthie Causeway Suite 985',15,'57927'),(16,'Oceane Pagac','+15614854323','uleffler@example.net','EH','Hawaii','East Aliza','2928 Heaney River',16,'66041'),(17,'Oceane Pagac','+15614854323','uleffler@example.net','EH','Hawaii','East Aliza','2928 Heaney River',17,'66041'),(18,'Oceane Pagac','+15614854323','uleffler@example.net','EH','Hawaii','East Aliza','2928 Heaney River',18,'66041'),(19,'Oceane Pagac','+15614854323','uleffler@example.net','EH','Hawaii','East Aliza','2928 Heaney River',19,'66041'),(20,'Oceane Pagac','+15614854323','uleffler@example.net','EH','Hawaii','East Aliza','2928 Heaney River',20,'66041'),(21,'Oceane Pagac','+15614854323','uleffler@example.net','EH','Hawaii','East Aliza','2928 Heaney River',21,'66041'),(22,'Oceane Pagac','+15614854323','uleffler@example.net','EH','Hawaii','East Aliza','2928 Heaney River',22,'66041'),(23,'Oceane Pagac','+15614854323','uleffler@example.net','EH','Hawaii','East Aliza','2928 Heaney River',23,'66041'),(24,'Oceane Pagac','+15614854323','uleffler@example.net','EH','Hawaii','East Aliza','2928 Heaney River',24,'66041'),(25,'Oceane Pagac','+15614854323','uleffler@example.net','EH','Hawaii','East Aliza','2928 Heaney River',25,'66041'),(26,'Jorge Krajcik Jr.','+12543772958','gturcotte@example.net','CF','North Dakota','North Sanfordville','946 Ruthie Causeway Suite 985',26,'57927'),(27,'Jorge Krajcik Jr.','+12543772958','gturcotte@example.net','CF','North Dakota','North Sanfordville','946 Ruthie Causeway Suite 985',27,'57927'),(28,'Jorge Krajcik Jr.','+12543772958','gturcotte@example.net','CF','North Dakota','North Sanfordville','946 Ruthie Causeway Suite 985',28,'57927'),(29,'Oceane Pagac','+15614854323','uleffler@example.net','EH','Hawaii','East Aliza','2928 Heaney River',29,'66041'),(30,'Oceane Pagac','+15614854323','uleffler@example.net','EH','Hawaii','East Aliza','2928 Heaney River',30,'66041'),(31,'Jorge Krajcik Jr.','+12543772958','gturcotte@example.net','CF','North Dakota','North Sanfordville','946 Ruthie Causeway Suite 985',31,'57927'),(32,'Jorge Krajcik Jr.','+12543772958','gturcotte@example.net','CF','North Dakota','North Sanfordville','946 Ruthie Causeway Suite 985',32,'57927'),(33,'Jorge Krajcik Jr.','+12543772958','gturcotte@example.net','CF','North Dakota','North Sanfordville','946 Ruthie Causeway Suite 985',33,'57927'),(34,'Jorge Krajcik Jr.','+12543772958','gturcotte@example.net','CF','North Dakota','North Sanfordville','946 Ruthie Causeway Suite 985',34,'57927'),(35,'Jorge Krajcik Jr.','+12543772958','gturcotte@example.net','CF','North Dakota','North Sanfordville','946 Ruthie Causeway Suite 985',35,'57927'),(36,'Jorge Krajcik Jr.','+12543772958','gturcotte@example.net','CF','North Dakota','North Sanfordville','946 Ruthie Causeway Suite 985',36,'57927'),(37,'Oceane Pagac','+15614854323','uleffler@example.net','EH','Hawaii','East Aliza','2928 Heaney River',37,'66041'),(38,'Oceane Pagac','+15614854323','uleffler@example.net','EH','Hawaii','East Aliza','2928 Heaney River',38,'66041'),(39,'Jorge Krajcik Jr.','+12543772958','gturcotte@example.net','CF','North Dakota','North Sanfordville','946 Ruthie Causeway Suite 985',39,'57927'),(40,'Jorge Krajcik Jr.','+12543772958','gturcotte@example.net','CF','North Dakota','North Sanfordville','946 Ruthie Causeway Suite 985',40,'57927'),(41,'Oceane Pagac','+15614854323','uleffler@example.net','EH','Hawaii','East Aliza','2928 Heaney River',41,'66041'),(42,'Oceane Pagac','+15614854323','uleffler@example.net','EH','Hawaii','East Aliza','2928 Heaney River',42,'66041'),(43,'Oceane Pagac','+15614854323','uleffler@example.net','EH','Hawaii','East Aliza','2928 Heaney River',43,'66041'),(44,'Oceane Pagac','+15614854323','uleffler@example.net','EH','Hawaii','East Aliza','2928 Heaney River',44,'66041'),(45,'Oceane Pagac','+15614854323','uleffler@example.net','EH','Hawaii','East Aliza','2928 Heaney River',45,'66041'),(46,'Oceane Pagac','+15614854323','uleffler@example.net','EH','Hawaii','East Aliza','2928 Heaney River',46,'66041');
/*!40000 ALTER TABLE `ec_order_addresses` ENABLE KEYS */;
UNLOCK TABLES;

--
-- Table structure for table `ec_order_histories`
--

DROP TABLE IF EXISTS `ec_order_histories`;
/*!40101 SET @saved_cs_client     = @@character_set_client */;
/*!50503 SET character_set_client = utf8mb4 */;
CREATE TABLE `ec_order_histories` (
  `id` bigint unsigned NOT NULL AUTO_INCREMENT,
  `action` varchar(120) COLLATE utf8mb4_unicode_ci NOT NULL,
  `description` varchar(255) COLLATE utf8mb4_unicode_ci NOT NULL,
  `user_id` int unsigned DEFAULT NULL,
  `order_id` int unsigned NOT NULL,
  `extras` text COLLATE utf8mb4_unicode_ci,
  `created_at` timestamp NULL DEFAULT NULL,
  `updated_at` timestamp NULL DEFAULT NULL,
  PRIMARY KEY (`id`)
) ENGINE=InnoDB AUTO_INCREMENT=225 DEFAULT CHARSET=utf8mb4 COLLATE=utf8mb4_unicode_ci;
/*!40101 SET character_set_client = @saved_cs_client */;

--
-- Dumping data for table `ec_order_histories`
--

LOCK TABLES `ec_order_histories` WRITE;
/*!40000 ALTER TABLE `ec_order_histories` DISABLE KEYS */;
INSERT INTO `ec_order_histories` VALUES (1,'create_order_from_seeder','Order is created from the checkout page',NULL,1,NULL,'2022-05-25 02:37:27','2022-05-25 02:37:27'),(2,'confirm_order','Order was verified by %user_name%',0,1,NULL,'2022-05-25 02:37:27','2022-05-25 02:37:27'),(3,'create_shipment','Created shipment for order',0,1,NULL,'2022-05-30 02:37:28','2022-05-30 02:37:28'),(4,'create_order_from_seeder','Order is created from the checkout page',NULL,2,NULL,'2022-05-18 10:37:28','2022-05-18 10:37:28'),(5,'confirm_order','Order was verified by %user_name%',0,2,NULL,'2022-05-18 10:37:28','2022-05-18 10:37:28'),(6,'create_shipment','Created shipment for order',0,2,NULL,'2022-05-30 02:37:28','2022-05-30 02:37:28'),(7,'create_order_from_seeder','Order is created from the checkout page',NULL,3,NULL,'2022-05-20 02:37:28','2022-05-20 02:37:28'),(8,'confirm_order','Order was verified by %user_name%',0,3,NULL,'2022-05-20 02:37:28','2022-05-20 02:37:28'),(9,'confirm_payment','Payment was confirmed (amount $2,114.20) by %user_name%',0,3,NULL,'2022-05-30 02:37:28','2022-05-30 02:37:28'),(10,'create_shipment','Created shipment for order',0,3,NULL,'2022-05-30 02:37:28','2022-05-30 02:37:28'),(11,'create_order_from_seeder','Order is created from the checkout page',NULL,4,NULL,'2022-05-15 02:37:28','2022-05-15 02:37:28'),(12,'confirm_order','Order was verified by %user_name%',0,4,NULL,'2022-05-15 02:37:28','2022-05-15 02:37:28'),(13,'confirm_payment','Payment was confirmed (amount $1,333.50) by %user_name%',0,4,NULL,'2022-05-30 02:37:28','2022-05-30 02:37:28'),(14,'create_shipment','Created shipment for order',0,4,NULL,'2022-05-30 02:37:28','2022-05-30 02:37:28'),(15,'update_status','Changed status of shipping to: Delivered. Updated by: %user_name%',0,4,NULL,'2022-05-30 02:37:28','2022-05-30 02:37:28'),(16,'create_order_from_seeder','Order is created from the checkout page',NULL,5,NULL,'2022-05-22 04:37:28','2022-05-22 04:37:28'),(17,'confirm_order','Order was verified by %user_name%',0,5,NULL,'2022-05-22 04:37:28','2022-05-22 04:37:28'),(18,'confirm_payment','Payment was confirmed (amount $2,480.10) by %user_name%',0,5,NULL,'2022-05-30 02:37:28','2022-05-30 02:37:28'),(19,'create_shipment','Created shipment for order',0,5,NULL,'2022-05-30 02:37:28','2022-05-30 02:37:28'),(20,'update_status','Changed status of shipping to: Delivered. Updated by: %user_name%',0,5,NULL,'2022-05-30 02:37:28','2022-05-30 02:37:28'),(21,'create_order_from_seeder','Order is created from the checkout page',NULL,6,NULL,'2022-05-28 12:37:28','2022-05-28 12:37:28'),(22,'confirm_order','Order was verified by %user_name%',0,6,NULL,'2022-05-28 12:37:28','2022-05-28 12:37:28'),(23,'confirm_payment','Payment was confirmed (amount $3,760.30) by %user_name%',0,6,NULL,'2022-05-30 02:37:28','2022-05-30 02:37:28'),(24,'create_shipment','Created shipment for order',0,6,NULL,'2022-05-30 02:37:28','2022-05-30 02:37:28'),(25,'create_order_from_seeder','Order is created from the checkout page',NULL,7,NULL,'2022-05-24 02:37:28','2022-05-24 02:37:28'),(26,'confirm_order','Order was verified by %user_name%',0,7,NULL,'2022-05-24 02:37:28','2022-05-24 02:37:28'),(27,'confirm_payment','Payment was confirmed (amount $1,829.00) by %user_name%',0,7,NULL,'2022-05-30 02:37:28','2022-05-30 02:37:28'),(28,'create_shipment','Created shipment for order',0,7,NULL,'2022-05-30 02:37:28','2022-05-30 02:37:28'),(29,'update_status','Changed status of shipping to: Delivered. Updated by: %user_name%',0,7,NULL,'2022-05-30 02:37:28','2022-05-30 02:37:28'),(30,'create_order_from_seeder','Order is created from the checkout page',NULL,8,NULL,'2022-05-15 02:37:28','2022-05-15 02:37:28'),(31,'confirm_order','Order was verified by %user_name%',0,8,NULL,'2022-05-15 02:37:28','2022-05-15 02:37:28'),(32,'confirm_payment','Payment was confirmed (amount $1,184.40) by %user_name%',0,8,NULL,'2022-05-30 02:37:28','2022-05-30 02:37:28'),(33,'create_shipment','Created shipment for order',0,8,NULL,'2022-05-30 02:37:28','2022-05-30 02:37:28'),(34,'update_status','Changed status of shipping to: Delivered. Updated by: %user_name%',0,8,NULL,'2022-05-30 02:37:28','2022-05-30 02:37:28'),(35,'create_order_from_seeder','Order is created from the checkout page',NULL,9,NULL,'2022-05-25 14:37:28','2022-05-25 14:37:28'),(36,'confirm_order','Order was verified by %user_name%',0,9,NULL,'2022-05-25 14:37:28','2022-05-25 14:37:28'),(37,'confirm_payment','Payment was confirmed (amount $4,724.10) by %user_name%',0,9,NULL,'2022-05-30 02:37:28','2022-05-30 02:37:28'),(38,'create_shipment','Created shipment for order',0,9,NULL,'2022-05-30 02:37:28','2022-05-30 02:37:28'),(39,'create_order_from_seeder','Order is created from the checkout page',NULL,10,NULL,'2022-05-23 00:37:28','2022-05-23 00:37:28'),(40,'confirm_order','Order was verified by %user_name%',0,10,NULL,'2022-05-23 00:37:28','2022-05-23 00:37:28'),(41,'confirm_payment','Payment was confirmed (amount $5,400.90) by %user_name%',0,10,NULL,'2022-05-30 02:37:28','2022-05-30 02:37:28'),(42,'create_shipment','Created shipment for order',0,10,NULL,'2022-05-30 02:37:28','2022-05-30 02:37:28'),(43,'update_status','Changed status of shipping to: Delivered. Updated by: %user_name%',0,10,NULL,'2022-05-30 02:37:28','2022-05-30 02:37:28'),(44,'create_order_from_seeder','Order is created from the checkout page',NULL,11,NULL,'2022-05-23 00:37:28','2022-05-23 00:37:28'),(45,'confirm_order','Order was verified by %user_name%',0,11,NULL,'2022-05-23 00:37:28','2022-05-23 00:37:28'),(46,'confirm_payment','Payment was confirmed (amount $2,005.70) by %user_name%',0,11,NULL,'2022-05-30 02:37:28','2022-05-30 02:37:28'),(47,'create_shipment','Created shipment for order',0,11,NULL,'2022-05-30 02:37:28','2022-05-30 02:37:28'),(48,'update_status','Changed status of shipping to: Delivered. Updated by: %user_name%',0,11,NULL,'2022-05-30 02:37:28','2022-05-30 02:37:28'),(49,'create_order_from_seeder','Order is created from the checkout page',NULL,12,NULL,'2022-05-23 10:37:28','2022-05-23 10:37:28'),(50,'confirm_order','Order was verified by %user_name%',0,12,NULL,'2022-05-23 10:37:28','2022-05-23 10:37:28'),(51,'confirm_payment','Payment was confirmed (amount $2,622.90) by %user_name%',0,12,NULL,'2022-05-30 02:37:28','2022-05-30 02:37:28'),(52,'create_shipment','Created shipment for order',0,12,NULL,'2022-05-30 02:37:28','2022-05-30 02:37:28'),(53,'create_order_from_seeder','Order is created from the checkout page',NULL,13,NULL,'2022-05-16 18:37:28','2022-05-16 18:37:28'),(54,'confirm_order','Order was verified by %user_name%',0,13,NULL,'2022-05-16 18:37:28','2022-05-16 18:37:28'),(55,'confirm_payment','Payment was confirmed (amount $1,315.60) by %user_name%',0,13,NULL,'2022-05-30 02:37:28','2022-05-30 02:37:28'),(56,'create_shipment','Created shipment for order',0,13,NULL,'2022-05-30 02:37:28','2022-05-30 02:37:28'),(57,'create_order_from_seeder','Order is created from the checkout page',NULL,14,NULL,'2022-05-26 08:37:28','2022-05-26 08:37:28'),(58,'confirm_order','Order was verified by %user_name%',0,14,NULL,'2022-05-26 08:37:28','2022-05-26 08:37:28'),(59,'confirm_payment','Payment was confirmed (amount $1,213.80) by %user_name%',0,14,NULL,'2022-05-30 02:37:28','2022-05-30 02:37:28'),(60,'create_shipment','Created shipment for order',0,14,NULL,'2022-05-30 02:37:28','2022-05-30 02:37:28'),(61,'update_status','Changed status of shipping to: Delivered. Updated by: %user_name%',0,14,NULL,'2022-05-30 02:37:28','2022-05-30 02:37:28'),(62,'create_order_from_seeder','Order is created from the checkout page',NULL,15,NULL,'2022-05-21 08:37:28','2022-05-21 08:37:28'),(63,'confirm_order','Order was verified by %user_name%',0,15,NULL,'2022-05-21 08:37:28','2022-05-21 08:37:28'),(64,'confirm_payment','Payment was confirmed (amount $3,656.10) by %user_name%',0,15,NULL,'2022-05-30 02:37:28','2022-05-30 02:37:28'),(65,'create_shipment','Created shipment for order',0,15,NULL,'2022-05-30 02:37:28','2022-05-30 02:37:28'),(66,'update_status','Changed status of shipping to: Delivered. Updated by: %user_name%',0,15,NULL,'2022-05-30 02:37:28','2022-05-30 02:37:28'),(67,'create_order_from_seeder','Order is created from the checkout page',NULL,16,NULL,'2022-05-26 14:37:28','2022-05-26 14:37:28'),(68,'confirm_order','Order was verified by %user_name%',0,16,NULL,'2022-05-26 14:37:28','2022-05-26 14:37:28'),(69,'confirm_payment','Payment was confirmed (amount $1,801.10) by %user_name%',0,16,NULL,'2022-05-30 02:37:28','2022-05-30 02:37:28'),(70,'create_shipment','Created shipment for order',0,16,NULL,'2022-05-30 02:37:28','2022-05-30 02:37:28'),(71,'update_status','Changed status of shipping to: Delivered. Updated by: %user_name%',0,16,NULL,'2022-05-30 02:37:28','2022-05-30 02:37:28'),(72,'create_order_from_seeder','Order is created from the checkout page',NULL,17,NULL,'2022-05-27 18:37:28','2022-05-27 18:37:28'),(73,'confirm_order','Order was verified by %user_name%',0,17,NULL,'2022-05-27 18:37:28','2022-05-27 18:37:28'),(74,'confirm_payment','Payment was confirmed (amount $1,299.10) by %user_name%',0,17,NULL,'2022-05-30 02:37:28','2022-05-30 02:37:28'),(75,'create_shipment','Created shipment for order',0,17,NULL,'2022-05-30 02:37:28','2022-05-30 02:37:28'),(76,'create_order_from_seeder','Order is created from the checkout page',NULL,18,NULL,'2022-05-24 06:37:28','2022-05-24 06:37:28'),(77,'confirm_order','Order was verified by %user_name%',0,18,NULL,'2022-05-24 06:37:28','2022-05-24 06:37:28'),(78,'create_shipment','Created shipment for order',0,18,NULL,'2022-05-30 02:37:28','2022-05-30 02:37:28'),(79,'create_order_from_seeder','Order is created from the checkout page',NULL,19,NULL,'2022-05-20 18:37:28','2022-05-20 18:37:28'),(80,'confirm_order','Order was verified by %user_name%',0,19,NULL,'2022-05-20 18:37:28','2022-05-20 18:37:28'),(81,'confirm_payment','Payment was confirmed (amount $585.20) by %user_name%',0,19,NULL,'2022-05-30 02:37:28','2022-05-30 02:37:28'),(82,'create_shipment','Created shipment for order',0,19,NULL,'2022-05-30 02:37:28','2022-05-30 02:37:28'),(83,'update_status','Changed status of shipping to: Delivered. Updated by: %user_name%',0,19,NULL,'2022-05-30 02:37:28','2022-05-30 02:37:28'),(84,'create_order_from_seeder','Order is created from the checkout page',NULL,20,NULL,'2022-05-26 20:37:28','2022-05-26 20:37:28'),(85,'confirm_order','Order was verified by %user_name%',0,20,NULL,'2022-05-26 20:37:28','2022-05-26 20:37:28'),(86,'confirm_payment','Payment was confirmed (amount $2,440.20) by %user_name%',0,20,NULL,'2022-05-30 02:37:28','2022-05-30 02:37:28'),(87,'create_shipment','Created shipment for order',0,20,NULL,'2022-05-30 02:37:28','2022-05-30 02:37:28'),(88,'create_order_from_seeder','Order is created from the checkout page',NULL,21,NULL,'2022-05-23 02:37:28','2022-05-23 02:37:28'),(89,'confirm_order','Order was verified by %user_name%',0,21,NULL,'2022-05-23 02:37:28','2022-05-23 02:37:28'),(90,'confirm_payment','Payment was confirmed (amount $2,389.80) by %user_name%',0,21,NULL,'2022-05-30 02:37:28','2022-05-30 02:37:28'),(91,'create_shipment','Created shipment for order',0,21,NULL,'2022-05-30 02:37:28','2022-05-30 02:37:28'),(92,'update_status','Changed status of shipping to: Delivered. Updated by: %user_name%',0,21,NULL,'2022-05-30 02:37:28','2022-05-30 02:37:28'),(93,'create_order_from_seeder','Order is created from the checkout page',NULL,22,NULL,'2022-05-29 02:37:28','2022-05-29 02:37:28'),(94,'confirm_order','Order was verified by %user_name%',0,22,NULL,'2022-05-29 02:37:28','2022-05-29 02:37:28'),(95,'confirm_payment','Payment was confirmed (amount $1,748.40) by %user_name%',0,22,NULL,'2022-05-30 02:37:28','2022-05-30 02:37:28'),(96,'create_shipment','Created shipment for order',0,22,NULL,'2022-05-30 02:37:28','2022-05-30 02:37:28'),(97,'create_order_from_seeder','Order is created from the checkout page',NULL,23,NULL,'2022-05-23 02:37:28','2022-05-23 02:37:28'),(98,'confirm_order','Order was verified by %user_name%',0,23,NULL,'2022-05-23 02:37:28','2022-05-23 02:37:28'),(99,'confirm_payment','Payment was confirmed (amount $1,825.90) by %user_name%',0,23,NULL,'2022-05-30 02:37:28','2022-05-30 02:37:28'),(100,'create_shipment','Created shipment for order',0,23,NULL,'2022-05-30 02:37:28','2022-05-30 02:37:28'),(101,'update_status','Changed status of shipping to: Delivered. Updated by: %user_name%',0,23,NULL,'2022-05-30 02:37:28','2022-05-30 02:37:28'),(102,'create_order_from_seeder','Order is created from the checkout page',NULL,24,NULL,'2022-05-29 04:37:28','2022-05-29 04:37:28'),(103,'confirm_order','Order was verified by %user_name%',0,24,NULL,'2022-05-29 04:37:28','2022-05-29 04:37:28'),(104,'confirm_payment','Payment was confirmed (amount $4,939.20) by %user_name%',0,24,NULL,'2022-05-30 02:37:28','2022-05-30 02:37:28'),(105,'create_shipment','Created shipment for order',0,24,NULL,'2022-05-30 02:37:28','2022-05-30 02:37:28'),(106,'create_order_from_seeder','Order is created from the checkout page',NULL,25,NULL,'2022-05-25 12:37:28','2022-05-25 12:37:28'),(107,'confirm_order','Order was verified by %user_name%',0,25,NULL,'2022-05-25 12:37:28','2022-05-25 12:37:28'),(108,'create_shipment','Created shipment for order',0,25,NULL,'2022-05-30 02:37:28','2022-05-30 02:37:28'),(109,'update_status','Changed status of shipping to: Delivered. Updated by: %user_name%',0,25,NULL,'2022-05-30 02:37:28','2022-05-30 02:37:28'),(110,'create_order_from_seeder','Order is created from the checkout page',NULL,26,NULL,'2022-05-27 14:37:28','2022-05-27 14:37:28'),(111,'confirm_order','Order was verified by %user_name%',0,26,NULL,'2022-05-27 14:37:28','2022-05-27 14:37:28'),(112,'confirm_payment','Payment was confirmed (amount $2,124.20) by %user_name%',0,26,NULL,'2022-05-30 02:37:28','2022-05-30 02:37:28'),(113,'create_shipment','Created shipment for order',0,26,NULL,'2022-05-30 02:37:28','2022-05-30 02:37:28'),(114,'update_status','Changed status of shipping to: Delivered. Updated by: %user_name%',0,26,NULL,'2022-05-30 02:37:28','2022-05-30 02:37:28'),(115,'create_order_from_seeder','Order is created from the checkout page',NULL,27,NULL,'2022-05-27 14:37:28','2022-05-27 14:37:28'),(116,'confirm_order','Order was verified by %user_name%',0,27,NULL,'2022-05-27 14:37:28','2022-05-27 14:37:28'),(117,'confirm_payment','Payment was confirmed (amount $651.20) by %user_name%',0,27,NULL,'2022-05-30 02:37:28','2022-05-30 02:37:28'),(118,'create_shipment','Created shipment for order',0,27,NULL,'2022-05-30 02:37:28','2022-05-30 02:37:28'),(119,'create_order_from_seeder','Order is created from the checkout page',NULL,28,NULL,'2022-05-28 14:37:28','2022-05-28 14:37:28'),(120,'confirm_order','Order was verified by %user_name%',0,28,NULL,'2022-05-28 14:37:28','2022-05-28 14:37:28'),(121,'confirm_payment','Payment was confirmed (amount $6,417.40) by %user_name%',0,28,NULL,'2022-05-30 02:37:28','2022-05-30 02:37:28'),(122,'create_shipment','Created shipment for order',0,28,NULL,'2022-05-30 02:37:28','2022-05-30 02:37:28'),(123,'update_status','Changed status of shipping to: Delivered. Updated by: %user_name%',0,28,NULL,'2022-05-30 02:37:28','2022-05-30 02:37:28'),(124,'create_order_from_seeder','Order is created from the checkout page',NULL,29,NULL,'2022-05-27 10:37:28','2022-05-27 10:37:28'),(125,'confirm_order','Order was verified by %user_name%',0,29,NULL,'2022-05-27 10:37:28','2022-05-27 10:37:28'),(126,'confirm_payment','Payment was confirmed (amount $62.00) by %user_name%',0,29,NULL,'2022-05-30 02:37:28','2022-05-30 02:37:28'),(127,'create_shipment','Created shipment for order',0,29,NULL,'2022-05-30 02:37:28','2022-05-30 02:37:28'),(128,'create_order_from_seeder','Order is created from the checkout page',NULL,30,NULL,'2022-05-29 10:37:28','2022-05-29 10:37:28'),(129,'confirm_order','Order was verified by %user_name%',0,30,NULL,'2022-05-29 10:37:28','2022-05-29 10:37:28'),(130,'create_shipment','Created shipment for order',0,30,NULL,'2022-05-30 02:37:28','2022-05-30 02:37:28'),(131,'create_order_from_seeder','Order is created from the checkout page',NULL,31,NULL,'2022-05-25 10:37:28','2022-05-25 10:37:28'),(132,'confirm_order','Order was verified by %user_name%',0,31,NULL,'2022-05-25 10:37:28','2022-05-25 10:37:28'),(133,'confirm_payment','Payment was confirmed (amount $1,211.70) by %user_name%',0,31,NULL,'2022-05-30 02:37:28','2022-05-30 02:37:28'),(134,'create_shipment','Created shipment for order',0,31,NULL,'2022-05-30 02:37:28','2022-05-30 02:37:28'),(135,'create_order_from_seeder','Order is created from the checkout page',NULL,32,NULL,'2022-05-29 12:37:28','2022-05-29 12:37:28'),(136,'confirm_order','Order was verified by %user_name%',0,32,NULL,'2022-05-29 12:37:28','2022-05-29 12:37:28'),(137,'confirm_payment','Payment was confirmed (amount $1,801.10) by %user_name%',0,32,NULL,'2022-05-30 02:37:28','2022-05-30 02:37:28'),(138,'create_shipment','Created shipment for order',0,32,NULL,'2022-05-30 02:37:28','2022-05-30 02:37:28'),(139,'create_order_from_seeder','Order is created from the checkout page',NULL,33,NULL,'2022-05-25 10:37:28','2022-05-25 10:37:28'),(140,'confirm_order','Order was verified by %user_name%',0,33,NULL,'2022-05-25 10:37:28','2022-05-25 10:37:28'),(141,'confirm_payment','Payment was confirmed (amount $3,794.40) by %user_name%',0,33,NULL,'2022-05-30 02:37:28','2022-05-30 02:37:28'),(142,'create_shipment','Created shipment for order',0,33,NULL,'2022-05-30 02:37:28','2022-05-30 02:37:28'),(143,'update_status','Changed status of shipping to: Delivered. Updated by: %user_name%',0,33,NULL,'2022-05-30 02:37:28','2022-05-30 02:37:28'),(144,'create_order_from_seeder','Order is created from the checkout page',NULL,34,NULL,'2022-05-29 02:37:28','2022-05-29 02:37:28'),(145,'confirm_order','Order was verified by %user_name%',0,34,NULL,'2022-05-29 02:37:28','2022-05-29 02:37:28'),(146,'confirm_payment','Payment was confirmed (amount $1,912.70) by %user_name%',0,34,NULL,'2022-05-30 02:37:28','2022-05-30 02:37:28'),(147,'create_shipment','Created shipment for order',0,34,NULL,'2022-05-30 02:37:28','2022-05-30 02:37:28'),(148,'create_order_from_seeder','Order is created from the checkout page',NULL,35,NULL,'2022-05-25 02:37:28','2022-05-25 02:37:28'),(149,'confirm_order','Order was verified by %user_name%',0,35,NULL,'2022-05-25 02:37:28','2022-05-25 02:37:28'),(150,'confirm_payment','Payment was confirmed (amount $1,639.90) by %user_name%',0,35,NULL,'2022-05-30 02:37:28','2022-05-30 02:37:28'),(151,'create_shipment','Created shipment for order',0,35,NULL,'2022-05-30 02:37:28','2022-05-30 02:37:28'),(152,'update_status','Changed status of shipping to: Delivered. Updated by: %user_name%',0,35,NULL,'2022-05-30 02:37:28','2022-05-30 02:37:28'),(153,'create_order_from_seeder','Order is created from the checkout page',NULL,36,NULL,'2022-05-29 14:37:28','2022-05-29 14:37:28'),(154,'confirm_order','Order was verified by %user_name%',0,36,NULL,'2022-05-29 14:37:28','2022-05-29 14:37:28'),(155,'confirm_payment','Payment was confirmed (amount $3,456.50) by %user_name%',0,36,NULL,'2022-05-30 02:37:28','2022-05-30 02:37:28'),(156,'create_shipment','Created shipment for order',0,36,NULL,'2022-05-30 02:37:28','2022-05-30 02:37:28'),(157,'update_status','Changed status of shipping to: Delivered. Updated by: %user_name%',0,36,NULL,'2022-05-30 02:37:28','2022-05-30 02:37:28'),(158,'create_order_from_seeder','Order is created from the checkout page',NULL,37,NULL,'2022-05-26 08:37:28','2022-05-26 08:37:28'),(159,'confirm_order','Order was verified by %user_name%',0,37,NULL,'2022-05-26 08:37:28','2022-05-26 08:37:28'),(160,'confirm_payment','Payment was confirmed (amount $2,495.00) by %user_name%',0,37,NULL,'2022-05-30 02:37:28','2022-05-30 02:37:28'),(161,'create_shipment','Created shipment for order',0,37,NULL,'2022-05-30 02:37:28','2022-05-30 02:37:28'),(162,'create_order_from_seeder','Order is created from the checkout page',NULL,38,NULL,'2022-05-29 06:37:28','2022-05-29 06:37:28'),(163,'confirm_order','Order was verified by %user_name%',0,38,NULL,'2022-05-29 06:37:28','2022-05-29 06:37:28'),(164,'confirm_payment','Payment was confirmed (amount $3,044.20) by %user_name%',0,38,NULL,'2022-05-30 02:37:28','2022-05-30 02:37:28'),(165,'create_shipment','Created shipment for order',0,38,NULL,'2022-05-30 02:37:28','2022-05-30 02:37:28'),(166,'update_status','Changed status of shipping to: Delivered. Updated by: %user_name%',0,38,NULL,'2022-05-30 02:37:28','2022-05-30 02:37:28'),(167,'create_order_from_seeder','Order is created from the checkout page',NULL,39,NULL,'2022-05-27 02:37:28','2022-05-27 02:37:28'),(168,'confirm_order','Order was verified by %user_name%',0,39,NULL,'2022-05-27 02:37:28','2022-05-27 02:37:28'),(169,'confirm_payment','Payment was confirmed (amount $1,705.30) by %user_name%',0,39,NULL,'2022-05-30 02:37:28','2022-05-30 02:37:28'),(170,'create_shipment','Created shipment for order',0,39,NULL,'2022-05-30 02:37:28','2022-05-30 02:37:28'),(171,'update_status','Changed status of shipping to: Delivered. Updated by: %user_name%',0,39,NULL,'2022-05-30 02:37:28','2022-05-30 02:37:28'),(172,'create_order_from_seeder','Order is created from the checkout page',NULL,40,NULL,'2022-05-29 02:37:28','2022-05-29 02:37:28'),(173,'confirm_order','Order was verified by %user_name%',0,40,NULL,'2022-05-29 02:37:28','2022-05-29 02:37:28'),(174,'confirm_payment','Payment was confirmed (amount $4,668.60) by %user_name%',0,40,NULL,'2022-05-30 02:37:28','2022-05-30 02:37:28'),(175,'create_shipment','Created shipment for order',0,40,NULL,'2022-05-30 02:37:28','2022-05-30 02:37:28'),(176,'create_order_from_seeder','Order is created from the checkout page',NULL,41,NULL,'2022-05-29 14:37:28','2022-05-29 14:37:28'),(177,'confirm_order','Order was verified by %user_name%',0,41,NULL,'2022-05-29 14:37:28','2022-05-29 14:37:28'),(178,'confirm_payment','Payment was confirmed (amount $1,639.90) by %user_name%',0,41,NULL,'2022-05-30 02:37:28','2022-05-30 02:37:28'),(179,'create_shipment','Created shipment for order',0,41,NULL,'2022-05-30 02:37:28','2022-05-30 02:37:28'),(180,'update_status','Changed status of shipping to: Delivered. Updated by: %user_name%',0,41,NULL,'2022-05-30 02:37:28','2022-05-30 02:37:28'),(181,'create_order_from_seeder','Order is created from the checkout page',NULL,42,NULL,'2022-05-28 08:37:28','2022-05-28 08:37:28'),(182,'confirm_order','Order was verified by %user_name%',0,42,NULL,'2022-05-28 08:37:28','2022-05-28 08:37:28'),(183,'confirm_payment','Payment was confirmed (amount $2,511.60) by %user_name%',0,42,NULL,'2022-05-30 02:37:28','2022-05-30 02:37:28'),(184,'create_shipment','Created shipment for order',0,42,NULL,'2022-05-30 02:37:28','2022-05-30 02:37:28'),(185,'create_order_from_seeder','Order is created from the checkout page',NULL,43,NULL,'2022-05-28 22:37:28','2022-05-28 22:37:28'),(186,'confirm_order','Order was verified by %user_name%',0,43,NULL,'2022-05-28 22:37:28','2022-05-28 22:37:28'),(187,'confirm_payment','Payment was confirmed (amount $3,310.80) by %user_name%',0,43,NULL,'2022-05-30 02:37:28','2022-05-30 02:37:28'),(188,'create_shipment','Created shipment for order',0,43,NULL,'2022-05-30 02:37:28','2022-05-30 02:37:28'),(189,'update_status','Changed status of shipping to: Delivered. Updated by: %user_name%',0,43,NULL,'2022-05-30 02:37:28','2022-05-30 02:37:28'),(190,'create_order_from_seeder','Order is created from the checkout page',NULL,44,NULL,'2022-05-28 18:37:28','2022-05-28 18:37:28'),(191,'confirm_order','Order was verified by %user_name%',0,44,NULL,'2022-05-28 18:37:28','2022-05-28 18:37:28'),(192,'confirm_payment','Payment was confirmed (amount $1,663.20) by %user_name%',0,44,NULL,'2022-05-30 02:37:28','2022-05-30 02:37:28'),(193,'create_shipment','Created shipment for order',0,44,NULL,'2022-05-30 02:37:28','2022-05-30 02:37:28'),(194,'create_order_from_seeder','Order is created from the checkout page',NULL,45,NULL,'2022-05-29 12:37:29','2022-05-29 12:37:29'),(195,'confirm_order','Order was verified by %user_name%',0,45,NULL,'2022-05-29 12:37:29','2022-05-29 12:37:29'),(196,'confirm_payment','Payment was confirmed (amount $6,794.80) by %user_name%',0,45,NULL,'2022-05-30 02:37:29','2022-05-30 02:37:29'),(197,'create_shipment','Created shipment for order',0,45,NULL,'2022-05-30 02:37:29','2022-05-30 02:37:29'),(198,'create_order_from_seeder','Order is created from the checkout page',NULL,46,NULL,'2022-05-29 14:37:29','2022-05-29 14:37:29'),(199,'confirm_order','Order was verified by %user_name%',0,46,NULL,'2022-05-29 14:37:29','2022-05-29 14:37:29'),(200,'confirm_payment','Payment was confirmed (amount $591.80) by %user_name%',0,46,NULL,'2022-05-30 02:37:29','2022-05-30 02:37:29'),(201,'create_shipment','Created shipment for order',0,46,NULL,'2022-05-30 02:37:29','2022-05-30 02:37:29'),(202,'update_status','Changed status of shipping to: Delivered. Updated by: %user_name%',0,46,NULL,'2022-05-30 02:37:29','2022-05-30 02:37:29'),(203,'update_status','Order confirmed by %user_name%',0,4,NULL,'2022-05-30 02:37:29','2022-05-30 02:37:29'),(204,'update_status','Order confirmed by %user_name%',0,5,NULL,'2022-05-30 02:37:29','2022-05-30 02:37:29'),(205,'update_status','Order confirmed by %user_name%',0,7,NULL,'2022-05-30 02:37:29','2022-05-30 02:37:29'),(206,'update_status','Order confirmed by %user_name%',0,8,NULL,'2022-05-30 02:37:29','2022-05-30 02:37:29'),(207,'update_status','Order confirmed by %user_name%',0,10,NULL,'2022-05-30 02:37:29','2022-05-30 02:37:29'),(208,'update_status','Order confirmed by %user_name%',0,11,NULL,'2022-05-30 02:37:29','2022-05-30 02:37:29'),(209,'update_status','Order confirmed by %user_name%',0,14,NULL,'2022-05-30 02:37:30','2022-05-30 02:37:30'),(210,'update_status','Order confirmed by %user_name%',0,15,NULL,'2022-05-30 02:37:30','2022-05-30 02:37:30'),(211,'update_status','Order confirmed by %user_name%',0,16,NULL,'2022-05-30 02:37:30','2022-05-30 02:37:30'),(212,'update_status','Order confirmed by %user_name%',0,19,NULL,'2022-05-30 02:37:30','2022-05-30 02:37:30'),(213,'update_status','Order confirmed by %user_name%',0,21,NULL,'2022-05-30 02:37:30','2022-05-30 02:37:30'),(214,'update_status','Order confirmed by %user_name%',0,23,NULL,'2022-05-30 02:37:30','2022-05-30 02:37:30'),(215,'update_status','Order confirmed by %user_name%',0,26,NULL,'2022-05-30 02:37:30','2022-05-30 02:37:30'),(216,'update_status','Order confirmed by %user_name%',0,28,NULL,'2022-05-30 02:37:31','2022-05-30 02:37:31'),(217,'update_status','Order confirmed by %user_name%',0,33,NULL,'2022-05-30 02:37:31','2022-05-30 02:37:31'),(218,'update_status','Order confirmed by %user_name%',0,35,NULL,'2022-05-30 02:37:31','2022-05-30 02:37:31'),(219,'update_status','Order confirmed by %user_name%',0,36,NULL,'2022-05-30 02:37:31','2022-05-30 02:37:31'),(220,'update_status','Order confirmed by %user_name%',0,38,NULL,'2022-05-30 02:37:31','2022-05-30 02:37:31'),(221,'update_status','Order confirmed by %user_name%',0,39,NULL,'2022-05-30 02:37:31','2022-05-30 02:37:31'),(222,'update_status','Order confirmed by %user_name%',0,41,NULL,'2022-05-30 02:37:31','2022-05-30 02:37:31'),(223,'update_status','Order confirmed by %user_name%',0,43,NULL,'2022-05-30 02:37:32','2022-05-30 02:37:32'),(224,'update_status','Order confirmed by %user_name%',0,46,NULL,'2022-05-30 02:37:32','2022-05-30 02:37:32');
/*!40000 ALTER TABLE `ec_order_histories` ENABLE KEYS */;
UNLOCK TABLES;

--
-- Table structure for table `ec_order_product`
--

DROP TABLE IF EXISTS `ec_order_product`;
/*!40101 SET @saved_cs_client     = @@character_set_client */;
/*!50503 SET character_set_client = utf8mb4 */;
CREATE TABLE `ec_order_product` (
  `id` bigint unsigned NOT NULL AUTO_INCREMENT,
  `order_id` int unsigned NOT NULL,
  `qty` int NOT NULL,
  `price` decimal(15,2) NOT NULL,
  `tax_amount` decimal(15,2) NOT NULL,
  `options` text COLLATE utf8mb4_unicode_ci,
  `product_id` int unsigned DEFAULT NULL,
  `product_name` varchar(191) COLLATE utf8mb4_unicode_ci NOT NULL,
  `weight` double(8,2) DEFAULT '0.00',
  `restock_quantity` int unsigned DEFAULT '0',
  `created_at` timestamp NULL DEFAULT NULL,
  `updated_at` timestamp NULL DEFAULT NULL,
  PRIMARY KEY (`id`)
) ENGINE=InnoDB AUTO_INCREMENT=61 DEFAULT CHARSET=utf8mb4 COLLATE=utf8mb4_unicode_ci;
/*!40101 SET character_set_client = @saved_cs_client */;

--
-- Dumping data for table `ec_order_product`
--

LOCK TABLES `ec_order_product` WRITE;
/*!40000 ALTER TABLE `ec_order_product` DISABLE KEYS */;
INSERT INTO `ec_order_product` VALUES (1,1,3,593.00,59.30,'[]',109,'Apple MacBook Air Retina 12-Inch Laptop',1773.00,0,'2022-05-30 02:37:27','2022-05-30 02:37:27'),(2,2,2,589.00,58.90,'[]',161,'Iceland 3 Solo Exotic Burst',1548.00,0,'2022-05-30 02:37:28','2022-05-30 02:37:28'),(3,3,3,682.00,68.20,'[]',221,'Iceland Spaghetti Bolognese',1896.00,0,'2022-05-30 02:37:28','2022-05-30 02:37:28'),(4,4,2,635.00,63.50,'[]',230,'Pice 94w Beasley Journal',1754.00,0,'2022-05-30 02:37:28','2022-05-30 02:37:28'),(5,5,2,1181.00,118.10,'[]',169,'Dolmio Bolognese Pasta Sauce',1564.00,0,'2022-05-30 02:37:28','2022-05-30 02:37:28'),(6,6,3,1213.00,121.30,'[]',208,'Honest Organic Still Lemonade',1887.00,0,'2022-05-30 02:37:28','2022-05-30 02:37:28'),(7,7,3,590.00,59.00,'[]',104,'B&O Play Mini Bluetooth Speaker',2640.00,0,'2022-05-30 02:37:28','2022-05-30 02:37:28'),(8,8,2,564.00,56.40,'[]',155,'Slimming World Vegan Mac Greens',1492.00,0,'2022-05-30 02:37:28','2022-05-30 02:37:28'),(9,9,3,984.00,98.40,'[]',172,'Miko The Panda Water Bottle',2505.00,0,'2022-05-30 02:37:28','2022-05-30 02:37:28'),(10,9,2,797.00,79.70,'[]',206,'Hobnobs The Nobbly Biscuit',1210.00,0,'2022-05-30 02:37:28','2022-05-30 02:37:28'),(11,10,2,734.00,73.40,'[]',175,'Sesame Seed Bread',1006.00,0,'2022-05-30 02:37:28','2022-05-30 02:37:28'),(12,10,3,1245.00,124.50,'[]',188,'Bottled Pure Water 500ml',2322.00,0,'2022-05-30 02:37:28','2022-05-30 02:37:28'),(13,11,3,647.00,64.70,'[]',181,'Avocado, Hass Large',2529.00,0,'2022-05-30 02:37:28','2022-05-30 02:37:28'),(14,12,2,1249.00,124.90,'[]',184,'Italia Beef Lasagne',1606.00,0,'2022-05-30 02:37:28','2022-05-30 02:37:28'),(15,13,1,1196.00,119.60,'[]',200,'Aptamil Follow On Baby Milk',882.00,0,'2022-05-30 02:37:28','2022-05-30 02:37:28'),(16,14,2,578.00,57.80,'[]',112,'Samsung Gear VR Virtual Reality Headset',1116.00,0,'2022-05-30 02:37:28','2022-05-30 02:37:28'),(17,15,2,842.00,84.20,'[]',177,'Morrisons The Best Beef',1032.00,0,'2022-05-30 02:37:28','2022-05-30 02:37:28'),(18,15,2,899.00,89.90,'[]',193,'Famart Farmhouse Soft White',1554.00,0,'2022-05-30 02:37:28','2022-05-30 02:37:28'),(19,16,3,581.00,58.10,'[]',95,'Samsung Smart Phone',2058.00,0,'2022-05-30 02:37:28','2022-05-30 02:37:28'),(20,17,1,1181.00,118.10,'[]',169,'Dolmio Bolognese Pasta Sauce',782.00,0,'2022-05-30 02:37:28','2022-05-30 02:37:28'),(21,18,2,842.00,84.20,'[]',176,'Morrisons The Best Beef',1032.00,0,'2022-05-30 02:37:28','2022-05-30 02:37:28'),(22,19,1,532.00,53.20,'[]',216,'Iceland Luxury 4 Panini Rolls',743.00,0,'2022-05-30 02:37:28','2022-05-30 02:37:28'),(23,20,3,581.00,58.10,'[]',94,'Samsung Smart Phone',2058.00,0,'2022-05-30 02:37:28','2022-05-30 02:37:28'),(24,20,1,581.00,58.10,'[]',95,'Samsung Smart Phone',686.00,0,'2022-05-30 02:37:28','2022-05-30 02:37:28'),(25,21,2,1138.00,113.80,'[]',129,'Ciate Palemore Lipstick Bold Red Color',1188.00,0,'2022-05-30 02:37:28','2022-05-30 02:37:28'),(26,22,3,564.00,56.40,'[]',156,'Slimming World Vegan Mac Greens',2238.00,0,'2022-05-30 02:37:28','2022-05-30 02:37:28'),(27,23,3,589.00,58.90,'[]',160,'Iceland 3 Solo Exotic Burst',2322.00,0,'2022-05-30 02:37:28','2022-05-30 02:37:28'),(28,24,2,1125.00,112.50,'[]',135,'Crock Pot Slow Cooker',1728.00,0,'2022-05-30 02:37:28','2022-05-30 02:37:28'),(29,24,2,1227.00,122.70,'[]',217,'Iceland Soft Scoop Vanilla',1418.00,0,'2022-05-30 02:37:28','2022-05-30 02:37:28'),(30,25,2,870.00,87.00,'[]',157,'Häagen-Dazs Salted Caramel',1748.00,0,'2022-05-30 02:37:28','2022-05-30 02:37:28'),(31,26,3,20.00,2.00,'[]',73,'Beat Headphone',1857.00,0,'2022-05-30 02:37:28','2022-05-30 02:37:28'),(32,26,2,982.00,98.20,'[]',120,'NYX Beauty Couton Pallete Makeup 12',1438.00,0,'2022-05-30 02:37:28','2022-05-30 02:37:28'),(33,27,1,592.00,59.20,'[]',86,'Audio Equipment',567.00,0,'2022-05-30 02:37:28','2022-05-30 02:37:28'),(34,28,1,578.00,57.80,'[]',115,'Samsung Gear VR Virtual Reality Headset',558.00,0,'2022-05-30 02:37:28','2022-05-30 02:37:28'),(35,28,3,792.00,79.20,'[]',212,'Iceland 6 Hot Cross Buns',2169.00,0,'2022-05-30 02:37:28','2022-05-30 02:37:28'),(36,28,3,792.00,79.20,'[]',213,'Iceland 6 Hot Cross Buns',2169.00,0,'2022-05-30 02:37:28','2022-05-30 02:37:28'),(37,28,1,792.00,79.20,'[]',214,'Iceland 6 Hot Cross Buns',723.00,0,'2022-05-30 02:37:28','2022-05-30 02:37:28'),(38,29,3,20.00,2.00,'[]',76,'Beat Headphone',1857.00,0,'2022-05-30 02:37:28','2022-05-30 02:37:28'),(39,30,1,554.00,55.40,'[]',154,'Broccoli Crowns',680.00,0,'2022-05-30 02:37:28','2022-05-30 02:37:28'),(40,31,2,577.00,57.70,'[]',80,'Red & Black Headphone',1042.00,0,'2022-05-30 02:37:28','2022-05-30 02:37:28'),(41,32,3,581.00,58.10,'[]',94,'Samsung Smart Phone',2058.00,0,'2022-05-30 02:37:28','2022-05-30 02:37:28'),(42,33,3,1224.00,122.40,'[]',98,'Xbox One Wireless Controller Black Color',1701.00,0,'2022-05-30 02:37:28','2022-05-30 02:37:28'),(43,34,3,617.00,61.70,'[]',144,'Soft Mochi & Galeto Ice Cream',1665.00,0,'2022-05-30 02:37:28','2022-05-30 02:37:28'),(44,35,3,529.00,52.90,'[]',197,'Arla Organic Free Range Milk',1509.00,0,'2022-05-30 02:37:28','2022-05-30 02:37:28'),(45,36,3,1115.00,111.50,'[]',202,'Cuisinart Chef’S Classic Hard-Anodized',2436.00,0,'2022-05-30 02:37:28','2022-05-30 02:37:28'),(46,37,2,592.00,59.20,'[]',88,'Audio Equipment',1134.00,0,'2022-05-30 02:37:28','2022-05-30 02:37:28'),(47,37,1,1138.00,113.80,'[]',130,'Ciate Palemore Lipstick Bold Red Color',594.00,0,'2022-05-30 02:37:28','2022-05-30 02:37:28'),(48,38,3,982.00,98.20,'[]',120,'NYX Beauty Couton Pallete Makeup 12',2157.00,0,'2022-05-30 02:37:28','2022-05-30 02:37:28'),(49,39,1,590.00,59.00,'[]',104,'B&O Play Mini Bluetooth Speaker',880.00,0,'2022-05-30 02:37:28','2022-05-30 02:37:28'),(50,39,2,503.00,50.30,'[]',187,'Maxwell House Classic Roast Mocha',1070.00,0,'2022-05-30 02:37:28','2022-05-30 02:37:28'),(51,40,3,1198.00,119.80,'[]',118,'Aveeno Moisturizing Body Shower 450ml',2634.00,0,'2022-05-30 02:37:28','2022-05-30 02:37:28'),(52,40,1,868.00,86.80,'[]',194,'Coca-Cola Original Taste',769.00,0,'2022-05-30 02:37:28','2022-05-30 02:37:28'),(53,41,3,529.00,52.90,'[]',197,'Arla Organic Free Range Milk',1509.00,0,'2022-05-30 02:37:28','2022-05-30 02:37:28'),(54,42,2,1196.00,119.60,'[]',200,'Aptamil Follow On Baby Milk',1764.00,0,'2022-05-30 02:37:28','2022-05-30 02:37:28'),(55,43,3,1068.00,106.80,'[]',171,'Wayfair Basics Dinner Plate Storage',2187.00,0,'2022-05-30 02:37:28','2022-05-30 02:37:28'),(56,44,2,792.00,79.20,'[]',211,'Iceland 6 Hot Cross Buns',1446.00,0,'2022-05-30 02:37:28','2022-05-30 02:37:28'),(57,45,3,982.00,98.20,'[]',120,'NYX Beauty Couton Pallete Makeup 12',2157.00,0,'2022-05-30 02:37:29','2022-05-30 02:37:29'),(58,45,2,1227.00,122.70,'[]',220,'Iceland Soft Scoop Vanilla',1418.00,0,'2022-05-30 02:37:29','2022-05-30 02:37:29'),(59,45,2,559.00,55.90,'[]',236,'Province Piece Glass Drinking Glass',1688.00,0,'2022-05-30 02:37:29','2022-05-30 02:37:29'),(60,46,1,538.00,53.80,'[]',205,'Corn, Yellow Sweet',865.00,0,'2022-05-30 02:37:29','2022-05-30 02:37:29');
/*!40000 ALTER TABLE `ec_order_product` ENABLE KEYS */;
UNLOCK TABLES;

--
-- Table structure for table `ec_orders`
--

DROP TABLE IF EXISTS `ec_orders`;
/*!40101 SET @saved_cs_client     = @@character_set_client */;
/*!50503 SET character_set_client = utf8mb4 */;
CREATE TABLE `ec_orders` (
  `id` bigint unsigned NOT NULL AUTO_INCREMENT,
  `user_id` int unsigned NOT NULL,
  `shipping_option` varchar(60) COLLATE utf8mb4_unicode_ci DEFAULT NULL,
  `shipping_method` varchar(60) COLLATE utf8mb4_unicode_ci NOT NULL DEFAULT 'default',
  `status` varchar(120) COLLATE utf8mb4_unicode_ci NOT NULL DEFAULT 'pending',
  `amount` decimal(15,2) NOT NULL,
  `tax_amount` decimal(15,2) DEFAULT NULL,
  `shipping_amount` decimal(15,2) DEFAULT NULL,
  `description` text COLLATE utf8mb4_unicode_ci,
  `coupon_code` varchar(120) COLLATE utf8mb4_unicode_ci DEFAULT NULL,
  `discount_amount` decimal(15,2) DEFAULT NULL,
  `sub_total` decimal(15,2) NOT NULL,
  `is_confirmed` tinyint(1) NOT NULL DEFAULT '0',
  `discount_description` varchar(255) COLLATE utf8mb4_unicode_ci DEFAULT NULL,
  `is_finished` tinyint(1) DEFAULT '1',
  `token` varchar(120) COLLATE utf8mb4_unicode_ci DEFAULT NULL,
  `payment_id` int unsigned DEFAULT NULL,
  `created_at` timestamp NULL DEFAULT NULL,
  `updated_at` timestamp NULL DEFAULT NULL,
  `store_id` int unsigned DEFAULT NULL,
  PRIMARY KEY (`id`),
  KEY `ec_orders_user_id_status_created_at_index` (`user_id`,`status`,`created_at`)
) ENGINE=InnoDB AUTO_INCREMENT=47 DEFAULT CHARSET=utf8mb4 COLLATE=utf8mb4_unicode_ci;
/*!40101 SET character_set_client = @saved_cs_client */;

--
-- Dumping data for table `ec_orders`
--

LOCK TABLES `ec_orders` WRITE;
/*!40000 ALTER TABLE `ec_orders` DISABLE KEYS */;
INSERT INTO `ec_orders` VALUES (1,10,'1','default','pending',1838.30,59.30,0.00,NULL,NULL,0.00,1779.00,1,NULL,1,'i4HugZ5dQncMSLSgdIXSVOT2aB7HB',1,'2022-05-25 02:37:27','2022-05-30 02:37:27',8),(2,10,'1','default','pending',1236.90,58.90,0.00,NULL,NULL,0.00,1178.00,1,NULL,1,'T5bhc7W77f4XKlZmjxrKdCiRIbguX',2,'2022-05-18 10:37:28','2022-05-30 02:37:28',2),(3,10,'1','default','pending',2114.20,68.20,0.00,NULL,NULL,0.00,2046.00,1,NULL,1,'fLLddSPIVUNt5vlNjdXpxhd2eN6x3',3,'2022-05-20 02:37:28','2022-05-30 02:37:28',1),(4,10,'1','default','completed',1333.50,63.50,0.00,NULL,NULL,0.00,1270.00,1,NULL,1,'5924JL1QqqUAulTjdDzJFWzXyxUGl',4,'2022-05-15 02:37:28','2022-05-30 02:37:28',7),(5,9,'1','default','completed',2480.10,118.10,0.00,NULL,NULL,0.00,2362.00,1,NULL,1,'65Igr1xzoMIqOPpOtDxdmVtfA4QT6',5,'2022-05-22 04:37:28','2022-05-30 02:37:28',5),(6,9,'1','default','pending',3760.30,121.30,0.00,NULL,NULL,0.00,3639.00,1,NULL,1,'rm7ZVzdbQ6mzSlQtJkNlMqL6tV2f9',6,'2022-05-28 12:37:28','2022-05-30 02:37:28',8),(7,10,'1','default','completed',1829.00,59.00,0.00,NULL,NULL,0.00,1770.00,1,NULL,1,'InDlL99br2Kcxh9J3nAJDW2iROwCo',7,'2022-05-24 02:37:28','2022-05-30 02:37:28',1),(8,10,'1','default','completed',1184.40,56.40,0.00,NULL,NULL,0.00,1128.00,1,NULL,1,'DLnYcEgcsVFWUz2lUK0JXtSEpCAiA',8,'2022-05-15 02:37:28','2022-05-30 02:37:28',8),(9,10,'1','default','pending',4724.10,178.10,0.00,NULL,NULL,0.00,4546.00,1,NULL,1,'D7QPgUKYBknnU2p3jqPayG8JdJswM',9,'2022-05-25 14:37:28','2022-05-30 02:37:28',6),(10,10,'1','default','completed',5400.90,197.90,0.00,NULL,NULL,0.00,5203.00,1,NULL,1,'94XtNfEexLBw2yNggpxUgmhRXjJBo',10,'2022-05-23 00:37:28','2022-05-30 02:37:28',1),(11,10,'1','default','completed',2005.70,64.70,0.00,NULL,NULL,0.00,1941.00,1,NULL,1,'l9rEjN4ulgZwwTv800RaaVx5eMgpo',11,'2022-05-23 00:37:28','2022-05-30 02:37:28',7),(12,9,'1','default','pending',2622.90,124.90,0.00,NULL,NULL,0.00,2498.00,1,NULL,1,'gKaxXMd8uqeCs8q7R3rBkD1jEToFT',12,'2022-05-23 10:37:28','2022-05-30 02:37:28',7),(13,9,'1','default','pending',1315.60,119.60,0.00,NULL,NULL,0.00,1196.00,1,NULL,1,'F86OhGD2ma0V0PRN1eqmRPfOfRnBG',13,'2022-05-16 18:37:28','2022-05-30 02:37:28',3),(14,9,'1','default','completed',1213.80,57.80,0.00,NULL,NULL,0.00,1156.00,1,NULL,1,'8z510uxeVB6Hoo1PfHGN5Sh0K6Kkb',14,'2022-05-26 08:37:28','2022-05-30 02:37:28',6),(15,9,'1','default','completed',3656.10,174.10,0.00,NULL,NULL,0.00,3482.00,1,NULL,1,'SrOzIz9GkJAfS6Ag8QmBmMwfUI3NT',15,'2022-05-21 08:37:28','2022-05-30 02:37:28',2),(16,10,'1','default','completed',1801.10,58.10,0.00,NULL,NULL,0.00,1743.00,1,NULL,1,'luKSQ97q6VKKXNZV5Vh5wgMxNGH2S',16,'2022-05-26 14:37:28','2022-05-30 02:37:28',4),(17,10,'1','default','pending',1299.10,118.10,0.00,NULL,NULL,0.00,1181.00,1,NULL,1,'zcnrgsW6P2brFwqJx25p2puLFv1mS',17,'2022-05-27 18:37:28','2022-05-30 02:37:28',5),(18,10,'1','default','pending',1768.20,84.20,0.00,NULL,NULL,0.00,1684.00,1,NULL,1,'HGxoVT3OqamIQsK9G3FyrOSWGr3OY',18,'2022-05-24 06:37:28','2022-05-30 02:37:28',2),(19,10,'1','default','completed',585.20,53.20,0.00,NULL,NULL,0.00,532.00,1,NULL,1,'vULqFMJoCDbZ3faXQTvwSGn8Cjlpm',19,'2022-05-20 18:37:28','2022-05-30 02:37:28',8),(20,10,'1','default','pending',2440.20,116.20,0.00,NULL,NULL,0.00,2324.00,1,NULL,1,'7cIRbY15fxDbFGNroK1vnRG4BlKzr',20,'2022-05-26 20:37:28','2022-05-30 02:37:28',4),(21,10,'1','default','completed',2389.80,113.80,0.00,NULL,NULL,0.00,2276.00,1,NULL,1,'mDKFcGBZYfxaGZqHQYxo2FznajGxT',21,'2022-05-23 02:37:28','2022-05-30 02:37:28',6),(22,10,'1','default','pending',1748.40,56.40,0.00,NULL,NULL,0.00,1692.00,1,NULL,1,'by0pJjJ9rnMTYj8HK32tKrVsWzlsR',22,'2022-05-29 02:37:28','2022-05-30 02:37:28',8),(23,10,'1','default','completed',1825.90,58.90,0.00,NULL,NULL,0.00,1767.00,1,NULL,1,'iEP4LeetolTefiVoET46gesYnjiWh',23,'2022-05-23 02:37:28','2022-05-30 02:37:28',2),(24,10,'1','default','pending',4939.20,235.20,0.00,NULL,NULL,0.00,4704.00,1,NULL,1,'nGszAZOTiMtKh52XBZtVfPHF4JngH',24,'2022-05-29 04:37:28','2022-05-30 02:37:28',5),(25,10,'1','default','completed',1827.00,87.00,0.00,NULL,NULL,0.00,1740.00,1,NULL,1,'1G9dpGWviWiiyyePXDg8OLn4xpQXO',25,'2022-05-25 12:37:28','2022-05-30 02:37:28',4),(26,9,'1','default','completed',2124.20,100.20,0.00,NULL,NULL,0.00,2024.00,1,NULL,1,'uwzglP2LlymcXID1gC479BkkT8AW0',26,'2022-05-27 14:37:28','2022-05-30 02:37:28',5),(27,9,'1','default','pending',651.20,59.20,0.00,NULL,NULL,0.00,592.00,1,NULL,1,'HZCHqNRd21WO908pAApCuLahDw5O5',27,'2022-05-27 14:37:28','2022-05-30 02:37:28',6),(28,9,'1','default','completed',6417.40,295.40,0.00,NULL,NULL,0.00,6122.00,1,NULL,1,'lEEje8KM8FVQeFljuxj5VW0BkDPQR',28,'2022-05-28 14:37:28','2022-05-30 02:37:28',6),(29,10,'1','default','pending',62.00,2.00,0.00,NULL,NULL,0.00,60.00,1,NULL,1,'9UbCjAKUIbUQ33V2THo023l77UZat',29,'2022-05-27 10:37:28','2022-05-30 02:37:28',5),(30,10,'1','default','pending',609.40,55.40,0.00,NULL,NULL,0.00,554.00,1,NULL,1,'L8vfD09h7Qvj314cb3w09GvAeP2Vv',30,'2022-05-29 10:37:28','2022-05-30 02:37:28',6),(31,9,'1','default','pending',1211.70,57.70,0.00,NULL,NULL,0.00,1154.00,1,NULL,1,'MunrTHVfLIw7hxNb0iAOyIQCYby22',31,'2022-05-25 10:37:28','2022-05-30 02:37:28',2),(32,9,'1','default','pending',1801.10,58.10,0.00,NULL,NULL,0.00,1743.00,1,NULL,1,'2EGkeKhjeycaPD8221zRcHORNbsif',32,'2022-05-29 12:37:28','2022-05-30 02:37:28',4),(33,9,'1','default','completed',3794.40,122.40,0.00,NULL,NULL,0.00,3672.00,1,NULL,1,'qlkq4iGX688zSP9IEy9kwPorG5AYh',33,'2022-05-25 10:37:28','2022-05-30 02:37:28',7),(34,9,'1','default','pending',1912.70,61.70,0.00,NULL,NULL,0.00,1851.00,1,NULL,1,'UxyPjkAQSOxZ0BCMJaKPFXXbyYqDd',34,'2022-05-29 02:37:28','2022-05-30 02:37:28',7),(35,9,'1','default','completed',1639.90,52.90,0.00,NULL,NULL,0.00,1587.00,1,NULL,1,'t3DRXcCYZZTwuZK7dX1N0HkY90g3l',35,'2022-05-25 02:37:28','2022-05-30 02:37:28',6),(36,9,'1','default','completed',3456.50,111.50,0.00,NULL,NULL,0.00,3345.00,1,NULL,1,'La94sYY8wEJfydNGGtnH500va0Ud6',36,'2022-05-29 14:37:28','2022-05-30 02:37:28',2),(37,10,'1','default','pending',2495.00,173.00,0.00,NULL,NULL,0.00,2322.00,1,NULL,1,'uS0W24MjqPinI01BE24eJxoMHXFZJ',37,'2022-05-26 08:37:28','2022-05-30 02:37:28',6),(38,10,'1','default','completed',3044.20,98.20,0.00,NULL,NULL,0.00,2946.00,1,NULL,1,'qNsANUx5duTQrJrOjXrbsZtA8s46o',38,'2022-05-29 06:37:28','2022-05-30 02:37:28',5),(39,9,'1','default','completed',1705.30,109.30,0.00,NULL,NULL,0.00,1596.00,1,NULL,1,'98oD8Zwp4l9FrbWNtRWSfWGc2Xu8u',39,'2022-05-27 02:37:28','2022-05-30 02:37:28',1),(40,9,'1','default','pending',4668.60,206.60,0.00,NULL,NULL,0.00,4462.00,1,NULL,1,'8Skgp41uQBFJJY1a0isDjYLkNQLai',40,'2022-05-29 02:37:28','2022-05-30 02:37:28',4),(41,10,'1','default','completed',1639.90,52.90,0.00,NULL,NULL,0.00,1587.00,1,NULL,1,'AK7gIZeZOZMce6iItwzyv3l7Hboh0',41,'2022-05-29 14:37:28','2022-05-30 02:37:28',6),(42,10,'1','default','pending',2511.60,119.60,0.00,NULL,NULL,0.00,2392.00,1,NULL,1,'65HVvG5Lq0n4hqpcWTNOZZbuEmUnj',42,'2022-05-28 08:37:28','2022-05-30 02:37:28',3),(43,10,'1','default','completed',3310.80,106.80,0.00,NULL,NULL,0.00,3204.00,1,NULL,1,'DORchID0SN1c7Db6MkUIcZMIzwufN',43,'2022-05-28 22:37:28','2022-05-30 02:37:28',2),(44,10,'1','default','pending',1663.20,79.20,0.00,NULL,NULL,0.00,1584.00,1,NULL,1,'oEy8kNQU096haUezJAC5ViwBe3zR4',44,'2022-05-28 18:37:28','2022-05-30 02:37:28',6),(45,10,'1','default','pending',6794.80,276.80,0.00,NULL,NULL,0.00,6518.00,1,NULL,1,'eqAD1axkBQ4td84k6brq7BRpH8rYE',45,'2022-05-29 12:37:29','2022-05-30 02:37:29',5),(46,10,'1','default','completed',591.80,53.80,0.00,NULL,NULL,0.00,538.00,1,NULL,1,'NL2CzWVGi9QyzMuC4uDFcaWLLv04c',46,'2022-05-29 14:37:29','2022-05-30 02:37:29',1);
/*!40000 ALTER TABLE `ec_orders` ENABLE KEYS */;
UNLOCK TABLES;

--
-- Table structure for table `ec_product_attribute_sets`
--

DROP TABLE IF EXISTS `ec_product_attribute_sets`;
/*!40101 SET @saved_cs_client     = @@character_set_client */;
/*!50503 SET character_set_client = utf8mb4 */;
CREATE TABLE `ec_product_attribute_sets` (
  `id` bigint unsigned NOT NULL AUTO_INCREMENT,
  `title` varchar(120) COLLATE utf8mb4_unicode_ci NOT NULL,
  `slug` varchar(120) COLLATE utf8mb4_unicode_ci DEFAULT NULL,
  `display_layout` varchar(191) COLLATE utf8mb4_unicode_ci NOT NULL DEFAULT 'swatch_dropdown',
  `is_searchable` tinyint unsigned NOT NULL DEFAULT '1',
  `is_comparable` tinyint unsigned NOT NULL DEFAULT '1',
  `is_use_in_product_listing` tinyint unsigned NOT NULL DEFAULT '0',
  `status` varchar(60) COLLATE utf8mb4_unicode_ci NOT NULL DEFAULT 'published',
  `order` tinyint unsigned NOT NULL DEFAULT '0',
  `created_at` timestamp NULL DEFAULT NULL,
  `updated_at` timestamp NULL DEFAULT NULL,
  `use_image_from_product_variation` tinyint unsigned NOT NULL DEFAULT '0',
  PRIMARY KEY (`id`)
) ENGINE=InnoDB AUTO_INCREMENT=5 DEFAULT CHARSET=utf8mb4 COLLATE=utf8mb4_unicode_ci;
/*!40101 SET character_set_client = @saved_cs_client */;

--
-- Dumping data for table `ec_product_attribute_sets`
--

LOCK TABLES `ec_product_attribute_sets` WRITE;
/*!40000 ALTER TABLE `ec_product_attribute_sets` DISABLE KEYS */;
INSERT INTO `ec_product_attribute_sets` VALUES (1,'Color','color','visual',1,1,1,'published',0,'2022-05-30 02:37:12','2022-05-30 02:37:12',0),(2,'Size','size','text',1,1,1,'published',1,'2022-05-30 02:37:12','2022-05-30 02:37:12',0),(3,'Weight','weight','text',1,1,1,'published',0,'2022-05-30 02:37:12','2022-05-30 02:37:12',0),(4,'Boxes','boxes','text',1,1,1,'published',1,'2022-05-30 02:37:12','2022-05-30 02:37:12',0);
/*!40000 ALTER TABLE `ec_product_attribute_sets` ENABLE KEYS */;
UNLOCK TABLES;

--
-- Table structure for table `ec_product_attribute_sets_translations`
--

DROP TABLE IF EXISTS `ec_product_attribute_sets_translations`;
/*!40101 SET @saved_cs_client     = @@character_set_client */;
/*!50503 SET character_set_client = utf8mb4 */;
CREATE TABLE `ec_product_attribute_sets_translations` (
  `lang_code` varchar(191) COLLATE utf8mb4_unicode_ci NOT NULL,
  `ec_product_attribute_sets_id` int NOT NULL,
  `title` varchar(191) COLLATE utf8mb4_unicode_ci DEFAULT NULL,
  PRIMARY KEY (`lang_code`,`ec_product_attribute_sets_id`)
) ENGINE=InnoDB DEFAULT CHARSET=utf8mb4 COLLATE=utf8mb4_unicode_ci;
/*!40101 SET character_set_client = @saved_cs_client */;

--
-- Dumping data for table `ec_product_attribute_sets_translations`
--

LOCK TABLES `ec_product_attribute_sets_translations` WRITE;
/*!40000 ALTER TABLE `ec_product_attribute_sets_translations` DISABLE KEYS */;
INSERT INTO `ec_product_attribute_sets_translations` VALUES ('vi',1,'Màu sắc'),('vi',2,'Kích thước');
/*!40000 ALTER TABLE `ec_product_attribute_sets_translations` ENABLE KEYS */;
UNLOCK TABLES;

--
-- Table structure for table `ec_product_attributes`
--

DROP TABLE IF EXISTS `ec_product_attributes`;
/*!40101 SET @saved_cs_client     = @@character_set_client */;
/*!50503 SET character_set_client = utf8mb4 */;
CREATE TABLE `ec_product_attributes` (
  `id` bigint unsigned NOT NULL AUTO_INCREMENT,
  `attribute_set_id` int unsigned NOT NULL,
  `title` varchar(120) COLLATE utf8mb4_unicode_ci NOT NULL,
  `slug` varchar(120) COLLATE utf8mb4_unicode_ci DEFAULT NULL,
  `color` varchar(50) COLLATE utf8mb4_unicode_ci DEFAULT NULL,
  `image` varchar(191) COLLATE utf8mb4_unicode_ci DEFAULT NULL,
  `is_default` tinyint unsigned NOT NULL DEFAULT '0',
  `order` tinyint unsigned NOT NULL DEFAULT '0',
  `status` varchar(60) COLLATE utf8mb4_unicode_ci NOT NULL DEFAULT 'published',
  `created_at` timestamp NULL DEFAULT NULL,
  `updated_at` timestamp NULL DEFAULT NULL,
  PRIMARY KEY (`id`)
) ENGINE=InnoDB AUTO_INCREMENT=21 DEFAULT CHARSET=utf8mb4 COLLATE=utf8mb4_unicode_ci;
/*!40101 SET character_set_client = @saved_cs_client */;

--
-- Dumping data for table `ec_product_attributes`
--

LOCK TABLES `ec_product_attributes` WRITE;
/*!40000 ALTER TABLE `ec_product_attributes` DISABLE KEYS */;
INSERT INTO `ec_product_attributes` VALUES (1,1,'Green','green','#5FB7D4',NULL,1,1,'published','2022-05-30 02:37:12','2022-05-30 02:37:12'),(2,1,'Blue','blue','#333333',NULL,0,2,'published','2022-05-30 02:37:12','2022-05-30 02:37:12'),(3,1,'Red','red','#DA323F',NULL,0,3,'published','2022-05-30 02:37:12','2022-05-30 02:37:12'),(4,1,'Black','back','#2F366C',NULL,0,4,'published','2022-05-30 02:37:12','2022-05-30 02:37:12'),(5,1,'Brown','brown','#87554B',NULL,0,5,'published','2022-05-30 02:37:12','2022-05-30 02:37:12'),(6,2,'S','s',NULL,NULL,1,1,'published','2022-05-30 02:37:12','2022-05-30 02:37:12'),(7,2,'M','m',NULL,NULL,0,2,'published','2022-05-30 02:37:12','2022-05-30 02:37:12'),(8,2,'L','l',NULL,NULL,0,3,'published','2022-05-30 02:37:12','2022-05-30 02:37:12'),(9,2,'XL','xl',NULL,NULL,0,4,'published','2022-05-30 02:37:12','2022-05-30 02:37:12'),(10,2,'XXL','xxl',NULL,NULL,0,5,'published','2022-05-30 02:37:12','2022-05-30 02:37:12'),(11,3,'1KG','1kg',NULL,NULL,1,1,'published','2022-05-30 02:37:12','2022-05-30 02:37:12'),(12,3,'2KG','2kg',NULL,NULL,0,2,'published','2022-05-30 02:37:12','2022-05-30 02:37:12'),(13,3,'3KG','3kg',NULL,NULL,0,3,'published','2022-05-30 02:37:12','2022-05-30 02:37:12'),(14,3,'4KG','4kg',NULL,NULL,0,4,'published','2022-05-30 02:37:12','2022-05-30 02:37:12'),(15,3,'5KG','5kg',NULL,NULL,0,5,'published','2022-05-30 02:37:12','2022-05-30 02:37:12'),(16,4,'1 Box','1box',NULL,NULL,1,1,'published','2022-05-30 02:37:12','2022-05-30 02:37:12'),(17,4,'2 Boxes','2boxes',NULL,NULL,0,2,'published','2022-05-30 02:37:12','2022-05-30 02:37:12'),(18,4,'3 Boxes','3boxes',NULL,NULL,0,3,'published','2022-05-30 02:37:12','2022-05-30 02:37:12'),(19,4,'4 Boxes','4boxes',NULL,NULL,0,4,'published','2022-05-30 02:37:12','2022-05-30 02:37:12'),(20,4,'5 Boxes','5boxes',NULL,NULL,0,5,'published','2022-05-30 02:37:12','2022-05-30 02:37:12');
/*!40000 ALTER TABLE `ec_product_attributes` ENABLE KEYS */;
UNLOCK TABLES;

--
-- Table structure for table `ec_product_attributes_translations`
--

DROP TABLE IF EXISTS `ec_product_attributes_translations`;
/*!40101 SET @saved_cs_client     = @@character_set_client */;
/*!50503 SET character_set_client = utf8mb4 */;
CREATE TABLE `ec_product_attributes_translations` (
  `lang_code` varchar(191) COLLATE utf8mb4_unicode_ci NOT NULL,
  `ec_product_attributes_id` int NOT NULL,
  `title` varchar(191) COLLATE utf8mb4_unicode_ci DEFAULT NULL,
  PRIMARY KEY (`lang_code`,`ec_product_attributes_id`)
) ENGINE=InnoDB DEFAULT CHARSET=utf8mb4 COLLATE=utf8mb4_unicode_ci;
/*!40101 SET character_set_client = @saved_cs_client */;

--
-- Dumping data for table `ec_product_attributes_translations`
--

LOCK TABLES `ec_product_attributes_translations` WRITE;
/*!40000 ALTER TABLE `ec_product_attributes_translations` DISABLE KEYS */;
INSERT INTO `ec_product_attributes_translations` VALUES ('vi',1,'Xanh lá cây'),('vi',2,'Xanh da trời'),('vi',3,'Đỏ'),('vi',4,'Đen'),('vi',5,'Nâu'),('vi',6,'S'),('vi',7,'M'),('vi',8,'L'),('vi',9,'XL'),('vi',10,'XXL'),('vi',11,'1KG'),('vi',12,'2KG'),('vi',13,'3KG'),('vi',14,'4KG'),('vi',15,'5KG'),('vi',16,'1 Hộp'),('vi',17,'2 Hộp'),('vi',18,'3 Hộp'),('vi',19,'4 Hộp'),('vi',20,'5 Hộp');
/*!40000 ALTER TABLE `ec_product_attributes_translations` ENABLE KEYS */;
UNLOCK TABLES;

--
-- Table structure for table `ec_product_categories`
--

DROP TABLE IF EXISTS `ec_product_categories`;
/*!40101 SET @saved_cs_client     = @@character_set_client */;
/*!50503 SET character_set_client = utf8mb4 */;
CREATE TABLE `ec_product_categories` (
  `id` bigint unsigned NOT NULL AUTO_INCREMENT,
  `name` varchar(191) COLLATE utf8mb4_unicode_ci NOT NULL,
  `parent_id` int unsigned NOT NULL DEFAULT '0',
  `description` mediumtext COLLATE utf8mb4_unicode_ci,
  `status` varchar(60) COLLATE utf8mb4_unicode_ci NOT NULL DEFAULT 'published',
  `order` int unsigned NOT NULL DEFAULT '0',
  `image` varchar(255) COLLATE utf8mb4_unicode_ci DEFAULT NULL,
  `is_featured` tinyint unsigned NOT NULL DEFAULT '0',
  `created_at` timestamp NULL DEFAULT NULL,
  `updated_at` timestamp NULL DEFAULT NULL,
  PRIMARY KEY (`id`),
  KEY `ec_product_categories_parent_id_status_created_at_index` (`parent_id`,`status`,`created_at`),
  KEY `ec_product_categories_parent_id_status_index` (`parent_id`,`status`)
) ENGINE=InnoDB AUTO_INCREMENT=84 DEFAULT CHARSET=utf8mb4 COLLATE=utf8mb4_unicode_ci;
/*!40101 SET character_set_client = @saved_cs_client */;

--
-- Dumping data for table `ec_product_categories`
--

LOCK TABLES `ec_product_categories` WRITE;
/*!40000 ALTER TABLE `ec_product_categories` DISABLE KEYS */;
INSERT INTO `ec_product_categories` VALUES (1,'Fruits & Vegetables',0,NULL,'published',0,'product-categories/1.png',1,'2022-05-30 02:36:43','2022-05-30 02:36:43'),(2,'Fruits',1,NULL,'published',0,NULL,0,'2022-05-30 02:36:43','2022-05-30 02:36:43'),(3,'Apples',2,NULL,'published',0,NULL,0,'2022-05-30 02:36:43','2022-05-30 02:36:43'),(4,'Bananas',2,NULL,'published',1,NULL,0,'2022-05-30 02:36:43','2022-05-30 02:36:43'),(5,'Berries',2,NULL,'published',2,NULL,0,'2022-05-30 02:36:43','2022-05-30 02:36:43'),(6,'Oranges & Easy Peelers',2,NULL,'published',3,NULL,0,'2022-05-30 02:36:43','2022-05-30 02:36:43'),(7,'Grapes',2,NULL,'published',4,NULL,0,'2022-05-30 02:36:43','2022-05-30 02:36:43'),(8,'Lemons & Limes',2,NULL,'published',5,NULL,0,'2022-05-30 02:36:43','2022-05-30 02:36:43'),(9,'Peaches & Nectarines',2,NULL,'published',6,NULL,0,'2022-05-30 02:36:43','2022-05-30 02:36:43'),(10,'Pears',2,NULL,'published',7,NULL,0,'2022-05-30 02:36:43','2022-05-30 02:36:43'),(11,'Melon',2,NULL,'published',8,NULL,0,'2022-05-30 02:36:43','2022-05-30 02:36:43'),(12,'Avocados',2,NULL,'published',9,NULL,0,'2022-05-30 02:36:43','2022-05-30 02:36:43'),(13,'Plums & Apricots',2,NULL,'published',10,NULL,0,'2022-05-30 02:36:43','2022-05-30 02:36:43'),(14,'Vegetables',1,NULL,'published',1,NULL,0,'2022-05-30 02:36:43','2022-05-30 02:36:43'),(15,'Potatoes',14,NULL,'published',0,NULL,0,'2022-05-30 02:36:43','2022-05-30 02:36:43'),(16,'Carrots & Root Vegetables',14,NULL,'published',1,NULL,0,'2022-05-30 02:36:43','2022-05-30 02:36:43'),(17,'Broccoli & Cauliflower',14,NULL,'published',2,NULL,0,'2022-05-30 02:36:43','2022-05-30 02:36:43'),(18,'Cabbage, Spinach & Greens',14,NULL,'published',3,NULL,0,'2022-05-30 02:36:43','2022-05-30 02:36:43'),(19,'Onions, Leeks & Garlic',14,NULL,'published',4,NULL,0,'2022-05-30 02:36:43','2022-05-30 02:36:43'),(20,'Mushrooms',14,NULL,'published',5,NULL,0,'2022-05-30 02:36:43','2022-05-30 02:36:43'),(21,'Tomatoes',14,NULL,'published',6,NULL,0,'2022-05-30 02:36:43','2022-05-30 02:36:43'),(22,'Beans, Peas & Sweetcorn',14,NULL,'published',7,NULL,0,'2022-05-30 02:36:43','2022-05-30 02:36:43'),(23,'Freshly Drink Orange Juice',14,NULL,'published',8,NULL,0,'2022-05-30 02:36:43','2022-05-30 02:36:43'),(24,'Breads Sweets',0,NULL,'published',1,'product-categories/2.png',1,'2022-05-30 02:36:43','2022-05-30 02:36:43'),(25,'Crisps, Snacks & Nuts',24,NULL,'published',0,NULL,0,'2022-05-30 02:36:43','2022-05-30 02:36:43'),(26,'Crisps & Popcorn',25,NULL,'published',0,NULL,0,'2022-05-30 02:36:43','2022-05-30 02:36:43'),(27,'Nuts & Seeds',25,NULL,'published',1,NULL,0,'2022-05-30 02:36:43','2022-05-30 02:36:43'),(28,'Lighter Options',25,NULL,'published',2,NULL,0,'2022-05-30 02:36:43','2022-05-30 02:36:43'),(29,'Cereal Bars',25,NULL,'published',3,NULL,0,'2022-05-30 02:36:43','2022-05-30 02:36:43'),(30,'Breadsticks & Pretzels',25,NULL,'published',4,NULL,0,'2022-05-30 02:36:43','2022-05-30 02:36:43'),(31,'Fruit Snacking',25,NULL,'published',5,NULL,0,'2022-05-30 02:36:43','2022-05-30 02:36:43'),(32,'Rice & Corn Cakes',25,NULL,'published',6,NULL,0,'2022-05-30 02:36:43','2022-05-30 02:36:43'),(33,'Protein & Energy Snacks',25,NULL,'published',7,NULL,0,'2022-05-30 02:36:43','2022-05-30 02:36:43'),(34,'Toddler Snacks',25,NULL,'published',8,NULL,0,'2022-05-30 02:36:43','2022-05-30 02:36:43'),(35,'Meat Snacks',25,NULL,'published',9,NULL,0,'2022-05-30 02:36:43','2022-05-30 02:36:43'),(36,'Beans',25,NULL,'published',10,NULL,0,'2022-05-30 02:36:43','2022-05-30 02:36:43'),(37,'Lentils',25,NULL,'published',11,NULL,0,'2022-05-30 02:36:43','2022-05-30 02:36:43'),(38,'Chickpeas',25,NULL,'published',12,NULL,0,'2022-05-30 02:36:43','2022-05-30 02:36:43'),(39,'Tins & Cans',24,NULL,'published',1,NULL,0,'2022-05-30 02:36:43','2022-05-30 02:36:43'),(40,'Tomatoes',39,NULL,'published',0,NULL,0,'2022-05-30 02:36:43','2022-05-30 02:36:43'),(41,'Baked Beans, Spaghetti',39,NULL,'published',1,NULL,0,'2022-05-30 02:36:43','2022-05-30 02:36:43'),(42,'Fish',39,NULL,'published',2,NULL,0,'2022-05-30 02:36:43','2022-05-30 02:36:43'),(43,'Beans & Pulses',39,NULL,'published',3,NULL,0,'2022-05-30 02:36:43','2022-05-30 02:36:43'),(44,'Fruit',39,NULL,'published',4,NULL,0,'2022-05-30 02:36:43','2022-05-30 02:36:43'),(45,'Coconut Milk & Cream',39,NULL,'published',5,NULL,0,'2022-05-30 02:36:43','2022-05-30 02:36:43'),(46,'Lighter Options',39,NULL,'published',6,NULL,0,'2022-05-30 02:36:43','2022-05-30 02:36:43'),(47,'Olives',39,NULL,'published',7,NULL,0,'2022-05-30 02:36:43','2022-05-30 02:36:43'),(48,'Sweetcorn',39,NULL,'published',8,NULL,0,'2022-05-30 02:36:43','2022-05-30 02:36:43'),(49,'Carrots',39,NULL,'published',9,NULL,0,'2022-05-30 02:36:43','2022-05-30 02:36:43'),(50,'Peas',39,NULL,'published',10,NULL,0,'2022-05-30 02:36:43','2022-05-30 02:36:43'),(51,'Mixed Vegetables',39,NULL,'published',11,NULL,0,'2022-05-30 02:36:43','2022-05-30 02:36:43'),(52,'Frozen Seafoods',0,NULL,'published',2,'product-categories/3.png',1,'2022-05-30 02:36:43','2022-05-30 02:36:43'),(53,'Raw Meats',0,NULL,'published',3,'product-categories/4.png',1,'2022-05-30 02:36:43','2022-05-30 02:36:43'),(54,'Wines & Alcohol Drinks',0,NULL,'published',4,'product-categories/5.png',1,'2022-05-30 02:36:43','2022-05-30 02:36:43'),(55,'Ready Meals',54,NULL,'published',0,NULL,0,'2022-05-30 02:36:43','2022-05-30 02:36:43'),(56,'Meals for 1',55,NULL,'published',0,NULL,0,'2022-05-30 02:36:43','2022-05-30 02:36:43'),(57,'Meals for 2',55,NULL,'published',1,NULL,0,'2022-05-30 02:36:43','2022-05-30 02:36:43'),(58,'Indian',55,NULL,'published',2,NULL,0,'2022-05-30 02:36:43','2022-05-30 02:36:43'),(59,'Italian',55,NULL,'published',3,NULL,0,'2022-05-30 02:36:43','2022-05-30 02:36:43'),(60,'Chinese',55,NULL,'published',4,NULL,0,'2022-05-30 02:36:43','2022-05-30 02:36:43'),(61,'Traditional British',55,NULL,'published',5,NULL,0,'2022-05-30 02:36:43','2022-05-30 02:36:43'),(62,'Thai & Oriental',55,NULL,'published',6,NULL,0,'2022-05-30 02:36:43','2022-05-30 02:36:43'),(63,'Mediterranean & Moroccan',55,NULL,'published',7,NULL,0,'2022-05-30 02:36:43','2022-05-30 02:36:43'),(64,'Mexican & Caribbean',55,NULL,'published',8,NULL,0,'2022-05-30 02:36:43','2022-05-30 02:36:43'),(65,'Lighter Meals',55,NULL,'published',9,NULL,0,'2022-05-30 02:36:43','2022-05-30 02:36:43'),(66,'Lunch & Veg Pots',55,NULL,'published',10,NULL,0,'2022-05-30 02:36:43','2022-05-30 02:36:43'),(67,'Salad & Herbs',54,NULL,'published',1,NULL,0,'2022-05-30 02:36:43','2022-05-30 02:36:43'),(68,'Salad Bags',67,NULL,'published',0,NULL,0,'2022-05-30 02:36:43','2022-05-30 02:36:43'),(69,'Cucumber',67,NULL,'published',1,NULL,0,'2022-05-30 02:36:43','2022-05-30 02:36:43'),(70,'Tomatoes',67,NULL,'published',2,NULL,0,'2022-05-30 02:36:43','2022-05-30 02:36:43'),(71,'Lettuce',67,NULL,'published',3,NULL,0,'2022-05-30 02:36:43','2022-05-30 02:36:43'),(72,'Lunch Salad Bowls',67,NULL,'published',4,NULL,0,'2022-05-30 02:36:43','2022-05-30 02:36:43'),(73,'Lunch Salad Bowls',67,NULL,'published',5,NULL,0,'2022-05-30 02:36:43','2022-05-30 02:36:43'),(74,'Fresh Herbs',67,NULL,'published',6,NULL,0,'2022-05-30 02:36:43','2022-05-30 02:36:43'),(75,'Avocados',67,NULL,'published',7,NULL,0,'2022-05-30 02:36:43','2022-05-30 02:36:43'),(76,'Peppers',67,NULL,'published',8,NULL,0,'2022-05-30 02:36:43','2022-05-30 02:36:43'),(77,'Coleslaw & Potato Salad',67,NULL,'published',9,NULL,0,'2022-05-30 02:36:43','2022-05-30 02:36:43'),(78,'Spring Onions',67,NULL,'published',10,NULL,0,'2022-05-30 02:36:43','2022-05-30 02:36:43'),(79,'Chilli, Ginger & Garlic',67,NULL,'published',11,NULL,0,'2022-05-30 02:36:43','2022-05-30 02:36:43'),(80,'Tea & Coffee',0,NULL,'published',5,'product-categories/6.png',1,'2022-05-30 02:36:43','2022-05-30 02:36:43'),(81,'Milks and Dairies',0,NULL,'published',6,'product-categories/7.png',1,'2022-05-30 02:36:43','2022-05-30 02:36:43'),(82,'Pet Foods',0,NULL,'published',7,'product-categories/8.png',1,'2022-05-30 02:36:43','2022-05-30 02:36:43'),(83,'Food Cupboard',0,NULL,'published',8,'product-categories/1.png',1,'2022-05-30 02:36:43','2022-05-30 02:36:43');
/*!40000 ALTER TABLE `ec_product_categories` ENABLE KEYS */;
UNLOCK TABLES;

--
-- Table structure for table `ec_product_categories_translations`
--

DROP TABLE IF EXISTS `ec_product_categories_translations`;
/*!40101 SET @saved_cs_client     = @@character_set_client */;
/*!50503 SET character_set_client = utf8mb4 */;
CREATE TABLE `ec_product_categories_translations` (
  `lang_code` varchar(191) COLLATE utf8mb4_unicode_ci NOT NULL,
  `ec_product_categories_id` int NOT NULL,
  `name` varchar(191) COLLATE utf8mb4_unicode_ci DEFAULT NULL,
  `description` text COLLATE utf8mb4_unicode_ci,
  PRIMARY KEY (`lang_code`,`ec_product_categories_id`)
) ENGINE=InnoDB DEFAULT CHARSET=utf8mb4 COLLATE=utf8mb4_unicode_ci;
/*!40101 SET character_set_client = @saved_cs_client */;

--
-- Dumping data for table `ec_product_categories_translations`
--

LOCK TABLES `ec_product_categories_translations` WRITE;
/*!40000 ALTER TABLE `ec_product_categories_translations` DISABLE KEYS */;
INSERT INTO `ec_product_categories_translations` VALUES ('vi',1,'Rau củ quả',NULL),('vi',2,'Trái cây',NULL),('vi',3,'Táo',NULL),('vi',4,'Chuối',NULL),('vi',5,'Quả Mọng',NULL),('vi',6,'Cam',NULL),('vi',7,'Nho',NULL),('vi',8,'Chanh',NULL),('vi',9,'Quả Đào',NULL),('vi',10,'Lê',NULL),('vi',11,'Dưa Gang',NULL),('vi',12,'Bơ',NULL),('vi',13,'Mận & Mơ',NULL),('vi',14,'Rau',NULL),('vi',15,'Khoai Tây',NULL),('vi',16,'Cà rốt',NULL),('vi',17,'Bông cải xanh & súp lơ trắng',NULL),('vi',18,'Bắp cải, rau bina & rau xanh',NULL),('vi',19,'Hành tây, tỏi tây',NULL),('vi',20,'Nấm',NULL),('vi',21,'Cà chua',NULL),('vi',22,'Đậu, Đậu Hà Lan & Bắp rang bơ',NULL),('vi',23,'Nước uống tươi',NULL),('vi',24,'Bánh mì kẹo',NULL),('vi',25,'Crisps, Snack & Nuts',NULL),('vi',26,'Khoai tây chiên giòn & bỏng ngô',NULL),('vi',27,'Nuts & Seeds',NULL),('vi',28,'Lighter Options',NULL),('vi',29,'Cereal Bars',NULL),('vi',30,'Bánh mì que & Pretzels',NULL),('vi',31,'Fruit Snacking',NULL),('vi',32,'Bánh gạo',NULL),('vi',33,'Protein & Energy Snacks',NULL),('vi',34,'Toddler Snacks',NULL),('vi',35,'Meat Snacks',NULL),('vi',36,'Đậu',NULL),('vi',37,'Lentils',NULL),('vi',38,'Chickpeas',NULL),('vi',39,'Tins & Cans',NULL),('vi',40,'Khoai tây',NULL),('vi',41,'Baked Beans, Spaghetti',NULL),('vi',42,'Cá',NULL),('vi',43,'Đậu & Pulses',NULL),('vi',44,'Trái cây',NULL),('vi',45,'Coconut Milk & Cream',NULL),('vi',46,'Lighter Options',NULL),('vi',47,'Olives',NULL),('vi',48,'Sweetcorn',NULL),('vi',49,'Cà rốt',NULL),('vi',50,'Đậu Hà Lan',NULL),('vi',51,'Mixed Vegetables',NULL),('vi',52,'Hải sản đông lạnh',NULL),('vi',53,'Thịt sống',NULL),('vi',54,'Rượu & Đồ uống có cồn',NULL),('vi',55,'Ready Meals',NULL),('vi',56,'Meals for 1',NULL),('vi',57,'Meals for 2',NULL),('vi',58,'Indian',NULL),('vi',59,'Italian',NULL),('vi',60,'Chinese',NULL),('vi',61,'Traditional British',NULL),('vi',62,'Thai & Oriental',NULL),('vi',63,'Mediterranean & Moroccan',NULL),('vi',64,'Mexican & Caribbean',NULL),('vi',65,'Lighter Meals',NULL),('vi',66,'Lunch & Veg Pots',NULL),('vi',67,'Salad & thảo mộc',NULL),('vi',68,'Túi đựng salad',NULL),('vi',69,'Quả dưa chuột',NULL),('vi',70,'Cà chua',NULL),('vi',71,'Rau xà lách',NULL),('vi',72,'Lunch Salad Bowls',NULL),('vi',73,'Fresh Herbs',NULL),('vi',74,'Avocados',NULL),('vi',75,'Peppers',NULL),('vi',76,'Coleslaw & Potato Salad',NULL),('vi',77,'Spring Onions',NULL),('vi',78,'Chilli, Ginger & Garlic',NULL),('vi',79,'Trà & Cà phê',NULL),('vi',80,'Sữa và các loại sữa',NULL),('vi',81,'Thức ăn cho thú cưng',NULL),('vi',82,'Tủ đựng thức ăn',NULL);
/*!40000 ALTER TABLE `ec_product_categories_translations` ENABLE KEYS */;
UNLOCK TABLES;

--
-- Table structure for table `ec_product_category_product`
--

DROP TABLE IF EXISTS `ec_product_category_product`;
/*!40101 SET @saved_cs_client     = @@character_set_client */;
/*!50503 SET character_set_client = utf8mb4 */;
CREATE TABLE `ec_product_category_product` (
  `id` bigint unsigned NOT NULL AUTO_INCREMENT,
  `category_id` int unsigned NOT NULL,
  `product_id` int unsigned NOT NULL,
  PRIMARY KEY (`id`),
  KEY `ec_product_category_product_category_id_index` (`category_id`),
  KEY `ec_product_category_product_product_id_index` (`product_id`)
) ENGINE=InnoDB AUTO_INCREMENT=248 DEFAULT CHARSET=utf8mb4 COLLATE=utf8mb4_unicode_ci;
/*!40101 SET character_set_client = @saved_cs_client */;

--
-- Dumping data for table `ec_product_category_product`
--

LOCK TABLES `ec_product_category_product` WRITE;
/*!40000 ALTER TABLE `ec_product_category_product` DISABLE KEYS */;
INSERT INTO `ec_product_category_product` VALUES (1,21,1),(2,7,1),(3,30,1),(4,21,2),(5,9,2),(6,17,2),(7,22,2),(8,26,3),(9,28,3),(10,24,3),(11,34,3),(12,25,4),(13,13,4),(14,1,4),(15,37,4),(16,34,5),(17,15,5),(18,16,5),(19,1,6),(20,4,6),(21,15,6),(22,36,6),(23,28,7),(24,27,7),(25,11,7),(26,34,7),(27,25,8),(28,5,8),(29,31,8),(30,37,9),(31,20,9),(32,27,9),(33,28,9),(34,1,10),(35,8,10),(36,20,10),(37,36,10),(38,24,11),(39,9,11),(40,17,11),(41,16,11),(42,36,12),(43,11,12),(44,3,12),(45,34,12),(46,13,13),(47,34,13),(48,32,13),(49,18,13),(50,29,14),(51,5,14),(52,18,14),(53,18,15),(54,29,15),(55,36,15),(56,26,15),(57,18,16),(58,16,16),(59,33,16),(60,28,16),(61,6,17),(62,33,17),(63,22,17),(64,23,17),(65,24,18),(66,35,18),(67,15,18),(68,13,19),(69,12,19),(70,29,19),(71,26,19),(72,5,20),(73,11,20),(74,35,20),(75,29,20),(76,29,21),(77,15,21),(78,4,21),(79,37,21),(80,35,22),(81,21,22),(82,10,22),(83,19,22),(84,15,23),(85,26,23),(86,8,23),(87,23,23),(88,27,24),(89,29,24),(90,26,24),(91,20,24),(92,9,25),(93,28,25),(94,29,25),(95,25,25),(96,5,26),(97,24,26),(98,3,26),(99,16,26),(100,28,27),(101,16,27),(102,6,27),(103,33,27),(104,6,28),(105,13,28),(106,18,28),(107,27,28),(108,20,29),(109,10,29),(110,25,29),(111,22,29),(112,33,30),(113,13,30),(114,10,30),(115,20,30),(116,30,31),(117,10,31),(118,19,31),(119,36,31),(120,15,32),(121,17,32),(122,30,32),(123,16,33),(124,9,33),(125,6,33),(126,20,34),(127,36,34),(128,30,34),(129,8,35),(130,14,35),(131,15,35),(132,23,35),(133,21,36),(134,28,36),(135,2,36),(136,31,36),(137,31,37),(138,8,37),(139,1,37),(140,16,37),(141,19,38),(142,37,38),(143,32,38),(144,23,38),(145,35,39),(146,18,39),(147,9,39),(148,18,40),(149,29,40),(150,31,40),(151,36,41),(152,32,41),(153,4,41),(154,20,41),(155,18,42),(156,37,42),(157,28,42),(158,36,42),(159,10,43),(160,3,43),(161,17,43),(162,29,43),(163,12,44),(164,5,44),(165,19,44),(166,28,44),(167,6,45),(168,12,45),(169,36,45),(170,10,46),(171,26,46),(172,11,46),(173,34,46),(174,29,47),(175,37,47),(176,9,47),(177,15,47),(178,34,48),(179,7,48),(180,8,48),(181,36,48),(182,17,49),(183,8,49),(184,4,49),(185,37,49),(186,2,50),(187,19,50),(188,22,50),(189,30,51),(190,15,51),(191,7,51),(192,20,51),(193,23,52),(194,9,52),(195,13,52),(196,15,52),(197,21,53),(198,22,53),(199,17,53),(200,28,53),(201,3,54),(202,22,54),(203,30,54),(204,32,54),(205,33,55),(206,15,55),(207,32,55),(208,6,56),(209,29,56),(210,26,56),(211,16,56),(212,8,57),(213,31,57),(214,25,57),(215,36,57),(216,4,58),(217,31,58),(218,3,58),(219,32,58),(220,1,59),(221,6,59),(222,2,59),(223,37,59),(224,18,60),(225,1,60),(226,13,60),(227,37,60),(228,31,61),(229,2,61),(230,17,61),(231,21,61),(232,11,62),(233,23,62),(234,26,62),(235,17,62),(236,6,63),(237,21,63),(238,15,63),(239,26,63),(240,1,64),(241,8,64),(242,21,64),(243,17,64),(244,33,65),(245,2,65),(246,32,65),(247,30,65);
/*!40000 ALTER TABLE `ec_product_category_product` ENABLE KEYS */;
UNLOCK TABLES;

--
-- Table structure for table `ec_product_collection_products`
--

DROP TABLE IF EXISTS `ec_product_collection_products`;
/*!40101 SET @saved_cs_client     = @@character_set_client */;
/*!50503 SET character_set_client = utf8mb4 */;
CREATE TABLE `ec_product_collection_products` (
  `id` bigint unsigned NOT NULL AUTO_INCREMENT,
  `product_collection_id` int unsigned NOT NULL,
  `product_id` int unsigned NOT NULL,
  PRIMARY KEY (`id`),
  KEY `ec_product_collection_products_product_collection_id_index` (`product_collection_id`),
  KEY `ec_product_collection_products_product_id_index` (`product_id`)
) ENGINE=InnoDB AUTO_INCREMENT=66 DEFAULT CHARSET=utf8mb4 COLLATE=utf8mb4_unicode_ci;
/*!40101 SET character_set_client = @saved_cs_client */;

--
-- Dumping data for table `ec_product_collection_products`
--

LOCK TABLES `ec_product_collection_products` WRITE;
/*!40000 ALTER TABLE `ec_product_collection_products` DISABLE KEYS */;
INSERT INTO `ec_product_collection_products` VALUES (1,1,1),(2,1,2),(3,2,3),(4,2,4),(5,1,5),(6,2,6),(7,2,7),(8,3,8),(9,1,9),(10,2,10),(11,3,11),(12,2,12),(13,1,13),(14,1,14),(15,1,15),(16,3,16),(17,3,17),(18,1,18),(19,2,19),(20,2,20),(21,3,21),(22,3,22),(23,2,23),(24,2,24),(25,3,25),(26,3,26),(27,1,27),(28,1,28),(29,1,29),(30,2,30),(31,1,31),(32,3,32),(33,3,33),(34,3,34),(35,2,35),(36,3,36),(37,1,37),(38,2,38),(39,3,39),(40,3,40),(41,3,41),(42,1,42),(43,3,43),(44,3,44),(45,1,45),(46,2,46),(47,2,47),(48,1,48),(49,2,49),(50,3,50),(51,1,51),(52,2,52),(53,3,53),(54,1,54),(55,1,55),(56,2,56),(57,3,57),(58,2,58),(59,3,59),(60,3,60),(61,1,61),(62,2,62),(63,2,63),(64,1,64),(65,1,65);
/*!40000 ALTER TABLE `ec_product_collection_products` ENABLE KEYS */;
UNLOCK TABLES;

--
-- Table structure for table `ec_product_collections`
--

DROP TABLE IF EXISTS `ec_product_collections`;
/*!40101 SET @saved_cs_client     = @@character_set_client */;
/*!50503 SET character_set_client = utf8mb4 */;
CREATE TABLE `ec_product_collections` (
  `id` bigint unsigned NOT NULL AUTO_INCREMENT,
  `name` varchar(191) COLLATE utf8mb4_unicode_ci NOT NULL,
  `slug` varchar(191) COLLATE utf8mb4_unicode_ci NOT NULL,
  `description` varchar(400) COLLATE utf8mb4_unicode_ci DEFAULT NULL,
  `image` varchar(255) COLLATE utf8mb4_unicode_ci DEFAULT NULL,
  `status` varchar(60) COLLATE utf8mb4_unicode_ci NOT NULL DEFAULT 'published',
  `created_at` timestamp NULL DEFAULT NULL,
  `updated_at` timestamp NULL DEFAULT NULL,
  `is_featured` tinyint unsigned NOT NULL DEFAULT '0',
  PRIMARY KEY (`id`)
) ENGINE=InnoDB AUTO_INCREMENT=4 DEFAULT CHARSET=utf8mb4 COLLATE=utf8mb4_unicode_ci;
/*!40101 SET character_set_client = @saved_cs_client */;

--
-- Dumping data for table `ec_product_collections`
--

LOCK TABLES `ec_product_collections` WRITE;
/*!40000 ALTER TABLE `ec_product_collections` DISABLE KEYS */;
INSERT INTO `ec_product_collections` VALUES (1,'New Arrival','new-arrival',NULL,NULL,'published','2022-05-30 02:36:44','2022-05-30 02:36:44',0),(2,'Best Sellers','best-sellers',NULL,NULL,'published','2022-05-30 02:36:44','2022-05-30 02:36:44',0),(3,'Special Offer','special-offer',NULL,NULL,'published','2022-05-30 02:36:44','2022-05-30 02:36:44',0);
/*!40000 ALTER TABLE `ec_product_collections` ENABLE KEYS */;
UNLOCK TABLES;

--
-- Table structure for table `ec_product_collections_translations`
--

DROP TABLE IF EXISTS `ec_product_collections_translations`;
/*!40101 SET @saved_cs_client     = @@character_set_client */;
/*!50503 SET character_set_client = utf8mb4 */;
CREATE TABLE `ec_product_collections_translations` (
  `lang_code` varchar(191) COLLATE utf8mb4_unicode_ci NOT NULL,
  `ec_product_collections_id` int NOT NULL,
  `name` varchar(191) COLLATE utf8mb4_unicode_ci DEFAULT NULL,
  `description` varchar(191) COLLATE utf8mb4_unicode_ci DEFAULT NULL,
  PRIMARY KEY (`lang_code`,`ec_product_collections_id`)
) ENGINE=InnoDB DEFAULT CHARSET=utf8mb4 COLLATE=utf8mb4_unicode_ci;
/*!40101 SET character_set_client = @saved_cs_client */;

--
-- Dumping data for table `ec_product_collections_translations`
--

LOCK TABLES `ec_product_collections_translations` WRITE;
/*!40000 ALTER TABLE `ec_product_collections_translations` DISABLE KEYS */;
INSERT INTO `ec_product_collections_translations` VALUES ('vi',1,'Hàng mới về',NULL),('vi',2,'Bán chạy nhất',NULL),('vi',3,'Khuyến mãi đặc biệt',NULL);
/*!40000 ALTER TABLE `ec_product_collections_translations` ENABLE KEYS */;
UNLOCK TABLES;

--
-- Table structure for table `ec_product_cross_sale_relations`
--

DROP TABLE IF EXISTS `ec_product_cross_sale_relations`;
/*!40101 SET @saved_cs_client     = @@character_set_client */;
/*!50503 SET character_set_client = utf8mb4 */;
CREATE TABLE `ec_product_cross_sale_relations` (
  `id` bigint unsigned NOT NULL AUTO_INCREMENT,
  `from_product_id` int unsigned NOT NULL,
  `to_product_id` int unsigned NOT NULL,
  PRIMARY KEY (`id`),
  KEY `ec_product_cross_sale_relations_from_product_id_index` (`from_product_id`),
  KEY `ec_product_cross_sale_relations_to_product_id_index` (`to_product_id`)
) ENGINE=InnoDB AUTO_INCREMENT=392 DEFAULT CHARSET=utf8mb4 COLLATE=utf8mb4_unicode_ci;
/*!40101 SET character_set_client = @saved_cs_client */;

--
-- Dumping data for table `ec_product_cross_sale_relations`
--

LOCK TABLES `ec_product_cross_sale_relations` WRITE;
/*!40000 ALTER TABLE `ec_product_cross_sale_relations` DISABLE KEYS */;
INSERT INTO `ec_product_cross_sale_relations` VALUES (1,1,15),(2,1,10),(3,1,3),(4,1,6),(5,1,13),(6,1,4),(7,2,7),(8,2,16),(9,2,13),(10,2,19),(11,2,17),(12,3,7),(13,3,5),(14,3,19),(15,3,8),(16,3,6),(17,3,10),(18,4,3),(19,4,19),(20,4,2),(21,4,15),(22,4,14),(23,5,10),(24,5,17),(25,5,20),(26,5,3),(27,5,15),(28,5,18),(29,5,14),(30,6,3),(31,6,20),(32,6,8),(33,6,12),(34,6,11),(35,6,14),(36,7,12),(37,7,18),(38,7,3),(39,7,6),(40,7,13),(41,8,5),(42,8,9),(43,8,12),(44,8,3),(45,8,15),(46,8,4),(47,9,20),(48,9,14),(49,9,3),(50,9,11),(51,9,13),(52,9,6),(53,10,8),(54,10,15),(55,10,16),(56,10,20),(57,10,3),(58,11,20),(59,11,17),(60,11,18),(61,11,12),(62,11,1),(63,11,15),(64,11,3),(65,12,15),(66,12,9),(67,12,17),(68,12,5),(69,12,14),(70,13,5),(71,13,12),(72,13,7),(73,13,2),(74,13,16),(75,13,15),(76,14,13),(77,14,9),(78,14,1),(79,14,17),(80,14,10),(81,14,15),(82,15,17),(83,15,13),(84,15,11),(85,15,1),(86,15,2),(87,15,7),(88,16,6),(89,16,7),(90,16,8),(91,16,20),(92,16,14),(93,17,11),(94,17,2),(95,17,14),(96,17,3),(97,17,12),(98,17,15),(99,18,11),(100,18,12),(101,18,6),(102,18,3),(103,18,16),(104,18,20),(105,19,17),(106,19,18),(107,19,10),(108,19,9),(109,19,13),(110,19,5),(111,19,4),(112,20,15),(113,20,3),(114,20,13),(115,20,4),(116,20,19),(117,20,12),(118,21,11),(119,21,6),(120,21,10),(121,21,16),(122,21,5),(123,21,15),(124,21,19),(125,22,18),(126,22,1),(127,22,13),(128,22,7),(129,22,4),(130,22,10),(131,23,4),(132,23,5),(133,23,13),(134,23,17),(135,23,16),(136,23,2),(137,23,15),(138,24,19),(139,24,5),(140,24,18),(141,24,9),(142,24,13),(143,24,17),(144,25,6),(145,25,10),(146,25,17),(147,25,4),(148,25,14),(149,26,18),(150,26,10),(151,26,9),(152,26,2),(153,26,19),(154,26,11),(155,26,3),(156,27,10),(157,27,16),(158,27,14),(159,27,11),(160,27,3),(161,28,10),(162,28,18),(163,28,6),(164,28,7),(165,28,2),(166,28,5),(167,29,13),(168,29,4),(169,29,14),(170,29,7),(171,29,11),(172,29,10),(173,30,15),(174,30,17),(175,30,16),(176,30,6),(177,30,12),(178,30,8),(179,31,7),(180,31,1),(181,31,16),(182,31,12),(183,31,6),(184,32,8),(185,32,5),(186,32,14),(187,32,2),(188,32,11),(189,32,19),(190,32,18),(191,33,5),(192,33,7),(193,33,12),(194,33,13),(195,33,11),(196,34,1),(197,34,8),(198,34,12),(199,34,3),(200,34,10),(201,34,6),(202,34,15),(203,35,7),(204,35,15),(205,35,9),(206,35,14),(207,35,13),(208,35,3),(209,36,8),(210,36,2),(211,36,5),(212,36,17),(213,36,4),(214,36,9),(215,36,12),(216,37,1),(217,37,2),(218,37,5),(219,37,9),(220,37,16),(221,37,7),(222,38,12),(223,38,14),(224,38,11),(225,38,19),(226,38,9),(227,38,18),(228,39,17),(229,39,2),(230,39,12),(231,39,10),(232,39,15),(233,39,7),(234,40,4),(235,40,10),(236,40,18),(237,40,11),(238,40,2),(239,41,19),(240,41,8),(241,41,3),(242,41,5),(243,41,10),(244,41,13),(245,42,11),(246,42,2),(247,42,7),(248,42,18),(249,42,17),(250,42,16),(251,43,15),(252,43,14),(253,43,18),(254,43,16),(255,43,6),(256,44,3),(257,44,16),(258,44,14),(259,44,6),(260,44,15),(261,44,1),(262,44,2),(263,45,7),(264,45,8),(265,45,4),(266,45,13),(267,45,14),(268,45,2),(269,46,16),(270,46,1),(271,46,5),(272,46,17),(273,46,6),(274,47,2),(275,47,9),(276,47,3),(277,47,12),(278,47,15),(279,47,16),(280,48,14),(281,48,18),(282,48,12),(283,48,9),(284,48,8),(285,48,7),(286,48,5),(287,49,5),(288,49,7),(289,49,17),(290,49,13),(291,49,1),(292,49,10),(293,50,18),(294,50,6),(295,50,19),(296,50,13),(297,50,17),(298,51,1),(299,51,11),(300,51,7),(301,51,12),(302,51,10),(303,51,14),(304,52,17),(305,52,18),(306,52,13),(307,52,10),(308,52,4),(309,52,14),(310,53,7),(311,53,11),(312,53,17),(313,53,3),(314,53,16),(315,53,2),(316,54,8),(317,54,16),(318,54,12),(319,54,3),(320,54,11),(321,55,6),(322,55,14),(323,55,2),(324,55,11),(325,55,19),(326,56,15),(327,56,19),(328,56,2),(329,56,17),(330,56,6),(331,56,5),(332,56,16),(333,57,16),(334,57,5),(335,57,8),(336,57,11),(337,57,3),(338,57,1),(339,58,13),(340,58,15),(341,58,4),(342,58,2),(343,58,7),(344,58,1),(345,58,18),(346,59,13),(347,59,19),(348,59,15),(349,59,17),(350,59,16),(351,59,12),(352,59,2),(353,60,4),(354,60,12),(355,60,1),(356,60,9),(357,60,14),(358,60,2),(359,60,17),(360,61,4),(361,61,3),(362,61,14),(363,61,15),(364,61,18),(365,62,11),(366,62,2),(367,62,1),(368,62,5),(369,62,6),(370,62,9),(371,63,18),(372,63,13),(373,63,1),(374,63,8),(375,63,7),(376,63,2),(377,63,12),(378,64,4),(379,64,11),(380,64,10),(381,64,8),(382,64,7),(383,64,18),(384,64,6),(385,65,14),(386,65,7),(387,65,17),(388,65,15),(389,65,10),(390,65,6),(391,65,8);
/*!40000 ALTER TABLE `ec_product_cross_sale_relations` ENABLE KEYS */;
UNLOCK TABLES;

--
-- Table structure for table `ec_product_label_products`
--

DROP TABLE IF EXISTS `ec_product_label_products`;
/*!40101 SET @saved_cs_client     = @@character_set_client */;
/*!50503 SET character_set_client = utf8mb4 */;
CREATE TABLE `ec_product_label_products` (
  `product_label_id` int unsigned NOT NULL,
  `product_id` int unsigned NOT NULL,
  PRIMARY KEY (`product_label_id`,`product_id`),
  KEY `ec_product_label_products_product_label_id_index` (`product_label_id`),
  KEY `ec_product_label_products_product_id_index` (`product_id`)
) ENGINE=InnoDB DEFAULT CHARSET=utf8mb4 COLLATE=utf8mb4_unicode_ci;
/*!40101 SET character_set_client = @saved_cs_client */;

--
-- Dumping data for table `ec_product_label_products`
--

LOCK TABLES `ec_product_label_products` WRITE;
/*!40000 ALTER TABLE `ec_product_label_products` DISABLE KEYS */;
INSERT INTO `ec_product_label_products` VALUES (1,9),(1,15),(1,18),(1,42),(1,57),(1,60),(2,3),(2,6),(2,12),(2,21),(2,24),(2,27),(2,30),(2,33),(2,36),(2,39),(2,45),(2,54),(2,63),(3,48),(3,51);
/*!40000 ALTER TABLE `ec_product_label_products` ENABLE KEYS */;
UNLOCK TABLES;

--
-- Table structure for table `ec_product_labels`
--

DROP TABLE IF EXISTS `ec_product_labels`;
/*!40101 SET @saved_cs_client     = @@character_set_client */;
/*!50503 SET character_set_client = utf8mb4 */;
CREATE TABLE `ec_product_labels` (
  `id` bigint unsigned NOT NULL AUTO_INCREMENT,
  `name` varchar(255) COLLATE utf8mb4_unicode_ci NOT NULL,
  `color` varchar(120) COLLATE utf8mb4_unicode_ci DEFAULT NULL,
  `status` varchar(60) COLLATE utf8mb4_unicode_ci NOT NULL DEFAULT 'published',
  `created_at` timestamp NULL DEFAULT NULL,
  `updated_at` timestamp NULL DEFAULT NULL,
  PRIMARY KEY (`id`)
) ENGINE=InnoDB AUTO_INCREMENT=4 DEFAULT CHARSET=utf8mb4 COLLATE=utf8mb4_unicode_ci;
/*!40101 SET character_set_client = @saved_cs_client */;

--
-- Dumping data for table `ec_product_labels`
--

LOCK TABLES `ec_product_labels` WRITE;
/*!40000 ALTER TABLE `ec_product_labels` DISABLE KEYS */;
INSERT INTO `ec_product_labels` VALUES (1,'Hot','#ec2434','published','2022-05-30 02:36:44','2022-05-30 02:36:44'),(2,'New','#00c9a7','published','2022-05-30 02:36:44','2022-05-30 02:36:44'),(3,'Sale','#fe9931','published','2022-05-30 02:36:44','2022-05-30 02:36:44');
/*!40000 ALTER TABLE `ec_product_labels` ENABLE KEYS */;
UNLOCK TABLES;

--
-- Table structure for table `ec_product_labels_translations`
--

DROP TABLE IF EXISTS `ec_product_labels_translations`;
/*!40101 SET @saved_cs_client     = @@character_set_client */;
/*!50503 SET character_set_client = utf8mb4 */;
CREATE TABLE `ec_product_labels_translations` (
  `lang_code` varchar(191) COLLATE utf8mb4_unicode_ci NOT NULL,
  `ec_product_labels_id` int NOT NULL,
  `name` varchar(191) COLLATE utf8mb4_unicode_ci DEFAULT NULL,
  `description` varchar(191) COLLATE utf8mb4_unicode_ci DEFAULT NULL,
  PRIMARY KEY (`lang_code`,`ec_product_labels_id`)
) ENGINE=InnoDB DEFAULT CHARSET=utf8mb4 COLLATE=utf8mb4_unicode_ci;
/*!40101 SET character_set_client = @saved_cs_client */;

--
-- Dumping data for table `ec_product_labels_translations`
--

LOCK TABLES `ec_product_labels_translations` WRITE;
/*!40000 ALTER TABLE `ec_product_labels_translations` DISABLE KEYS */;
INSERT INTO `ec_product_labels_translations` VALUES ('vi',1,'Nổi bật',NULL),('vi',2,'Mới',NULL),('vi',3,'Giảm giá',NULL);
/*!40000 ALTER TABLE `ec_product_labels_translations` ENABLE KEYS */;
UNLOCK TABLES;

--
-- Table structure for table `ec_product_related_relations`
--

DROP TABLE IF EXISTS `ec_product_related_relations`;
/*!40101 SET @saved_cs_client     = @@character_set_client */;
/*!50503 SET character_set_client = utf8mb4 */;
CREATE TABLE `ec_product_related_relations` (
  `id` bigint unsigned NOT NULL AUTO_INCREMENT,
  `from_product_id` int unsigned NOT NULL,
  `to_product_id` int unsigned NOT NULL,
  PRIMARY KEY (`id`),
  KEY `ec_product_related_relations_from_product_id_index` (`from_product_id`),
  KEY `ec_product_related_relations_to_product_id_index` (`to_product_id`)
) ENGINE=InnoDB DEFAULT CHARSET=utf8mb4 COLLATE=utf8mb4_unicode_ci;
/*!40101 SET character_set_client = @saved_cs_client */;

--
-- Dumping data for table `ec_product_related_relations`
--

LOCK TABLES `ec_product_related_relations` WRITE;
/*!40000 ALTER TABLE `ec_product_related_relations` DISABLE KEYS */;
/*!40000 ALTER TABLE `ec_product_related_relations` ENABLE KEYS */;
UNLOCK TABLES;

--
-- Table structure for table `ec_product_tag_product`
--

DROP TABLE IF EXISTS `ec_product_tag_product`;
/*!40101 SET @saved_cs_client     = @@character_set_client */;
/*!50503 SET character_set_client = utf8mb4 */;
CREATE TABLE `ec_product_tag_product` (
  `product_id` int unsigned NOT NULL,
  `tag_id` int unsigned NOT NULL,
  PRIMARY KEY (`product_id`,`tag_id`),
  KEY `ec_product_tag_product_product_id_index` (`product_id`),
  KEY `ec_product_tag_product_tag_id_index` (`tag_id`)
) ENGINE=InnoDB DEFAULT CHARSET=utf8mb4 COLLATE=utf8mb4_unicode_ci;
/*!40101 SET character_set_client = @saved_cs_client */;

--
-- Dumping data for table `ec_product_tag_product`
--

LOCK TABLES `ec_product_tag_product` WRITE;
/*!40000 ALTER TABLE `ec_product_tag_product` DISABLE KEYS */;
INSERT INTO `ec_product_tag_product` VALUES (1,3),(1,5),(2,2),(2,5),(3,3),(3,5),(3,6),(4,2),(4,5),(4,6),(5,4),(5,6),(6,2),(6,4),(6,5),(7,1),(7,3),(7,4),(8,4),(8,5),(8,6),(9,1),(9,5),(10,2),(11,2),(11,4),(11,6),(12,4),(12,5),(13,1),(13,3),(13,6),(14,4),(14,5),(14,6),(15,1),(15,4),(15,5),(16,1),(16,2),(16,3),(17,2),(17,4),(17,5),(18,1),(18,3),(18,6),(19,1),(19,3),(20,1),(20,2),(21,1),(21,3),(21,6),(22,2),(22,3),(23,1),(23,5),(23,6),(24,1),(24,4),(24,6),(25,2),(25,6),(26,4),(26,5),(26,6),(27,1),(27,3),(27,4),(28,2),(28,3),(29,1),(29,4),(29,6),(30,2),(30,6),(31,1),(31,2),(31,5),(32,2),(32,4),(33,1),(33,3),(33,6),(34,3),(34,4),(34,5),(35,4),(35,5),(35,6),(36,1),(36,4),(36,5),(37,2),(37,3),(37,4),(38,5),(39,3),(39,4),(39,5),(40,1),(40,2),(40,6),(41,4),(41,5),(41,6),(42,1),(42,5),(43,1),(43,5),(43,6),(44,1),(44,3),(44,5),(45,2),(45,5),(45,6),(46,1),(46,4),(46,6),(47,1),(47,3),(47,6),(48,3),(48,5),(48,6),(49,2),(49,4),(49,5),(50,5),(50,6),(51,1),(51,2),(51,4),(52,3),(52,4),(52,6),(53,3),(53,6),(54,2),(54,3),(54,5),(55,2),(55,3),(55,4),(56,1),(56,4),(56,5),(57,2),(57,3),(57,5),(58,1),(58,4),(59,1),(59,4),(59,5),(60,3),(60,4),(61,1),(61,3),(61,5),(62,1),(62,4),(62,6),(63,1),(63,4),(63,6),(64,3),(64,4),(64,6),(65,1),(65,4),(65,6);
/*!40000 ALTER TABLE `ec_product_tag_product` ENABLE KEYS */;
UNLOCK TABLES;

--
-- Table structure for table `ec_product_tags`
--

DROP TABLE IF EXISTS `ec_product_tags`;
/*!40101 SET @saved_cs_client     = @@character_set_client */;
/*!50503 SET character_set_client = utf8mb4 */;
CREATE TABLE `ec_product_tags` (
  `id` bigint unsigned NOT NULL AUTO_INCREMENT,
  `name` varchar(120) COLLATE utf8mb4_unicode_ci NOT NULL,
  `description` varchar(400) COLLATE utf8mb4_unicode_ci DEFAULT NULL,
  `status` varchar(60) COLLATE utf8mb4_unicode_ci NOT NULL DEFAULT 'published',
  `created_at` timestamp NULL DEFAULT NULL,
  `updated_at` timestamp NULL DEFAULT NULL,
  PRIMARY KEY (`id`)
) ENGINE=InnoDB AUTO_INCREMENT=7 DEFAULT CHARSET=utf8mb4 COLLATE=utf8mb4_unicode_ci;
/*!40101 SET character_set_client = @saved_cs_client */;

--
-- Dumping data for table `ec_product_tags`
--

LOCK TABLES `ec_product_tags` WRITE;
/*!40000 ALTER TABLE `ec_product_tags` DISABLE KEYS */;
INSERT INTO `ec_product_tags` VALUES (1,'Electronic',NULL,'published','2022-05-30 02:37:15','2022-05-30 02:37:15'),(2,'Mobile',NULL,'published','2022-05-30 02:37:15','2022-05-30 02:37:15'),(3,'Iphone',NULL,'published','2022-05-30 02:37:15','2022-05-30 02:37:15'),(4,'Printer',NULL,'published','2022-05-30 02:37:15','2022-05-30 02:37:15'),(5,'Office',NULL,'published','2022-05-30 02:37:15','2022-05-30 02:37:15'),(6,'IT',NULL,'published','2022-05-30 02:37:15','2022-05-30 02:37:15');
/*!40000 ALTER TABLE `ec_product_tags` ENABLE KEYS */;
UNLOCK TABLES;

--
-- Table structure for table `ec_product_tags_translations`
--

DROP TABLE IF EXISTS `ec_product_tags_translations`;
/*!40101 SET @saved_cs_client     = @@character_set_client */;
/*!50503 SET character_set_client = utf8mb4 */;
CREATE TABLE `ec_product_tags_translations` (
  `lang_code` varchar(191) COLLATE utf8mb4_unicode_ci NOT NULL,
  `ec_product_tags_id` int NOT NULL,
  `name` varchar(191) COLLATE utf8mb4_unicode_ci DEFAULT NULL,
  PRIMARY KEY (`lang_code`,`ec_product_tags_id`)
) ENGINE=InnoDB DEFAULT CHARSET=utf8mb4 COLLATE=utf8mb4_unicode_ci;
/*!40101 SET character_set_client = @saved_cs_client */;

--
-- Dumping data for table `ec_product_tags_translations`
--

LOCK TABLES `ec_product_tags_translations` WRITE;
/*!40000 ALTER TABLE `ec_product_tags_translations` DISABLE KEYS */;
INSERT INTO `ec_product_tags_translations` VALUES ('vi',1,'Electronic'),('vi',2,'Mobile'),('vi',3,'Iphone'),('vi',4,'Printer'),('vi',5,'Office'),('vi',6,'IT');
/*!40000 ALTER TABLE `ec_product_tags_translations` ENABLE KEYS */;
UNLOCK TABLES;

--
-- Table structure for table `ec_product_up_sale_relations`
--

DROP TABLE IF EXISTS `ec_product_up_sale_relations`;
/*!40101 SET @saved_cs_client     = @@character_set_client */;
/*!50503 SET character_set_client = utf8mb4 */;
CREATE TABLE `ec_product_up_sale_relations` (
  `id` bigint unsigned NOT NULL AUTO_INCREMENT,
  `from_product_id` int unsigned NOT NULL,
  `to_product_id` int unsigned NOT NULL,
  PRIMARY KEY (`id`),
  KEY `ec_product_up_sale_relations_from_product_id_index` (`from_product_id`),
  KEY `ec_product_up_sale_relations_to_product_id_index` (`to_product_id`)
) ENGINE=InnoDB DEFAULT CHARSET=utf8mb4 COLLATE=utf8mb4_unicode_ci;
/*!40101 SET character_set_client = @saved_cs_client */;

--
-- Dumping data for table `ec_product_up_sale_relations`
--

LOCK TABLES `ec_product_up_sale_relations` WRITE;
/*!40000 ALTER TABLE `ec_product_up_sale_relations` DISABLE KEYS */;
/*!40000 ALTER TABLE `ec_product_up_sale_relations` ENABLE KEYS */;
UNLOCK TABLES;

--
-- Table structure for table `ec_product_variation_items`
--

DROP TABLE IF EXISTS `ec_product_variation_items`;
/*!40101 SET @saved_cs_client     = @@character_set_client */;
/*!50503 SET character_set_client = utf8mb4 */;
CREATE TABLE `ec_product_variation_items` (
  `id` bigint unsigned NOT NULL AUTO_INCREMENT,
  `attribute_id` int unsigned NOT NULL,
  `variation_id` int unsigned NOT NULL,
  PRIMARY KEY (`id`)
) ENGINE=InnoDB AUTO_INCREMENT=343 DEFAULT CHARSET=utf8mb4 COLLATE=utf8mb4_unicode_ci;
/*!40101 SET character_set_client = @saved_cs_client */;

--
-- Dumping data for table `ec_product_variation_items`
--

LOCK TABLES `ec_product_variation_items` WRITE;
/*!40000 ALTER TABLE `ec_product_variation_items` DISABLE KEYS */;
INSERT INTO `ec_product_variation_items` VALUES (1,2,1),(2,8,1),(3,4,2),(4,6,2),(5,4,3),(6,6,3),(7,3,4),(8,7,4),(9,5,5),(10,10,5),(11,4,6),(12,7,6),(13,4,7),(14,7,7),(15,3,8),(16,8,8),(17,3,9),(18,9,9),(19,1,10),(20,9,10),(21,3,11),(22,6,11),(23,2,12),(24,10,12),(25,3,13),(26,6,13),(27,5,14),(28,7,14),(29,3,15),(30,7,15),(31,1,16),(32,7,16),(33,2,17),(34,6,17),(35,5,18),(36,6,18),(37,3,19),(38,7,19),(39,1,20),(40,7,20),(41,5,21),(42,6,21),(43,1,22),(44,8,22),(45,1,23),(46,10,23),(47,3,24),(48,9,24),(49,5,25),(50,10,25),(51,4,26),(52,9,26),(53,1,27),(54,6,27),(55,5,28),(56,8,28),(57,3,29),(58,6,29),(59,4,30),(60,7,30),(61,1,31),(62,9,31),(63,1,32),(64,7,32),(65,2,33),(66,6,33),(67,4,34),(68,8,34),(69,3,35),(70,6,35),(71,1,36),(72,10,36),(73,1,37),(74,10,37),(75,2,38),(76,6,38),(77,2,39),(78,7,39),(79,4,40),(80,8,40),(81,1,41),(82,6,41),(83,3,42),(84,7,42),(85,1,43),(86,9,43),(87,4,44),(88,10,44),(89,3,45),(90,8,45),(91,2,46),(92,6,46),(93,3,47),(94,7,47),(95,5,48),(96,10,48),(97,2,49),(98,7,49),(99,1,50),(100,9,50),(101,2,51),(102,9,51),(103,4,52),(104,8,52),(105,1,53),(106,6,53),(107,3,54),(108,7,54),(109,4,55),(110,8,55),(111,3,56),(112,10,56),(113,1,57),(114,7,57),(115,1,58),(116,10,58),(117,1,59),(118,6,59),(119,4,60),(120,8,60),(121,4,61),(122,10,61),(123,5,62),(124,6,62),(125,5,63),(126,8,63),(127,2,64),(128,10,64),(129,4,65),(130,9,65),(131,2,66),(132,10,66),(133,14,67),(134,18,67),(135,13,68),(136,20,68),(137,12,69),(138,20,69),(139,11,70),(140,20,70),(141,13,71),(142,18,71),(143,15,72),(144,18,72),(145,11,73),(146,17,73),(147,13,74),(148,16,74),(149,11,75),(150,16,75),(151,11,76),(152,17,76),(153,12,77),(154,18,77),(155,11,78),(156,19,78),(157,15,79),(158,19,79),(159,14,80),(160,17,80),(161,12,81),(162,19,81),(163,11,82),(164,16,82),(165,15,83),(166,19,83),(167,12,84),(168,20,84),(169,11,85),(170,16,85),(171,14,86),(172,19,86),(173,15,87),(174,17,87),(175,15,88),(176,18,88),(177,11,89),(178,17,89),(179,13,90),(180,18,90),(181,14,91),(182,19,91),(183,15,92),(184,18,92),(185,15,93),(186,18,93),(187,12,94),(188,17,94),(189,15,95),(190,20,95),(191,13,96),(192,16,96),(193,15,97),(194,18,97),(195,13,98),(196,19,98),(197,15,99),(198,16,99),(199,12,100),(200,19,100),(201,12,101),(202,18,101),(203,12,102),(204,20,102),(205,14,103),(206,16,103),(207,12,104),(208,16,104),(209,15,105),(210,20,105),(211,13,106),(212,17,106),(213,15,107),(214,20,107),(215,11,108),(216,18,108),(217,11,109),(218,16,109),(219,14,110),(220,17,110),(221,15,111),(222,19,111),(223,13,112),(224,19,112),(225,12,113),(226,16,113),(227,11,114),(228,17,114),(229,13,115),(230,16,115),(231,15,116),(232,18,116),(233,14,117),(234,16,117),(235,13,118),(236,17,118),(237,15,119),(238,20,119),(239,14,120),(240,19,120),(241,13,121),(242,16,121),(243,14,122),(244,17,122),(245,15,123),(246,16,123),(247,12,124),(248,16,124),(249,13,125),(250,18,125),(251,14,126),(252,18,126),(253,13,127),(254,19,127),(255,12,128),(256,19,128),(257,12,129),(258,19,129),(259,14,130),(260,19,130),(261,15,131),(262,17,131),(263,13,132),(264,16,132),(265,13,133),(266,17,133),(267,14,134),(268,18,134),(269,12,135),(270,18,135),(271,12,136),(272,20,136),(273,12,137),(274,19,137),(275,12,138),(276,18,138),(277,12,139),(278,16,139),(279,13,140),(280,20,140),(281,14,141),(282,17,141),(283,11,142),(284,16,142),(285,15,143),(286,18,143),(287,15,144),(288,19,144),(289,14,145),(290,16,145),(291,12,146),(292,17,146),(293,14,147),(294,18,147),(295,14,148),(296,19,148),(297,14,149),(298,20,149),(299,13,150),(300,17,150),(301,15,151),(302,18,151),(303,11,152),(304,20,152),(305,13,153),(306,17,153),(307,14,154),(308,18,154),(309,13,155),(310,19,155),(311,15,156),(312,18,156),(313,13,157),(314,18,157),(315,12,158),(316,20,158),(317,12,159),(318,20,159),(319,13,160),(320,17,160),(321,12,161),(322,17,161),(323,11,162),(324,16,162),(325,11,163),(326,20,163),(327,15,164),(328,19,164),(329,12,165),(330,16,165),(331,15,166),(332,18,166),(333,13,167),(334,17,167),(335,11,168),(336,20,168),(337,14,169),(338,19,169),(339,13,170),(340,16,170),(341,15,171),(342,18,171);
/*!40000 ALTER TABLE `ec_product_variation_items` ENABLE KEYS */;
UNLOCK TABLES;

--
-- Table structure for table `ec_product_variations`
--

DROP TABLE IF EXISTS `ec_product_variations`;
/*!40101 SET @saved_cs_client     = @@character_set_client */;
/*!50503 SET character_set_client = utf8mb4 */;
CREATE TABLE `ec_product_variations` (
  `id` bigint unsigned NOT NULL AUTO_INCREMENT,
  `product_id` int unsigned DEFAULT NULL,
  `configurable_product_id` int unsigned NOT NULL,
  `is_default` tinyint NOT NULL DEFAULT '0',
  PRIMARY KEY (`id`)
) ENGINE=InnoDB AUTO_INCREMENT=172 DEFAULT CHARSET=utf8mb4 COLLATE=utf8mb4_unicode_ci;
/*!40101 SET character_set_client = @saved_cs_client */;

--
-- Dumping data for table `ec_product_variations`
--

LOCK TABLES `ec_product_variations` WRITE;
/*!40000 ALTER TABLE `ec_product_variations` DISABLE KEYS */;
INSERT INTO `ec_product_variations` VALUES (1,66,1,1),(2,67,1,0),(3,68,2,1),(4,69,2,0),(5,70,2,0),(6,71,2,0),(7,72,2,0),(8,73,3,1),(9,74,3,0),(10,75,3,0),(11,76,3,0),(12,77,4,1),(13,78,4,0),(14,79,4,0),(15,80,4,0),(16,81,5,1),(17,82,5,0),(18,83,5,0),(19,84,6,1),(20,85,6,0),(21,86,7,1),(22,87,7,0),(23,88,7,0),(24,89,8,1),(25,90,8,0),(26,91,9,1),(27,92,9,0),(28,93,9,0),(29,94,9,0),(30,95,9,0),(31,96,10,1),(32,97,10,0),(33,98,11,1),(34,99,12,1),(35,100,12,0),(36,101,13,1),(37,102,13,0),(38,103,14,1),(39,104,14,0),(40,105,14,0),(41,106,15,1),(42,107,15,0),(43,108,15,0),(44,109,16,1),(45,110,16,0),(46,111,16,0),(47,112,17,1),(48,113,17,0),(49,114,17,0),(50,115,17,0),(51,116,18,1),(52,117,18,0),(53,118,18,0),(54,119,18,0),(55,120,19,1),(56,121,20,1),(57,122,20,0),(58,123,20,0),(59,124,21,1),(60,125,21,0),(61,126,22,1),(62,127,22,0),(63,128,22,0),(64,129,23,1),(65,130,23,0),(66,131,23,0),(67,132,24,1),(68,133,24,0),(69,134,25,1),(70,135,25,0),(71,136,25,0),(72,137,25,0),(73,138,26,1),(74,139,26,0),(75,140,26,0),(76,141,27,1),(77,142,27,0),(78,143,27,0),(79,144,27,0),(80,145,27,0),(81,146,28,1),(82,147,28,0),(83,148,28,0),(84,149,29,1),(85,150,29,0),(86,151,29,0),(87,152,30,1),(88,153,31,1),(89,154,31,0),(90,155,32,1),(91,156,32,0),(92,157,33,1),(93,158,33,0),(94,159,33,0),(95,160,34,1),(96,161,34,0),(97,162,34,0),(98,163,35,1),(99,164,35,0),(100,165,35,0),(101,166,36,1),(102,167,36,0),(103,168,36,0),(104,169,37,1),(105,170,38,1),(106,171,39,1),(107,172,40,1),(108,173,40,0),(109,174,40,0),(110,175,41,1),(111,176,42,1),(112,177,42,0),(113,178,42,0),(114,179,42,0),(115,180,43,1),(116,181,43,0),(117,182,43,0),(118,183,43,0),(119,184,44,1),(120,185,44,0),(121,186,44,0),(122,187,45,1),(123,188,46,1),(124,189,46,0),(125,190,46,0),(126,191,46,0),(127,192,47,1),(128,193,47,0),(129,194,48,1),(130,195,49,1),(131,196,50,1),(132,197,50,0),(133,198,51,1),(134,199,51,0),(135,200,51,0),(136,201,52,1),(137,202,52,0),(138,203,53,1),(139,204,53,0),(140,205,53,0),(141,206,54,1),(142,207,55,1),(143,208,55,0),(144,209,56,1),(145,210,56,0),(146,211,57,1),(147,212,57,0),(148,213,57,0),(149,214,57,0),(150,215,58,1),(151,216,58,0),(152,217,59,1),(153,218,59,0),(154,219,59,0),(155,220,59,0),(156,221,60,1),(157,222,61,1),(158,223,61,0),(159,224,61,0),(160,225,61,0),(161,226,62,1),(162,227,62,0),(163,228,63,1),(164,229,64,1),(165,230,64,0),(166,231,64,0),(167,232,64,0),(168,233,65,1),(169,234,65,0),(170,235,65,0),(171,236,65,0);
/*!40000 ALTER TABLE `ec_product_variations` ENABLE KEYS */;
UNLOCK TABLES;

--
-- Table structure for table `ec_product_with_attribute_set`
--

DROP TABLE IF EXISTS `ec_product_with_attribute_set`;
/*!40101 SET @saved_cs_client     = @@character_set_client */;
/*!50503 SET character_set_client = utf8mb4 */;
CREATE TABLE `ec_product_with_attribute_set` (
  `id` bigint unsigned NOT NULL AUTO_INCREMENT,
  `attribute_set_id` int unsigned NOT NULL,
  `product_id` int unsigned NOT NULL,
  `order` tinyint unsigned NOT NULL DEFAULT '0',
  PRIMARY KEY (`id`)
) ENGINE=InnoDB AUTO_INCREMENT=131 DEFAULT CHARSET=utf8mb4 COLLATE=utf8mb4_unicode_ci;
/*!40101 SET character_set_client = @saved_cs_client */;

--
-- Dumping data for table `ec_product_with_attribute_set`
--

LOCK TABLES `ec_product_with_attribute_set` WRITE;
/*!40000 ALTER TABLE `ec_product_with_attribute_set` DISABLE KEYS */;
INSERT INTO `ec_product_with_attribute_set` VALUES (1,1,1,0),(2,2,1,0),(3,1,2,0),(4,2,2,0),(5,1,3,0),(6,2,3,0),(7,1,4,0),(8,2,4,0),(9,1,5,0),(10,2,5,0),(11,1,6,0),(12,2,6,0),(13,1,7,0),(14,2,7,0),(15,1,8,0),(16,2,8,0),(17,1,9,0),(18,2,9,0),(19,1,10,0),(20,2,10,0),(21,1,11,0),(22,2,11,0),(23,1,12,0),(24,2,12,0),(25,1,13,0),(26,2,13,0),(27,1,14,0),(28,2,14,0),(29,1,15,0),(30,2,15,0),(31,1,16,0),(32,2,16,0),(33,1,17,0),(34,2,17,0),(35,1,18,0),(36,2,18,0),(37,1,19,0),(38,2,19,0),(39,1,20,0),(40,2,20,0),(41,1,21,0),(42,2,21,0),(43,1,22,0),(44,2,22,0),(45,1,23,0),(46,2,23,0),(47,3,24,0),(48,4,24,0),(49,3,25,0),(50,4,25,0),(51,3,26,0),(52,4,26,0),(53,3,27,0),(54,4,27,0),(55,3,28,0),(56,4,28,0),(57,3,29,0),(58,4,29,0),(59,3,30,0),(60,4,30,0),(61,3,31,0),(62,4,31,0),(63,3,32,0),(64,4,32,0),(65,3,33,0),(66,4,33,0),(67,3,34,0),(68,4,34,0),(69,3,35,0),(70,4,35,0),(71,3,36,0),(72,4,36,0),(73,3,37,0),(74,4,37,0),(75,3,38,0),(76,4,38,0),(77,3,39,0),(78,4,39,0),(79,3,40,0),(80,4,40,0),(81,3,41,0),(82,4,41,0),(83,3,42,0),(84,4,42,0),(85,3,43,0),(86,4,43,0),(87,3,44,0),(88,4,44,0),(89,3,45,0),(90,4,45,0),(91,3,46,0),(92,4,46,0),(93,3,47,0),(94,4,47,0),(95,3,48,0),(96,4,48,0),(97,3,49,0),(98,4,49,0),(99,3,50,0),(100,4,50,0),(101,3,51,0),(102,4,51,0),(103,3,52,0),(104,4,52,0),(105,3,53,0),(106,4,53,0),(107,3,54,0),(108,4,54,0),(109,3,55,0),(110,4,55,0),(111,3,56,0),(112,4,56,0),(113,3,57,0),(114,4,57,0),(115,3,58,0),(116,4,58,0),(117,3,59,0),(118,4,59,0),(119,3,60,0),(120,4,60,0),(121,3,61,0),(122,4,61,0),(123,3,62,0),(124,4,62,0),(125,3,63,0),(126,4,63,0),(127,3,64,0),(128,4,64,0),(129,3,65,0),(130,4,65,0);
/*!40000 ALTER TABLE `ec_product_with_attribute_set` ENABLE KEYS */;
UNLOCK TABLES;

--
-- Table structure for table `ec_products`
--

DROP TABLE IF EXISTS `ec_products`;
/*!40101 SET @saved_cs_client     = @@character_set_client */;
/*!50503 SET character_set_client = utf8mb4 */;
CREATE TABLE `ec_products` (
  `id` bigint unsigned NOT NULL AUTO_INCREMENT,
  `name` varchar(191) COLLATE utf8mb4_unicode_ci NOT NULL,
  `description` text COLLATE utf8mb4_unicode_ci,
  `content` longtext COLLATE utf8mb4_unicode_ci,
  `status` varchar(60) COLLATE utf8mb4_unicode_ci NOT NULL DEFAULT 'published',
  `images` text COLLATE utf8mb4_unicode_ci,
  `sku` varchar(191) COLLATE utf8mb4_unicode_ci DEFAULT NULL,
  `order` int unsigned NOT NULL DEFAULT '0',
  `quantity` int unsigned DEFAULT NULL,
  `allow_checkout_when_out_of_stock` tinyint unsigned NOT NULL DEFAULT '0',
  `with_storehouse_management` tinyint unsigned NOT NULL DEFAULT '0',
  `is_featured` tinyint unsigned NOT NULL DEFAULT '0',
  `brand_id` int unsigned DEFAULT NULL,
  `is_variation` tinyint NOT NULL DEFAULT '0',
  `sale_type` tinyint NOT NULL DEFAULT '0',
  `price` double unsigned DEFAULT NULL,
  `sale_price` double unsigned DEFAULT NULL,
  `start_date` timestamp NULL DEFAULT NULL,
  `end_date` timestamp NULL DEFAULT NULL,
  `length` double(8,2) DEFAULT NULL,
  `wide` double(8,2) DEFAULT NULL,
  `height` double(8,2) DEFAULT NULL,
  `weight` double(8,2) DEFAULT NULL,
  `tax_id` int unsigned DEFAULT NULL,
  `views` bigint NOT NULL DEFAULT '0',
  `created_at` timestamp NULL DEFAULT NULL,
  `updated_at` timestamp NULL DEFAULT NULL,
  `stock_status` varchar(191) COLLATE utf8mb4_unicode_ci DEFAULT 'in_stock',
  `store_id` int unsigned DEFAULT NULL,
  `created_by_id` int DEFAULT '0',
  `created_by_type` varchar(255) COLLATE utf8mb4_unicode_ci NOT NULL DEFAULT 'Botble\\ACL\\Models\\User',
  `approved_by` int DEFAULT '0',
  `image` varchar(255) COLLATE utf8mb4_unicode_ci DEFAULT NULL,
  PRIMARY KEY (`id`),
  KEY `ec_products_brand_id_status_is_variation_created_at_index` (`brand_id`,`status`,`is_variation`,`created_at`)
) ENGINE=InnoDB AUTO_INCREMENT=237 DEFAULT CHARSET=utf8mb4 COLLATE=utf8mb4_unicode_ci;
/*!40101 SET character_set_client = @saved_cs_client */;

--
-- Dumping data for table `ec_products`
--

LOCK TABLES `ec_products` WRITE;
/*!40000 ALTER TABLE `ec_products` DISABLE KEYS */;
INSERT INTO `ec_products` VALUES (1,'Dual Camera 20MP','<ul><li> Unrestrained and portable active stereo speaker</li>\n            <li> Free from the confines of wires and chords</li>\n            <li> 20 hours of portable capabilities</li>\n            <li> Double-ended Coil Cord with 3.5mm Stereo Plugs Included</li>\n            <li> 3/4″ Dome Tweeters: 2X and 4″ Woofer: 1X</li></ul>','<p>Short Hooded Coat features a straight body, large pockets with button flaps, ventilation air holes, and a string detail along the hemline. The style is completed with a drawstring hood, featuring Rains&rsquo; signature built-in cap. Made from waterproof, matte PU, this lightweight unisex rain jacket is an ode to nostalgia through its classic silhouette and utilitarian design details.</p>\n                                <p>- Casual unisex fit</p>\n\n                                <p>- 64% polyester, 36% polyurethane</p>\n\n                                <p>- Water column pressure: 4000 mm</p>\n\n                                <p>- Model is 187cm tall and wearing a size S / M</p>\n\n                                <p>- Unisex fit</p>\n\n                                <p>- Drawstring hood with built-in cap</p>\n\n                                <p>- Front placket with snap buttons</p>\n\n                                <p>- Ventilation under armpit</p>\n\n                                <p>- Adjustable cuffs</p>\n\n                                <p>- Double welted front pockets</p>\n\n                                <p>- Adjustable elastic string at hempen</p>\n\n                                <p>- Ultrasonically welded seams</p>\n\n                                <p>This is a unisex item, please check our clothing &amp; footwear sizing guide for specific Rains jacket sizing information. RAINS comes from the rainy nation of Denmark at the edge of the European continent, close to the ocean and with prevailing westerly winds; all factors that contribute to an average of 121 rain days each year. Arising from these rainy weather conditions comes the attitude that a quick rain shower may be beautiful, as well as moody- but first and foremost requires the right outfit. Rains focus on the whole experience of going outside on rainy days, issuing an invitation to explore even in the most mercurial weather.</p>','published','[\"products\\/1.jpg\"]','SW-175-A0',0,12,0,1,1,3,0,0,80.25,NULL,NULL,NULL,18.00,15.00,13.00,899.00,1,59589,'2022-05-30 02:37:08','2022-05-30 02:37:27','in_stock',5,0,'Botble\\ACL\\Models\\User',0,NULL),(2,'Smart Watches','<ul><li> Unrestrained and portable active stereo speaker</li>\n            <li> Free from the confines of wires and chords</li>\n            <li> 20 hours of portable capabilities</li>\n            <li> Double-ended Coil Cord with 3.5mm Stereo Plugs Included</li>\n            <li> 3/4″ Dome Tweeters: 2X and 4″ Woofer: 1X</li></ul>','<p>Short Hooded Coat features a straight body, large pockets with button flaps, ventilation air holes, and a string detail along the hemline. The style is completed with a drawstring hood, featuring Rains&rsquo; signature built-in cap. Made from waterproof, matte PU, this lightweight unisex rain jacket is an ode to nostalgia through its classic silhouette and utilitarian design details.</p>\n                                <p>- Casual unisex fit</p>\n\n                                <p>- 64% polyester, 36% polyurethane</p>\n\n                                <p>- Water column pressure: 4000 mm</p>\n\n                                <p>- Model is 187cm tall and wearing a size S / M</p>\n\n                                <p>- Unisex fit</p>\n\n                                <p>- Drawstring hood with built-in cap</p>\n\n                                <p>- Front placket with snap buttons</p>\n\n                                <p>- Ventilation under armpit</p>\n\n                                <p>- Adjustable cuffs</p>\n\n                                <p>- Double welted front pockets</p>\n\n                                <p>- Adjustable elastic string at hempen</p>\n\n                                <p>- Ultrasonically welded seams</p>\n\n                                <p>This is a unisex item, please check our clothing &amp; footwear sizing guide for specific Rains jacket sizing information. RAINS comes from the rainy nation of Denmark at the edge of the European continent, close to the ocean and with prevailing westerly winds; all factors that contribute to an average of 121 rain days each year. Arising from these rainy weather conditions comes the attitude that a quick rain shower may be beautiful, as well as moody- but first and foremost requires the right outfit. Rains focus on the whole experience of going outside on rainy days, issuing an invitation to explore even in the most mercurial weather.</p>','published','[\"products\\/2.jpg\",\"products\\/2-1.jpg\",\"products\\/2-2.jpg\",\"products\\/2-3.jpg\"]','SW-198-A0',0,19,0,1,1,2,0,0,40.5,NULL,NULL,NULL,10.00,10.00,10.00,824.00,1,159905,'2022-05-30 02:37:09','2022-05-30 02:37:27','in_stock',4,0,'Botble\\ACL\\Models\\User',0,NULL),(3,'Beat Headphone','<ul><li> Unrestrained and portable active stereo speaker</li>\n            <li> Free from the confines of wires and chords</li>\n            <li> 20 hours of portable capabilities</li>\n            <li> Double-ended Coil Cord with 3.5mm Stereo Plugs Included</li>\n            <li> 3/4″ Dome Tweeters: 2X and 4″ Woofer: 1X</li></ul>','<p>Short Hooded Coat features a straight body, large pockets with button flaps, ventilation air holes, and a string detail along the hemline. The style is completed with a drawstring hood, featuring Rains&rsquo; signature built-in cap. Made from waterproof, matte PU, this lightweight unisex rain jacket is an ode to nostalgia through its classic silhouette and utilitarian design details.</p>\n                                <p>- Casual unisex fit</p>\n\n                                <p>- 64% polyester, 36% polyurethane</p>\n\n                                <p>- Water column pressure: 4000 mm</p>\n\n                                <p>- Model is 187cm tall and wearing a size S / M</p>\n\n                                <p>- Unisex fit</p>\n\n                                <p>- Drawstring hood with built-in cap</p>\n\n                                <p>- Front placket with snap buttons</p>\n\n                                <p>- Ventilation under armpit</p>\n\n                                <p>- Adjustable cuffs</p>\n\n                                <p>- Double welted front pockets</p>\n\n                                <p>- Adjustable elastic string at hempen</p>\n\n                                <p>- Ultrasonically welded seams</p>\n\n                                <p>This is a unisex item, please check our clothing &amp; footwear sizing guide for specific Rains jacket sizing information. RAINS comes from the rainy nation of Denmark at the edge of the European continent, close to the ocean and with prevailing westerly winds; all factors that contribute to an average of 121 rain days each year. Arising from these rainy weather conditions comes the attitude that a quick rain shower may be beautiful, as well as moody- but first and foremost requires the right outfit. Rains focus on the whole experience of going outside on rainy days, issuing an invitation to explore even in the most mercurial weather.</p>','published','[\"products\\/3.jpg\"]','SW-165-A0',0,15,0,1,1,5,0,0,20,NULL,NULL,NULL,20.00,12.00,20.00,619.00,1,159093,'2022-05-30 02:37:09','2022-05-30 02:37:27','in_stock',5,0,'Botble\\ACL\\Models\\User',0,NULL),(4,'Red & Black Headphone','<ul><li> Unrestrained and portable active stereo speaker</li>\n            <li> Free from the confines of wires and chords</li>\n            <li> 20 hours of portable capabilities</li>\n            <li> Double-ended Coil Cord with 3.5mm Stereo Plugs Included</li>\n            <li> 3/4″ Dome Tweeters: 2X and 4″ Woofer: 1X</li></ul>','<p>Short Hooded Coat features a straight body, large pockets with button flaps, ventilation air holes, and a string detail along the hemline. The style is completed with a drawstring hood, featuring Rains&rsquo; signature built-in cap. Made from waterproof, matte PU, this lightweight unisex rain jacket is an ode to nostalgia through its classic silhouette and utilitarian design details.</p>\n                                <p>- Casual unisex fit</p>\n\n                                <p>- 64% polyester, 36% polyurethane</p>\n\n                                <p>- Water column pressure: 4000 mm</p>\n\n                                <p>- Model is 187cm tall and wearing a size S / M</p>\n\n                                <p>- Unisex fit</p>\n\n                                <p>- Drawstring hood with built-in cap</p>\n\n                                <p>- Front placket with snap buttons</p>\n\n                                <p>- Ventilation under armpit</p>\n\n                                <p>- Adjustable cuffs</p>\n\n                                <p>- Double welted front pockets</p>\n\n                                <p>- Adjustable elastic string at hempen</p>\n\n                                <p>- Ultrasonically welded seams</p>\n\n                                <p>This is a unisex item, please check our clothing &amp; footwear sizing guide for specific Rains jacket sizing information. RAINS comes from the rainy nation of Denmark at the edge of the European continent, close to the ocean and with prevailing westerly winds; all factors that contribute to an average of 121 rain days each year. Arising from these rainy weather conditions comes the attitude that a quick rain shower may be beautiful, as well as moody- but first and foremost requires the right outfit. Rains focus on the whole experience of going outside on rainy days, issuing an invitation to explore even in the most mercurial weather.</p>','published','[\"products\\/4.jpg\",\"products\\/4-1.jpg\",\"products\\/4-2.jpg\",\"products\\/4-3.jpg\"]','SW-191-A0',0,14,0,1,1,3,0,0,577,513.53,NULL,NULL,14.00,20.00,18.00,521.00,1,188830,'2022-05-30 02:37:09','2022-05-30 02:37:27','in_stock',2,0,'Botble\\ACL\\Models\\User',0,NULL),(5,'Smart Watch External','<ul><li> Unrestrained and portable active stereo speaker</li>\n            <li> Free from the confines of wires and chords</li>\n            <li> 20 hours of portable capabilities</li>\n            <li> Double-ended Coil Cord with 3.5mm Stereo Plugs Included</li>\n            <li> 3/4″ Dome Tweeters: 2X and 4″ Woofer: 1X</li></ul>','<p>Short Hooded Coat features a straight body, large pockets with button flaps, ventilation air holes, and a string detail along the hemline. The style is completed with a drawstring hood, featuring Rains&rsquo; signature built-in cap. Made from waterproof, matte PU, this lightweight unisex rain jacket is an ode to nostalgia through its classic silhouette and utilitarian design details.</p>\n                                <p>- Casual unisex fit</p>\n\n                                <p>- 64% polyester, 36% polyurethane</p>\n\n                                <p>- Water column pressure: 4000 mm</p>\n\n                                <p>- Model is 187cm tall and wearing a size S / M</p>\n\n                                <p>- Unisex fit</p>\n\n                                <p>- Drawstring hood with built-in cap</p>\n\n                                <p>- Front placket with snap buttons</p>\n\n                                <p>- Ventilation under armpit</p>\n\n                                <p>- Adjustable cuffs</p>\n\n                                <p>- Double welted front pockets</p>\n\n                                <p>- Adjustable elastic string at hempen</p>\n\n                                <p>- Ultrasonically welded seams</p>\n\n                                <p>This is a unisex item, please check our clothing &amp; footwear sizing guide for specific Rains jacket sizing information. RAINS comes from the rainy nation of Denmark at the edge of the European continent, close to the ocean and with prevailing westerly winds; all factors that contribute to an average of 121 rain days each year. Arising from these rainy weather conditions comes the attitude that a quick rain shower may be beautiful, as well as moody- but first and foremost requires the right outfit. Rains focus on the whole experience of going outside on rainy days, issuing an invitation to explore even in the most mercurial weather.</p>','published','[\"products\\/5.jpg\",\"products\\/5-1.jpg\",\"products\\/5-2.jpg\",\"products\\/5-3.jpg\"]','SW-174-A0',0,20,0,1,1,5,0,0,714,NULL,NULL,NULL,20.00,11.00,17.00,546.00,1,155952,'2022-05-30 02:37:09','2022-05-30 02:37:27','in_stock',8,0,'Botble\\ACL\\Models\\User',0,NULL),(6,'Nikon HD camera','<ul><li> Unrestrained and portable active stereo speaker</li>\n            <li> Free from the confines of wires and chords</li>\n            <li> 20 hours of portable capabilities</li>\n            <li> Double-ended Coil Cord with 3.5mm Stereo Plugs Included</li>\n            <li> 3/4″ Dome Tweeters: 2X and 4″ Woofer: 1X</li></ul>','<p>Short Hooded Coat features a straight body, large pockets with button flaps, ventilation air holes, and a string detail along the hemline. The style is completed with a drawstring hood, featuring Rains&rsquo; signature built-in cap. Made from waterproof, matte PU, this lightweight unisex rain jacket is an ode to nostalgia through its classic silhouette and utilitarian design details.</p>\n                                <p>- Casual unisex fit</p>\n\n                                <p>- 64% polyester, 36% polyurethane</p>\n\n                                <p>- Water column pressure: 4000 mm</p>\n\n                                <p>- Model is 187cm tall and wearing a size S / M</p>\n\n                                <p>- Unisex fit</p>\n\n                                <p>- Drawstring hood with built-in cap</p>\n\n                                <p>- Front placket with snap buttons</p>\n\n                                <p>- Ventilation under armpit</p>\n\n                                <p>- Adjustable cuffs</p>\n\n                                <p>- Double welted front pockets</p>\n\n                                <p>- Adjustable elastic string at hempen</p>\n\n                                <p>- Ultrasonically welded seams</p>\n\n                                <p>This is a unisex item, please check our clothing &amp; footwear sizing guide for specific Rains jacket sizing information. RAINS comes from the rainy nation of Denmark at the edge of the European continent, close to the ocean and with prevailing westerly winds; all factors that contribute to an average of 121 rain days each year. Arising from these rainy weather conditions comes the attitude that a quick rain shower may be beautiful, as well as moody- but first and foremost requires the right outfit. Rains focus on the whole experience of going outside on rainy days, issuing an invitation to explore even in the most mercurial weather.</p>','published','[\"products\\/6.jpg\"]','SW-129-A0',0,15,0,1,1,4,0,0,421,NULL,NULL,NULL,19.00,20.00,13.00,848.00,1,6987,'2022-05-30 02:37:09','2022-05-30 02:37:27','in_stock',1,0,'Botble\\ACL\\Models\\User',0,NULL),(7,'Audio Equipment','<ul><li> Unrestrained and portable active stereo speaker</li>\n            <li> Free from the confines of wires and chords</li>\n            <li> 20 hours of portable capabilities</li>\n            <li> Double-ended Coil Cord with 3.5mm Stereo Plugs Included</li>\n            <li> 3/4″ Dome Tweeters: 2X and 4″ Woofer: 1X</li></ul>','<p>Short Hooded Coat features a straight body, large pockets with button flaps, ventilation air holes, and a string detail along the hemline. The style is completed with a drawstring hood, featuring Rains&rsquo; signature built-in cap. Made from waterproof, matte PU, this lightweight unisex rain jacket is an ode to nostalgia through its classic silhouette and utilitarian design details.</p>\n                                <p>- Casual unisex fit</p>\n\n                                <p>- 64% polyester, 36% polyurethane</p>\n\n                                <p>- Water column pressure: 4000 mm</p>\n\n                                <p>- Model is 187cm tall and wearing a size S / M</p>\n\n                                <p>- Unisex fit</p>\n\n                                <p>- Drawstring hood with built-in cap</p>\n\n                                <p>- Front placket with snap buttons</p>\n\n                                <p>- Ventilation under armpit</p>\n\n                                <p>- Adjustable cuffs</p>\n\n                                <p>- Double welted front pockets</p>\n\n                                <p>- Adjustable elastic string at hempen</p>\n\n                                <p>- Ultrasonically welded seams</p>\n\n                                <p>This is a unisex item, please check our clothing &amp; footwear sizing guide for specific Rains jacket sizing information. RAINS comes from the rainy nation of Denmark at the edge of the European continent, close to the ocean and with prevailing westerly winds; all factors that contribute to an average of 121 rain days each year. Arising from these rainy weather conditions comes the attitude that a quick rain shower may be beautiful, as well as moody- but first and foremost requires the right outfit. Rains focus on the whole experience of going outside on rainy days, issuing an invitation to explore even in the most mercurial weather.</p>','published','[\"products\\/7.jpg\"]','SW-172-A0',0,20,0,1,1,4,0,0,592,NULL,NULL,NULL,15.00,17.00,11.00,567.00,1,160061,'2022-05-30 02:37:09','2022-05-30 02:37:27','in_stock',6,0,'Botble\\ACL\\Models\\User',0,NULL),(8,'Smart Televisions','<ul><li> Unrestrained and portable active stereo speaker</li>\n            <li> Free from the confines of wires and chords</li>\n            <li> 20 hours of portable capabilities</li>\n            <li> Double-ended Coil Cord with 3.5mm Stereo Plugs Included</li>\n            <li> 3/4″ Dome Tweeters: 2X and 4″ Woofer: 1X</li></ul>','<p>Short Hooded Coat features a straight body, large pockets with button flaps, ventilation air holes, and a string detail along the hemline. The style is completed with a drawstring hood, featuring Rains&rsquo; signature built-in cap. Made from waterproof, matte PU, this lightweight unisex rain jacket is an ode to nostalgia through its classic silhouette and utilitarian design details.</p>\n                                <p>- Casual unisex fit</p>\n\n                                <p>- 64% polyester, 36% polyurethane</p>\n\n                                <p>- Water column pressure: 4000 mm</p>\n\n                                <p>- Model is 187cm tall and wearing a size S / M</p>\n\n                                <p>- Unisex fit</p>\n\n                                <p>- Drawstring hood with built-in cap</p>\n\n                                <p>- Front placket with snap buttons</p>\n\n                                <p>- Ventilation under armpit</p>\n\n                                <p>- Adjustable cuffs</p>\n\n                                <p>- Double welted front pockets</p>\n\n                                <p>- Adjustable elastic string at hempen</p>\n\n                                <p>- Ultrasonically welded seams</p>\n\n                                <p>This is a unisex item, please check our clothing &amp; footwear sizing guide for specific Rains jacket sizing information. RAINS comes from the rainy nation of Denmark at the edge of the European continent, close to the ocean and with prevailing westerly winds; all factors that contribute to an average of 121 rain days each year. Arising from these rainy weather conditions comes the attitude that a quick rain shower may be beautiful, as well as moody- but first and foremost requires the right outfit. Rains focus on the whole experience of going outside on rainy days, issuing an invitation to explore even in the most mercurial weather.</p>','published','[\"products\\/8.jpg\",\"products\\/8-1.jpg\",\"products\\/8-2.jpg\",\"products\\/8-3.jpg\"]','SW-129-A0',0,16,0,1,1,1,0,0,1232,1010.24,NULL,NULL,10.00,14.00,15.00,596.00,1,147168,'2022-05-30 02:37:09','2022-05-30 02:37:27','in_stock',4,0,'Botble\\ACL\\Models\\User',0,NULL),(9,'Samsung Smart Phone','<ul><li> Unrestrained and portable active stereo speaker</li>\n            <li> Free from the confines of wires and chords</li>\n            <li> 20 hours of portable capabilities</li>\n            <li> Double-ended Coil Cord with 3.5mm Stereo Plugs Included</li>\n            <li> 3/4″ Dome Tweeters: 2X and 4″ Woofer: 1X</li></ul>','<p>Short Hooded Coat features a straight body, large pockets with button flaps, ventilation air holes, and a string detail along the hemline. The style is completed with a drawstring hood, featuring Rains&rsquo; signature built-in cap. Made from waterproof, matte PU, this lightweight unisex rain jacket is an ode to nostalgia through its classic silhouette and utilitarian design details.</p>\n                                <p>- Casual unisex fit</p>\n\n                                <p>- 64% polyester, 36% polyurethane</p>\n\n                                <p>- Water column pressure: 4000 mm</p>\n\n                                <p>- Model is 187cm tall and wearing a size S / M</p>\n\n                                <p>- Unisex fit</p>\n\n                                <p>- Drawstring hood with built-in cap</p>\n\n                                <p>- Front placket with snap buttons</p>\n\n                                <p>- Ventilation under armpit</p>\n\n                                <p>- Adjustable cuffs</p>\n\n                                <p>- Double welted front pockets</p>\n\n                                <p>- Adjustable elastic string at hempen</p>\n\n                                <p>- Ultrasonically welded seams</p>\n\n                                <p>This is a unisex item, please check our clothing &amp; footwear sizing guide for specific Rains jacket sizing information. RAINS comes from the rainy nation of Denmark at the edge of the European continent, close to the ocean and with prevailing westerly winds; all factors that contribute to an average of 121 rain days each year. Arising from these rainy weather conditions comes the attitude that a quick rain shower may be beautiful, as well as moody- but first and foremost requires the right outfit. Rains focus on the whole experience of going outside on rainy days, issuing an invitation to explore even in the most mercurial weather.</p>','published','[\"products\\/9.jpg\",\"products\\/9-1.jpg\",\"products\\/9-2.jpg\"]','SW-140-A0',0,10,0,1,1,2,0,0,581,NULL,NULL,NULL,13.00,12.00,17.00,686.00,1,190727,'2022-05-30 02:37:09','2022-05-30 02:37:27','in_stock',4,0,'Botble\\ACL\\Models\\User',0,NULL),(10,'Herschel Leather Duffle Bag In Brown Color','<ul><li> Unrestrained and portable active stereo speaker</li>\n            <li> Free from the confines of wires and chords</li>\n            <li> 20 hours of portable capabilities</li>\n            <li> Double-ended Coil Cord with 3.5mm Stereo Plugs Included</li>\n            <li> 3/4″ Dome Tweeters: 2X and 4″ Woofer: 1X</li></ul>','<p>Short Hooded Coat features a straight body, large pockets with button flaps, ventilation air holes, and a string detail along the hemline. The style is completed with a drawstring hood, featuring Rains&rsquo; signature built-in cap. Made from waterproof, matte PU, this lightweight unisex rain jacket is an ode to nostalgia through its classic silhouette and utilitarian design details.</p>\n                                <p>- Casual unisex fit</p>\n\n                                <p>- 64% polyester, 36% polyurethane</p>\n\n                                <p>- Water column pressure: 4000 mm</p>\n\n                                <p>- Model is 187cm tall and wearing a size S / M</p>\n\n                                <p>- Unisex fit</p>\n\n                                <p>- Drawstring hood with built-in cap</p>\n\n                                <p>- Front placket with snap buttons</p>\n\n                                <p>- Ventilation under armpit</p>\n\n                                <p>- Adjustable cuffs</p>\n\n                                <p>- Double welted front pockets</p>\n\n                                <p>- Adjustable elastic string at hempen</p>\n\n                                <p>- Ultrasonically welded seams</p>\n\n                                <p>This is a unisex item, please check our clothing &amp; footwear sizing guide for specific Rains jacket sizing information. RAINS comes from the rainy nation of Denmark at the edge of the European continent, close to the ocean and with prevailing westerly winds; all factors that contribute to an average of 121 rain days each year. Arising from these rainy weather conditions comes the attitude that a quick rain shower may be beautiful, as well as moody- but first and foremost requires the right outfit. Rains focus on the whole experience of going outside on rainy days, issuing an invitation to explore even in the most mercurial weather.</p>','published','[\"products\\/10.jpg\",\"products\\/10-1.jpg\",\"products\\/10-2.jpg\"]','SW-108-A0',0,13,0,1,0,4,0,0,1143,NULL,NULL,NULL,17.00,11.00,16.00,840.00,1,83831,'2022-05-30 02:37:09','2022-05-30 02:37:27','in_stock',5,0,'Botble\\ACL\\Models\\User',0,NULL),(11,'Xbox One Wireless Controller Black Color','<ul><li> Unrestrained and portable active stereo speaker</li>\n            <li> Free from the confines of wires and chords</li>\n            <li> 20 hours of portable capabilities</li>\n            <li> Double-ended Coil Cord with 3.5mm Stereo Plugs Included</li>\n            <li> 3/4″ Dome Tweeters: 2X and 4″ Woofer: 1X</li></ul>','<p>Short Hooded Coat features a straight body, large pockets with button flaps, ventilation air holes, and a string detail along the hemline. The style is completed with a drawstring hood, featuring Rains&rsquo; signature built-in cap. Made from waterproof, matte PU, this lightweight unisex rain jacket is an ode to nostalgia through its classic silhouette and utilitarian design details.</p>\n                                <p>- Casual unisex fit</p>\n\n                                <p>- 64% polyester, 36% polyurethane</p>\n\n                                <p>- Water column pressure: 4000 mm</p>\n\n                                <p>- Model is 187cm tall and wearing a size S / M</p>\n\n                                <p>- Unisex fit</p>\n\n                                <p>- Drawstring hood with built-in cap</p>\n\n                                <p>- Front placket with snap buttons</p>\n\n                                <p>- Ventilation under armpit</p>\n\n                                <p>- Adjustable cuffs</p>\n\n                                <p>- Double welted front pockets</p>\n\n                                <p>- Adjustable elastic string at hempen</p>\n\n                                <p>- Ultrasonically welded seams</p>\n\n                                <p>This is a unisex item, please check our clothing &amp; footwear sizing guide for specific Rains jacket sizing information. RAINS comes from the rainy nation of Denmark at the edge of the European continent, close to the ocean and with prevailing westerly winds; all factors that contribute to an average of 121 rain days each year. Arising from these rainy weather conditions comes the attitude that a quick rain shower may be beautiful, as well as moody- but first and foremost requires the right outfit. Rains focus on the whole experience of going outside on rainy days, issuing an invitation to explore even in the most mercurial weather.</p>','published','[\"products\\/11.jpg\",\"products\\/11-1.jpg\",\"products\\/11-2.jpg\",\"products\\/11-3.jpg\"]','SW-115-A0',0,19,0,1,0,3,0,0,1224,NULL,NULL,NULL,20.00,18.00,16.00,567.00,1,96203,'2022-05-30 02:37:09','2022-05-30 02:37:27','in_stock',7,0,'Botble\\ACL\\Models\\User',0,NULL),(12,'EPSION Plaster Printer','<ul><li> Unrestrained and portable active stereo speaker</li>\n            <li> Free from the confines of wires and chords</li>\n            <li> 20 hours of portable capabilities</li>\n            <li> Double-ended Coil Cord with 3.5mm Stereo Plugs Included</li>\n            <li> 3/4″ Dome Tweeters: 2X and 4″ Woofer: 1X</li></ul>','<p>Short Hooded Coat features a straight body, large pockets with button flaps, ventilation air holes, and a string detail along the hemline. The style is completed with a drawstring hood, featuring Rains&rsquo; signature built-in cap. Made from waterproof, matte PU, this lightweight unisex rain jacket is an ode to nostalgia through its classic silhouette and utilitarian design details.</p>\n                                <p>- Casual unisex fit</p>\n\n                                <p>- 64% polyester, 36% polyurethane</p>\n\n                                <p>- Water column pressure: 4000 mm</p>\n\n                                <p>- Model is 187cm tall and wearing a size S / M</p>\n\n                                <p>- Unisex fit</p>\n\n                                <p>- Drawstring hood with built-in cap</p>\n\n                                <p>- Front placket with snap buttons</p>\n\n                                <p>- Ventilation under armpit</p>\n\n                                <p>- Adjustable cuffs</p>\n\n                                <p>- Double welted front pockets</p>\n\n                                <p>- Adjustable elastic string at hempen</p>\n\n                                <p>- Ultrasonically welded seams</p>\n\n                                <p>This is a unisex item, please check our clothing &amp; footwear sizing guide for specific Rains jacket sizing information. RAINS comes from the rainy nation of Denmark at the edge of the European continent, close to the ocean and with prevailing westerly winds; all factors that contribute to an average of 121 rain days each year. Arising from these rainy weather conditions comes the attitude that a quick rain shower may be beautiful, as well as moody- but first and foremost requires the right outfit. Rains focus on the whole experience of going outside on rainy days, issuing an invitation to explore even in the most mercurial weather.</p>','published','[\"products\\/12.jpg\",\"products\\/12-1.jpg\",\"products\\/12-2.jpg\",\"products\\/12-3.jpg\"]','SW-107-A0',0,20,0,1,0,5,0,0,500,430,NULL,NULL,16.00,11.00,18.00,895.00,1,57828,'2022-05-30 02:37:09','2022-05-30 02:37:27','in_stock',5,0,'Botble\\ACL\\Models\\User',0,NULL),(13,'Sound Intone I65 Earphone White Version','<ul><li> Unrestrained and portable active stereo speaker</li>\n            <li> Free from the confines of wires and chords</li>\n            <li> 20 hours of portable capabilities</li>\n            <li> Double-ended Coil Cord with 3.5mm Stereo Plugs Included</li>\n            <li> 3/4″ Dome Tweeters: 2X and 4″ Woofer: 1X</li></ul>','<p>Short Hooded Coat features a straight body, large pockets with button flaps, ventilation air holes, and a string detail along the hemline. The style is completed with a drawstring hood, featuring Rains&rsquo; signature built-in cap. Made from waterproof, matte PU, this lightweight unisex rain jacket is an ode to nostalgia through its classic silhouette and utilitarian design details.</p>\n                                <p>- Casual unisex fit</p>\n\n                                <p>- 64% polyester, 36% polyurethane</p>\n\n                                <p>- Water column pressure: 4000 mm</p>\n\n                                <p>- Model is 187cm tall and wearing a size S / M</p>\n\n                                <p>- Unisex fit</p>\n\n                                <p>- Drawstring hood with built-in cap</p>\n\n                                <p>- Front placket with snap buttons</p>\n\n                                <p>- Ventilation under armpit</p>\n\n                                <p>- Adjustable cuffs</p>\n\n                                <p>- Double welted front pockets</p>\n\n                                <p>- Adjustable elastic string at hempen</p>\n\n                                <p>- Ultrasonically welded seams</p>\n\n                                <p>This is a unisex item, please check our clothing &amp; footwear sizing guide for specific Rains jacket sizing information. RAINS comes from the rainy nation of Denmark at the edge of the European continent, close to the ocean and with prevailing westerly winds; all factors that contribute to an average of 121 rain days each year. Arising from these rainy weather conditions comes the attitude that a quick rain shower may be beautiful, as well as moody- but first and foremost requires the right outfit. Rains focus on the whole experience of going outside on rainy days, issuing an invitation to explore even in the most mercurial weather.</p>','published','[\"products\\/13.jpg\",\"products\\/13-1.jpg\"]','SW-122-A0',0,15,0,1,0,4,0,0,599,NULL,NULL,NULL,13.00,20.00,14.00,553.00,1,189962,'2022-05-30 02:37:09','2022-05-30 02:37:27','in_stock',8,0,'Botble\\ACL\\Models\\User',0,NULL),(14,'B&O Play Mini Bluetooth Speaker','<ul><li> Unrestrained and portable active stereo speaker</li>\n            <li> Free from the confines of wires and chords</li>\n            <li> 20 hours of portable capabilities</li>\n            <li> Double-ended Coil Cord with 3.5mm Stereo Plugs Included</li>\n            <li> 3/4″ Dome Tweeters: 2X and 4″ Woofer: 1X</li></ul>','<p>Short Hooded Coat features a straight body, large pockets with button flaps, ventilation air holes, and a string detail along the hemline. The style is completed with a drawstring hood, featuring Rains&rsquo; signature built-in cap. Made from waterproof, matte PU, this lightweight unisex rain jacket is an ode to nostalgia through its classic silhouette and utilitarian design details.</p>\n                                <p>- Casual unisex fit</p>\n\n                                <p>- 64% polyester, 36% polyurethane</p>\n\n                                <p>- Water column pressure: 4000 mm</p>\n\n                                <p>- Model is 187cm tall and wearing a size S / M</p>\n\n                                <p>- Unisex fit</p>\n\n                                <p>- Drawstring hood with built-in cap</p>\n\n                                <p>- Front placket with snap buttons</p>\n\n                                <p>- Ventilation under armpit</p>\n\n                                <p>- Adjustable cuffs</p>\n\n                                <p>- Double welted front pockets</p>\n\n                                <p>- Adjustable elastic string at hempen</p>\n\n                                <p>- Ultrasonically welded seams</p>\n\n                                <p>This is a unisex item, please check our clothing &amp; footwear sizing guide for specific Rains jacket sizing information. RAINS comes from the rainy nation of Denmark at the edge of the European continent, close to the ocean and with prevailing westerly winds; all factors that contribute to an average of 121 rain days each year. Arising from these rainy weather conditions comes the attitude that a quick rain shower may be beautiful, as well as moody- but first and foremost requires the right outfit. Rains focus on the whole experience of going outside on rainy days, issuing an invitation to explore even in the most mercurial weather.</p>','published','[\"products\\/14.jpg\"]','SW-138-A0',0,13,0,1,0,2,0,0,590,NULL,NULL,NULL,16.00,12.00,16.00,880.00,1,192336,'2022-05-30 02:37:09','2022-05-30 02:37:27','in_stock',1,0,'Botble\\ACL\\Models\\User',0,NULL),(15,'Apple MacBook Air Retina 13.3-Inch Laptop','<ul><li> Unrestrained and portable active stereo speaker</li>\n            <li> Free from the confines of wires and chords</li>\n            <li> 20 hours of portable capabilities</li>\n            <li> Double-ended Coil Cord with 3.5mm Stereo Plugs Included</li>\n            <li> 3/4″ Dome Tweeters: 2X and 4″ Woofer: 1X</li></ul>','<p>Short Hooded Coat features a straight body, large pockets with button flaps, ventilation air holes, and a string detail along the hemline. The style is completed with a drawstring hood, featuring Rains&rsquo; signature built-in cap. Made from waterproof, matte PU, this lightweight unisex rain jacket is an ode to nostalgia through its classic silhouette and utilitarian design details.</p>\n                                <p>- Casual unisex fit</p>\n\n                                <p>- 64% polyester, 36% polyurethane</p>\n\n                                <p>- Water column pressure: 4000 mm</p>\n\n                                <p>- Model is 187cm tall and wearing a size S / M</p>\n\n                                <p>- Unisex fit</p>\n\n                                <p>- Drawstring hood with built-in cap</p>\n\n                                <p>- Front placket with snap buttons</p>\n\n                                <p>- Ventilation under armpit</p>\n\n                                <p>- Adjustable cuffs</p>\n\n                                <p>- Double welted front pockets</p>\n\n                                <p>- Adjustable elastic string at hempen</p>\n\n                                <p>- Ultrasonically welded seams</p>\n\n                                <p>This is a unisex item, please check our clothing &amp; footwear sizing guide for specific Rains jacket sizing information. RAINS comes from the rainy nation of Denmark at the edge of the European continent, close to the ocean and with prevailing westerly winds; all factors that contribute to an average of 121 rain days each year. Arising from these rainy weather conditions comes the attitude that a quick rain shower may be beautiful, as well as moody- but first and foremost requires the right outfit. Rains focus on the whole experience of going outside on rainy days, issuing an invitation to explore even in the most mercurial weather.</p>','published','[\"products\\/15.jpg\",\"products\\/15-1.jpg\"]','SW-189-A0',0,13,0,1,0,3,0,0,508,NULL,NULL,NULL,16.00,15.00,18.00,525.00,1,163814,'2022-05-30 02:37:09','2022-05-30 02:37:27','in_stock',8,0,'Botble\\ACL\\Models\\User',0,NULL),(16,'Apple MacBook Air Retina 12-Inch Laptop','<ul><li> Unrestrained and portable active stereo speaker</li>\n            <li> Free from the confines of wires and chords</li>\n            <li> 20 hours of portable capabilities</li>\n            <li> Double-ended Coil Cord with 3.5mm Stereo Plugs Included</li>\n            <li> 3/4″ Dome Tweeters: 2X and 4″ Woofer: 1X</li></ul>','<p>Short Hooded Coat features a straight body, large pockets with button flaps, ventilation air holes, and a string detail along the hemline. The style is completed with a drawstring hood, featuring Rains&rsquo; signature built-in cap. Made from waterproof, matte PU, this lightweight unisex rain jacket is an ode to nostalgia through its classic silhouette and utilitarian design details.</p>\n                                <p>- Casual unisex fit</p>\n\n                                <p>- 64% polyester, 36% polyurethane</p>\n\n                                <p>- Water column pressure: 4000 mm</p>\n\n                                <p>- Model is 187cm tall and wearing a size S / M</p>\n\n                                <p>- Unisex fit</p>\n\n                                <p>- Drawstring hood with built-in cap</p>\n\n                                <p>- Front placket with snap buttons</p>\n\n                                <p>- Ventilation under armpit</p>\n\n                                <p>- Adjustable cuffs</p>\n\n                                <p>- Double welted front pockets</p>\n\n                                <p>- Adjustable elastic string at hempen</p>\n\n                                <p>- Ultrasonically welded seams</p>\n\n                                <p>This is a unisex item, please check our clothing &amp; footwear sizing guide for specific Rains jacket sizing information. RAINS comes from the rainy nation of Denmark at the edge of the European continent, close to the ocean and with prevailing westerly winds; all factors that contribute to an average of 121 rain days each year. Arising from these rainy weather conditions comes the attitude that a quick rain shower may be beautiful, as well as moody- but first and foremost requires the right outfit. Rains focus on the whole experience of going outside on rainy days, issuing an invitation to explore even in the most mercurial weather.</p>','published','[\"products\\/16.jpg\"]','SW-123-A0',0,20,0,1,0,1,0,0,593,521.84,NULL,NULL,15.00,11.00,18.00,591.00,1,121821,'2022-05-30 02:37:09','2022-05-30 02:37:27','in_stock',8,0,'Botble\\ACL\\Models\\User',0,NULL),(17,'Samsung Gear VR Virtual Reality Headset','<ul><li> Unrestrained and portable active stereo speaker</li>\n            <li> Free from the confines of wires and chords</li>\n            <li> 20 hours of portable capabilities</li>\n            <li> Double-ended Coil Cord with 3.5mm Stereo Plugs Included</li>\n            <li> 3/4″ Dome Tweeters: 2X and 4″ Woofer: 1X</li></ul>','<p>Short Hooded Coat features a straight body, large pockets with button flaps, ventilation air holes, and a string detail along the hemline. The style is completed with a drawstring hood, featuring Rains&rsquo; signature built-in cap. Made from waterproof, matte PU, this lightweight unisex rain jacket is an ode to nostalgia through its classic silhouette and utilitarian design details.</p>\n                                <p>- Casual unisex fit</p>\n\n                                <p>- 64% polyester, 36% polyurethane</p>\n\n                                <p>- Water column pressure: 4000 mm</p>\n\n                                <p>- Model is 187cm tall and wearing a size S / M</p>\n\n                                <p>- Unisex fit</p>\n\n                                <p>- Drawstring hood with built-in cap</p>\n\n                                <p>- Front placket with snap buttons</p>\n\n                                <p>- Ventilation under armpit</p>\n\n                                <p>- Adjustable cuffs</p>\n\n                                <p>- Double welted front pockets</p>\n\n                                <p>- Adjustable elastic string at hempen</p>\n\n                                <p>- Ultrasonically welded seams</p>\n\n                                <p>This is a unisex item, please check our clothing &amp; footwear sizing guide for specific Rains jacket sizing information. RAINS comes from the rainy nation of Denmark at the edge of the European continent, close to the ocean and with prevailing westerly winds; all factors that contribute to an average of 121 rain days each year. Arising from these rainy weather conditions comes the attitude that a quick rain shower may be beautiful, as well as moody- but first and foremost requires the right outfit. Rains focus on the whole experience of going outside on rainy days, issuing an invitation to explore even in the most mercurial weather.</p>','published','[\"products\\/17.jpg\",\"products\\/17-1.jpg\",\"products\\/17-2.jpg\",\"products\\/17-3.jpg\"]','SW-126-A0',0,13,0,1,0,1,0,0,578,NULL,NULL,NULL,16.00,16.00,18.00,558.00,1,177297,'2022-05-30 02:37:09','2022-05-30 02:37:27','in_stock',6,0,'Botble\\ACL\\Models\\User',0,NULL),(18,'Aveeno Moisturizing Body Shower 450ml','<ul><li> Unrestrained and portable active stereo speaker</li>\n            <li> Free from the confines of wires and chords</li>\n            <li> 20 hours of portable capabilities</li>\n            <li> Double-ended Coil Cord with 3.5mm Stereo Plugs Included</li>\n            <li> 3/4″ Dome Tweeters: 2X and 4″ Woofer: 1X</li></ul>','<p>Short Hooded Coat features a straight body, large pockets with button flaps, ventilation air holes, and a string detail along the hemline. The style is completed with a drawstring hood, featuring Rains&rsquo; signature built-in cap. Made from waterproof, matte PU, this lightweight unisex rain jacket is an ode to nostalgia through its classic silhouette and utilitarian design details.</p>\n                                <p>- Casual unisex fit</p>\n\n                                <p>- 64% polyester, 36% polyurethane</p>\n\n                                <p>- Water column pressure: 4000 mm</p>\n\n                                <p>- Model is 187cm tall and wearing a size S / M</p>\n\n                                <p>- Unisex fit</p>\n\n                                <p>- Drawstring hood with built-in cap</p>\n\n                                <p>- Front placket with snap buttons</p>\n\n                                <p>- Ventilation under armpit</p>\n\n                                <p>- Adjustable cuffs</p>\n\n                                <p>- Double welted front pockets</p>\n\n                                <p>- Adjustable elastic string at hempen</p>\n\n                                <p>- Ultrasonically welded seams</p>\n\n                                <p>This is a unisex item, please check our clothing &amp; footwear sizing guide for specific Rains jacket sizing information. RAINS comes from the rainy nation of Denmark at the edge of the European continent, close to the ocean and with prevailing westerly winds; all factors that contribute to an average of 121 rain days each year. Arising from these rainy weather conditions comes the attitude that a quick rain shower may be beautiful, as well as moody- but first and foremost requires the right outfit. Rains focus on the whole experience of going outside on rainy days, issuing an invitation to explore even in the most mercurial weather.</p>','published','[\"products\\/18.jpg\",\"products\\/18-1.jpg\",\"products\\/18-2.jpg\",\"products\\/18-3.jpg\"]','SW-139-A0',0,14,0,1,0,2,0,0,1198,NULL,NULL,NULL,10.00,13.00,18.00,878.00,1,124339,'2022-05-30 02:37:09','2022-05-30 02:37:27','in_stock',4,0,'Botble\\ACL\\Models\\User',0,NULL),(19,'NYX Beauty Couton Pallete Makeup 12','<ul><li> Unrestrained and portable active stereo speaker</li>\n            <li> Free from the confines of wires and chords</li>\n            <li> 20 hours of portable capabilities</li>\n            <li> Double-ended Coil Cord with 3.5mm Stereo Plugs Included</li>\n            <li> 3/4″ Dome Tweeters: 2X and 4″ Woofer: 1X</li></ul>','<p>Short Hooded Coat features a straight body, large pockets with button flaps, ventilation air holes, and a string detail along the hemline. The style is completed with a drawstring hood, featuring Rains&rsquo; signature built-in cap. Made from waterproof, matte PU, this lightweight unisex rain jacket is an ode to nostalgia through its classic silhouette and utilitarian design details.</p>\n                                <p>- Casual unisex fit</p>\n\n                                <p>- 64% polyester, 36% polyurethane</p>\n\n                                <p>- Water column pressure: 4000 mm</p>\n\n                                <p>- Model is 187cm tall and wearing a size S / M</p>\n\n                                <p>- Unisex fit</p>\n\n                                <p>- Drawstring hood with built-in cap</p>\n\n                                <p>- Front placket with snap buttons</p>\n\n                                <p>- Ventilation under armpit</p>\n\n                                <p>- Adjustable cuffs</p>\n\n                                <p>- Double welted front pockets</p>\n\n                                <p>- Adjustable elastic string at hempen</p>\n\n                                <p>- Ultrasonically welded seams</p>\n\n                                <p>This is a unisex item, please check our clothing &amp; footwear sizing guide for specific Rains jacket sizing information. RAINS comes from the rainy nation of Denmark at the edge of the European continent, close to the ocean and with prevailing westerly winds; all factors that contribute to an average of 121 rain days each year. Arising from these rainy weather conditions comes the attitude that a quick rain shower may be beautiful, as well as moody- but first and foremost requires the right outfit. Rains focus on the whole experience of going outside on rainy days, issuing an invitation to explore even in the most mercurial weather.</p>','published','[\"products\\/19.jpg\",\"products\\/19-1.jpg\",\"products\\/19-2.jpg\",\"products\\/19-3.jpg\"]','SW-152-A0',0,16,0,1,0,2,0,0,982,NULL,NULL,NULL,10.00,17.00,17.00,719.00,1,5398,'2022-05-30 02:37:09','2022-05-30 02:37:27','in_stock',5,0,'Botble\\ACL\\Models\\User',0,NULL),(20,'NYX Beauty Couton Pallete Makeup 12','<ul><li> Unrestrained and portable active stereo speaker</li>\n            <li> Free from the confines of wires and chords</li>\n            <li> 20 hours of portable capabilities</li>\n            <li> Double-ended Coil Cord with 3.5mm Stereo Plugs Included</li>\n            <li> 3/4″ Dome Tweeters: 2X and 4″ Woofer: 1X</li></ul>','<p>Short Hooded Coat features a straight body, large pockets with button flaps, ventilation air holes, and a string detail along the hemline. The style is completed with a drawstring hood, featuring Rains&rsquo; signature built-in cap. Made from waterproof, matte PU, this lightweight unisex rain jacket is an ode to nostalgia through its classic silhouette and utilitarian design details.</p>\n                                <p>- Casual unisex fit</p>\n\n                                <p>- 64% polyester, 36% polyurethane</p>\n\n                                <p>- Water column pressure: 4000 mm</p>\n\n                                <p>- Model is 187cm tall and wearing a size S / M</p>\n\n                                <p>- Unisex fit</p>\n\n                                <p>- Drawstring hood with built-in cap</p>\n\n                                <p>- Front placket with snap buttons</p>\n\n                                <p>- Ventilation under armpit</p>\n\n                                <p>- Adjustable cuffs</p>\n\n                                <p>- Double welted front pockets</p>\n\n                                <p>- Adjustable elastic string at hempen</p>\n\n                                <p>- Ultrasonically welded seams</p>\n\n                                <p>This is a unisex item, please check our clothing &amp; footwear sizing guide for specific Rains jacket sizing information. RAINS comes from the rainy nation of Denmark at the edge of the European continent, close to the ocean and with prevailing westerly winds; all factors that contribute to an average of 121 rain days each year. Arising from these rainy weather conditions comes the attitude that a quick rain shower may be beautiful, as well as moody- but first and foremost requires the right outfit. Rains focus on the whole experience of going outside on rainy days, issuing an invitation to explore even in the most mercurial weather.</p>','published','[\"products\\/20.jpg\",\"products\\/20-1.jpg\",\"products\\/20-2.jpg\",\"products\\/20-3.jpg\"]','SW-110-A0',0,14,0,1,0,4,0,0,874,751.64,NULL,NULL,10.00,14.00,10.00,762.00,1,56849,'2022-05-30 02:37:09','2022-05-30 02:37:27','in_stock',4,0,'Botble\\ACL\\Models\\User',0,NULL),(21,'MVMTH Classical Leather Watch In Black','<ul><li> Unrestrained and portable active stereo speaker</li>\n            <li> Free from the confines of wires and chords</li>\n            <li> 20 hours of portable capabilities</li>\n            <li> Double-ended Coil Cord with 3.5mm Stereo Plugs Included</li>\n            <li> 3/4″ Dome Tweeters: 2X and 4″ Woofer: 1X</li></ul>','<p>Short Hooded Coat features a straight body, large pockets with button flaps, ventilation air holes, and a string detail along the hemline. The style is completed with a drawstring hood, featuring Rains&rsquo; signature built-in cap. Made from waterproof, matte PU, this lightweight unisex rain jacket is an ode to nostalgia through its classic silhouette and utilitarian design details.</p>\n                                <p>- Casual unisex fit</p>\n\n                                <p>- 64% polyester, 36% polyurethane</p>\n\n                                <p>- Water column pressure: 4000 mm</p>\n\n                                <p>- Model is 187cm tall and wearing a size S / M</p>\n\n                                <p>- Unisex fit</p>\n\n                                <p>- Drawstring hood with built-in cap</p>\n\n                                <p>- Front placket with snap buttons</p>\n\n                                <p>- Ventilation under armpit</p>\n\n                                <p>- Adjustable cuffs</p>\n\n                                <p>- Double welted front pockets</p>\n\n                                <p>- Adjustable elastic string at hempen</p>\n\n                                <p>- Ultrasonically welded seams</p>\n\n                                <p>This is a unisex item, please check our clothing &amp; footwear sizing guide for specific Rains jacket sizing information. RAINS comes from the rainy nation of Denmark at the edge of the European continent, close to the ocean and with prevailing westerly winds; all factors that contribute to an average of 121 rain days each year. Arising from these rainy weather conditions comes the attitude that a quick rain shower may be beautiful, as well as moody- but first and foremost requires the right outfit. Rains focus on the whole experience of going outside on rainy days, issuing an invitation to explore even in the most mercurial weather.</p>','published','[\"products\\/21.jpg\",\"products\\/21-1.jpg\",\"products\\/21-2.jpg\"]','SW-121-A0',0,17,0,1,0,4,0,0,697,NULL,NULL,NULL,19.00,12.00,17.00,626.00,1,160667,'2022-05-30 02:37:09','2022-05-30 02:37:27','in_stock',2,0,'Botble\\ACL\\Models\\User',0,NULL),(22,'Baxter Care Hair Kit For Bearded Mens','<ul><li> Unrestrained and portable active stereo speaker</li>\n            <li> Free from the confines of wires and chords</li>\n            <li> 20 hours of portable capabilities</li>\n            <li> Double-ended Coil Cord with 3.5mm Stereo Plugs Included</li>\n            <li> 3/4″ Dome Tweeters: 2X and 4″ Woofer: 1X</li></ul>','<p>Short Hooded Coat features a straight body, large pockets with button flaps, ventilation air holes, and a string detail along the hemline. The style is completed with a drawstring hood, featuring Rains&rsquo; signature built-in cap. Made from waterproof, matte PU, this lightweight unisex rain jacket is an ode to nostalgia through its classic silhouette and utilitarian design details.</p>\n                                <p>- Casual unisex fit</p>\n\n                                <p>- 64% polyester, 36% polyurethane</p>\n\n                                <p>- Water column pressure: 4000 mm</p>\n\n                                <p>- Model is 187cm tall and wearing a size S / M</p>\n\n                                <p>- Unisex fit</p>\n\n                                <p>- Drawstring hood with built-in cap</p>\n\n                                <p>- Front placket with snap buttons</p>\n\n                                <p>- Ventilation under armpit</p>\n\n                                <p>- Adjustable cuffs</p>\n\n                                <p>- Double welted front pockets</p>\n\n                                <p>- Adjustable elastic string at hempen</p>\n\n                                <p>- Ultrasonically welded seams</p>\n\n                                <p>This is a unisex item, please check our clothing &amp; footwear sizing guide for specific Rains jacket sizing information. RAINS comes from the rainy nation of Denmark at the edge of the European continent, close to the ocean and with prevailing westerly winds; all factors that contribute to an average of 121 rain days each year. Arising from these rainy weather conditions comes the attitude that a quick rain shower may be beautiful, as well as moody- but first and foremost requires the right outfit. Rains focus on the whole experience of going outside on rainy days, issuing an invitation to explore even in the most mercurial weather.</p>','published','[\"products\\/22.jpg\",\"products\\/22-1.jpg\",\"products\\/22-2.jpg\",\"products\\/22-3.jpg\"]','SW-180-A0',0,15,0,1,0,1,0,0,598,NULL,NULL,NULL,18.00,17.00,18.00,566.00,1,165772,'2022-05-30 02:37:09','2022-05-30 02:37:27','in_stock',8,0,'Botble\\ACL\\Models\\User',0,NULL),(23,'Ciate Palemore Lipstick Bold Red Color','<ul><li> Unrestrained and portable active stereo speaker</li>\n            <li> Free from the confines of wires and chords</li>\n            <li> 20 hours of portable capabilities</li>\n            <li> Double-ended Coil Cord with 3.5mm Stereo Plugs Included</li>\n            <li> 3/4″ Dome Tweeters: 2X and 4″ Woofer: 1X</li></ul>','<p>Short Hooded Coat features a straight body, large pockets with button flaps, ventilation air holes, and a string detail along the hemline. The style is completed with a drawstring hood, featuring Rains&rsquo; signature built-in cap. Made from waterproof, matte PU, this lightweight unisex rain jacket is an ode to nostalgia through its classic silhouette and utilitarian design details.</p>\n                                <p>- Casual unisex fit</p>\n\n                                <p>- 64% polyester, 36% polyurethane</p>\n\n                                <p>- Water column pressure: 4000 mm</p>\n\n                                <p>- Model is 187cm tall and wearing a size S / M</p>\n\n                                <p>- Unisex fit</p>\n\n                                <p>- Drawstring hood with built-in cap</p>\n\n                                <p>- Front placket with snap buttons</p>\n\n                                <p>- Ventilation under armpit</p>\n\n                                <p>- Adjustable cuffs</p>\n\n                                <p>- Double welted front pockets</p>\n\n                                <p>- Adjustable elastic string at hempen</p>\n\n                                <p>- Ultrasonically welded seams</p>\n\n                                <p>This is a unisex item, please check our clothing &amp; footwear sizing guide for specific Rains jacket sizing information. RAINS comes from the rainy nation of Denmark at the edge of the European continent, close to the ocean and with prevailing westerly winds; all factors that contribute to an average of 121 rain days each year. Arising from these rainy weather conditions comes the attitude that a quick rain shower may be beautiful, as well as moody- but first and foremost requires the right outfit. Rains focus on the whole experience of going outside on rainy days, issuing an invitation to explore even in the most mercurial weather.</p>','published','[\"products\\/23.jpg\",\"products\\/23-1.jpg\",\"products\\/23-2.jpg\",\"products\\/23-3.jpg\"]','SW-103-A0',0,17,0,1,0,4,0,0,1138,NULL,NULL,NULL,12.00,10.00,16.00,594.00,1,189408,'2022-05-30 02:37:09','2022-05-30 02:37:27','in_stock',6,0,'Botble\\ACL\\Models\\User',0,NULL),(24,'Vimto Squash Remix Apple 1.5 Litres','<ul><li> Unrestrained and portable active stereo speaker</li>\n            <li> Free from the confines of wires and chords</li>\n            <li> 20 hours of portable capabilities</li>\n            <li> Double-ended Coil Cord with 3.5mm Stereo Plugs Included</li>\n            <li> 3/4″ Dome Tweeters: 2X and 4″ Woofer: 1X</li></ul>','<p>Short Hooded Coat features a straight body, large pockets with button flaps, ventilation air holes, and a string detail along the hemline. The style is completed with a drawstring hood, featuring Rains&rsquo; signature built-in cap. Made from waterproof, matte PU, this lightweight unisex rain jacket is an ode to nostalgia through its classic silhouette and utilitarian design details.</p>\n                                <p>- Casual unisex fit</p>\n\n                                <p>- 64% polyester, 36% polyurethane</p>\n\n                                <p>- Water column pressure: 4000 mm</p>\n\n                                <p>- Model is 187cm tall and wearing a size S / M</p>\n\n                                <p>- Unisex fit</p>\n\n                                <p>- Drawstring hood with built-in cap</p>\n\n                                <p>- Front placket with snap buttons</p>\n\n                                <p>- Ventilation under armpit</p>\n\n                                <p>- Adjustable cuffs</p>\n\n                                <p>- Double welted front pockets</p>\n\n                                <p>- Adjustable elastic string at hempen</p>\n\n                                <p>- Ultrasonically welded seams</p>\n\n                                <p>This is a unisex item, please check our clothing &amp; footwear sizing guide for specific Rains jacket sizing information. RAINS comes from the rainy nation of Denmark at the edge of the European continent, close to the ocean and with prevailing westerly winds; all factors that contribute to an average of 121 rain days each year. Arising from these rainy weather conditions comes the attitude that a quick rain shower may be beautiful, as well as moody- but first and foremost requires the right outfit. Rains focus on the whole experience of going outside on rainy days, issuing an invitation to explore even in the most mercurial weather.</p>','published','[\"products\\/24.jpg\",\"products\\/24-1.jpg\",\"products\\/24-2.jpg\"]','SW-168-A0',0,15,0,1,0,2,0,0,1052,925.76,NULL,NULL,15.00,12.00,19.00,550.00,1,22492,'2022-05-30 02:37:09','2022-05-30 02:37:27','in_stock',2,0,'Botble\\ACL\\Models\\User',0,NULL),(25,'Crock Pot Slow Cooker','<ul><li> Unrestrained and portable active stereo speaker</li>\n            <li> Free from the confines of wires and chords</li>\n            <li> 20 hours of portable capabilities</li>\n            <li> Double-ended Coil Cord with 3.5mm Stereo Plugs Included</li>\n            <li> 3/4″ Dome Tweeters: 2X and 4″ Woofer: 1X</li></ul>','<p>Short Hooded Coat features a straight body, large pockets with button flaps, ventilation air holes, and a string detail along the hemline. The style is completed with a drawstring hood, featuring Rains&rsquo; signature built-in cap. Made from waterproof, matte PU, this lightweight unisex rain jacket is an ode to nostalgia through its classic silhouette and utilitarian design details.</p>\n                                <p>- Casual unisex fit</p>\n\n                                <p>- 64% polyester, 36% polyurethane</p>\n\n                                <p>- Water column pressure: 4000 mm</p>\n\n                                <p>- Model is 187cm tall and wearing a size S / M</p>\n\n                                <p>- Unisex fit</p>\n\n                                <p>- Drawstring hood with built-in cap</p>\n\n                                <p>- Front placket with snap buttons</p>\n\n                                <p>- Ventilation under armpit</p>\n\n                                <p>- Adjustable cuffs</p>\n\n                                <p>- Double welted front pockets</p>\n\n                                <p>- Adjustable elastic string at hempen</p>\n\n                                <p>- Ultrasonically welded seams</p>\n\n                                <p>This is a unisex item, please check our clothing &amp; footwear sizing guide for specific Rains jacket sizing information. RAINS comes from the rainy nation of Denmark at the edge of the European continent, close to the ocean and with prevailing westerly winds; all factors that contribute to an average of 121 rain days each year. Arising from these rainy weather conditions comes the attitude that a quick rain shower may be beautiful, as well as moody- but first and foremost requires the right outfit. Rains focus on the whole experience of going outside on rainy days, issuing an invitation to explore even in the most mercurial weather.</p>','published','[\"products\\/25.jpg\",\"products\\/25-1.jpg\",\"products\\/25-2.jpg\"]','SW-128-A0',0,14,0,1,0,2,0,0,1125,NULL,NULL,NULL,12.00,15.00,10.00,864.00,1,5356,'2022-05-30 02:37:09','2022-05-30 02:37:27','in_stock',5,0,'Botble\\ACL\\Models\\User',0,NULL),(26,'Taylors of Harrogate Yorkshire Coffee','<ul><li> Unrestrained and portable active stereo speaker</li>\n            <li> Free from the confines of wires and chords</li>\n            <li> 20 hours of portable capabilities</li>\n            <li> Double-ended Coil Cord with 3.5mm Stereo Plugs Included</li>\n            <li> 3/4″ Dome Tweeters: 2X and 4″ Woofer: 1X</li></ul>','<p>Short Hooded Coat features a straight body, large pockets with button flaps, ventilation air holes, and a string detail along the hemline. The style is completed with a drawstring hood, featuring Rains&rsquo; signature built-in cap. Made from waterproof, matte PU, this lightweight unisex rain jacket is an ode to nostalgia through its classic silhouette and utilitarian design details.</p>\n                                <p>- Casual unisex fit</p>\n\n                                <p>- 64% polyester, 36% polyurethane</p>\n\n                                <p>- Water column pressure: 4000 mm</p>\n\n                                <p>- Model is 187cm tall and wearing a size S / M</p>\n\n                                <p>- Unisex fit</p>\n\n                                <p>- Drawstring hood with built-in cap</p>\n\n                                <p>- Front placket with snap buttons</p>\n\n                                <p>- Ventilation under armpit</p>\n\n                                <p>- Adjustable cuffs</p>\n\n                                <p>- Double welted front pockets</p>\n\n                                <p>- Adjustable elastic string at hempen</p>\n\n                                <p>- Ultrasonically welded seams</p>\n\n                                <p>This is a unisex item, please check our clothing &amp; footwear sizing guide for specific Rains jacket sizing information. RAINS comes from the rainy nation of Denmark at the edge of the European continent, close to the ocean and with prevailing westerly winds; all factors that contribute to an average of 121 rain days each year. Arising from these rainy weather conditions comes the attitude that a quick rain shower may be beautiful, as well as moody- but first and foremost requires the right outfit. Rains focus on the whole experience of going outside on rainy days, issuing an invitation to explore even in the most mercurial weather.</p>','published','[\"products\\/26.jpg\",\"products\\/26-1.jpg\"]','SW-193-A0',0,10,0,1,0,2,0,0,974,NULL,NULL,NULL,14.00,14.00,16.00,623.00,1,87737,'2022-05-30 02:37:09','2022-05-30 02:37:27','in_stock',7,0,'Botble\\ACL\\Models\\User',0,NULL),(27,'Soft Mochi & Galeto Ice Cream','<ul><li> Unrestrained and portable active stereo speaker</li>\n            <li> Free from the confines of wires and chords</li>\n            <li> 20 hours of portable capabilities</li>\n            <li> Double-ended Coil Cord with 3.5mm Stereo Plugs Included</li>\n            <li> 3/4″ Dome Tweeters: 2X and 4″ Woofer: 1X</li></ul>','<p>Short Hooded Coat features a straight body, large pockets with button flaps, ventilation air holes, and a string detail along the hemline. The style is completed with a drawstring hood, featuring Rains&rsquo; signature built-in cap. Made from waterproof, matte PU, this lightweight unisex rain jacket is an ode to nostalgia through its classic silhouette and utilitarian design details.</p>\n                                <p>- Casual unisex fit</p>\n\n                                <p>- 64% polyester, 36% polyurethane</p>\n\n                                <p>- Water column pressure: 4000 mm</p>\n\n                                <p>- Model is 187cm tall and wearing a size S / M</p>\n\n                                <p>- Unisex fit</p>\n\n                                <p>- Drawstring hood with built-in cap</p>\n\n                                <p>- Front placket with snap buttons</p>\n\n                                <p>- Ventilation under armpit</p>\n\n                                <p>- Adjustable cuffs</p>\n\n                                <p>- Double welted front pockets</p>\n\n                                <p>- Adjustable elastic string at hempen</p>\n\n                                <p>- Ultrasonically welded seams</p>\n\n                                <p>This is a unisex item, please check our clothing &amp; footwear sizing guide for specific Rains jacket sizing information. RAINS comes from the rainy nation of Denmark at the edge of the European continent, close to the ocean and with prevailing westerly winds; all factors that contribute to an average of 121 rain days each year. Arising from these rainy weather conditions comes the attitude that a quick rain shower may be beautiful, as well as moody- but first and foremost requires the right outfit. Rains focus on the whole experience of going outside on rainy days, issuing an invitation to explore even in the most mercurial weather.</p>','published','[\"products\\/27.jpg\",\"products\\/27-1.jpg\"]','SW-100-A0',0,12,0,1,0,4,0,0,617,NULL,NULL,NULL,19.00,17.00,14.00,555.00,1,189064,'2022-05-30 02:37:09','2022-05-30 02:37:27','in_stock',7,0,'Botble\\ACL\\Models\\User',0,NULL),(28,'Naked Noodle Egg Noodles Singapore','<ul><li> Unrestrained and portable active stereo speaker</li>\n            <li> Free from the confines of wires and chords</li>\n            <li> 20 hours of portable capabilities</li>\n            <li> Double-ended Coil Cord with 3.5mm Stereo Plugs Included</li>\n            <li> 3/4″ Dome Tweeters: 2X and 4″ Woofer: 1X</li></ul>','<p>Short Hooded Coat features a straight body, large pockets with button flaps, ventilation air holes, and a string detail along the hemline. The style is completed with a drawstring hood, featuring Rains&rsquo; signature built-in cap. Made from waterproof, matte PU, this lightweight unisex rain jacket is an ode to nostalgia through its classic silhouette and utilitarian design details.</p>\n                                <p>- Casual unisex fit</p>\n\n                                <p>- 64% polyester, 36% polyurethane</p>\n\n                                <p>- Water column pressure: 4000 mm</p>\n\n                                <p>- Model is 187cm tall and wearing a size S / M</p>\n\n                                <p>- Unisex fit</p>\n\n                                <p>- Drawstring hood with built-in cap</p>\n\n                                <p>- Front placket with snap buttons</p>\n\n                                <p>- Ventilation under armpit</p>\n\n                                <p>- Adjustable cuffs</p>\n\n                                <p>- Double welted front pockets</p>\n\n                                <p>- Adjustable elastic string at hempen</p>\n\n                                <p>- Ultrasonically welded seams</p>\n\n                                <p>This is a unisex item, please check our clothing &amp; footwear sizing guide for specific Rains jacket sizing information. RAINS comes from the rainy nation of Denmark at the edge of the European continent, close to the ocean and with prevailing westerly winds; all factors that contribute to an average of 121 rain days each year. Arising from these rainy weather conditions comes the attitude that a quick rain shower may be beautiful, as well as moody- but first and foremost requires the right outfit. Rains focus on the whole experience of going outside on rainy days, issuing an invitation to explore even in the most mercurial weather.</p>','published','[\"products\\/28.jpg\",\"products\\/28-1.jpg\",\"products\\/28-2.jpg\"]','SW-141-A0',0,13,0,1,0,3,0,0,1045,741.95,NULL,NULL,14.00,17.00,20.00,500.00,1,139705,'2022-05-30 02:37:09','2022-05-30 02:37:27','in_stock',7,0,'Botble\\ACL\\Models\\User',0,NULL),(29,'Saute Pan Silver','<ul><li> Unrestrained and portable active stereo speaker</li>\n            <li> Free from the confines of wires and chords</li>\n            <li> 20 hours of portable capabilities</li>\n            <li> Double-ended Coil Cord with 3.5mm Stereo Plugs Included</li>\n            <li> 3/4″ Dome Tweeters: 2X and 4″ Woofer: 1X</li></ul>','<p>Short Hooded Coat features a straight body, large pockets with button flaps, ventilation air holes, and a string detail along the hemline. The style is completed with a drawstring hood, featuring Rains&rsquo; signature built-in cap. Made from waterproof, matte PU, this lightweight unisex rain jacket is an ode to nostalgia through its classic silhouette and utilitarian design details.</p>\n                                <p>- Casual unisex fit</p>\n\n                                <p>- 64% polyester, 36% polyurethane</p>\n\n                                <p>- Water column pressure: 4000 mm</p>\n\n                                <p>- Model is 187cm tall and wearing a size S / M</p>\n\n                                <p>- Unisex fit</p>\n\n                                <p>- Drawstring hood with built-in cap</p>\n\n                                <p>- Front placket with snap buttons</p>\n\n                                <p>- Ventilation under armpit</p>\n\n                                <p>- Adjustable cuffs</p>\n\n                                <p>- Double welted front pockets</p>\n\n                                <p>- Adjustable elastic string at hempen</p>\n\n                                <p>- Ultrasonically welded seams</p>\n\n                                <p>This is a unisex item, please check our clothing &amp; footwear sizing guide for specific Rains jacket sizing information. RAINS comes from the rainy nation of Denmark at the edge of the European continent, close to the ocean and with prevailing westerly winds; all factors that contribute to an average of 121 rain days each year. Arising from these rainy weather conditions comes the attitude that a quick rain shower may be beautiful, as well as moody- but first and foremost requires the right outfit. Rains focus on the whole experience of going outside on rainy days, issuing an invitation to explore even in the most mercurial weather.</p>','published','[\"products\\/29.jpg\",\"products\\/29-1.jpg\",\"products\\/29-2.jpg\"]','SW-193-A0',0,14,0,1,0,4,0,0,768,NULL,NULL,NULL,18.00,16.00,15.00,787.00,1,146917,'2022-05-30 02:37:09','2022-05-30 02:37:27','in_stock',8,0,'Botble\\ACL\\Models\\User',0,NULL),(30,'Bar S – Classic Bun Length Franks','<ul><li> Unrestrained and portable active stereo speaker</li>\n            <li> Free from the confines of wires and chords</li>\n            <li> 20 hours of portable capabilities</li>\n            <li> Double-ended Coil Cord with 3.5mm Stereo Plugs Included</li>\n            <li> 3/4″ Dome Tweeters: 2X and 4″ Woofer: 1X</li></ul>','<p>Short Hooded Coat features a straight body, large pockets with button flaps, ventilation air holes, and a string detail along the hemline. The style is completed with a drawstring hood, featuring Rains&rsquo; signature built-in cap. Made from waterproof, matte PU, this lightweight unisex rain jacket is an ode to nostalgia through its classic silhouette and utilitarian design details.</p>\n                                <p>- Casual unisex fit</p>\n\n                                <p>- 64% polyester, 36% polyurethane</p>\n\n                                <p>- Water column pressure: 4000 mm</p>\n\n                                <p>- Model is 187cm tall and wearing a size S / M</p>\n\n                                <p>- Unisex fit</p>\n\n                                <p>- Drawstring hood with built-in cap</p>\n\n                                <p>- Front placket with snap buttons</p>\n\n                                <p>- Ventilation under armpit</p>\n\n                                <p>- Adjustable cuffs</p>\n\n                                <p>- Double welted front pockets</p>\n\n                                <p>- Adjustable elastic string at hempen</p>\n\n                                <p>- Ultrasonically welded seams</p>\n\n                                <p>This is a unisex item, please check our clothing &amp; footwear sizing guide for specific Rains jacket sizing information. RAINS comes from the rainy nation of Denmark at the edge of the European continent, close to the ocean and with prevailing westerly winds; all factors that contribute to an average of 121 rain days each year. Arising from these rainy weather conditions comes the attitude that a quick rain shower may be beautiful, as well as moody- but first and foremost requires the right outfit. Rains focus on the whole experience of going outside on rainy days, issuing an invitation to explore even in the most mercurial weather.</p>','published','[\"products\\/30.jpg\",\"products\\/30-1.jpg\",\"products\\/30-2.jpg\"]','SW-171-A0',0,14,0,1,0,4,0,0,626,NULL,NULL,NULL,10.00,15.00,12.00,839.00,1,43409,'2022-05-30 02:37:09','2022-05-30 02:37:27','in_stock',1,0,'Botble\\ACL\\Models\\User',0,NULL),(31,'Broccoli Crowns','<ul><li> Unrestrained and portable active stereo speaker</li>\n            <li> Free from the confines of wires and chords</li>\n            <li> 20 hours of portable capabilities</li>\n            <li> Double-ended Coil Cord with 3.5mm Stereo Plugs Included</li>\n            <li> 3/4″ Dome Tweeters: 2X and 4″ Woofer: 1X</li></ul>','<p>Short Hooded Coat features a straight body, large pockets with button flaps, ventilation air holes, and a string detail along the hemline. The style is completed with a drawstring hood, featuring Rains&rsquo; signature built-in cap. Made from waterproof, matte PU, this lightweight unisex rain jacket is an ode to nostalgia through its classic silhouette and utilitarian design details.</p>\n                                <p>- Casual unisex fit</p>\n\n                                <p>- 64% polyester, 36% polyurethane</p>\n\n                                <p>- Water column pressure: 4000 mm</p>\n\n                                <p>- Model is 187cm tall and wearing a size S / M</p>\n\n                                <p>- Unisex fit</p>\n\n                                <p>- Drawstring hood with built-in cap</p>\n\n                                <p>- Front placket with snap buttons</p>\n\n                                <p>- Ventilation under armpit</p>\n\n                                <p>- Adjustable cuffs</p>\n\n                                <p>- Double welted front pockets</p>\n\n                                <p>- Adjustable elastic string at hempen</p>\n\n                                <p>- Ultrasonically welded seams</p>\n\n                                <p>This is a unisex item, please check our clothing &amp; footwear sizing guide for specific Rains jacket sizing information. RAINS comes from the rainy nation of Denmark at the edge of the European continent, close to the ocean and with prevailing westerly winds; all factors that contribute to an average of 121 rain days each year. Arising from these rainy weather conditions comes the attitude that a quick rain shower may be beautiful, as well as moody- but first and foremost requires the right outfit. Rains focus on the whole experience of going outside on rainy days, issuing an invitation to explore even in the most mercurial weather.</p>','published','[\"products\\/31.jpg\",\"products\\/31-1.jpg\"]','SW-109-A0',0,10,0,1,0,4,0,0,554,NULL,NULL,NULL,15.00,15.00,10.00,680.00,1,146355,'2022-05-30 02:37:09','2022-05-30 02:37:27','in_stock',6,0,'Botble\\ACL\\Models\\User',0,NULL),(32,'Slimming World Vegan Mac Greens','<ul><li> Unrestrained and portable active stereo speaker</li>\n            <li> Free from the confines of wires and chords</li>\n            <li> 20 hours of portable capabilities</li>\n            <li> Double-ended Coil Cord with 3.5mm Stereo Plugs Included</li>\n            <li> 3/4″ Dome Tweeters: 2X and 4″ Woofer: 1X</li></ul>','<p>Short Hooded Coat features a straight body, large pockets with button flaps, ventilation air holes, and a string detail along the hemline. The style is completed with a drawstring hood, featuring Rains&rsquo; signature built-in cap. Made from waterproof, matte PU, this lightweight unisex rain jacket is an ode to nostalgia through its classic silhouette and utilitarian design details.</p>\n                                <p>- Casual unisex fit</p>\n\n                                <p>- 64% polyester, 36% polyurethane</p>\n\n                                <p>- Water column pressure: 4000 mm</p>\n\n                                <p>- Model is 187cm tall and wearing a size S / M</p>\n\n                                <p>- Unisex fit</p>\n\n                                <p>- Drawstring hood with built-in cap</p>\n\n                                <p>- Front placket with snap buttons</p>\n\n                                <p>- Ventilation under armpit</p>\n\n                                <p>- Adjustable cuffs</p>\n\n                                <p>- Double welted front pockets</p>\n\n                                <p>- Adjustable elastic string at hempen</p>\n\n                                <p>- Ultrasonically welded seams</p>\n\n                                <p>This is a unisex item, please check our clothing &amp; footwear sizing guide for specific Rains jacket sizing information. RAINS comes from the rainy nation of Denmark at the edge of the European continent, close to the ocean and with prevailing westerly winds; all factors that contribute to an average of 121 rain days each year. Arising from these rainy weather conditions comes the attitude that a quick rain shower may be beautiful, as well as moody- but first and foremost requires the right outfit. Rains focus on the whole experience of going outside on rainy days, issuing an invitation to explore even in the most mercurial weather.</p>','published','[\"products\\/32.jpg\",\"products\\/32-1.jpg\",\"products\\/32-2.jpg\"]','SW-198-A0',0,10,0,1,0,1,0,0,564,479.4,NULL,NULL,19.00,13.00,17.00,746.00,1,56591,'2022-05-30 02:37:09','2022-05-30 02:37:27','in_stock',8,0,'Botble\\ACL\\Models\\User',0,NULL),(33,'Häagen-Dazs Salted Caramel','<ul><li> Unrestrained and portable active stereo speaker</li>\n            <li> Free from the confines of wires and chords</li>\n            <li> 20 hours of portable capabilities</li>\n            <li> Double-ended Coil Cord with 3.5mm Stereo Plugs Included</li>\n            <li> 3/4″ Dome Tweeters: 2X and 4″ Woofer: 1X</li></ul>','<p>Short Hooded Coat features a straight body, large pockets with button flaps, ventilation air holes, and a string detail along the hemline. The style is completed with a drawstring hood, featuring Rains&rsquo; signature built-in cap. Made from waterproof, matte PU, this lightweight unisex rain jacket is an ode to nostalgia through its classic silhouette and utilitarian design details.</p>\n                                <p>- Casual unisex fit</p>\n\n                                <p>- 64% polyester, 36% polyurethane</p>\n\n                                <p>- Water column pressure: 4000 mm</p>\n\n                                <p>- Model is 187cm tall and wearing a size S / M</p>\n\n                                <p>- Unisex fit</p>\n\n                                <p>- Drawstring hood with built-in cap</p>\n\n                                <p>- Front placket with snap buttons</p>\n\n                                <p>- Ventilation under armpit</p>\n\n                                <p>- Adjustable cuffs</p>\n\n                                <p>- Double welted front pockets</p>\n\n                                <p>- Adjustable elastic string at hempen</p>\n\n                                <p>- Ultrasonically welded seams</p>\n\n                                <p>This is a unisex item, please check our clothing &amp; footwear sizing guide for specific Rains jacket sizing information. RAINS comes from the rainy nation of Denmark at the edge of the European continent, close to the ocean and with prevailing westerly winds; all factors that contribute to an average of 121 rain days each year. Arising from these rainy weather conditions comes the attitude that a quick rain shower may be beautiful, as well as moody- but first and foremost requires the right outfit. Rains focus on the whole experience of going outside on rainy days, issuing an invitation to explore even in the most mercurial weather.</p>','published','[\"products\\/33.jpg\",\"products\\/33-1.jpg\",\"products\\/33-2.jpg\"]','SW-190-A0',0,20,0,1,0,4,0,0,870,NULL,NULL,NULL,20.00,16.00,20.00,874.00,1,24192,'2022-05-30 02:37:09','2022-05-30 02:37:27','in_stock',4,0,'Botble\\ACL\\Models\\User',0,NULL),(34,'Iceland 3 Solo Exotic Burst','<ul><li> Unrestrained and portable active stereo speaker</li>\n            <li> Free from the confines of wires and chords</li>\n            <li> 20 hours of portable capabilities</li>\n            <li> Double-ended Coil Cord with 3.5mm Stereo Plugs Included</li>\n            <li> 3/4″ Dome Tweeters: 2X and 4″ Woofer: 1X</li></ul>','<p>Short Hooded Coat features a straight body, large pockets with button flaps, ventilation air holes, and a string detail along the hemline. The style is completed with a drawstring hood, featuring Rains&rsquo; signature built-in cap. Made from waterproof, matte PU, this lightweight unisex rain jacket is an ode to nostalgia through its classic silhouette and utilitarian design details.</p>\n                                <p>- Casual unisex fit</p>\n\n                                <p>- 64% polyester, 36% polyurethane</p>\n\n                                <p>- Water column pressure: 4000 mm</p>\n\n                                <p>- Model is 187cm tall and wearing a size S / M</p>\n\n                                <p>- Unisex fit</p>\n\n                                <p>- Drawstring hood with built-in cap</p>\n\n                                <p>- Front placket with snap buttons</p>\n\n                                <p>- Ventilation under armpit</p>\n\n                                <p>- Adjustable cuffs</p>\n\n                                <p>- Double welted front pockets</p>\n\n                                <p>- Adjustable elastic string at hempen</p>\n\n                                <p>- Ultrasonically welded seams</p>\n\n                                <p>This is a unisex item, please check our clothing &amp; footwear sizing guide for specific Rains jacket sizing information. RAINS comes from the rainy nation of Denmark at the edge of the European continent, close to the ocean and with prevailing westerly winds; all factors that contribute to an average of 121 rain days each year. Arising from these rainy weather conditions comes the attitude that a quick rain shower may be beautiful, as well as moody- but first and foremost requires the right outfit. Rains focus on the whole experience of going outside on rainy days, issuing an invitation to explore even in the most mercurial weather.</p>','published','[\"products\\/34.jpg\",\"products\\/34-1.jpg\"]','SW-182-A0',0,13,0,1,0,4,0,0,589,NULL,NULL,NULL,15.00,17.00,11.00,774.00,1,71976,'2022-05-30 02:37:09','2022-05-30 02:37:27','in_stock',2,0,'Botble\\ACL\\Models\\User',0,NULL),(35,'Extreme Budweiser Light Can','<ul><li> Unrestrained and portable active stereo speaker</li>\n            <li> Free from the confines of wires and chords</li>\n            <li> 20 hours of portable capabilities</li>\n            <li> Double-ended Coil Cord with 3.5mm Stereo Plugs Included</li>\n            <li> 3/4″ Dome Tweeters: 2X and 4″ Woofer: 1X</li></ul>','<p>Short Hooded Coat features a straight body, large pockets with button flaps, ventilation air holes, and a string detail along the hemline. The style is completed with a drawstring hood, featuring Rains&rsquo; signature built-in cap. Made from waterproof, matte PU, this lightweight unisex rain jacket is an ode to nostalgia through its classic silhouette and utilitarian design details.</p>\n                                <p>- Casual unisex fit</p>\n\n                                <p>- 64% polyester, 36% polyurethane</p>\n\n                                <p>- Water column pressure: 4000 mm</p>\n\n                                <p>- Model is 187cm tall and wearing a size S / M</p>\n\n                                <p>- Unisex fit</p>\n\n                                <p>- Drawstring hood with built-in cap</p>\n\n                                <p>- Front placket with snap buttons</p>\n\n                                <p>- Ventilation under armpit</p>\n\n                                <p>- Adjustable cuffs</p>\n\n                                <p>- Double welted front pockets</p>\n\n                                <p>- Adjustable elastic string at hempen</p>\n\n                                <p>- Ultrasonically welded seams</p>\n\n                                <p>This is a unisex item, please check our clothing &amp; footwear sizing guide for specific Rains jacket sizing information. RAINS comes from the rainy nation of Denmark at the edge of the European continent, close to the ocean and with prevailing westerly winds; all factors that contribute to an average of 121 rain days each year. Arising from these rainy weather conditions comes the attitude that a quick rain shower may be beautiful, as well as moody- but first and foremost requires the right outfit. Rains focus on the whole experience of going outside on rainy days, issuing an invitation to explore even in the most mercurial weather.</p>','published','[\"products\\/35.jpg\",\"products\\/35-1.jpg\"]','SW-143-A0',0,15,0,1,0,1,0,0,1206,NULL,NULL,NULL,20.00,12.00,17.00,699.00,1,124920,'2022-05-30 02:37:09','2022-05-30 02:37:27','in_stock',3,0,'Botble\\ACL\\Models\\User',0,NULL),(36,'Iceland Macaroni Cheese Traybake','<ul><li> Unrestrained and portable active stereo speaker</li>\n            <li> Free from the confines of wires and chords</li>\n            <li> 20 hours of portable capabilities</li>\n            <li> Double-ended Coil Cord with 3.5mm Stereo Plugs Included</li>\n            <li> 3/4″ Dome Tweeters: 2X and 4″ Woofer: 1X</li></ul>','<p>Short Hooded Coat features a straight body, large pockets with button flaps, ventilation air holes, and a string detail along the hemline. The style is completed with a drawstring hood, featuring Rains&rsquo; signature built-in cap. Made from waterproof, matte PU, this lightweight unisex rain jacket is an ode to nostalgia through its classic silhouette and utilitarian design details.</p>\n                                <p>- Casual unisex fit</p>\n\n                                <p>- 64% polyester, 36% polyurethane</p>\n\n                                <p>- Water column pressure: 4000 mm</p>\n\n                                <p>- Model is 187cm tall and wearing a size S / M</p>\n\n                                <p>- Unisex fit</p>\n\n                                <p>- Drawstring hood with built-in cap</p>\n\n                                <p>- Front placket with snap buttons</p>\n\n                                <p>- Ventilation under armpit</p>\n\n                                <p>- Adjustable cuffs</p>\n\n                                <p>- Double welted front pockets</p>\n\n                                <p>- Adjustable elastic string at hempen</p>\n\n                                <p>- Ultrasonically welded seams</p>\n\n                                <p>This is a unisex item, please check our clothing &amp; footwear sizing guide for specific Rains jacket sizing information. RAINS comes from the rainy nation of Denmark at the edge of the European continent, close to the ocean and with prevailing westerly winds; all factors that contribute to an average of 121 rain days each year. Arising from these rainy weather conditions comes the attitude that a quick rain shower may be beautiful, as well as moody- but first and foremost requires the right outfit. Rains focus on the whole experience of going outside on rainy days, issuing an invitation to explore even in the most mercurial weather.</p>','published','[\"products\\/36.jpg\",\"products\\/36-1.jpg\",\"products\\/36-2.jpg\"]','SW-188-A0',0,14,0,1,0,5,0,0,830,705.5,NULL,NULL,15.00,10.00,20.00,632.00,1,161163,'2022-05-30 02:37:09','2022-05-30 02:37:27','in_stock',2,0,'Botble\\ACL\\Models\\User',0,NULL),(37,'Dolmio Bolognese Pasta Sauce','<ul><li> Unrestrained and portable active stereo speaker</li>\n            <li> Free from the confines of wires and chords</li>\n            <li> 20 hours of portable capabilities</li>\n            <li> Double-ended Coil Cord with 3.5mm Stereo Plugs Included</li>\n            <li> 3/4″ Dome Tweeters: 2X and 4″ Woofer: 1X</li></ul>','<p>Short Hooded Coat features a straight body, large pockets with button flaps, ventilation air holes, and a string detail along the hemline. The style is completed with a drawstring hood, featuring Rains&rsquo; signature built-in cap. Made from waterproof, matte PU, this lightweight unisex rain jacket is an ode to nostalgia through its classic silhouette and utilitarian design details.</p>\n                                <p>- Casual unisex fit</p>\n\n                                <p>- 64% polyester, 36% polyurethane</p>\n\n                                <p>- Water column pressure: 4000 mm</p>\n\n                                <p>- Model is 187cm tall and wearing a size S / M</p>\n\n                                <p>- Unisex fit</p>\n\n                                <p>- Drawstring hood with built-in cap</p>\n\n                                <p>- Front placket with snap buttons</p>\n\n                                <p>- Ventilation under armpit</p>\n\n                                <p>- Adjustable cuffs</p>\n\n                                <p>- Double welted front pockets</p>\n\n                                <p>- Adjustable elastic string at hempen</p>\n\n                                <p>- Ultrasonically welded seams</p>\n\n                                <p>This is a unisex item, please check our clothing &amp; footwear sizing guide for specific Rains jacket sizing information. RAINS comes from the rainy nation of Denmark at the edge of the European continent, close to the ocean and with prevailing westerly winds; all factors that contribute to an average of 121 rain days each year. Arising from these rainy weather conditions comes the attitude that a quick rain shower may be beautiful, as well as moody- but first and foremost requires the right outfit. Rains focus on the whole experience of going outside on rainy days, issuing an invitation to explore even in the most mercurial weather.</p>','published','[\"products\\/37.jpg\",\"products\\/37-1.jpg\",\"products\\/37-2.jpg\"]','SW-103-A0',0,16,0,1,0,2,0,0,1181,NULL,NULL,NULL,10.00,16.00,11.00,782.00,1,128665,'2022-05-30 02:37:09','2022-05-30 02:37:27','in_stock',5,0,'Botble\\ACL\\Models\\User',0,NULL),(38,'Sitema BakeIT Plastic Box','<ul><li> Unrestrained and portable active stereo speaker</li>\n            <li> Free from the confines of wires and chords</li>\n            <li> 20 hours of portable capabilities</li>\n            <li> Double-ended Coil Cord with 3.5mm Stereo Plugs Included</li>\n            <li> 3/4″ Dome Tweeters: 2X and 4″ Woofer: 1X</li></ul>','<p>Short Hooded Coat features a straight body, large pockets with button flaps, ventilation air holes, and a string detail along the hemline. The style is completed with a drawstring hood, featuring Rains&rsquo; signature built-in cap. Made from waterproof, matte PU, this lightweight unisex rain jacket is an ode to nostalgia through its classic silhouette and utilitarian design details.</p>\n                                <p>- Casual unisex fit</p>\n\n                                <p>- 64% polyester, 36% polyurethane</p>\n\n                                <p>- Water column pressure: 4000 mm</p>\n\n                                <p>- Model is 187cm tall and wearing a size S / M</p>\n\n                                <p>- Unisex fit</p>\n\n                                <p>- Drawstring hood with built-in cap</p>\n\n                                <p>- Front placket with snap buttons</p>\n\n                                <p>- Ventilation under armpit</p>\n\n                                <p>- Adjustable cuffs</p>\n\n                                <p>- Double welted front pockets</p>\n\n                                <p>- Adjustable elastic string at hempen</p>\n\n                                <p>- Ultrasonically welded seams</p>\n\n                                <p>This is a unisex item, please check our clothing &amp; footwear sizing guide for specific Rains jacket sizing information. RAINS comes from the rainy nation of Denmark at the edge of the European continent, close to the ocean and with prevailing westerly winds; all factors that contribute to an average of 121 rain days each year. Arising from these rainy weather conditions comes the attitude that a quick rain shower may be beautiful, as well as moody- but first and foremost requires the right outfit. Rains focus on the whole experience of going outside on rainy days, issuing an invitation to explore even in the most mercurial weather.</p>','published','[\"products\\/38.jpg\",\"products\\/38-1.jpg\",\"products\\/38-2.jpg\",\"products\\/38-3.jpg\"]','SW-104-A0',0,12,0,1,0,1,0,0,970,NULL,NULL,NULL,12.00,16.00,16.00,534.00,1,123491,'2022-05-30 02:37:09','2022-05-30 02:37:27','in_stock',6,0,'Botble\\ACL\\Models\\User',0,NULL),(39,'Wayfair Basics Dinner Plate Storage','<ul><li> Unrestrained and portable active stereo speaker</li>\n            <li> Free from the confines of wires and chords</li>\n            <li> 20 hours of portable capabilities</li>\n            <li> Double-ended Coil Cord with 3.5mm Stereo Plugs Included</li>\n            <li> 3/4″ Dome Tweeters: 2X and 4″ Woofer: 1X</li></ul>','<p>Short Hooded Coat features a straight body, large pockets with button flaps, ventilation air holes, and a string detail along the hemline. The style is completed with a drawstring hood, featuring Rains&rsquo; signature built-in cap. Made from waterproof, matte PU, this lightweight unisex rain jacket is an ode to nostalgia through its classic silhouette and utilitarian design details.</p>\n                                <p>- Casual unisex fit</p>\n\n                                <p>- 64% polyester, 36% polyurethane</p>\n\n                                <p>- Water column pressure: 4000 mm</p>\n\n                                <p>- Model is 187cm tall and wearing a size S / M</p>\n\n                                <p>- Unisex fit</p>\n\n                                <p>- Drawstring hood with built-in cap</p>\n\n                                <p>- Front placket with snap buttons</p>\n\n                                <p>- Ventilation under armpit</p>\n\n                                <p>- Adjustable cuffs</p>\n\n                                <p>- Double welted front pockets</p>\n\n                                <p>- Adjustable elastic string at hempen</p>\n\n                                <p>- Ultrasonically welded seams</p>\n\n                                <p>This is a unisex item, please check our clothing &amp; footwear sizing guide for specific Rains jacket sizing information. RAINS comes from the rainy nation of Denmark at the edge of the European continent, close to the ocean and with prevailing westerly winds; all factors that contribute to an average of 121 rain days each year. Arising from these rainy weather conditions comes the attitude that a quick rain shower may be beautiful, as well as moody- but first and foremost requires the right outfit. Rains focus on the whole experience of going outside on rainy days, issuing an invitation to explore even in the most mercurial weather.</p>','published','[\"products\\/39.jpg\",\"products\\/39-1.jpg\",\"products\\/39-2.jpg\"]','SW-189-A0',0,16,0,1,0,2,0,0,1068,NULL,NULL,NULL,13.00,11.00,12.00,729.00,1,190982,'2022-05-30 02:37:09','2022-05-30 02:37:27','in_stock',2,0,'Botble\\ACL\\Models\\User',0,NULL),(40,'Miko The Panda Water Bottle','<ul><li> Unrestrained and portable active stereo speaker</li>\n            <li> Free from the confines of wires and chords</li>\n            <li> 20 hours of portable capabilities</li>\n            <li> Double-ended Coil Cord with 3.5mm Stereo Plugs Included</li>\n            <li> 3/4″ Dome Tweeters: 2X and 4″ Woofer: 1X</li></ul>','<p>Short Hooded Coat features a straight body, large pockets with button flaps, ventilation air holes, and a string detail along the hemline. The style is completed with a drawstring hood, featuring Rains&rsquo; signature built-in cap. Made from waterproof, matte PU, this lightweight unisex rain jacket is an ode to nostalgia through its classic silhouette and utilitarian design details.</p>\n                                <p>- Casual unisex fit</p>\n\n                                <p>- 64% polyester, 36% polyurethane</p>\n\n                                <p>- Water column pressure: 4000 mm</p>\n\n                                <p>- Model is 187cm tall and wearing a size S / M</p>\n\n                                <p>- Unisex fit</p>\n\n                                <p>- Drawstring hood with built-in cap</p>\n\n                                <p>- Front placket with snap buttons</p>\n\n                                <p>- Ventilation under armpit</p>\n\n                                <p>- Adjustable cuffs</p>\n\n                                <p>- Double welted front pockets</p>\n\n                                <p>- Adjustable elastic string at hempen</p>\n\n                                <p>- Ultrasonically welded seams</p>\n\n                                <p>This is a unisex item, please check our clothing &amp; footwear sizing guide for specific Rains jacket sizing information. RAINS comes from the rainy nation of Denmark at the edge of the European continent, close to the ocean and with prevailing westerly winds; all factors that contribute to an average of 121 rain days each year. Arising from these rainy weather conditions comes the attitude that a quick rain shower may be beautiful, as well as moody- but first and foremost requires the right outfit. Rains focus on the whole experience of going outside on rainy days, issuing an invitation to explore even in the most mercurial weather.</p>','published','[\"products\\/40.jpg\",\"products\\/40-1.jpg\"]','SW-167-A0',0,18,0,1,0,5,0,0,984,747.84,NULL,NULL,10.00,10.00,14.00,835.00,1,127760,'2022-05-30 02:37:09','2022-05-30 02:37:27','in_stock',6,0,'Botble\\ACL\\Models\\User',0,NULL),(41,'Sesame Seed Bread','<ul><li> Unrestrained and portable active stereo speaker</li>\n            <li> Free from the confines of wires and chords</li>\n            <li> 20 hours of portable capabilities</li>\n            <li> Double-ended Coil Cord with 3.5mm Stereo Plugs Included</li>\n            <li> 3/4″ Dome Tweeters: 2X and 4″ Woofer: 1X</li></ul>','<p>Short Hooded Coat features a straight body, large pockets with button flaps, ventilation air holes, and a string detail along the hemline. The style is completed with a drawstring hood, featuring Rains&rsquo; signature built-in cap. Made from waterproof, matte PU, this lightweight unisex rain jacket is an ode to nostalgia through its classic silhouette and utilitarian design details.</p>\n                                <p>- Casual unisex fit</p>\n\n                                <p>- 64% polyester, 36% polyurethane</p>\n\n                                <p>- Water column pressure: 4000 mm</p>\n\n                                <p>- Model is 187cm tall and wearing a size S / M</p>\n\n                                <p>- Unisex fit</p>\n\n                                <p>- Drawstring hood with built-in cap</p>\n\n                                <p>- Front placket with snap buttons</p>\n\n                                <p>- Ventilation under armpit</p>\n\n                                <p>- Adjustable cuffs</p>\n\n                                <p>- Double welted front pockets</p>\n\n                                <p>- Adjustable elastic string at hempen</p>\n\n                                <p>- Ultrasonically welded seams</p>\n\n                                <p>This is a unisex item, please check our clothing &amp; footwear sizing guide for specific Rains jacket sizing information. RAINS comes from the rainy nation of Denmark at the edge of the European continent, close to the ocean and with prevailing westerly winds; all factors that contribute to an average of 121 rain days each year. Arising from these rainy weather conditions comes the attitude that a quick rain shower may be beautiful, as well as moody- but first and foremost requires the right outfit. Rains focus on the whole experience of going outside on rainy days, issuing an invitation to explore even in the most mercurial weather.</p>','published','[\"products\\/41.jpg\",\"products\\/41-1.jpg\",\"products\\/41-2.jpg\"]','SW-109-A0',0,10,0,1,0,3,0,0,734,NULL,NULL,NULL,15.00,10.00,10.00,503.00,1,1955,'2022-05-30 02:37:09','2022-05-30 02:37:27','in_stock',1,0,'Botble\\ACL\\Models\\User',0,NULL),(42,'Morrisons The Best Beef','<ul><li> Unrestrained and portable active stereo speaker</li>\n            <li> Free from the confines of wires and chords</li>\n            <li> 20 hours of portable capabilities</li>\n            <li> Double-ended Coil Cord with 3.5mm Stereo Plugs Included</li>\n            <li> 3/4″ Dome Tweeters: 2X and 4″ Woofer: 1X</li></ul>','<p>Short Hooded Coat features a straight body, large pockets with button flaps, ventilation air holes, and a string detail along the hemline. The style is completed with a drawstring hood, featuring Rains&rsquo; signature built-in cap. Made from waterproof, matte PU, this lightweight unisex rain jacket is an ode to nostalgia through its classic silhouette and utilitarian design details.</p>\n                                <p>- Casual unisex fit</p>\n\n                                <p>- 64% polyester, 36% polyurethane</p>\n\n                                <p>- Water column pressure: 4000 mm</p>\n\n                                <p>- Model is 187cm tall and wearing a size S / M</p>\n\n                                <p>- Unisex fit</p>\n\n                                <p>- Drawstring hood with built-in cap</p>\n\n                                <p>- Front placket with snap buttons</p>\n\n                                <p>- Ventilation under armpit</p>\n\n                                <p>- Adjustable cuffs</p>\n\n                                <p>- Double welted front pockets</p>\n\n                                <p>- Adjustable elastic string at hempen</p>\n\n                                <p>- Ultrasonically welded seams</p>\n\n                                <p>This is a unisex item, please check our clothing &amp; footwear sizing guide for specific Rains jacket sizing information. RAINS comes from the rainy nation of Denmark at the edge of the European continent, close to the ocean and with prevailing westerly winds; all factors that contribute to an average of 121 rain days each year. Arising from these rainy weather conditions comes the attitude that a quick rain shower may be beautiful, as well as moody- but first and foremost requires the right outfit. Rains focus on the whole experience of going outside on rainy days, issuing an invitation to explore even in the most mercurial weather.</p>','published','[\"products\\/42.jpg\",\"products\\/42-1.jpg\",\"products\\/42-2.jpg\"]','SW-132-A0',0,17,0,1,0,1,0,0,842,NULL,NULL,NULL,11.00,13.00,15.00,516.00,1,57292,'2022-05-30 02:37:09','2022-05-30 02:37:27','in_stock',2,0,'Botble\\ACL\\Models\\User',0,NULL),(43,'Avocado, Hass Large','<ul><li> Unrestrained and portable active stereo speaker</li>\n            <li> Free from the confines of wires and chords</li>\n            <li> 20 hours of portable capabilities</li>\n            <li> Double-ended Coil Cord with 3.5mm Stereo Plugs Included</li>\n            <li> 3/4″ Dome Tweeters: 2X and 4″ Woofer: 1X</li></ul>','<p>Short Hooded Coat features a straight body, large pockets with button flaps, ventilation air holes, and a string detail along the hemline. The style is completed with a drawstring hood, featuring Rains&rsquo; signature built-in cap. Made from waterproof, matte PU, this lightweight unisex rain jacket is an ode to nostalgia through its classic silhouette and utilitarian design details.</p>\n                                <p>- Casual unisex fit</p>\n\n                                <p>- 64% polyester, 36% polyurethane</p>\n\n                                <p>- Water column pressure: 4000 mm</p>\n\n                                <p>- Model is 187cm tall and wearing a size S / M</p>\n\n                                <p>- Unisex fit</p>\n\n                                <p>- Drawstring hood with built-in cap</p>\n\n                                <p>- Front placket with snap buttons</p>\n\n                                <p>- Ventilation under armpit</p>\n\n                                <p>- Adjustable cuffs</p>\n\n                                <p>- Double welted front pockets</p>\n\n                                <p>- Adjustable elastic string at hempen</p>\n\n                                <p>- Ultrasonically welded seams</p>\n\n                                <p>This is a unisex item, please check our clothing &amp; footwear sizing guide for specific Rains jacket sizing information. RAINS comes from the rainy nation of Denmark at the edge of the European continent, close to the ocean and with prevailing westerly winds; all factors that contribute to an average of 121 rain days each year. Arising from these rainy weather conditions comes the attitude that a quick rain shower may be beautiful, as well as moody- but first and foremost requires the right outfit. Rains focus on the whole experience of going outside on rainy days, issuing an invitation to explore even in the most mercurial weather.</p>','published','[\"products\\/43.jpg\",\"products\\/43-1.jpg\",\"products\\/43-2.jpg\"]','SW-124-A0',0,19,0,1,0,5,0,0,647,NULL,NULL,NULL,17.00,15.00,14.00,843.00,1,88837,'2022-05-30 02:37:09','2022-05-30 02:37:27','in_stock',7,0,'Botble\\ACL\\Models\\User',0,NULL),(44,'Italia Beef Lasagne','<ul><li> Unrestrained and portable active stereo speaker</li>\n            <li> Free from the confines of wires and chords</li>\n            <li> 20 hours of portable capabilities</li>\n            <li> Double-ended Coil Cord with 3.5mm Stereo Plugs Included</li>\n            <li> 3/4″ Dome Tweeters: 2X and 4″ Woofer: 1X</li></ul>','<p>Short Hooded Coat features a straight body, large pockets with button flaps, ventilation air holes, and a string detail along the hemline. The style is completed with a drawstring hood, featuring Rains&rsquo; signature built-in cap. Made from waterproof, matte PU, this lightweight unisex rain jacket is an ode to nostalgia through its classic silhouette and utilitarian design details.</p>\n                                <p>- Casual unisex fit</p>\n\n                                <p>- 64% polyester, 36% polyurethane</p>\n\n                                <p>- Water column pressure: 4000 mm</p>\n\n                                <p>- Model is 187cm tall and wearing a size S / M</p>\n\n                                <p>- Unisex fit</p>\n\n                                <p>- Drawstring hood with built-in cap</p>\n\n                                <p>- Front placket with snap buttons</p>\n\n                                <p>- Ventilation under armpit</p>\n\n                                <p>- Adjustable cuffs</p>\n\n                                <p>- Double welted front pockets</p>\n\n                                <p>- Adjustable elastic string at hempen</p>\n\n                                <p>- Ultrasonically welded seams</p>\n\n                                <p>This is a unisex item, please check our clothing &amp; footwear sizing guide for specific Rains jacket sizing information. RAINS comes from the rainy nation of Denmark at the edge of the European continent, close to the ocean and with prevailing westerly winds; all factors that contribute to an average of 121 rain days each year. Arising from these rainy weather conditions comes the attitude that a quick rain shower may be beautiful, as well as moody- but first and foremost requires the right outfit. Rains focus on the whole experience of going outside on rainy days, issuing an invitation to explore even in the most mercurial weather.</p>','published','[\"products\\/44.jpg\",\"products\\/44-1.jpg\",\"products\\/44-2.jpg\"]','SW-153-A0',0,20,0,1,0,2,0,0,1249,1086.63,NULL,NULL,16.00,10.00,12.00,803.00,1,154760,'2022-05-30 02:37:09','2022-05-30 02:37:27','in_stock',7,0,'Botble\\ACL\\Models\\User',0,NULL),(45,'Maxwell House Classic Roast Mocha','<ul><li> Unrestrained and portable active stereo speaker</li>\n            <li> Free from the confines of wires and chords</li>\n            <li> 20 hours of portable capabilities</li>\n            <li> Double-ended Coil Cord with 3.5mm Stereo Plugs Included</li>\n            <li> 3/4″ Dome Tweeters: 2X and 4″ Woofer: 1X</li></ul>','<p>Short Hooded Coat features a straight body, large pockets with button flaps, ventilation air holes, and a string detail along the hemline. The style is completed with a drawstring hood, featuring Rains&rsquo; signature built-in cap. Made from waterproof, matte PU, this lightweight unisex rain jacket is an ode to nostalgia through its classic silhouette and utilitarian design details.</p>\n                                <p>- Casual unisex fit</p>\n\n                                <p>- 64% polyester, 36% polyurethane</p>\n\n                                <p>- Water column pressure: 4000 mm</p>\n\n                                <p>- Model is 187cm tall and wearing a size S / M</p>\n\n                                <p>- Unisex fit</p>\n\n                                <p>- Drawstring hood with built-in cap</p>\n\n                                <p>- Front placket with snap buttons</p>\n\n                                <p>- Ventilation under armpit</p>\n\n                                <p>- Adjustable cuffs</p>\n\n                                <p>- Double welted front pockets</p>\n\n                                <p>- Adjustable elastic string at hempen</p>\n\n                                <p>- Ultrasonically welded seams</p>\n\n                                <p>This is a unisex item, please check our clothing &amp; footwear sizing guide for specific Rains jacket sizing information. RAINS comes from the rainy nation of Denmark at the edge of the European continent, close to the ocean and with prevailing westerly winds; all factors that contribute to an average of 121 rain days each year. Arising from these rainy weather conditions comes the attitude that a quick rain shower may be beautiful, as well as moody- but first and foremost requires the right outfit. Rains focus on the whole experience of going outside on rainy days, issuing an invitation to explore even in the most mercurial weather.</p>','published','[\"products\\/45.jpg\",\"products\\/45-1.jpg\"]','SW-187-A0',0,20,0,1,0,5,0,0,503,NULL,NULL,NULL,14.00,13.00,11.00,535.00,1,173594,'2022-05-30 02:37:09','2022-05-30 02:37:27','in_stock',1,0,'Botble\\ACL\\Models\\User',0,NULL),(46,'Bottled Pure Water 500ml','<ul><li> Unrestrained and portable active stereo speaker</li>\n            <li> Free from the confines of wires and chords</li>\n            <li> 20 hours of portable capabilities</li>\n            <li> Double-ended Coil Cord with 3.5mm Stereo Plugs Included</li>\n            <li> 3/4″ Dome Tweeters: 2X and 4″ Woofer: 1X</li></ul>','<p>Short Hooded Coat features a straight body, large pockets with button flaps, ventilation air holes, and a string detail along the hemline. The style is completed with a drawstring hood, featuring Rains&rsquo; signature built-in cap. Made from waterproof, matte PU, this lightweight unisex rain jacket is an ode to nostalgia through its classic silhouette and utilitarian design details.</p>\n                                <p>- Casual unisex fit</p>\n\n                                <p>- 64% polyester, 36% polyurethane</p>\n\n                                <p>- Water column pressure: 4000 mm</p>\n\n                                <p>- Model is 187cm tall and wearing a size S / M</p>\n\n                                <p>- Unisex fit</p>\n\n                                <p>- Drawstring hood with built-in cap</p>\n\n                                <p>- Front placket with snap buttons</p>\n\n                                <p>- Ventilation under armpit</p>\n\n                                <p>- Adjustable cuffs</p>\n\n                                <p>- Double welted front pockets</p>\n\n                                <p>- Adjustable elastic string at hempen</p>\n\n                                <p>- Ultrasonically welded seams</p>\n\n                                <p>This is a unisex item, please check our clothing &amp; footwear sizing guide for specific Rains jacket sizing information. RAINS comes from the rainy nation of Denmark at the edge of the European continent, close to the ocean and with prevailing westerly winds; all factors that contribute to an average of 121 rain days each year. Arising from these rainy weather conditions comes the attitude that a quick rain shower may be beautiful, as well as moody- but first and foremost requires the right outfit. Rains focus on the whole experience of going outside on rainy days, issuing an invitation to explore even in the most mercurial weather.</p>','published','[\"products\\/46.jpg\",\"products\\/46-1.jpg\"]','SW-116-A0',0,16,0,1,0,5,0,0,1245,NULL,NULL,NULL,13.00,12.00,12.00,774.00,1,6032,'2022-05-30 02:37:09','2022-05-30 02:37:27','in_stock',1,0,'Botble\\ACL\\Models\\User',0,NULL),(47,'Famart Farmhouse Soft White','<ul><li> Unrestrained and portable active stereo speaker</li>\n            <li> Free from the confines of wires and chords</li>\n            <li> 20 hours of portable capabilities</li>\n            <li> Double-ended Coil Cord with 3.5mm Stereo Plugs Included</li>\n            <li> 3/4″ Dome Tweeters: 2X and 4″ Woofer: 1X</li></ul>','<p>Short Hooded Coat features a straight body, large pockets with button flaps, ventilation air holes, and a string detail along the hemline. The style is completed with a drawstring hood, featuring Rains&rsquo; signature built-in cap. Made from waterproof, matte PU, this lightweight unisex rain jacket is an ode to nostalgia through its classic silhouette and utilitarian design details.</p>\n                                <p>- Casual unisex fit</p>\n\n                                <p>- 64% polyester, 36% polyurethane</p>\n\n                                <p>- Water column pressure: 4000 mm</p>\n\n                                <p>- Model is 187cm tall and wearing a size S / M</p>\n\n                                <p>- Unisex fit</p>\n\n                                <p>- Drawstring hood with built-in cap</p>\n\n                                <p>- Front placket with snap buttons</p>\n\n                                <p>- Ventilation under armpit</p>\n\n                                <p>- Adjustable cuffs</p>\n\n                                <p>- Double welted front pockets</p>\n\n                                <p>- Adjustable elastic string at hempen</p>\n\n                                <p>- Ultrasonically welded seams</p>\n\n                                <p>This is a unisex item, please check our clothing &amp; footwear sizing guide for specific Rains jacket sizing information. RAINS comes from the rainy nation of Denmark at the edge of the European continent, close to the ocean and with prevailing westerly winds; all factors that contribute to an average of 121 rain days each year. Arising from these rainy weather conditions comes the attitude that a quick rain shower may be beautiful, as well as moody- but first and foremost requires the right outfit. Rains focus on the whole experience of going outside on rainy days, issuing an invitation to explore even in the most mercurial weather.</p>','published','[\"products\\/47.jpg\",\"products\\/47-1.jpg\"]','SW-120-A0',0,15,0,1,0,4,0,0,899,NULL,NULL,NULL,19.00,20.00,10.00,777.00,1,109235,'2022-05-30 02:37:09','2022-05-30 02:37:27','in_stock',2,0,'Botble\\ACL\\Models\\User',0,NULL),(48,'Coca-Cola Original Taste','<ul><li> Unrestrained and portable active stereo speaker</li>\n            <li> Free from the confines of wires and chords</li>\n            <li> 20 hours of portable capabilities</li>\n            <li> Double-ended Coil Cord with 3.5mm Stereo Plugs Included</li>\n            <li> 3/4″ Dome Tweeters: 2X and 4″ Woofer: 1X</li></ul>','<p>Short Hooded Coat features a straight body, large pockets with button flaps, ventilation air holes, and a string detail along the hemline. The style is completed with a drawstring hood, featuring Rains&rsquo; signature built-in cap. Made from waterproof, matte PU, this lightweight unisex rain jacket is an ode to nostalgia through its classic silhouette and utilitarian design details.</p>\n                                <p>- Casual unisex fit</p>\n\n                                <p>- 64% polyester, 36% polyurethane</p>\n\n                                <p>- Water column pressure: 4000 mm</p>\n\n                                <p>- Model is 187cm tall and wearing a size S / M</p>\n\n                                <p>- Unisex fit</p>\n\n                                <p>- Drawstring hood with built-in cap</p>\n\n                                <p>- Front placket with snap buttons</p>\n\n                                <p>- Ventilation under armpit</p>\n\n                                <p>- Adjustable cuffs</p>\n\n                                <p>- Double welted front pockets</p>\n\n                                <p>- Adjustable elastic string at hempen</p>\n\n                                <p>- Ultrasonically welded seams</p>\n\n                                <p>This is a unisex item, please check our clothing &amp; footwear sizing guide for specific Rains jacket sizing information. RAINS comes from the rainy nation of Denmark at the edge of the European continent, close to the ocean and with prevailing westerly winds; all factors that contribute to an average of 121 rain days each year. Arising from these rainy weather conditions comes the attitude that a quick rain shower may be beautiful, as well as moody- but first and foremost requires the right outfit. Rains focus on the whole experience of going outside on rainy days, issuing an invitation to explore even in the most mercurial weather.</p>','published','[\"products\\/48.jpg\",\"products\\/48-1.jpg\",\"products\\/48-2.jpg\"]','SW-178-A0',0,17,0,1,0,2,0,0,868,755.16,NULL,NULL,19.00,14.00,15.00,769.00,1,57685,'2022-05-30 02:37:09','2022-05-30 02:37:27','in_stock',4,0,'Botble\\ACL\\Models\\User',0,NULL),(49,'Casillero Diablo Cabernet Sauvignon','<ul><li> Unrestrained and portable active stereo speaker</li>\n            <li> Free from the confines of wires and chords</li>\n            <li> 20 hours of portable capabilities</li>\n            <li> Double-ended Coil Cord with 3.5mm Stereo Plugs Included</li>\n            <li> 3/4″ Dome Tweeters: 2X and 4″ Woofer: 1X</li></ul>','<p>Short Hooded Coat features a straight body, large pockets with button flaps, ventilation air holes, and a string detail along the hemline. The style is completed with a drawstring hood, featuring Rains&rsquo; signature built-in cap. Made from waterproof, matte PU, this lightweight unisex rain jacket is an ode to nostalgia through its classic silhouette and utilitarian design details.</p>\n                                <p>- Casual unisex fit</p>\n\n                                <p>- 64% polyester, 36% polyurethane</p>\n\n                                <p>- Water column pressure: 4000 mm</p>\n\n                                <p>- Model is 187cm tall and wearing a size S / M</p>\n\n                                <p>- Unisex fit</p>\n\n                                <p>- Drawstring hood with built-in cap</p>\n\n                                <p>- Front placket with snap buttons</p>\n\n                                <p>- Ventilation under armpit</p>\n\n                                <p>- Adjustable cuffs</p>\n\n                                <p>- Double welted front pockets</p>\n\n                                <p>- Adjustable elastic string at hempen</p>\n\n                                <p>- Ultrasonically welded seams</p>\n\n                                <p>This is a unisex item, please check our clothing &amp; footwear sizing guide for specific Rains jacket sizing information. RAINS comes from the rainy nation of Denmark at the edge of the European continent, close to the ocean and with prevailing westerly winds; all factors that contribute to an average of 121 rain days each year. Arising from these rainy weather conditions comes the attitude that a quick rain shower may be beautiful, as well as moody- but first and foremost requires the right outfit. Rains focus on the whole experience of going outside on rainy days, issuing an invitation to explore even in the most mercurial weather.</p>','published','[\"products\\/49.jpg\",\"products\\/49-1.jpg\",\"products\\/49-2.jpg\"]','SW-111-A0',0,16,0,1,0,2,0,0,687,NULL,NULL,NULL,17.00,13.00,13.00,513.00,1,88876,'2022-05-30 02:37:09','2022-05-30 02:37:27','in_stock',5,0,'Botble\\ACL\\Models\\User',0,NULL),(50,'Arla Organic Free Range Milk','<ul><li> Unrestrained and portable active stereo speaker</li>\n            <li> Free from the confines of wires and chords</li>\n            <li> 20 hours of portable capabilities</li>\n            <li> Double-ended Coil Cord with 3.5mm Stereo Plugs Included</li>\n            <li> 3/4″ Dome Tweeters: 2X and 4″ Woofer: 1X</li></ul>','<p>Short Hooded Coat features a straight body, large pockets with button flaps, ventilation air holes, and a string detail along the hemline. The style is completed with a drawstring hood, featuring Rains&rsquo; signature built-in cap. Made from waterproof, matte PU, this lightweight unisex rain jacket is an ode to nostalgia through its classic silhouette and utilitarian design details.</p>\n                                <p>- Casual unisex fit</p>\n\n                                <p>- 64% polyester, 36% polyurethane</p>\n\n                                <p>- Water column pressure: 4000 mm</p>\n\n                                <p>- Model is 187cm tall and wearing a size S / M</p>\n\n                                <p>- Unisex fit</p>\n\n                                <p>- Drawstring hood with built-in cap</p>\n\n                                <p>- Front placket with snap buttons</p>\n\n                                <p>- Ventilation under armpit</p>\n\n                                <p>- Adjustable cuffs</p>\n\n                                <p>- Double welted front pockets</p>\n\n                                <p>- Adjustable elastic string at hempen</p>\n\n                                <p>- Ultrasonically welded seams</p>\n\n                                <p>This is a unisex item, please check our clothing &amp; footwear sizing guide for specific Rains jacket sizing information. RAINS comes from the rainy nation of Denmark at the edge of the European continent, close to the ocean and with prevailing westerly winds; all factors that contribute to an average of 121 rain days each year. Arising from these rainy weather conditions comes the attitude that a quick rain shower may be beautiful, as well as moody- but first and foremost requires the right outfit. Rains focus on the whole experience of going outside on rainy days, issuing an invitation to explore even in the most mercurial weather.</p>','published','[\"products\\/50.jpg\",\"products\\/50-1.jpg\"]','SW-163-A0',0,16,0,1,0,1,0,0,529,NULL,NULL,NULL,19.00,18.00,16.00,503.00,1,187041,'2022-05-30 02:37:09','2022-05-30 02:37:27','in_stock',6,0,'Botble\\ACL\\Models\\User',0,NULL),(51,'Aptamil Follow On Baby Milk','<ul><li> Unrestrained and portable active stereo speaker</li>\n            <li> Free from the confines of wires and chords</li>\n            <li> 20 hours of portable capabilities</li>\n            <li> Double-ended Coil Cord with 3.5mm Stereo Plugs Included</li>\n            <li> 3/4″ Dome Tweeters: 2X and 4″ Woofer: 1X</li></ul>','<p>Short Hooded Coat features a straight body, large pockets with button flaps, ventilation air holes, and a string detail along the hemline. The style is completed with a drawstring hood, featuring Rains&rsquo; signature built-in cap. Made from waterproof, matte PU, this lightweight unisex rain jacket is an ode to nostalgia through its classic silhouette and utilitarian design details.</p>\n                                <p>- Casual unisex fit</p>\n\n                                <p>- 64% polyester, 36% polyurethane</p>\n\n                                <p>- Water column pressure: 4000 mm</p>\n\n                                <p>- Model is 187cm tall and wearing a size S / M</p>\n\n                                <p>- Unisex fit</p>\n\n                                <p>- Drawstring hood with built-in cap</p>\n\n                                <p>- Front placket with snap buttons</p>\n\n                                <p>- Ventilation under armpit</p>\n\n                                <p>- Adjustable cuffs</p>\n\n                                <p>- Double welted front pockets</p>\n\n                                <p>- Adjustable elastic string at hempen</p>\n\n                                <p>- Ultrasonically welded seams</p>\n\n                                <p>This is a unisex item, please check our clothing &amp; footwear sizing guide for specific Rains jacket sizing information. RAINS comes from the rainy nation of Denmark at the edge of the European continent, close to the ocean and with prevailing westerly winds; all factors that contribute to an average of 121 rain days each year. Arising from these rainy weather conditions comes the attitude that a quick rain shower may be beautiful, as well as moody- but first and foremost requires the right outfit. Rains focus on the whole experience of going outside on rainy days, issuing an invitation to explore even in the most mercurial weather.</p>','published','[\"products\\/51.jpg\"]','SW-129-A0',0,14,0,1,0,2,0,0,1196,NULL,NULL,NULL,10.00,17.00,16.00,882.00,1,142811,'2022-05-30 02:37:09','2022-05-30 02:37:27','in_stock',3,0,'Botble\\ACL\\Models\\User',0,NULL),(52,'Cuisinart Chef’S Classic Hard-Anodized','<ul><li> Unrestrained and portable active stereo speaker</li>\n            <li> Free from the confines of wires and chords</li>\n            <li> 20 hours of portable capabilities</li>\n            <li> Double-ended Coil Cord with 3.5mm Stereo Plugs Included</li>\n            <li> 3/4″ Dome Tweeters: 2X and 4″ Woofer: 1X</li></ul>','<p>Short Hooded Coat features a straight body, large pockets with button flaps, ventilation air holes, and a string detail along the hemline. The style is completed with a drawstring hood, featuring Rains&rsquo; signature built-in cap. Made from waterproof, matte PU, this lightweight unisex rain jacket is an ode to nostalgia through its classic silhouette and utilitarian design details.</p>\n                                <p>- Casual unisex fit</p>\n\n                                <p>- 64% polyester, 36% polyurethane</p>\n\n                                <p>- Water column pressure: 4000 mm</p>\n\n                                <p>- Model is 187cm tall and wearing a size S / M</p>\n\n                                <p>- Unisex fit</p>\n\n                                <p>- Drawstring hood with built-in cap</p>\n\n                                <p>- Front placket with snap buttons</p>\n\n                                <p>- Ventilation under armpit</p>\n\n                                <p>- Adjustable cuffs</p>\n\n                                <p>- Double welted front pockets</p>\n\n                                <p>- Adjustable elastic string at hempen</p>\n\n                                <p>- Ultrasonically welded seams</p>\n\n                                <p>This is a unisex item, please check our clothing &amp; footwear sizing guide for specific Rains jacket sizing information. RAINS comes from the rainy nation of Denmark at the edge of the European continent, close to the ocean and with prevailing westerly winds; all factors that contribute to an average of 121 rain days each year. Arising from these rainy weather conditions comes the attitude that a quick rain shower may be beautiful, as well as moody- but first and foremost requires the right outfit. Rains focus on the whole experience of going outside on rainy days, issuing an invitation to explore even in the most mercurial weather.</p>','published','[\"products\\/52.jpg\",\"products\\/52-1.jpg\",\"products\\/52-2.jpg\"]','SW-163-A0',0,16,0,1,0,5,0,0,1115,958.9,NULL,NULL,20.00,19.00,14.00,812.00,1,98399,'2022-05-30 02:37:09','2022-05-30 02:37:27','in_stock',2,0,'Botble\\ACL\\Models\\User',0,NULL),(53,'Corn, Yellow Sweet','<ul><li> Unrestrained and portable active stereo speaker</li>\n            <li> Free from the confines of wires and chords</li>\n            <li> 20 hours of portable capabilities</li>\n            <li> Double-ended Coil Cord with 3.5mm Stereo Plugs Included</li>\n            <li> 3/4″ Dome Tweeters: 2X and 4″ Woofer: 1X</li></ul>','<p>Short Hooded Coat features a straight body, large pockets with button flaps, ventilation air holes, and a string detail along the hemline. The style is completed with a drawstring hood, featuring Rains&rsquo; signature built-in cap. Made from waterproof, matte PU, this lightweight unisex rain jacket is an ode to nostalgia through its classic silhouette and utilitarian design details.</p>\n                                <p>- Casual unisex fit</p>\n\n                                <p>- 64% polyester, 36% polyurethane</p>\n\n                                <p>- Water column pressure: 4000 mm</p>\n\n                                <p>- Model is 187cm tall and wearing a size S / M</p>\n\n                                <p>- Unisex fit</p>\n\n                                <p>- Drawstring hood with built-in cap</p>\n\n                                <p>- Front placket with snap buttons</p>\n\n                                <p>- Ventilation under armpit</p>\n\n                                <p>- Adjustable cuffs</p>\n\n                                <p>- Double welted front pockets</p>\n\n                                <p>- Adjustable elastic string at hempen</p>\n\n                                <p>- Ultrasonically welded seams</p>\n\n                                <p>This is a unisex item, please check our clothing &amp; footwear sizing guide for specific Rains jacket sizing information. RAINS comes from the rainy nation of Denmark at the edge of the European continent, close to the ocean and with prevailing westerly winds; all factors that contribute to an average of 121 rain days each year. Arising from these rainy weather conditions comes the attitude that a quick rain shower may be beautiful, as well as moody- but first and foremost requires the right outfit. Rains focus on the whole experience of going outside on rainy days, issuing an invitation to explore even in the most mercurial weather.</p>','published','[\"products\\/53.jpg\",\"products\\/53-1.jpg\"]','SW-119-A0',0,10,0,1,0,3,0,0,538,NULL,NULL,NULL,13.00,11.00,19.00,865.00,1,134016,'2022-05-30 02:37:09','2022-05-30 02:37:27','in_stock',1,0,'Botble\\ACL\\Models\\User',0,NULL),(54,'Hobnobs The Nobbly Biscuit','<ul><li> Unrestrained and portable active stereo speaker</li>\n            <li> Free from the confines of wires and chords</li>\n            <li> 20 hours of portable capabilities</li>\n            <li> Double-ended Coil Cord with 3.5mm Stereo Plugs Included</li>\n            <li> 3/4″ Dome Tweeters: 2X and 4″ Woofer: 1X</li></ul>','<p>Short Hooded Coat features a straight body, large pockets with button flaps, ventilation air holes, and a string detail along the hemline. The style is completed with a drawstring hood, featuring Rains&rsquo; signature built-in cap. Made from waterproof, matte PU, this lightweight unisex rain jacket is an ode to nostalgia through its classic silhouette and utilitarian design details.</p>\n                                <p>- Casual unisex fit</p>\n\n                                <p>- 64% polyester, 36% polyurethane</p>\n\n                                <p>- Water column pressure: 4000 mm</p>\n\n                                <p>- Model is 187cm tall and wearing a size S / M</p>\n\n                                <p>- Unisex fit</p>\n\n                                <p>- Drawstring hood with built-in cap</p>\n\n                                <p>- Front placket with snap buttons</p>\n\n                                <p>- Ventilation under armpit</p>\n\n                                <p>- Adjustable cuffs</p>\n\n                                <p>- Double welted front pockets</p>\n\n                                <p>- Adjustable elastic string at hempen</p>\n\n                                <p>- Ultrasonically welded seams</p>\n\n                                <p>This is a unisex item, please check our clothing &amp; footwear sizing guide for specific Rains jacket sizing information. RAINS comes from the rainy nation of Denmark at the edge of the European continent, close to the ocean and with prevailing westerly winds; all factors that contribute to an average of 121 rain days each year. Arising from these rainy weather conditions comes the attitude that a quick rain shower may be beautiful, as well as moody- but first and foremost requires the right outfit. Rains focus on the whole experience of going outside on rainy days, issuing an invitation to explore even in the most mercurial weather.</p>','published','[\"products\\/54.jpg\",\"products\\/54-1.jpg\"]','SW-131-A0',0,19,0,1,0,5,0,0,797,NULL,NULL,NULL,15.00,14.00,20.00,605.00,1,10550,'2022-05-30 02:37:09','2022-05-30 02:37:27','in_stock',6,0,'Botble\\ACL\\Models\\User',0,NULL),(55,'Honest Organic Still Lemonade','<ul><li> Unrestrained and portable active stereo speaker</li>\n            <li> Free from the confines of wires and chords</li>\n            <li> 20 hours of portable capabilities</li>\n            <li> Double-ended Coil Cord with 3.5mm Stereo Plugs Included</li>\n            <li> 3/4″ Dome Tweeters: 2X and 4″ Woofer: 1X</li></ul>','<p>Short Hooded Coat features a straight body, large pockets with button flaps, ventilation air holes, and a string detail along the hemline. The style is completed with a drawstring hood, featuring Rains&rsquo; signature built-in cap. Made from waterproof, matte PU, this lightweight unisex rain jacket is an ode to nostalgia through its classic silhouette and utilitarian design details.</p>\n                                <p>- Casual unisex fit</p>\n\n                                <p>- 64% polyester, 36% polyurethane</p>\n\n                                <p>- Water column pressure: 4000 mm</p>\n\n                                <p>- Model is 187cm tall and wearing a size S / M</p>\n\n                                <p>- Unisex fit</p>\n\n                                <p>- Drawstring hood with built-in cap</p>\n\n                                <p>- Front placket with snap buttons</p>\n\n                                <p>- Ventilation under armpit</p>\n\n                                <p>- Adjustable cuffs</p>\n\n                                <p>- Double welted front pockets</p>\n\n                                <p>- Adjustable elastic string at hempen</p>\n\n                                <p>- Ultrasonically welded seams</p>\n\n                                <p>This is a unisex item, please check our clothing &amp; footwear sizing guide for specific Rains jacket sizing information. RAINS comes from the rainy nation of Denmark at the edge of the European continent, close to the ocean and with prevailing westerly winds; all factors that contribute to an average of 121 rain days each year. Arising from these rainy weather conditions comes the attitude that a quick rain shower may be beautiful, as well as moody- but first and foremost requires the right outfit. Rains focus on the whole experience of going outside on rainy days, issuing an invitation to explore even in the most mercurial weather.</p>','published','[\"products\\/55.jpg\",\"products\\/55-1.jpg\",\"products\\/55-2.jpg\"]','SW-137-A0',0,15,0,1,0,3,0,0,1213,NULL,NULL,NULL,12.00,11.00,16.00,629.00,1,172140,'2022-05-30 02:37:09','2022-05-30 02:37:27','in_stock',8,0,'Botble\\ACL\\Models\\User',0,NULL),(56,'Ice Beck’s Beer 350ml x 24 Pieces','<ul><li> Unrestrained and portable active stereo speaker</li>\n            <li> Free from the confines of wires and chords</li>\n            <li> 20 hours of portable capabilities</li>\n            <li> Double-ended Coil Cord with 3.5mm Stereo Plugs Included</li>\n            <li> 3/4″ Dome Tweeters: 2X and 4″ Woofer: 1X</li></ul>','<p>Short Hooded Coat features a straight body, large pockets with button flaps, ventilation air holes, and a string detail along the hemline. The style is completed with a drawstring hood, featuring Rains&rsquo; signature built-in cap. Made from waterproof, matte PU, this lightweight unisex rain jacket is an ode to nostalgia through its classic silhouette and utilitarian design details.</p>\n                                <p>- Casual unisex fit</p>\n\n                                <p>- 64% polyester, 36% polyurethane</p>\n\n                                <p>- Water column pressure: 4000 mm</p>\n\n                                <p>- Model is 187cm tall and wearing a size S / M</p>\n\n                                <p>- Unisex fit</p>\n\n                                <p>- Drawstring hood with built-in cap</p>\n\n                                <p>- Front placket with snap buttons</p>\n\n                                <p>- Ventilation under armpit</p>\n\n                                <p>- Adjustable cuffs</p>\n\n                                <p>- Double welted front pockets</p>\n\n                                <p>- Adjustable elastic string at hempen</p>\n\n                                <p>- Ultrasonically welded seams</p>\n\n                                <p>This is a unisex item, please check our clothing &amp; footwear sizing guide for specific Rains jacket sizing information. RAINS comes from the rainy nation of Denmark at the edge of the European continent, close to the ocean and with prevailing westerly winds; all factors that contribute to an average of 121 rain days each year. Arising from these rainy weather conditions comes the attitude that a quick rain shower may be beautiful, as well as moody- but first and foremost requires the right outfit. Rains focus on the whole experience of going outside on rainy days, issuing an invitation to explore even in the most mercurial weather.</p>','published','[\"products\\/56.jpg\",\"products\\/56-1.jpg\",\"products\\/56-2.jpg\"]','SW-167-A0',0,15,0,1,0,3,0,0,1252,913.96,NULL,NULL,13.00,13.00,16.00,615.00,1,186645,'2022-05-30 02:37:09','2022-05-30 02:37:27','in_stock',1,0,'Botble\\ACL\\Models\\User',0,NULL),(57,'Iceland 6 Hot Cross Buns','<ul><li> Unrestrained and portable active stereo speaker</li>\n            <li> Free from the confines of wires and chords</li>\n            <li> 20 hours of portable capabilities</li>\n            <li> Double-ended Coil Cord with 3.5mm Stereo Plugs Included</li>\n            <li> 3/4″ Dome Tweeters: 2X and 4″ Woofer: 1X</li></ul>','<p>Short Hooded Coat features a straight body, large pockets with button flaps, ventilation air holes, and a string detail along the hemline. The style is completed with a drawstring hood, featuring Rains&rsquo; signature built-in cap. Made from waterproof, matte PU, this lightweight unisex rain jacket is an ode to nostalgia through its classic silhouette and utilitarian design details.</p>\n                                <p>- Casual unisex fit</p>\n\n                                <p>- 64% polyester, 36% polyurethane</p>\n\n                                <p>- Water column pressure: 4000 mm</p>\n\n                                <p>- Model is 187cm tall and wearing a size S / M</p>\n\n                                <p>- Unisex fit</p>\n\n                                <p>- Drawstring hood with built-in cap</p>\n\n                                <p>- Front placket with snap buttons</p>\n\n                                <p>- Ventilation under armpit</p>\n\n                                <p>- Adjustable cuffs</p>\n\n                                <p>- Double welted front pockets</p>\n\n                                <p>- Adjustable elastic string at hempen</p>\n\n                                <p>- Ultrasonically welded seams</p>\n\n                                <p>This is a unisex item, please check our clothing &amp; footwear sizing guide for specific Rains jacket sizing information. RAINS comes from the rainy nation of Denmark at the edge of the European continent, close to the ocean and with prevailing westerly winds; all factors that contribute to an average of 121 rain days each year. Arising from these rainy weather conditions comes the attitude that a quick rain shower may be beautiful, as well as moody- but first and foremost requires the right outfit. Rains focus on the whole experience of going outside on rainy days, issuing an invitation to explore even in the most mercurial weather.</p>','published','[\"products\\/57.jpg\",\"products\\/57-1.jpg\"]','SW-134-A0',0,20,0,1,0,3,0,0,792,NULL,NULL,NULL,12.00,19.00,14.00,723.00,1,111682,'2022-05-30 02:37:09','2022-05-30 02:37:27','in_stock',6,0,'Botble\\ACL\\Models\\User',0,NULL),(58,'Iceland Luxury 4 Panini Rolls','<ul><li> Unrestrained and portable active stereo speaker</li>\n            <li> Free from the confines of wires and chords</li>\n            <li> 20 hours of portable capabilities</li>\n            <li> Double-ended Coil Cord with 3.5mm Stereo Plugs Included</li>\n            <li> 3/4″ Dome Tweeters: 2X and 4″ Woofer: 1X</li></ul>','<p>Short Hooded Coat features a straight body, large pockets with button flaps, ventilation air holes, and a string detail along the hemline. The style is completed with a drawstring hood, featuring Rains&rsquo; signature built-in cap. Made from waterproof, matte PU, this lightweight unisex rain jacket is an ode to nostalgia through its classic silhouette and utilitarian design details.</p>\n                                <p>- Casual unisex fit</p>\n\n                                <p>- 64% polyester, 36% polyurethane</p>\n\n                                <p>- Water column pressure: 4000 mm</p>\n\n                                <p>- Model is 187cm tall and wearing a size S / M</p>\n\n                                <p>- Unisex fit</p>\n\n                                <p>- Drawstring hood with built-in cap</p>\n\n                                <p>- Front placket with snap buttons</p>\n\n                                <p>- Ventilation under armpit</p>\n\n                                <p>- Adjustable cuffs</p>\n\n                                <p>- Double welted front pockets</p>\n\n                                <p>- Adjustable elastic string at hempen</p>\n\n                                <p>- Ultrasonically welded seams</p>\n\n                                <p>This is a unisex item, please check our clothing &amp; footwear sizing guide for specific Rains jacket sizing information. RAINS comes from the rainy nation of Denmark at the edge of the European continent, close to the ocean and with prevailing westerly winds; all factors that contribute to an average of 121 rain days each year. Arising from these rainy weather conditions comes the attitude that a quick rain shower may be beautiful, as well as moody- but first and foremost requires the right outfit. Rains focus on the whole experience of going outside on rainy days, issuing an invitation to explore even in the most mercurial weather.</p>','published','[\"products\\/58.jpg\",\"products\\/58-1.jpg\",\"products\\/58-2.jpg\"]','SW-187-A0',0,17,0,1,0,5,0,0,532,NULL,NULL,NULL,13.00,17.00,17.00,743.00,1,148074,'2022-05-30 02:37:09','2022-05-30 02:37:27','in_stock',8,0,'Botble\\ACL\\Models\\User',0,NULL),(59,'Iceland Soft Scoop Vanilla','<ul><li> Unrestrained and portable active stereo speaker</li>\n            <li> Free from the confines of wires and chords</li>\n            <li> 20 hours of portable capabilities</li>\n            <li> Double-ended Coil Cord with 3.5mm Stereo Plugs Included</li>\n            <li> 3/4″ Dome Tweeters: 2X and 4″ Woofer: 1X</li></ul>','<p>Short Hooded Coat features a straight body, large pockets with button flaps, ventilation air holes, and a string detail along the hemline. The style is completed with a drawstring hood, featuring Rains&rsquo; signature built-in cap. Made from waterproof, matte PU, this lightweight unisex rain jacket is an ode to nostalgia through its classic silhouette and utilitarian design details.</p>\n                                <p>- Casual unisex fit</p>\n\n                                <p>- 64% polyester, 36% polyurethane</p>\n\n                                <p>- Water column pressure: 4000 mm</p>\n\n                                <p>- Model is 187cm tall and wearing a size S / M</p>\n\n                                <p>- Unisex fit</p>\n\n                                <p>- Drawstring hood with built-in cap</p>\n\n                                <p>- Front placket with snap buttons</p>\n\n                                <p>- Ventilation under armpit</p>\n\n                                <p>- Adjustable cuffs</p>\n\n                                <p>- Double welted front pockets</p>\n\n                                <p>- Adjustable elastic string at hempen</p>\n\n                                <p>- Ultrasonically welded seams</p>\n\n                                <p>This is a unisex item, please check our clothing &amp; footwear sizing guide for specific Rains jacket sizing information. RAINS comes from the rainy nation of Denmark at the edge of the European continent, close to the ocean and with prevailing westerly winds; all factors that contribute to an average of 121 rain days each year. Arising from these rainy weather conditions comes the attitude that a quick rain shower may be beautiful, as well as moody- but first and foremost requires the right outfit. Rains focus on the whole experience of going outside on rainy days, issuing an invitation to explore even in the most mercurial weather.</p>','published','[\"products\\/59.jpg\",\"products\\/59-1.jpg\",\"products\\/59-2.jpg\",\"products\\/59-3.jpg\"]','SW-132-A0',0,14,0,1,0,3,0,0,1227,NULL,NULL,NULL,17.00,19.00,16.00,709.00,1,190551,'2022-05-30 02:37:09','2022-05-30 02:37:27','in_stock',5,0,'Botble\\ACL\\Models\\User',0,NULL),(60,'Iceland Spaghetti Bolognese','<ul><li> Unrestrained and portable active stereo speaker</li>\n            <li> Free from the confines of wires and chords</li>\n            <li> 20 hours of portable capabilities</li>\n            <li> Double-ended Coil Cord with 3.5mm Stereo Plugs Included</li>\n            <li> 3/4″ Dome Tweeters: 2X and 4″ Woofer: 1X</li></ul>','<p>Short Hooded Coat features a straight body, large pockets with button flaps, ventilation air holes, and a string detail along the hemline. The style is completed with a drawstring hood, featuring Rains&rsquo; signature built-in cap. Made from waterproof, matte PU, this lightweight unisex rain jacket is an ode to nostalgia through its classic silhouette and utilitarian design details.</p>\n                                <p>- Casual unisex fit</p>\n\n                                <p>- 64% polyester, 36% polyurethane</p>\n\n                                <p>- Water column pressure: 4000 mm</p>\n\n                                <p>- Model is 187cm tall and wearing a size S / M</p>\n\n                                <p>- Unisex fit</p>\n\n                                <p>- Drawstring hood with built-in cap</p>\n\n                                <p>- Front placket with snap buttons</p>\n\n                                <p>- Ventilation under armpit</p>\n\n                                <p>- Adjustable cuffs</p>\n\n                                <p>- Double welted front pockets</p>\n\n                                <p>- Adjustable elastic string at hempen</p>\n\n                                <p>- Ultrasonically welded seams</p>\n\n                                <p>This is a unisex item, please check our clothing &amp; footwear sizing guide for specific Rains jacket sizing information. RAINS comes from the rainy nation of Denmark at the edge of the European continent, close to the ocean and with prevailing westerly winds; all factors that contribute to an average of 121 rain days each year. Arising from these rainy weather conditions comes the attitude that a quick rain shower may be beautiful, as well as moody- but first and foremost requires the right outfit. Rains focus on the whole experience of going outside on rainy days, issuing an invitation to explore even in the most mercurial weather.</p>','published','[\"products\\/60.jpg\",\"products\\/60-1.jpg\",\"products\\/60-2.jpg\"]','SW-195-A0',0,11,0,1,0,5,0,0,682,545.6,NULL,NULL,20.00,17.00,17.00,632.00,1,32683,'2022-05-30 02:37:09','2022-05-30 02:37:27','in_stock',1,0,'Botble\\ACL\\Models\\User',0,NULL),(61,'Kellogg’s Coco Pops Cereal','<ul><li> Unrestrained and portable active stereo speaker</li>\n            <li> Free from the confines of wires and chords</li>\n            <li> 20 hours of portable capabilities</li>\n            <li> Double-ended Coil Cord with 3.5mm Stereo Plugs Included</li>\n            <li> 3/4″ Dome Tweeters: 2X and 4″ Woofer: 1X</li></ul>','<p>Short Hooded Coat features a straight body, large pockets with button flaps, ventilation air holes, and a string detail along the hemline. The style is completed with a drawstring hood, featuring Rains&rsquo; signature built-in cap. Made from waterproof, matte PU, this lightweight unisex rain jacket is an ode to nostalgia through its classic silhouette and utilitarian design details.</p>\n                                <p>- Casual unisex fit</p>\n\n                                <p>- 64% polyester, 36% polyurethane</p>\n\n                                <p>- Water column pressure: 4000 mm</p>\n\n                                <p>- Model is 187cm tall and wearing a size S / M</p>\n\n                                <p>- Unisex fit</p>\n\n                                <p>- Drawstring hood with built-in cap</p>\n\n                                <p>- Front placket with snap buttons</p>\n\n                                <p>- Ventilation under armpit</p>\n\n                                <p>- Adjustable cuffs</p>\n\n                                <p>- Double welted front pockets</p>\n\n                                <p>- Adjustable elastic string at hempen</p>\n\n                                <p>- Ultrasonically welded seams</p>\n\n                                <p>This is a unisex item, please check our clothing &amp; footwear sizing guide for specific Rains jacket sizing information. RAINS comes from the rainy nation of Denmark at the edge of the European continent, close to the ocean and with prevailing westerly winds; all factors that contribute to an average of 121 rain days each year. Arising from these rainy weather conditions comes the attitude that a quick rain shower may be beautiful, as well as moody- but first and foremost requires the right outfit. Rains focus on the whole experience of going outside on rainy days, issuing an invitation to explore even in the most mercurial weather.</p>','published','[\"products\\/61.jpg\",\"products\\/61-1.jpg\"]','SW-143-A0',0,15,0,1,0,2,0,0,1070,NULL,NULL,NULL,16.00,15.00,11.00,566.00,1,176790,'2022-05-30 02:37:09','2022-05-30 02:37:27','in_stock',6,0,'Botble\\ACL\\Models\\User',0,NULL),(62,'Kit Kat Chunky Milk Chocolate','<ul><li> Unrestrained and portable active stereo speaker</li>\n            <li> Free from the confines of wires and chords</li>\n            <li> 20 hours of portable capabilities</li>\n            <li> Double-ended Coil Cord with 3.5mm Stereo Plugs Included</li>\n            <li> 3/4″ Dome Tweeters: 2X and 4″ Woofer: 1X</li></ul>','<p>Short Hooded Coat features a straight body, large pockets with button flaps, ventilation air holes, and a string detail along the hemline. The style is completed with a drawstring hood, featuring Rains&rsquo; signature built-in cap. Made from waterproof, matte PU, this lightweight unisex rain jacket is an ode to nostalgia through its classic silhouette and utilitarian design details.</p>\n                                <p>- Casual unisex fit</p>\n\n                                <p>- 64% polyester, 36% polyurethane</p>\n\n                                <p>- Water column pressure: 4000 mm</p>\n\n                                <p>- Model is 187cm tall and wearing a size S / M</p>\n\n                                <p>- Unisex fit</p>\n\n                                <p>- Drawstring hood with built-in cap</p>\n\n                                <p>- Front placket with snap buttons</p>\n\n                                <p>- Ventilation under armpit</p>\n\n                                <p>- Adjustable cuffs</p>\n\n                                <p>- Double welted front pockets</p>\n\n                                <p>- Adjustable elastic string at hempen</p>\n\n                                <p>- Ultrasonically welded seams</p>\n\n                                <p>This is a unisex item, please check our clothing &amp; footwear sizing guide for specific Rains jacket sizing information. RAINS comes from the rainy nation of Denmark at the edge of the European continent, close to the ocean and with prevailing westerly winds; all factors that contribute to an average of 121 rain days each year. Arising from these rainy weather conditions comes the attitude that a quick rain shower may be beautiful, as well as moody- but first and foremost requires the right outfit. Rains focus on the whole experience of going outside on rainy days, issuing an invitation to explore even in the most mercurial weather.</p>','published','[\"products\\/62.jpg\",\"products\\/62-1.jpg\"]','SW-103-A0',0,11,0,1,0,1,0,0,1048,NULL,NULL,NULL,16.00,19.00,12.00,767.00,1,86858,'2022-05-30 02:37:09','2022-05-30 02:37:27','in_stock',4,0,'Botble\\ACL\\Models\\User',0,NULL),(63,'Large Green Bell Pepper','<ul><li> Unrestrained and portable active stereo speaker</li>\n            <li> Free from the confines of wires and chords</li>\n            <li> 20 hours of portable capabilities</li>\n            <li> Double-ended Coil Cord with 3.5mm Stereo Plugs Included</li>\n            <li> 3/4″ Dome Tweeters: 2X and 4″ Woofer: 1X</li></ul>','<p>Short Hooded Coat features a straight body, large pockets with button flaps, ventilation air holes, and a string detail along the hemline. The style is completed with a drawstring hood, featuring Rains&rsquo; signature built-in cap. Made from waterproof, matte PU, this lightweight unisex rain jacket is an ode to nostalgia through its classic silhouette and utilitarian design details.</p>\n                                <p>- Casual unisex fit</p>\n\n                                <p>- 64% polyester, 36% polyurethane</p>\n\n                                <p>- Water column pressure: 4000 mm</p>\n\n                                <p>- Model is 187cm tall and wearing a size S / M</p>\n\n                                <p>- Unisex fit</p>\n\n                                <p>- Drawstring hood with built-in cap</p>\n\n                                <p>- Front placket with snap buttons</p>\n\n                                <p>- Ventilation under armpit</p>\n\n                                <p>- Adjustable cuffs</p>\n\n                                <p>- Double welted front pockets</p>\n\n                                <p>- Adjustable elastic string at hempen</p>\n\n                                <p>- Ultrasonically welded seams</p>\n\n                                <p>This is a unisex item, please check our clothing &amp; footwear sizing guide for specific Rains jacket sizing information. RAINS comes from the rainy nation of Denmark at the edge of the European continent, close to the ocean and with prevailing westerly winds; all factors that contribute to an average of 121 rain days each year. Arising from these rainy weather conditions comes the attitude that a quick rain shower may be beautiful, as well as moody- but first and foremost requires the right outfit. Rains focus on the whole experience of going outside on rainy days, issuing an invitation to explore even in the most mercurial weather.</p>','published','[\"products\\/63.jpg\",\"products\\/63-1.jpg\"]','SW-184-A0',0,10,0,1,0,2,0,0,729,NULL,NULL,NULL,14.00,17.00,10.00,590.00,1,76582,'2022-05-30 02:37:09','2022-05-30 02:37:27','in_stock',5,0,'Botble\\ACL\\Models\\User',0,NULL),(64,'Pice 94w Beasley Journal','<ul><li> Unrestrained and portable active stereo speaker</li>\n            <li> Free from the confines of wires and chords</li>\n            <li> 20 hours of portable capabilities</li>\n            <li> Double-ended Coil Cord with 3.5mm Stereo Plugs Included</li>\n            <li> 3/4″ Dome Tweeters: 2X and 4″ Woofer: 1X</li></ul>','<p>Short Hooded Coat features a straight body, large pockets with button flaps, ventilation air holes, and a string detail along the hemline. The style is completed with a drawstring hood, featuring Rains&rsquo; signature built-in cap. Made from waterproof, matte PU, this lightweight unisex rain jacket is an ode to nostalgia through its classic silhouette and utilitarian design details.</p>\n                                <p>- Casual unisex fit</p>\n\n                                <p>- 64% polyester, 36% polyurethane</p>\n\n                                <p>- Water column pressure: 4000 mm</p>\n\n                                <p>- Model is 187cm tall and wearing a size S / M</p>\n\n                                <p>- Unisex fit</p>\n\n                                <p>- Drawstring hood with built-in cap</p>\n\n                                <p>- Front placket with snap buttons</p>\n\n                                <p>- Ventilation under armpit</p>\n\n                                <p>- Adjustable cuffs</p>\n\n                                <p>- Double welted front pockets</p>\n\n                                <p>- Adjustable elastic string at hempen</p>\n\n                                <p>- Ultrasonically welded seams</p>\n\n                                <p>This is a unisex item, please check our clothing &amp; footwear sizing guide for specific Rains jacket sizing information. RAINS comes from the rainy nation of Denmark at the edge of the European continent, close to the ocean and with prevailing westerly winds; all factors that contribute to an average of 121 rain days each year. Arising from these rainy weather conditions comes the attitude that a quick rain shower may be beautiful, as well as moody- but first and foremost requires the right outfit. Rains focus on the whole experience of going outside on rainy days, issuing an invitation to explore even in the most mercurial weather.</p>','published','[\"products\\/64.jpg\",\"products\\/64-1.jpg\"]','SW-103-A0',0,17,0,1,0,5,0,0,635,514.35,NULL,NULL,11.00,14.00,13.00,877.00,1,113482,'2022-05-30 02:37:09','2022-05-30 02:37:27','in_stock',7,0,'Botble\\ACL\\Models\\User',0,NULL),(65,'Province Piece Glass Drinking Glass','<ul><li> Unrestrained and portable active stereo speaker</li>\n            <li> Free from the confines of wires and chords</li>\n            <li> 20 hours of portable capabilities</li>\n            <li> Double-ended Coil Cord with 3.5mm Stereo Plugs Included</li>\n            <li> 3/4″ Dome Tweeters: 2X and 4″ Woofer: 1X</li></ul>','<p>Short Hooded Coat features a straight body, large pockets with button flaps, ventilation air holes, and a string detail along the hemline. The style is completed with a drawstring hood, featuring Rains&rsquo; signature built-in cap. Made from waterproof, matte PU, this lightweight unisex rain jacket is an ode to nostalgia through its classic silhouette and utilitarian design details.</p>\n                                <p>- Casual unisex fit</p>\n\n                                <p>- 64% polyester, 36% polyurethane</p>\n\n                                <p>- Water column pressure: 4000 mm</p>\n\n                                <p>- Model is 187cm tall and wearing a size S / M</p>\n\n                                <p>- Unisex fit</p>\n\n                                <p>- Drawstring hood with built-in cap</p>\n\n                                <p>- Front placket with snap buttons</p>\n\n                                <p>- Ventilation under armpit</p>\n\n                                <p>- Adjustable cuffs</p>\n\n                                <p>- Double welted front pockets</p>\n\n                                <p>- Adjustable elastic string at hempen</p>\n\n                                <p>- Ultrasonically welded seams</p>\n\n                                <p>This is a unisex item, please check our clothing &amp; footwear sizing guide for specific Rains jacket sizing information. RAINS comes from the rainy nation of Denmark at the edge of the European continent, close to the ocean and with prevailing westerly winds; all factors that contribute to an average of 121 rain days each year. Arising from these rainy weather conditions comes the attitude that a quick rain shower may be beautiful, as well as moody- but first and foremost requires the right outfit. Rains focus on the whole experience of going outside on rainy days, issuing an invitation to explore even in the most mercurial weather.</p>','published','[\"products\\/65.jpg\",\"products\\/65-1.jpg\",\"products\\/65-2.jpg\"]','SW-114-A0',0,15,0,1,0,2,0,0,559,NULL,NULL,NULL,13.00,17.00,10.00,844.00,1,169228,'2022-05-30 02:37:10','2022-05-30 02:37:27','in_stock',5,0,'Botble\\ACL\\Models\\User',0,NULL),(66,'Dual Camera 20MP',NULL,NULL,'published','[\"products\\/1.jpg\"]','SW-175-A0',0,12,0,1,0,3,1,0,80.25,NULL,NULL,NULL,18.00,15.00,13.00,899.00,NULL,0,'2022-05-30 02:37:10','2022-05-30 02:37:27','in_stock',NULL,0,'Botble\\ACL\\Models\\User',0,NULL),(67,'Dual Camera 20MP',NULL,NULL,'published','[\"products\\/1.jpg\"]','SW-175-A0-A1',0,12,0,1,0,3,1,0,80.25,NULL,NULL,NULL,18.00,15.00,13.00,899.00,NULL,0,'2022-05-30 02:37:10','2022-05-30 02:37:27','in_stock',NULL,0,'Botble\\ACL\\Models\\User',0,NULL),(68,'Smart Watches',NULL,NULL,'published','[\"products\\/2.jpg\"]','SW-198-A0',0,19,0,1,0,2,1,0,40.5,NULL,NULL,NULL,10.00,10.00,10.00,824.00,NULL,0,'2022-05-30 02:37:10','2022-05-30 02:37:27','in_stock',NULL,0,'Botble\\ACL\\Models\\User',0,NULL),(69,'Smart Watches',NULL,NULL,'published','[\"products\\/2-1.jpg\"]','SW-198-A0-A1',0,19,0,1,0,2,1,0,40.5,NULL,NULL,NULL,10.00,10.00,10.00,824.00,NULL,0,'2022-05-30 02:37:10','2022-05-30 02:37:27','in_stock',NULL,0,'Botble\\ACL\\Models\\User',0,NULL),(70,'Smart Watches',NULL,NULL,'published','[\"products\\/2-2.jpg\"]','SW-198-A0-A2',0,19,0,1,0,2,1,0,40.5,NULL,NULL,NULL,10.00,10.00,10.00,824.00,NULL,0,'2022-05-30 02:37:10','2022-05-30 02:37:27','in_stock',NULL,0,'Botble\\ACL\\Models\\User',0,NULL),(71,'Smart Watches',NULL,NULL,'published','[\"products\\/2-3.jpg\"]','SW-198-A0-A3',0,19,0,1,0,2,1,0,40.5,NULL,NULL,NULL,10.00,10.00,10.00,824.00,NULL,0,'2022-05-30 02:37:10','2022-05-30 02:37:27','in_stock',NULL,0,'Botble\\ACL\\Models\\User',0,NULL),(72,'Smart Watches',NULL,NULL,'published','[\"products\\/2.jpg\"]','SW-198-A0-A4',0,19,0,1,0,2,1,0,40.5,NULL,NULL,NULL,10.00,10.00,10.00,824.00,NULL,0,'2022-05-30 02:37:10','2022-05-30 02:37:27','in_stock',NULL,0,'Botble\\ACL\\Models\\User',0,NULL),(73,'Beat Headphone',NULL,NULL,'published','[\"products\\/3.jpg\"]','SW-165-A0',0,15,0,1,0,5,1,0,20,NULL,NULL,NULL,20.00,12.00,20.00,619.00,NULL,0,'2022-05-30 02:37:10','2022-05-30 02:37:27','in_stock',NULL,0,'Botble\\ACL\\Models\\User',0,NULL),(74,'Beat Headphone',NULL,NULL,'published','[\"products\\/3.jpg\"]','SW-165-A0-A1',0,15,0,1,0,5,1,0,20,NULL,NULL,NULL,20.00,12.00,20.00,619.00,NULL,0,'2022-05-30 02:37:10','2022-05-30 02:37:27','in_stock',NULL,0,'Botble\\ACL\\Models\\User',0,NULL),(75,'Beat Headphone',NULL,NULL,'published','[\"products\\/3.jpg\"]','SW-165-A0-A2',0,15,0,1,0,5,1,0,20,NULL,NULL,NULL,20.00,12.00,20.00,619.00,NULL,0,'2022-05-30 02:37:10','2022-05-30 02:37:27','in_stock',NULL,0,'Botble\\ACL\\Models\\User',0,NULL),(76,'Beat Headphone',NULL,NULL,'published','[\"products\\/3.jpg\"]','SW-165-A0-A3',0,15,0,1,0,5,1,0,20,NULL,NULL,NULL,20.00,12.00,20.00,619.00,NULL,0,'2022-05-30 02:37:10','2022-05-30 02:37:27','in_stock',NULL,0,'Botble\\ACL\\Models\\User',0,NULL),(77,'Red & Black Headphone',NULL,NULL,'published','[\"products\\/4.jpg\"]','SW-191-A0',0,14,0,1,0,3,1,0,577,513.53,NULL,NULL,14.00,20.00,18.00,521.00,NULL,0,'2022-05-30 02:37:10','2022-05-30 02:37:27','in_stock',NULL,0,'Botble\\ACL\\Models\\User',0,NULL),(78,'Red & Black Headphone',NULL,NULL,'published','[\"products\\/4-1.jpg\"]','SW-191-A0-A1',0,14,0,1,0,3,1,0,577,490.45,NULL,NULL,14.00,20.00,18.00,521.00,NULL,0,'2022-05-30 02:37:10','2022-05-30 02:37:27','in_stock',NULL,0,'Botble\\ACL\\Models\\User',0,NULL),(79,'Red & Black Headphone',NULL,NULL,'published','[\"products\\/4-2.jpg\"]','SW-191-A0-A2',0,14,0,1,0,3,1,0,577,450.06,NULL,NULL,14.00,20.00,18.00,521.00,NULL,0,'2022-05-30 02:37:10','2022-05-30 02:37:27','in_stock',NULL,0,'Botble\\ACL\\Models\\User',0,NULL),(80,'Red & Black Headphone',NULL,NULL,'published','[\"products\\/4-3.jpg\"]','SW-191-A0-A3',0,14,0,1,0,3,1,0,577,496.22,NULL,NULL,14.00,20.00,18.00,521.00,NULL,0,'2022-05-30 02:37:10','2022-05-30 02:37:27','in_stock',NULL,0,'Botble\\ACL\\Models\\User',0,NULL),(81,'Smart Watch External',NULL,NULL,'published','[\"products\\/5.jpg\"]','SW-174-A0',0,20,0,1,0,5,1,0,714,NULL,NULL,NULL,20.00,11.00,17.00,546.00,NULL,0,'2022-05-30 02:37:10','2022-05-30 02:37:27','in_stock',NULL,0,'Botble\\ACL\\Models\\User',0,NULL),(82,'Smart Watch External',NULL,NULL,'published','[\"products\\/5-1.jpg\"]','SW-174-A0-A1',0,20,0,1,0,5,1,0,714,NULL,NULL,NULL,20.00,11.00,17.00,546.00,NULL,0,'2022-05-30 02:37:10','2022-05-30 02:37:27','in_stock',NULL,0,'Botble\\ACL\\Models\\User',0,NULL),(83,'Smart Watch External',NULL,NULL,'published','[\"products\\/5-2.jpg\"]','SW-174-A0-A2',0,20,0,1,0,5,1,0,714,NULL,NULL,NULL,20.00,11.00,17.00,546.00,NULL,0,'2022-05-30 02:37:10','2022-05-30 02:37:27','in_stock',NULL,0,'Botble\\ACL\\Models\\User',0,NULL),(84,'Nikon HD camera',NULL,NULL,'published','[\"products\\/6.jpg\"]','SW-129-A0',0,15,0,1,0,4,1,0,421,NULL,NULL,NULL,19.00,20.00,13.00,848.00,NULL,0,'2022-05-30 02:37:10','2022-05-30 02:37:27','in_stock',NULL,0,'Botble\\ACL\\Models\\User',0,NULL),(85,'Nikon HD camera',NULL,NULL,'published','[\"products\\/6.jpg\"]','SW-129-A0-A1',0,15,0,1,0,4,1,0,421,NULL,NULL,NULL,19.00,20.00,13.00,848.00,NULL,0,'2022-05-30 02:37:10','2022-05-30 02:37:27','in_stock',NULL,0,'Botble\\ACL\\Models\\User',0,NULL),(86,'Audio Equipment',NULL,NULL,'published','[\"products\\/7.jpg\"]','SW-172-A0',0,20,0,1,0,4,1,0,592,NULL,NULL,NULL,15.00,17.00,11.00,567.00,NULL,0,'2022-05-30 02:37:10','2022-05-30 02:37:27','in_stock',NULL,0,'Botble\\ACL\\Models\\User',0,NULL),(87,'Audio Equipment',NULL,NULL,'published','[\"products\\/7.jpg\"]','SW-172-A0-A1',0,20,0,1,0,4,1,0,592,NULL,NULL,NULL,15.00,17.00,11.00,567.00,NULL,0,'2022-05-30 02:37:10','2022-05-30 02:37:27','in_stock',NULL,0,'Botble\\ACL\\Models\\User',0,NULL),(88,'Audio Equipment',NULL,NULL,'published','[\"products\\/7.jpg\"]','SW-172-A0-A2',0,20,0,1,0,4,1,0,592,NULL,NULL,NULL,15.00,17.00,11.00,567.00,NULL,0,'2022-05-30 02:37:10','2022-05-30 02:37:27','in_stock',NULL,0,'Botble\\ACL\\Models\\User',0,NULL),(89,'Smart Televisions',NULL,NULL,'published','[\"products\\/8.jpg\"]','SW-129-A0',0,16,0,1,0,1,1,0,1232,1010.24,NULL,NULL,10.00,14.00,15.00,596.00,NULL,0,'2022-05-30 02:37:10','2022-05-30 02:37:27','in_stock',NULL,0,'Botble\\ACL\\Models\\User',0,NULL),(90,'Smart Televisions',NULL,NULL,'published','[\"products\\/8-1.jpg\"]','SW-129-A0-A1',0,16,0,1,0,1,1,0,1232,997.92,NULL,NULL,10.00,14.00,15.00,596.00,NULL,0,'2022-05-30 02:37:10','2022-05-30 02:37:27','in_stock',NULL,0,'Botble\\ACL\\Models\\User',0,NULL),(91,'Samsung Smart Phone',NULL,NULL,'published','[\"products\\/9.jpg\"]','SW-140-A0',0,10,0,1,0,2,1,0,581,NULL,NULL,NULL,13.00,12.00,17.00,686.00,NULL,0,'2022-05-30 02:37:10','2022-05-30 02:37:27','in_stock',NULL,0,'Botble\\ACL\\Models\\User',0,NULL),(92,'Samsung Smart Phone',NULL,NULL,'published','[\"products\\/9-1.jpg\"]','SW-140-A0-A1',0,10,0,1,0,2,1,0,581,NULL,NULL,NULL,13.00,12.00,17.00,686.00,NULL,0,'2022-05-30 02:37:10','2022-05-30 02:37:27','in_stock',NULL,0,'Botble\\ACL\\Models\\User',0,NULL),(93,'Samsung Smart Phone',NULL,NULL,'published','[\"products\\/9-2.jpg\"]','SW-140-A0-A2',0,10,0,1,0,2,1,0,581,NULL,NULL,NULL,13.00,12.00,17.00,686.00,NULL,0,'2022-05-30 02:37:10','2022-05-30 02:37:27','in_stock',NULL,0,'Botble\\ACL\\Models\\User',0,NULL),(94,'Samsung Smart Phone',NULL,NULL,'published','[\"products\\/9.jpg\"]','SW-140-A0-A3',0,10,0,1,0,2,1,0,581,NULL,NULL,NULL,13.00,12.00,17.00,686.00,NULL,0,'2022-05-30 02:37:10','2022-05-30 02:37:27','in_stock',NULL,0,'Botble\\ACL\\Models\\User',0,NULL),(95,'Samsung Smart Phone',NULL,NULL,'published','[\"products\\/9.jpg\"]','SW-140-A0-A4',0,10,0,1,0,2,1,0,581,NULL,NULL,NULL,13.00,12.00,17.00,686.00,NULL,0,'2022-05-30 02:37:10','2022-05-30 02:37:27','in_stock',NULL,0,'Botble\\ACL\\Models\\User',0,NULL),(96,'Herschel Leather Duffle Bag In Brown Color',NULL,NULL,'published','[\"products\\/10.jpg\"]','SW-108-A0',0,13,0,1,0,4,1,0,1143,NULL,NULL,NULL,17.00,11.00,16.00,840.00,NULL,0,'2022-05-30 02:37:10','2022-05-30 02:37:27','in_stock',NULL,0,'Botble\\ACL\\Models\\User',0,NULL),(97,'Herschel Leather Duffle Bag In Brown Color',NULL,NULL,'published','[\"products\\/10-1.jpg\"]','SW-108-A0-A1',0,13,0,1,0,4,1,0,1143,NULL,NULL,NULL,17.00,11.00,16.00,840.00,NULL,0,'2022-05-30 02:37:10','2022-05-30 02:37:27','in_stock',NULL,0,'Botble\\ACL\\Models\\User',0,NULL),(98,'Xbox One Wireless Controller Black Color',NULL,NULL,'published','[\"products\\/11.jpg\"]','SW-115-A0',0,19,0,1,0,3,1,0,1224,NULL,NULL,NULL,20.00,18.00,16.00,567.00,NULL,0,'2022-05-30 02:37:10','2022-05-30 02:37:27','in_stock',NULL,0,'Botble\\ACL\\Models\\User',0,NULL),(99,'EPSION Plaster Printer',NULL,NULL,'published','[\"products\\/12.jpg\"]','SW-107-A0',0,20,0,1,0,5,1,0,500,430,NULL,NULL,16.00,11.00,18.00,895.00,NULL,0,'2022-05-30 02:37:10','2022-05-30 02:37:27','in_stock',NULL,0,'Botble\\ACL\\Models\\User',0,NULL),(100,'EPSION Plaster Printer',NULL,NULL,'published','[\"products\\/12-1.jpg\"]','SW-107-A0-A1',0,20,0,1,0,5,1,0,500,350,NULL,NULL,16.00,11.00,18.00,895.00,NULL,0,'2022-05-30 02:37:10','2022-05-30 02:37:27','in_stock',NULL,0,'Botble\\ACL\\Models\\User',0,NULL),(101,'Sound Intone I65 Earphone White Version',NULL,NULL,'published','[\"products\\/13.jpg\"]','SW-122-A0',0,15,0,1,0,4,1,0,599,NULL,NULL,NULL,13.00,20.00,14.00,553.00,NULL,0,'2022-05-30 02:37:10','2022-05-30 02:37:27','in_stock',NULL,0,'Botble\\ACL\\Models\\User',0,NULL),(102,'Sound Intone I65 Earphone White Version',NULL,NULL,'published','[\"products\\/13-1.jpg\"]','SW-122-A0-A1',0,15,0,1,0,4,1,0,599,NULL,NULL,NULL,13.00,20.00,14.00,553.00,NULL,0,'2022-05-30 02:37:10','2022-05-30 02:37:27','in_stock',NULL,0,'Botble\\ACL\\Models\\User',0,NULL),(103,'B&O Play Mini Bluetooth Speaker',NULL,NULL,'published','[\"products\\/14.jpg\"]','SW-138-A0',0,13,0,1,0,2,1,0,590,NULL,NULL,NULL,16.00,12.00,16.00,880.00,NULL,0,'2022-05-30 02:37:10','2022-05-30 02:37:27','in_stock',NULL,0,'Botble\\ACL\\Models\\User',0,NULL),(104,'B&O Play Mini Bluetooth Speaker',NULL,NULL,'published','[\"products\\/14.jpg\"]','SW-138-A0-A1',0,13,0,1,0,2,1,0,590,NULL,NULL,NULL,16.00,12.00,16.00,880.00,NULL,0,'2022-05-30 02:37:10','2022-05-30 02:37:27','in_stock',NULL,0,'Botble\\ACL\\Models\\User',0,NULL),(105,'B&O Play Mini Bluetooth Speaker',NULL,NULL,'published','[\"products\\/14.jpg\"]','SW-138-A0-A2',0,13,0,1,0,2,1,0,590,NULL,NULL,NULL,16.00,12.00,16.00,880.00,NULL,0,'2022-05-30 02:37:10','2022-05-30 02:37:27','in_stock',NULL,0,'Botble\\ACL\\Models\\User',0,NULL),(106,'Apple MacBook Air Retina 13.3-Inch Laptop',NULL,NULL,'published','[\"products\\/15.jpg\"]','SW-189-A0',0,13,0,1,0,3,1,0,508,NULL,NULL,NULL,16.00,15.00,18.00,525.00,NULL,0,'2022-05-30 02:37:10','2022-05-30 02:37:27','in_stock',NULL,0,'Botble\\ACL\\Models\\User',0,NULL),(107,'Apple MacBook Air Retina 13.3-Inch Laptop',NULL,NULL,'published','[\"products\\/15-1.jpg\"]','SW-189-A0-A1',0,13,0,1,0,3,1,0,508,NULL,NULL,NULL,16.00,15.00,18.00,525.00,NULL,0,'2022-05-30 02:37:10','2022-05-30 02:37:27','in_stock',NULL,0,'Botble\\ACL\\Models\\User',0,NULL),(108,'Apple MacBook Air Retina 13.3-Inch Laptop',NULL,NULL,'published','[\"products\\/15.jpg\"]','SW-189-A0-A2',0,13,0,1,0,3,1,0,508,NULL,NULL,NULL,16.00,15.00,18.00,525.00,NULL,0,'2022-05-30 02:37:10','2022-05-30 02:37:27','in_stock',NULL,0,'Botble\\ACL\\Models\\User',0,NULL),(109,'Apple MacBook Air Retina 12-Inch Laptop',NULL,NULL,'published','[\"products\\/16.jpg\"]','SW-123-A0',0,20,0,1,0,1,1,0,593,521.84,NULL,NULL,15.00,11.00,18.00,591.00,NULL,0,'2022-05-30 02:37:10','2022-05-30 02:37:27','in_stock',NULL,0,'Botble\\ACL\\Models\\User',0,NULL),(110,'Apple MacBook Air Retina 12-Inch Laptop',NULL,NULL,'published','[\"products\\/16.jpg\"]','SW-123-A0-A1',0,20,0,1,0,1,1,0,593,521.84,NULL,NULL,15.00,11.00,18.00,591.00,NULL,0,'2022-05-30 02:37:10','2022-05-30 02:37:27','in_stock',NULL,0,'Botble\\ACL\\Models\\User',0,NULL),(111,'Apple MacBook Air Retina 12-Inch Laptop',NULL,NULL,'published','[\"products\\/16.jpg\"]','SW-123-A0-A2',0,20,0,1,0,1,1,0,593,527.77,NULL,NULL,15.00,11.00,18.00,591.00,NULL,0,'2022-05-30 02:37:10','2022-05-30 02:37:27','in_stock',NULL,0,'Botble\\ACL\\Models\\User',0,NULL),(112,'Samsung Gear VR Virtual Reality Headset',NULL,NULL,'published','[\"products\\/17.jpg\"]','SW-126-A0',0,13,0,1,0,1,1,0,578,NULL,NULL,NULL,16.00,16.00,18.00,558.00,NULL,0,'2022-05-30 02:37:10','2022-05-30 02:37:27','in_stock',NULL,0,'Botble\\ACL\\Models\\User',0,NULL),(113,'Samsung Gear VR Virtual Reality Headset',NULL,NULL,'published','[\"products\\/17-1.jpg\"]','SW-126-A0-A1',0,13,0,1,0,1,1,0,578,NULL,NULL,NULL,16.00,16.00,18.00,558.00,NULL,0,'2022-05-30 02:37:10','2022-05-30 02:37:27','in_stock',NULL,0,'Botble\\ACL\\Models\\User',0,NULL),(114,'Samsung Gear VR Virtual Reality Headset',NULL,NULL,'published','[\"products\\/17-2.jpg\"]','SW-126-A0-A2',0,13,0,1,0,1,1,0,578,NULL,NULL,NULL,16.00,16.00,18.00,558.00,NULL,0,'2022-05-30 02:37:10','2022-05-30 02:37:27','in_stock',NULL,0,'Botble\\ACL\\Models\\User',0,NULL),(115,'Samsung Gear VR Virtual Reality Headset',NULL,NULL,'published','[\"products\\/17-3.jpg\"]','SW-126-A0-A3',0,13,0,1,0,1,1,0,578,NULL,NULL,NULL,16.00,16.00,18.00,558.00,NULL,0,'2022-05-30 02:37:10','2022-05-30 02:37:27','in_stock',NULL,0,'Botble\\ACL\\Models\\User',0,NULL),(116,'Aveeno Moisturizing Body Shower 450ml',NULL,NULL,'published','[\"products\\/18.jpg\"]','SW-139-A0',0,14,0,1,0,2,1,0,1198,NULL,NULL,NULL,10.00,13.00,18.00,878.00,NULL,0,'2022-05-30 02:37:10','2022-05-30 02:37:27','in_stock',NULL,0,'Botble\\ACL\\Models\\User',0,NULL),(117,'Aveeno Moisturizing Body Shower 450ml',NULL,NULL,'published','[\"products\\/18-1.jpg\"]','SW-139-A0-A1',0,14,0,1,0,2,1,0,1198,NULL,NULL,NULL,10.00,13.00,18.00,878.00,NULL,0,'2022-05-30 02:37:10','2022-05-30 02:37:27','in_stock',NULL,0,'Botble\\ACL\\Models\\User',0,NULL),(118,'Aveeno Moisturizing Body Shower 450ml',NULL,NULL,'published','[\"products\\/18-2.jpg\"]','SW-139-A0-A2',0,14,0,1,0,2,1,0,1198,NULL,NULL,NULL,10.00,13.00,18.00,878.00,NULL,0,'2022-05-30 02:37:10','2022-05-30 02:37:27','in_stock',NULL,0,'Botble\\ACL\\Models\\User',0,NULL),(119,'Aveeno Moisturizing Body Shower 450ml',NULL,NULL,'published','[\"products\\/18-3.jpg\"]','SW-139-A0-A3',0,14,0,1,0,2,1,0,1198,NULL,NULL,NULL,10.00,13.00,18.00,878.00,NULL,0,'2022-05-30 02:37:10','2022-05-30 02:37:27','in_stock',NULL,0,'Botble\\ACL\\Models\\User',0,NULL),(120,'NYX Beauty Couton Pallete Makeup 12',NULL,NULL,'published','[\"products\\/19.jpg\"]','SW-152-A0',0,16,0,1,0,2,1,0,982,NULL,NULL,NULL,10.00,17.00,17.00,719.00,NULL,0,'2022-05-30 02:37:10','2022-05-30 02:37:27','in_stock',NULL,0,'Botble\\ACL\\Models\\User',0,NULL),(121,'NYX Beauty Couton Pallete Makeup 12',NULL,NULL,'published','[\"products\\/20.jpg\"]','SW-110-A0',0,14,0,1,0,4,1,0,874,751.64,NULL,NULL,10.00,14.00,10.00,762.00,NULL,0,'2022-05-30 02:37:10','2022-05-30 02:37:27','in_stock',NULL,0,'Botble\\ACL\\Models\\User',0,NULL),(122,'NYX Beauty Couton Pallete Makeup 12',NULL,NULL,'published','[\"products\\/20-1.jpg\"]','SW-110-A0-A1',0,14,0,1,0,4,1,0,874,760.38,NULL,NULL,10.00,14.00,10.00,762.00,NULL,0,'2022-05-30 02:37:10','2022-05-30 02:37:27','in_stock',NULL,0,'Botble\\ACL\\Models\\User',0,NULL),(123,'NYX Beauty Couton Pallete Makeup 12',NULL,NULL,'published','[\"products\\/20-2.jpg\"]','SW-110-A0-A2',0,14,0,1,0,4,1,0,874,646.76,NULL,NULL,10.00,14.00,10.00,762.00,NULL,0,'2022-05-30 02:37:10','2022-05-30 02:37:27','in_stock',NULL,0,'Botble\\ACL\\Models\\User',0,NULL),(124,'MVMTH Classical Leather Watch In Black',NULL,NULL,'published','[\"products\\/21.jpg\"]','SW-121-A0',0,17,0,1,0,4,1,0,697,NULL,NULL,NULL,19.00,12.00,17.00,626.00,NULL,0,'2022-05-30 02:37:10','2022-05-30 02:37:27','in_stock',NULL,0,'Botble\\ACL\\Models\\User',0,NULL),(125,'MVMTH Classical Leather Watch In Black',NULL,NULL,'published','[\"products\\/21-1.jpg\"]','SW-121-A0-A1',0,17,0,1,0,4,1,0,697,NULL,NULL,NULL,19.00,12.00,17.00,626.00,NULL,0,'2022-05-30 02:37:10','2022-05-30 02:37:27','in_stock',NULL,0,'Botble\\ACL\\Models\\User',0,NULL),(126,'Baxter Care Hair Kit For Bearded Mens',NULL,NULL,'published','[\"products\\/22.jpg\"]','SW-180-A0',0,15,0,1,0,1,1,0,598,NULL,NULL,NULL,18.00,17.00,18.00,566.00,NULL,0,'2022-05-30 02:37:10','2022-05-30 02:37:27','in_stock',NULL,0,'Botble\\ACL\\Models\\User',0,NULL),(127,'Baxter Care Hair Kit For Bearded Mens',NULL,NULL,'published','[\"products\\/22-1.jpg\"]','SW-180-A0-A1',0,15,0,1,0,1,1,0,598,NULL,NULL,NULL,18.00,17.00,18.00,566.00,NULL,0,'2022-05-30 02:37:10','2022-05-30 02:37:27','in_stock',NULL,0,'Botble\\ACL\\Models\\User',0,NULL),(128,'Baxter Care Hair Kit For Bearded Mens',NULL,NULL,'published','[\"products\\/22-2.jpg\"]','SW-180-A0-A2',0,15,0,1,0,1,1,0,598,NULL,NULL,NULL,18.00,17.00,18.00,566.00,NULL,0,'2022-05-30 02:37:10','2022-05-30 02:37:27','in_stock',NULL,0,'Botble\\ACL\\Models\\User',0,NULL),(129,'Ciate Palemore Lipstick Bold Red Color',NULL,NULL,'published','[\"products\\/23.jpg\"]','SW-103-A0',0,17,0,1,0,4,1,0,1138,NULL,NULL,NULL,12.00,10.00,16.00,594.00,NULL,0,'2022-05-30 02:37:10','2022-05-30 02:37:27','in_stock',NULL,0,'Botble\\ACL\\Models\\User',0,NULL),(130,'Ciate Palemore Lipstick Bold Red Color',NULL,NULL,'published','[\"products\\/23-1.jpg\"]','SW-103-A0-A1',0,17,0,1,0,4,1,0,1138,NULL,NULL,NULL,12.00,10.00,16.00,594.00,NULL,0,'2022-05-30 02:37:10','2022-05-30 02:37:27','in_stock',NULL,0,'Botble\\ACL\\Models\\User',0,NULL),(131,'Ciate Palemore Lipstick Bold Red Color',NULL,NULL,'published','[\"products\\/23-2.jpg\"]','SW-103-A0-A2',0,17,0,1,0,4,1,0,1138,NULL,NULL,NULL,12.00,10.00,16.00,594.00,NULL,0,'2022-05-30 02:37:10','2022-05-30 02:37:27','in_stock',NULL,0,'Botble\\ACL\\Models\\User',0,NULL),(132,'Vimto Squash Remix Apple 1.5 Litres',NULL,NULL,'published','[\"products\\/24.jpg\"]','SW-168-A0',0,15,0,1,0,2,1,0,1052,925.76,NULL,NULL,15.00,12.00,19.00,550.00,NULL,0,'2022-05-30 02:37:10','2022-05-30 02:37:27','in_stock',NULL,0,'Botble\\ACL\\Models\\User',0,NULL),(133,'Vimto Squash Remix Apple 1.5 Litres',NULL,NULL,'published','[\"products\\/24-1.jpg\"]','SW-168-A0-A1',0,15,0,1,0,2,1,0,1052,873.16,NULL,NULL,15.00,12.00,19.00,550.00,NULL,0,'2022-05-30 02:37:10','2022-05-30 02:37:27','in_stock',NULL,0,'Botble\\ACL\\Models\\User',0,NULL),(134,'Crock Pot Slow Cooker',NULL,NULL,'published','[\"products\\/25.jpg\"]','SW-128-A0',0,14,0,1,0,2,1,0,1125,NULL,NULL,NULL,12.00,15.00,10.00,864.00,NULL,0,'2022-05-30 02:37:10','2022-05-30 02:37:27','in_stock',NULL,0,'Botble\\ACL\\Models\\User',0,NULL),(135,'Crock Pot Slow Cooker',NULL,NULL,'published','[\"products\\/25-1.jpg\"]','SW-128-A0-A1',0,14,0,1,0,2,1,0,1125,NULL,NULL,NULL,12.00,15.00,10.00,864.00,NULL,0,'2022-05-30 02:37:10','2022-05-30 02:37:27','in_stock',NULL,0,'Botble\\ACL\\Models\\User',0,NULL),(136,'Crock Pot Slow Cooker',NULL,NULL,'published','[\"products\\/25-2.jpg\"]','SW-128-A0-A2',0,14,0,1,0,2,1,0,1125,NULL,NULL,NULL,12.00,15.00,10.00,864.00,NULL,0,'2022-05-30 02:37:10','2022-05-30 02:37:27','in_stock',NULL,0,'Botble\\ACL\\Models\\User',0,NULL),(137,'Crock Pot Slow Cooker',NULL,NULL,'published','[\"products\\/25.jpg\"]','SW-128-A0-A3',0,14,0,1,0,2,1,0,1125,NULL,NULL,NULL,12.00,15.00,10.00,864.00,NULL,0,'2022-05-30 02:37:10','2022-05-30 02:37:27','in_stock',NULL,0,'Botble\\ACL\\Models\\User',0,NULL),(138,'Taylors of Harrogate Yorkshire Coffee',NULL,NULL,'published','[\"products\\/26.jpg\"]','SW-193-A0',0,10,0,1,0,2,1,0,974,NULL,NULL,NULL,14.00,14.00,16.00,623.00,NULL,0,'2022-05-30 02:37:10','2022-05-30 02:37:27','in_stock',NULL,0,'Botble\\ACL\\Models\\User',0,NULL),(139,'Taylors of Harrogate Yorkshire Coffee',NULL,NULL,'published','[\"products\\/26-1.jpg\"]','SW-193-A0-A1',0,10,0,1,0,2,1,0,974,NULL,NULL,NULL,14.00,14.00,16.00,623.00,NULL,0,'2022-05-30 02:37:10','2022-05-30 02:37:27','in_stock',NULL,0,'Botble\\ACL\\Models\\User',0,NULL),(140,'Taylors of Harrogate Yorkshire Coffee',NULL,NULL,'published','[\"products\\/26.jpg\"]','SW-193-A0-A2',0,10,0,1,0,2,1,0,974,NULL,NULL,NULL,14.00,14.00,16.00,623.00,NULL,0,'2022-05-30 02:37:10','2022-05-30 02:37:27','in_stock',NULL,0,'Botble\\ACL\\Models\\User',0,NULL),(141,'Soft Mochi & Galeto Ice Cream',NULL,NULL,'published','[\"products\\/27.jpg\"]','SW-100-A0',0,12,0,1,0,4,1,0,617,NULL,NULL,NULL,19.00,17.00,14.00,555.00,NULL,0,'2022-05-30 02:37:10','2022-05-30 02:37:27','in_stock',NULL,0,'Botble\\ACL\\Models\\User',0,NULL),(142,'Soft Mochi & Galeto Ice Cream',NULL,NULL,'published','[\"products\\/27-1.jpg\"]','SW-100-A0-A1',0,12,0,1,0,4,1,0,617,NULL,NULL,NULL,19.00,17.00,14.00,555.00,NULL,0,'2022-05-30 02:37:10','2022-05-30 02:37:27','in_stock',NULL,0,'Botble\\ACL\\Models\\User',0,NULL),(143,'Soft Mochi & Galeto Ice Cream',NULL,NULL,'published','[\"products\\/27.jpg\"]','SW-100-A0-A2',0,12,0,1,0,4,1,0,617,NULL,NULL,NULL,19.00,17.00,14.00,555.00,NULL,0,'2022-05-30 02:37:10','2022-05-30 02:37:27','in_stock',NULL,0,'Botble\\ACL\\Models\\User',0,NULL),(144,'Soft Mochi & Galeto Ice Cream',NULL,NULL,'published','[\"products\\/27.jpg\"]','SW-100-A0-A3',0,12,0,1,0,4,1,0,617,NULL,NULL,NULL,19.00,17.00,14.00,555.00,NULL,0,'2022-05-30 02:37:10','2022-05-30 02:37:27','in_stock',NULL,0,'Botble\\ACL\\Models\\User',0,NULL),(145,'Soft Mochi & Galeto Ice Cream',NULL,NULL,'published','[\"products\\/27.jpg\"]','SW-100-A0-A4',0,12,0,1,0,4,1,0,617,NULL,NULL,NULL,19.00,17.00,14.00,555.00,NULL,0,'2022-05-30 02:37:10','2022-05-30 02:37:27','in_stock',NULL,0,'Botble\\ACL\\Models\\User',0,NULL),(146,'Naked Noodle Egg Noodles Singapore',NULL,NULL,'published','[\"products\\/28.jpg\"]','SW-141-A0',0,13,0,1,0,3,1,0,1045,741.95,NULL,NULL,14.00,17.00,20.00,500.00,NULL,0,'2022-05-30 02:37:10','2022-05-30 02:37:27','in_stock',NULL,0,'Botble\\ACL\\Models\\User',0,NULL),(147,'Naked Noodle Egg Noodles Singapore',NULL,NULL,'published','[\"products\\/28-1.jpg\"]','SW-141-A0-A1',0,13,0,1,0,3,1,0,1045,846.45,NULL,NULL,14.00,17.00,20.00,500.00,NULL,0,'2022-05-30 02:37:10','2022-05-30 02:37:27','in_stock',NULL,0,'Botble\\ACL\\Models\\User',0,NULL),(148,'Naked Noodle Egg Noodles Singapore',NULL,NULL,'published','[\"products\\/28-2.jpg\"]','SW-141-A0-A2',0,13,0,1,0,3,1,0,1045,804.65,NULL,NULL,14.00,17.00,20.00,500.00,NULL,0,'2022-05-30 02:37:10','2022-05-30 02:37:27','in_stock',NULL,0,'Botble\\ACL\\Models\\User',0,NULL),(149,'Saute Pan Silver',NULL,NULL,'published','[\"products\\/29.jpg\"]','SW-193-A0',0,14,0,1,0,4,1,0,768,NULL,NULL,NULL,18.00,16.00,15.00,787.00,NULL,0,'2022-05-30 02:37:10','2022-05-30 02:37:27','in_stock',NULL,0,'Botble\\ACL\\Models\\User',0,NULL),(150,'Saute Pan Silver',NULL,NULL,'published','[\"products\\/29-1.jpg\"]','SW-193-A0-A1',0,14,0,1,0,4,1,0,768,NULL,NULL,NULL,18.00,16.00,15.00,787.00,NULL,0,'2022-05-30 02:37:10','2022-05-30 02:37:27','in_stock',NULL,0,'Botble\\ACL\\Models\\User',0,NULL),(151,'Saute Pan Silver',NULL,NULL,'published','[\"products\\/29-2.jpg\"]','SW-193-A0-A2',0,14,0,1,0,4,1,0,768,NULL,NULL,NULL,18.00,16.00,15.00,787.00,NULL,0,'2022-05-30 02:37:10','2022-05-30 02:37:27','in_stock',NULL,0,'Botble\\ACL\\Models\\User',0,NULL),(152,'Bar S – Classic Bun Length Franks',NULL,NULL,'published','[\"products\\/30.jpg\"]','SW-171-A0',0,14,0,1,0,4,1,0,626,NULL,NULL,NULL,10.00,15.00,12.00,839.00,NULL,0,'2022-05-30 02:37:10','2022-05-30 02:37:27','in_stock',NULL,0,'Botble\\ACL\\Models\\User',0,NULL),(153,'Broccoli Crowns',NULL,NULL,'published','[\"products\\/31.jpg\"]','SW-109-A0',0,10,0,1,0,4,1,0,554,NULL,NULL,NULL,15.00,15.00,10.00,680.00,NULL,0,'2022-05-30 02:37:10','2022-05-30 02:37:27','in_stock',NULL,0,'Botble\\ACL\\Models\\User',0,NULL),(154,'Broccoli Crowns',NULL,NULL,'published','[\"products\\/31-1.jpg\"]','SW-109-A0-A1',0,10,0,1,0,4,1,0,554,NULL,NULL,NULL,15.00,15.00,10.00,680.00,NULL,0,'2022-05-30 02:37:10','2022-05-30 02:37:27','in_stock',NULL,0,'Botble\\ACL\\Models\\User',0,NULL),(155,'Slimming World Vegan Mac Greens',NULL,NULL,'published','[\"products\\/32.jpg\"]','SW-198-A0',0,10,0,1,0,1,1,0,564,479.4,NULL,NULL,19.00,13.00,17.00,746.00,NULL,0,'2022-05-30 02:37:10','2022-05-30 02:37:27','in_stock',NULL,0,'Botble\\ACL\\Models\\User',0,NULL),(156,'Slimming World Vegan Mac Greens',NULL,NULL,'published','[\"products\\/32-1.jpg\"]','SW-198-A0-A1',0,10,0,1,0,1,1,0,564,423,NULL,NULL,19.00,13.00,17.00,746.00,NULL,0,'2022-05-30 02:37:10','2022-05-30 02:37:27','in_stock',NULL,0,'Botble\\ACL\\Models\\User',0,NULL),(157,'Häagen-Dazs Salted Caramel',NULL,NULL,'published','[\"products\\/33.jpg\"]','SW-190-A0',0,20,0,1,0,4,1,0,870,NULL,NULL,NULL,20.00,16.00,20.00,874.00,NULL,0,'2022-05-30 02:37:10','2022-05-30 02:37:27','in_stock',NULL,0,'Botble\\ACL\\Models\\User',0,NULL),(158,'Häagen-Dazs Salted Caramel',NULL,NULL,'published','[\"products\\/33-1.jpg\"]','SW-190-A0-A1',0,20,0,1,0,4,1,0,870,NULL,NULL,NULL,20.00,16.00,20.00,874.00,NULL,0,'2022-05-30 02:37:10','2022-05-30 02:37:27','in_stock',NULL,0,'Botble\\ACL\\Models\\User',0,NULL),(159,'Häagen-Dazs Salted Caramel',NULL,NULL,'published','[\"products\\/33-2.jpg\"]','SW-190-A0-A2',0,20,0,1,0,4,1,0,870,NULL,NULL,NULL,20.00,16.00,20.00,874.00,NULL,0,'2022-05-30 02:37:11','2022-05-30 02:37:27','in_stock',NULL,0,'Botble\\ACL\\Models\\User',0,NULL),(160,'Iceland 3 Solo Exotic Burst',NULL,NULL,'published','[\"products\\/34.jpg\"]','SW-182-A0',0,13,0,1,0,4,1,0,589,NULL,NULL,NULL,15.00,17.00,11.00,774.00,NULL,0,'2022-05-30 02:37:11','2022-05-30 02:37:27','in_stock',NULL,0,'Botble\\ACL\\Models\\User',0,NULL),(161,'Iceland 3 Solo Exotic Burst',NULL,NULL,'published','[\"products\\/34-1.jpg\"]','SW-182-A0-A1',0,13,0,1,0,4,1,0,589,NULL,NULL,NULL,15.00,17.00,11.00,774.00,NULL,0,'2022-05-30 02:37:11','2022-05-30 02:37:27','in_stock',NULL,0,'Botble\\ACL\\Models\\User',0,NULL),(162,'Iceland 3 Solo Exotic Burst',NULL,NULL,'published','[\"products\\/34.jpg\"]','SW-182-A0-A2',0,13,0,1,0,4,1,0,589,NULL,NULL,NULL,15.00,17.00,11.00,774.00,NULL,0,'2022-05-30 02:37:11','2022-05-30 02:37:27','in_stock',NULL,0,'Botble\\ACL\\Models\\User',0,NULL),(163,'Extreme Budweiser Light Can',NULL,NULL,'published','[\"products\\/35.jpg\"]','SW-143-A0',0,15,0,1,0,1,1,0,1206,NULL,NULL,NULL,20.00,12.00,17.00,699.00,NULL,0,'2022-05-30 02:37:11','2022-05-30 02:37:27','in_stock',NULL,0,'Botble\\ACL\\Models\\User',0,NULL),(164,'Extreme Budweiser Light Can',NULL,NULL,'published','[\"products\\/35-1.jpg\"]','SW-143-A0-A1',0,15,0,1,0,1,1,0,1206,NULL,NULL,NULL,20.00,12.00,17.00,699.00,NULL,0,'2022-05-30 02:37:11','2022-05-30 02:37:27','in_stock',NULL,0,'Botble\\ACL\\Models\\User',0,NULL),(165,'Extreme Budweiser Light Can',NULL,NULL,'published','[\"products\\/35.jpg\"]','SW-143-A0-A2',0,15,0,1,0,1,1,0,1206,NULL,NULL,NULL,20.00,12.00,17.00,699.00,NULL,0,'2022-05-30 02:37:11','2022-05-30 02:37:27','in_stock',NULL,0,'Botble\\ACL\\Models\\User',0,NULL),(166,'Iceland Macaroni Cheese Traybake',NULL,NULL,'published','[\"products\\/36.jpg\"]','SW-188-A0',0,14,0,1,0,5,1,0,830,705.5,NULL,NULL,15.00,10.00,20.00,632.00,NULL,0,'2022-05-30 02:37:11','2022-05-30 02:37:27','in_stock',NULL,0,'Botble\\ACL\\Models\\User',0,NULL),(167,'Iceland Macaroni Cheese Traybake',NULL,NULL,'published','[\"products\\/36-1.jpg\"]','SW-188-A0-A1',0,14,0,1,0,5,1,0,830,597.6,NULL,NULL,15.00,10.00,20.00,632.00,NULL,0,'2022-05-30 02:37:11','2022-05-30 02:37:27','in_stock',NULL,0,'Botble\\ACL\\Models\\User',0,NULL),(168,'Iceland Macaroni Cheese Traybake',NULL,NULL,'published','[\"products\\/36-2.jpg\"]','SW-188-A0-A2',0,14,0,1,0,5,1,0,830,705.5,NULL,NULL,15.00,10.00,20.00,632.00,NULL,0,'2022-05-30 02:37:11','2022-05-30 02:37:27','in_stock',NULL,0,'Botble\\ACL\\Models\\User',0,NULL),(169,'Dolmio Bolognese Pasta Sauce',NULL,NULL,'published','[\"products\\/37.jpg\"]','SW-103-A0',0,16,0,1,0,2,1,0,1181,NULL,NULL,NULL,10.00,16.00,11.00,782.00,NULL,0,'2022-05-30 02:37:11','2022-05-30 02:37:27','in_stock',NULL,0,'Botble\\ACL\\Models\\User',0,NULL),(170,'Sitema BakeIT Plastic Box',NULL,NULL,'published','[\"products\\/38.jpg\"]','SW-104-A0',0,12,0,1,0,1,1,0,970,NULL,NULL,NULL,12.00,16.00,16.00,534.00,NULL,0,'2022-05-30 02:37:11','2022-05-30 02:37:27','in_stock',NULL,0,'Botble\\ACL\\Models\\User',0,NULL),(171,'Wayfair Basics Dinner Plate Storage',NULL,NULL,'published','[\"products\\/39.jpg\"]','SW-189-A0',0,16,0,1,0,2,1,0,1068,NULL,NULL,NULL,13.00,11.00,12.00,729.00,NULL,0,'2022-05-30 02:37:11','2022-05-30 02:37:27','in_stock',NULL,0,'Botble\\ACL\\Models\\User',0,NULL),(172,'Miko The Panda Water Bottle',NULL,NULL,'published','[\"products\\/40.jpg\"]','SW-167-A0',0,18,0,1,0,5,1,0,984,747.84,NULL,NULL,10.00,10.00,14.00,835.00,NULL,0,'2022-05-30 02:37:11','2022-05-30 02:37:27','in_stock',NULL,0,'Botble\\ACL\\Models\\User',0,NULL),(173,'Miko The Panda Water Bottle',NULL,NULL,'published','[\"products\\/40-1.jpg\"]','SW-167-A0-A1',0,18,0,1,0,5,1,0,984,885.6,NULL,NULL,10.00,10.00,14.00,835.00,NULL,0,'2022-05-30 02:37:11','2022-05-30 02:37:27','in_stock',NULL,0,'Botble\\ACL\\Models\\User',0,NULL),(174,'Miko The Panda Water Bottle',NULL,NULL,'published','[\"products\\/40.jpg\"]','SW-167-A0-A2',0,18,0,1,0,5,1,0,984,777.36,NULL,NULL,10.00,10.00,14.00,835.00,NULL,0,'2022-05-30 02:37:11','2022-05-30 02:37:27','in_stock',NULL,0,'Botble\\ACL\\Models\\User',0,NULL),(175,'Sesame Seed Bread',NULL,NULL,'published','[\"products\\/41.jpg\"]','SW-109-A0',0,10,0,1,0,3,1,0,734,NULL,NULL,NULL,15.00,10.00,10.00,503.00,NULL,0,'2022-05-30 02:37:11','2022-05-30 02:37:27','in_stock',NULL,0,'Botble\\ACL\\Models\\User',0,NULL),(176,'Morrisons The Best Beef',NULL,NULL,'published','[\"products\\/42.jpg\"]','SW-132-A0',0,17,0,1,0,1,1,0,842,NULL,NULL,NULL,11.00,13.00,15.00,516.00,NULL,0,'2022-05-30 02:37:11','2022-05-30 02:37:27','in_stock',NULL,0,'Botble\\ACL\\Models\\User',0,NULL),(177,'Morrisons The Best Beef',NULL,NULL,'published','[\"products\\/42-1.jpg\"]','SW-132-A0-A1',0,17,0,1,0,1,1,0,842,NULL,NULL,NULL,11.00,13.00,15.00,516.00,NULL,0,'2022-05-30 02:37:11','2022-05-30 02:37:27','in_stock',NULL,0,'Botble\\ACL\\Models\\User',0,NULL),(178,'Morrisons The Best Beef',NULL,NULL,'published','[\"products\\/42-2.jpg\"]','SW-132-A0-A2',0,17,0,1,0,1,1,0,842,NULL,NULL,NULL,11.00,13.00,15.00,516.00,NULL,0,'2022-05-30 02:37:11','2022-05-30 02:37:27','in_stock',NULL,0,'Botble\\ACL\\Models\\User',0,NULL),(179,'Morrisons The Best Beef',NULL,NULL,'published','[\"products\\/42.jpg\"]','SW-132-A0-A3',0,17,0,1,0,1,1,0,842,NULL,NULL,NULL,11.00,13.00,15.00,516.00,NULL,0,'2022-05-30 02:37:11','2022-05-30 02:37:27','in_stock',NULL,0,'Botble\\ACL\\Models\\User',0,NULL),(180,'Avocado, Hass Large',NULL,NULL,'published','[\"products\\/43.jpg\"]','SW-124-A0',0,19,0,1,0,5,1,0,647,NULL,NULL,NULL,17.00,15.00,14.00,843.00,NULL,0,'2022-05-30 02:37:11','2022-05-30 02:37:27','in_stock',NULL,0,'Botble\\ACL\\Models\\User',0,NULL),(181,'Avocado, Hass Large',NULL,NULL,'published','[\"products\\/43-1.jpg\"]','SW-124-A0-A1',0,19,0,1,0,5,1,0,647,NULL,NULL,NULL,17.00,15.00,14.00,843.00,NULL,0,'2022-05-30 02:37:11','2022-05-30 02:37:27','in_stock',NULL,0,'Botble\\ACL\\Models\\User',0,NULL),(182,'Avocado, Hass Large',NULL,NULL,'published','[\"products\\/43-2.jpg\"]','SW-124-A0-A2',0,19,0,1,0,5,1,0,647,NULL,NULL,NULL,17.00,15.00,14.00,843.00,NULL,0,'2022-05-30 02:37:11','2022-05-30 02:37:27','in_stock',NULL,0,'Botble\\ACL\\Models\\User',0,NULL),(183,'Avocado, Hass Large',NULL,NULL,'published','[\"products\\/43.jpg\"]','SW-124-A0-A3',0,19,0,1,0,5,1,0,647,NULL,NULL,NULL,17.00,15.00,14.00,843.00,NULL,0,'2022-05-30 02:37:11','2022-05-30 02:37:27','in_stock',NULL,0,'Botble\\ACL\\Models\\User',0,NULL),(184,'Italia Beef Lasagne',NULL,NULL,'published','[\"products\\/44.jpg\"]','SW-153-A0',0,20,0,1,0,2,1,0,1249,1086.63,NULL,NULL,16.00,10.00,12.00,803.00,NULL,0,'2022-05-30 02:37:11','2022-05-30 02:37:27','in_stock',NULL,0,'Botble\\ACL\\Models\\User',0,NULL),(185,'Italia Beef Lasagne',NULL,NULL,'published','[\"products\\/44-1.jpg\"]','SW-153-A0-A1',0,20,0,1,0,2,1,0,1249,961.73,NULL,NULL,16.00,10.00,12.00,803.00,NULL,0,'2022-05-30 02:37:11','2022-05-30 02:37:27','in_stock',NULL,0,'Botble\\ACL\\Models\\User',0,NULL),(186,'Italia Beef Lasagne',NULL,NULL,'published','[\"products\\/44-2.jpg\"]','SW-153-A0-A2',0,20,0,1,0,2,1,0,1249,936.75,NULL,NULL,16.00,10.00,12.00,803.00,NULL,0,'2022-05-30 02:37:11','2022-05-30 02:37:27','in_stock',NULL,0,'Botble\\ACL\\Models\\User',0,NULL),(187,'Maxwell House Classic Roast Mocha',NULL,NULL,'published','[\"products\\/45.jpg\"]','SW-187-A0',0,20,0,1,0,5,1,0,503,NULL,NULL,NULL,14.00,13.00,11.00,535.00,NULL,0,'2022-05-30 02:37:11','2022-05-30 02:37:27','in_stock',NULL,0,'Botble\\ACL\\Models\\User',0,NULL),(188,'Bottled Pure Water 500ml',NULL,NULL,'published','[\"products\\/46.jpg\"]','SW-116-A0',0,16,0,1,0,5,1,0,1245,NULL,NULL,NULL,13.00,12.00,12.00,774.00,NULL,0,'2022-05-30 02:37:11','2022-05-30 02:37:27','in_stock',NULL,0,'Botble\\ACL\\Models\\User',0,NULL),(189,'Bottled Pure Water 500ml',NULL,NULL,'published','[\"products\\/46-1.jpg\"]','SW-116-A0-A1',0,16,0,1,0,5,1,0,1245,NULL,NULL,NULL,13.00,12.00,12.00,774.00,NULL,0,'2022-05-30 02:37:11','2022-05-30 02:37:27','in_stock',NULL,0,'Botble\\ACL\\Models\\User',0,NULL),(190,'Bottled Pure Water 500ml',NULL,NULL,'published','[\"products\\/46.jpg\"]','SW-116-A0-A2',0,16,0,1,0,5,1,0,1245,NULL,NULL,NULL,13.00,12.00,12.00,774.00,NULL,0,'2022-05-30 02:37:11','2022-05-30 02:37:27','in_stock',NULL,0,'Botble\\ACL\\Models\\User',0,NULL),(191,'Bottled Pure Water 500ml',NULL,NULL,'published','[\"products\\/46.jpg\"]','SW-116-A0-A3',0,16,0,1,0,5,1,0,1245,NULL,NULL,NULL,13.00,12.00,12.00,774.00,NULL,0,'2022-05-30 02:37:11','2022-05-30 02:37:27','in_stock',NULL,0,'Botble\\ACL\\Models\\User',0,NULL),(192,'Famart Farmhouse Soft White',NULL,NULL,'published','[\"products\\/47.jpg\"]','SW-120-A0',0,15,0,1,0,4,1,0,899,NULL,NULL,NULL,19.00,20.00,10.00,777.00,NULL,0,'2022-05-30 02:37:11','2022-05-30 02:37:27','in_stock',NULL,0,'Botble\\ACL\\Models\\User',0,NULL),(193,'Famart Farmhouse Soft White',NULL,NULL,'published','[\"products\\/47-1.jpg\"]','SW-120-A0-A1',0,15,0,1,0,4,1,0,899,NULL,NULL,NULL,19.00,20.00,10.00,777.00,NULL,0,'2022-05-30 02:37:11','2022-05-30 02:37:27','in_stock',NULL,0,'Botble\\ACL\\Models\\User',0,NULL),(194,'Coca-Cola Original Taste',NULL,NULL,'published','[\"products\\/48.jpg\"]','SW-178-A0',0,17,0,1,0,2,1,0,868,755.16,NULL,NULL,19.00,14.00,15.00,769.00,NULL,0,'2022-05-30 02:37:11','2022-05-30 02:37:27','in_stock',NULL,0,'Botble\\ACL\\Models\\User',0,NULL),(195,'Casillero Diablo Cabernet Sauvignon',NULL,NULL,'published','[\"products\\/49.jpg\"]','SW-111-A0',0,16,0,1,0,2,1,0,687,NULL,NULL,NULL,17.00,13.00,13.00,513.00,NULL,0,'2022-05-30 02:37:11','2022-05-30 02:37:27','in_stock',NULL,0,'Botble\\ACL\\Models\\User',0,NULL),(196,'Arla Organic Free Range Milk',NULL,NULL,'published','[\"products\\/50.jpg\"]','SW-163-A0',0,16,0,1,0,1,1,0,529,NULL,NULL,NULL,19.00,18.00,16.00,503.00,NULL,0,'2022-05-30 02:37:11','2022-05-30 02:37:27','in_stock',NULL,0,'Botble\\ACL\\Models\\User',0,NULL),(197,'Arla Organic Free Range Milk',NULL,NULL,'published','[\"products\\/50-1.jpg\"]','SW-163-A0-A1',0,16,0,1,0,1,1,0,529,NULL,NULL,NULL,19.00,18.00,16.00,503.00,NULL,0,'2022-05-30 02:37:11','2022-05-30 02:37:27','in_stock',NULL,0,'Botble\\ACL\\Models\\User',0,NULL),(198,'Aptamil Follow On Baby Milk',NULL,NULL,'published','[\"products\\/51.jpg\"]','SW-129-A0',0,14,0,1,0,2,1,0,1196,NULL,NULL,NULL,10.00,17.00,16.00,882.00,NULL,0,'2022-05-30 02:37:11','2022-05-30 02:37:27','in_stock',NULL,0,'Botble\\ACL\\Models\\User',0,NULL),(199,'Aptamil Follow On Baby Milk',NULL,NULL,'published','[\"products\\/51.jpg\"]','SW-129-A0-A1',0,14,0,1,0,2,1,0,1196,NULL,NULL,NULL,10.00,17.00,16.00,882.00,NULL,0,'2022-05-30 02:37:11','2022-05-30 02:37:27','in_stock',NULL,0,'Botble\\ACL\\Models\\User',0,NULL),(200,'Aptamil Follow On Baby Milk',NULL,NULL,'published','[\"products\\/51.jpg\"]','SW-129-A0-A2',0,14,0,1,0,2,1,0,1196,NULL,NULL,NULL,10.00,17.00,16.00,882.00,NULL,0,'2022-05-30 02:37:11','2022-05-30 02:37:27','in_stock',NULL,0,'Botble\\ACL\\Models\\User',0,NULL),(201,'Cuisinart Chef’S Classic Hard-Anodized',NULL,NULL,'published','[\"products\\/52.jpg\"]','SW-163-A0',0,16,0,1,0,5,1,0,1115,958.9,NULL,NULL,20.00,19.00,14.00,812.00,NULL,0,'2022-05-30 02:37:11','2022-05-30 02:37:27','in_stock',NULL,0,'Botble\\ACL\\Models\\User',0,NULL),(202,'Cuisinart Chef’S Classic Hard-Anodized',NULL,NULL,'published','[\"products\\/52-1.jpg\"]','SW-163-A0-A1',0,16,0,1,0,5,1,0,1115,914.3,NULL,NULL,20.00,19.00,14.00,812.00,NULL,0,'2022-05-30 02:37:11','2022-05-30 02:37:27','in_stock',NULL,0,'Botble\\ACL\\Models\\User',0,NULL),(203,'Corn, Yellow Sweet',NULL,NULL,'published','[\"products\\/53.jpg\"]','SW-119-A0',0,10,0,1,0,3,1,0,538,NULL,NULL,NULL,13.00,11.00,19.00,865.00,NULL,0,'2022-05-30 02:37:11','2022-05-30 02:37:27','in_stock',NULL,0,'Botble\\ACL\\Models\\User',0,NULL),(204,'Corn, Yellow Sweet',NULL,NULL,'published','[\"products\\/53-1.jpg\"]','SW-119-A0-A1',0,10,0,1,0,3,1,0,538,NULL,NULL,NULL,13.00,11.00,19.00,865.00,NULL,0,'2022-05-30 02:37:11','2022-05-30 02:37:27','in_stock',NULL,0,'Botble\\ACL\\Models\\User',0,NULL),(205,'Corn, Yellow Sweet',NULL,NULL,'published','[\"products\\/53.jpg\"]','SW-119-A0-A2',0,10,0,1,0,3,1,0,538,NULL,NULL,NULL,13.00,11.00,19.00,865.00,NULL,0,'2022-05-30 02:37:11','2022-05-30 02:37:27','in_stock',NULL,0,'Botble\\ACL\\Models\\User',0,NULL),(206,'Hobnobs The Nobbly Biscuit',NULL,NULL,'published','[\"products\\/54.jpg\"]','SW-131-A0',0,19,0,1,0,5,1,0,797,NULL,NULL,NULL,15.00,14.00,20.00,605.00,NULL,0,'2022-05-30 02:37:11','2022-05-30 02:37:27','in_stock',NULL,0,'Botble\\ACL\\Models\\User',0,NULL),(207,'Honest Organic Still Lemonade',NULL,NULL,'published','[\"products\\/55.jpg\"]','SW-137-A0',0,15,0,1,0,3,1,0,1213,NULL,NULL,NULL,12.00,11.00,16.00,629.00,NULL,0,'2022-05-30 02:37:11','2022-05-30 02:37:27','in_stock',NULL,0,'Botble\\ACL\\Models\\User',0,NULL),(208,'Honest Organic Still Lemonade',NULL,NULL,'published','[\"products\\/55-1.jpg\"]','SW-137-A0-A1',0,15,0,1,0,3,1,0,1213,NULL,NULL,NULL,12.00,11.00,16.00,629.00,NULL,0,'2022-05-30 02:37:11','2022-05-30 02:37:27','in_stock',NULL,0,'Botble\\ACL\\Models\\User',0,NULL),(209,'Ice Beck’s Beer 350ml x 24 Pieces',NULL,NULL,'published','[\"products\\/56.jpg\"]','SW-167-A0',0,15,0,1,0,3,1,0,1252,913.96,NULL,NULL,13.00,13.00,16.00,615.00,NULL,0,'2022-05-30 02:37:11','2022-05-30 02:37:27','in_stock',NULL,0,'Botble\\ACL\\Models\\User',0,NULL),(210,'Ice Beck’s Beer 350ml x 24 Pieces',NULL,NULL,'published','[\"products\\/56-1.jpg\"]','SW-167-A0-A1',0,15,0,1,0,3,1,0,1252,1076.72,NULL,NULL,13.00,13.00,16.00,615.00,NULL,0,'2022-05-30 02:37:11','2022-05-30 02:37:27','in_stock',NULL,0,'Botble\\ACL\\Models\\User',0,NULL),(211,'Iceland 6 Hot Cross Buns',NULL,NULL,'published','[\"products\\/57.jpg\"]','SW-134-A0',0,20,0,1,0,3,1,0,792,NULL,NULL,NULL,12.00,19.00,14.00,723.00,NULL,0,'2022-05-30 02:37:11','2022-05-30 02:37:27','in_stock',NULL,0,'Botble\\ACL\\Models\\User',0,NULL),(212,'Iceland 6 Hot Cross Buns',NULL,NULL,'published','[\"products\\/57-1.jpg\"]','SW-134-A0-A1',0,20,0,1,0,3,1,0,792,NULL,NULL,NULL,12.00,19.00,14.00,723.00,NULL,0,'2022-05-30 02:37:11','2022-05-30 02:37:27','in_stock',NULL,0,'Botble\\ACL\\Models\\User',0,NULL),(213,'Iceland 6 Hot Cross Buns',NULL,NULL,'published','[\"products\\/57.jpg\"]','SW-134-A0-A2',0,20,0,1,0,3,1,0,792,NULL,NULL,NULL,12.00,19.00,14.00,723.00,NULL,0,'2022-05-30 02:37:11','2022-05-30 02:37:27','in_stock',NULL,0,'Botble\\ACL\\Models\\User',0,NULL),(214,'Iceland 6 Hot Cross Buns',NULL,NULL,'published','[\"products\\/57.jpg\"]','SW-134-A0-A3',0,20,0,1,0,3,1,0,792,NULL,NULL,NULL,12.00,19.00,14.00,723.00,NULL,0,'2022-05-30 02:37:11','2022-05-30 02:37:27','in_stock',NULL,0,'Botble\\ACL\\Models\\User',0,NULL),(215,'Iceland Luxury 4 Panini Rolls',NULL,NULL,'published','[\"products\\/58.jpg\"]','SW-187-A0',0,17,0,1,0,5,1,0,532,NULL,NULL,NULL,13.00,17.00,17.00,743.00,NULL,0,'2022-05-30 02:37:11','2022-05-30 02:37:27','in_stock',NULL,0,'Botble\\ACL\\Models\\User',0,NULL),(216,'Iceland Luxury 4 Panini Rolls',NULL,NULL,'published','[\"products\\/58-1.jpg\"]','SW-187-A0-A1',0,17,0,1,0,5,1,0,532,NULL,NULL,NULL,13.00,17.00,17.00,743.00,NULL,0,'2022-05-30 02:37:11','2022-05-30 02:37:27','in_stock',NULL,0,'Botble\\ACL\\Models\\User',0,NULL),(217,'Iceland Soft Scoop Vanilla',NULL,NULL,'published','[\"products\\/59.jpg\"]','SW-132-A0',0,14,0,1,0,3,1,0,1227,NULL,NULL,NULL,17.00,19.00,16.00,709.00,NULL,0,'2022-05-30 02:37:11','2022-05-30 02:37:27','in_stock',NULL,0,'Botble\\ACL\\Models\\User',0,NULL),(218,'Iceland Soft Scoop Vanilla',NULL,NULL,'published','[\"products\\/59-1.jpg\"]','SW-132-A0-A1',0,14,0,1,0,3,1,0,1227,NULL,NULL,NULL,17.00,19.00,16.00,709.00,NULL,0,'2022-05-30 02:37:11','2022-05-30 02:37:27','in_stock',NULL,0,'Botble\\ACL\\Models\\User',0,NULL),(219,'Iceland Soft Scoop Vanilla',NULL,NULL,'published','[\"products\\/59-2.jpg\"]','SW-132-A0-A2',0,14,0,1,0,3,1,0,1227,NULL,NULL,NULL,17.00,19.00,16.00,709.00,NULL,0,'2022-05-30 02:37:11','2022-05-30 02:37:27','in_stock',NULL,0,'Botble\\ACL\\Models\\User',0,NULL),(220,'Iceland Soft Scoop Vanilla',NULL,NULL,'published','[\"products\\/59-3.jpg\"]','SW-132-A0-A3',0,14,0,1,0,3,1,0,1227,NULL,NULL,NULL,17.00,19.00,16.00,709.00,NULL,0,'2022-05-30 02:37:11','2022-05-30 02:37:27','in_stock',NULL,0,'Botble\\ACL\\Models\\User',0,NULL),(221,'Iceland Spaghetti Bolognese',NULL,NULL,'published','[\"products\\/60.jpg\"]','SW-195-A0',0,11,0,1,0,5,1,0,682,545.6,NULL,NULL,20.00,17.00,17.00,632.00,NULL,0,'2022-05-30 02:37:11','2022-05-30 02:37:27','in_stock',NULL,0,'Botble\\ACL\\Models\\User',0,NULL),(222,'Kellogg’s Coco Pops Cereal',NULL,NULL,'published','[\"products\\/61.jpg\"]','SW-143-A0',0,15,0,1,0,2,1,0,1070,NULL,NULL,NULL,16.00,15.00,11.00,566.00,NULL,0,'2022-05-30 02:37:11','2022-05-30 02:37:27','in_stock',NULL,0,'Botble\\ACL\\Models\\User',0,NULL),(223,'Kellogg’s Coco Pops Cereal',NULL,NULL,'published','[\"products\\/61-1.jpg\"]','SW-143-A0-A1',0,15,0,1,0,2,1,0,1070,NULL,NULL,NULL,16.00,15.00,11.00,566.00,NULL,0,'2022-05-30 02:37:11','2022-05-30 02:37:27','in_stock',NULL,0,'Botble\\ACL\\Models\\User',0,NULL),(224,'Kellogg’s Coco Pops Cereal',NULL,NULL,'published','[\"products\\/61.jpg\"]','SW-143-A0-A2',0,15,0,1,0,2,1,0,1070,NULL,NULL,NULL,16.00,15.00,11.00,566.00,NULL,0,'2022-05-30 02:37:11','2022-05-30 02:37:27','in_stock',NULL,0,'Botble\\ACL\\Models\\User',0,NULL),(225,'Kellogg’s Coco Pops Cereal',NULL,NULL,'published','[\"products\\/61.jpg\"]','SW-143-A0-A3',0,15,0,1,0,2,1,0,1070,NULL,NULL,NULL,16.00,15.00,11.00,566.00,NULL,0,'2022-05-30 02:37:11','2022-05-30 02:37:27','in_stock',NULL,0,'Botble\\ACL\\Models\\User',0,NULL),(226,'Kit Kat Chunky Milk Chocolate',NULL,NULL,'published','[\"products\\/62.jpg\"]','SW-103-A0',0,11,0,1,0,1,1,0,1048,NULL,NULL,NULL,16.00,19.00,12.00,767.00,NULL,0,'2022-05-30 02:37:11','2022-05-30 02:37:27','in_stock',NULL,0,'Botble\\ACL\\Models\\User',0,NULL),(227,'Kit Kat Chunky Milk Chocolate',NULL,NULL,'published','[\"products\\/62-1.jpg\"]','SW-103-A0-A1',0,11,0,1,0,1,1,0,1048,NULL,NULL,NULL,16.00,19.00,12.00,767.00,NULL,0,'2022-05-30 02:37:11','2022-05-30 02:37:27','in_stock',NULL,0,'Botble\\ACL\\Models\\User',0,NULL),(228,'Large Green Bell Pepper',NULL,NULL,'published','[\"products\\/63.jpg\"]','SW-184-A0',0,10,0,1,0,2,1,0,729,NULL,NULL,NULL,14.00,17.00,10.00,590.00,NULL,0,'2022-05-30 02:37:11','2022-05-30 02:37:27','in_stock',NULL,0,'Botble\\ACL\\Models\\User',0,NULL),(229,'Pice 94w Beasley Journal',NULL,NULL,'published','[\"products\\/64.jpg\"]','SW-103-A0',0,17,0,1,0,5,1,0,635,514.35,NULL,NULL,11.00,14.00,13.00,877.00,NULL,0,'2022-05-30 02:37:11','2022-05-30 02:37:27','in_stock',NULL,0,'Botble\\ACL\\Models\\User',0,NULL),(230,'Pice 94w Beasley Journal',NULL,NULL,'published','[\"products\\/64-1.jpg\"]','SW-103-A0-A1',0,17,0,1,0,5,1,0,635,533.4,NULL,NULL,11.00,14.00,13.00,877.00,NULL,0,'2022-05-30 02:37:11','2022-05-30 02:37:27','in_stock',NULL,0,'Botble\\ACL\\Models\\User',0,NULL),(231,'Pice 94w Beasley Journal',NULL,NULL,'published','[\"products\\/64.jpg\"]','SW-103-A0-A2',0,17,0,1,0,5,1,0,635,565.15,NULL,NULL,11.00,14.00,13.00,877.00,NULL,0,'2022-05-30 02:37:11','2022-05-30 02:37:27','in_stock',NULL,0,'Botble\\ACL\\Models\\User',0,NULL),(232,'Pice 94w Beasley Journal',NULL,NULL,'published','[\"products\\/64.jpg\"]','SW-103-A0-A3',0,17,0,1,0,5,1,0,635,476.25,NULL,NULL,11.00,14.00,13.00,877.00,NULL,0,'2022-05-30 02:37:11','2022-05-30 02:37:27','in_stock',NULL,0,'Botble\\ACL\\Models\\User',0,NULL),(233,'Province Piece Glass Drinking Glass',NULL,NULL,'published','[\"products\\/65.jpg\"]','SW-114-A0',0,15,0,1,0,2,1,0,559,NULL,NULL,NULL,13.00,17.00,10.00,844.00,NULL,0,'2022-05-30 02:37:11','2022-05-30 02:37:27','in_stock',NULL,0,'Botble\\ACL\\Models\\User',0,NULL),(234,'Province Piece Glass Drinking Glass',NULL,NULL,'published','[\"products\\/65-1.jpg\"]','SW-114-A0-A1',0,15,0,1,0,2,1,0,559,NULL,NULL,NULL,13.00,17.00,10.00,844.00,NULL,0,'2022-05-30 02:37:11','2022-05-30 02:37:27','in_stock',NULL,0,'Botble\\ACL\\Models\\User',0,NULL),(235,'Province Piece Glass Drinking Glass',NULL,NULL,'published','[\"products\\/65-2.jpg\"]','SW-114-A0-A2',0,15,0,1,0,2,1,0,559,NULL,NULL,NULL,13.00,17.00,10.00,844.00,NULL,0,'2022-05-30 02:37:11','2022-05-30 02:37:27','in_stock',NULL,0,'Botble\\ACL\\Models\\User',0,NULL),(236,'Province Piece Glass Drinking Glass',NULL,NULL,'published','[\"products\\/65.jpg\"]','SW-114-A0-A3',0,15,0,1,0,2,1,0,559,NULL,NULL,NULL,13.00,17.00,10.00,844.00,NULL,0,'2022-05-30 02:37:11','2022-05-30 02:37:27','in_stock',NULL,0,'Botble\\ACL\\Models\\User',0,NULL);
/*!40000 ALTER TABLE `ec_products` ENABLE KEYS */;
UNLOCK TABLES;

--
-- Table structure for table `ec_products_translations`
--

DROP TABLE IF EXISTS `ec_products_translations`;
/*!40101 SET @saved_cs_client     = @@character_set_client */;
/*!50503 SET character_set_client = utf8mb4 */;
CREATE TABLE `ec_products_translations` (
  `lang_code` varchar(191) COLLATE utf8mb4_unicode_ci NOT NULL,
  `ec_products_id` int NOT NULL,
  `name` varchar(191) COLLATE utf8mb4_unicode_ci DEFAULT NULL,
  `description` text COLLATE utf8mb4_unicode_ci,
  `content` text COLLATE utf8mb4_unicode_ci,
  PRIMARY KEY (`lang_code`,`ec_products_id`)
) ENGINE=InnoDB DEFAULT CHARSET=utf8mb4 COLLATE=utf8mb4_unicode_ci;
/*!40101 SET character_set_client = @saved_cs_client */;

--
-- Dumping data for table `ec_products_translations`
--

LOCK TABLES `ec_products_translations` WRITE;
/*!40000 ALTER TABLE `ec_products_translations` DISABLE KEYS */;
INSERT INTO `ec_products_translations` VALUES ('vi',1,'Dual Camera 20MP',NULL,NULL),('vi',2,'Smart Watches',NULL,NULL),('vi',3,'Beat Headphone',NULL,NULL),('vi',4,'Red & Black Headphone',NULL,NULL),('vi',5,'Smart Watch External',NULL,NULL),('vi',6,'Nikon HD camera',NULL,NULL),('vi',7,'Audio Equipment',NULL,NULL),('vi',8,'Smart Televisions',NULL,NULL),('vi',9,'Samsung Smart Phone',NULL,NULL),('vi',10,'Herschel Leather Duffle Bag In Brown Color',NULL,NULL),('vi',11,'Xbox One Wireless Controller Black Color',NULL,NULL),('vi',12,'EPSION Plaster Printer',NULL,NULL),('vi',13,'Sound Intone I65 Earphone White Version',NULL,NULL),('vi',14,'B&O Play Mini Bluetooth Speaker',NULL,NULL),('vi',15,'Apple MacBook Air Retina 13.3-Inch Laptop',NULL,NULL),('vi',16,'Apple MacBook Air Retina 12-Inch Laptop',NULL,NULL),('vi',17,'Samsung Gear VR Virtual Reality Headset',NULL,NULL),('vi',18,'Aveeno Moisturizing Body Shower 450ml',NULL,NULL),('vi',19,'NYX Beauty Couton Pallete Makeup 12',NULL,NULL),('vi',20,'NYX Beauty Couton Pallete Makeup 12',NULL,NULL),('vi',21,'MVMTH Classical Leather Watch In Black',NULL,NULL),('vi',22,'Baxter Care Hair Kit For Bearded Mens',NULL,NULL),('vi',23,'Ciate Palemore Lipstick Bold Red Color',NULL,NULL),('vi',24,'Vimto Squash Remix Apple 1.5 Litres',NULL,NULL),('vi',25,'Crock Pot Slow Cooker',NULL,NULL),('vi',26,'Taylors of Harrogate Yorkshire Coffee',NULL,NULL),('vi',27,'Soft Mochi & Galeto Ice Cream',NULL,NULL),('vi',28,'Naked Noodle Egg Noodles Singapore',NULL,NULL),('vi',29,'Saute Pan Silver',NULL,NULL),('vi',30,'Bar S – Classic Bun Length Franks',NULL,NULL),('vi',31,'Broccoli Crowns',NULL,NULL),('vi',32,'Slimming World Vegan Mac Greens',NULL,NULL),('vi',33,'Häagen-Dazs Salted Caramel',NULL,NULL),('vi',34,'Iceland 3 Solo Exotic Burst',NULL,NULL),('vi',35,'Extreme Budweiser Light Can',NULL,NULL),('vi',36,'Iceland Macaroni Cheese Traybake',NULL,NULL),('vi',37,'Dolmio Bolognese Pasta Sauce',NULL,NULL),('vi',38,'Sitema BakeIT Plastic Box',NULL,NULL),('vi',39,'Wayfair Basics Dinner Plate Storage',NULL,NULL),('vi',40,'Miko The Panda Water Bottle',NULL,NULL),('vi',41,'Sesame Seed Bread',NULL,NULL),('vi',42,'Morrisons The Best Beef',NULL,NULL),('vi',43,'Avocado, Hass Large',NULL,NULL),('vi',44,'Italia Beef Lasagne',NULL,NULL),('vi',45,'Maxwell House Classic Roast Mocha',NULL,NULL),('vi',46,'Bottled Pure Water 500ml',NULL,NULL),('vi',66,'Dual Camera 20MP',NULL,NULL),('vi',67,'Dual Camera 20MP',NULL,NULL),('vi',68,'Smart Watches',NULL,NULL),('vi',69,'Smart Watches',NULL,NULL),('vi',70,'Smart Watches',NULL,NULL),('vi',71,'Smart Watches',NULL,NULL),('vi',72,'Smart Watches',NULL,NULL),('vi',73,'Beat Headphone',NULL,NULL),('vi',74,'Beat Headphone',NULL,NULL),('vi',75,'Beat Headphone',NULL,NULL),('vi',76,'Beat Headphone',NULL,NULL),('vi',77,'Red & Black Headphone',NULL,NULL),('vi',78,'Red & Black Headphone',NULL,NULL),('vi',79,'Red & Black Headphone',NULL,NULL),('vi',80,'Red & Black Headphone',NULL,NULL),('vi',81,'Smart Watch External',NULL,NULL),('vi',82,'Smart Watch External',NULL,NULL),('vi',83,'Smart Watch External',NULL,NULL),('vi',84,'Nikon HD camera',NULL,NULL),('vi',85,'Nikon HD camera',NULL,NULL),('vi',86,'Audio Equipment',NULL,NULL),('vi',87,'Audio Equipment',NULL,NULL),('vi',88,'Audio Equipment',NULL,NULL),('vi',89,'Smart Televisions',NULL,NULL),('vi',90,'Smart Televisions',NULL,NULL),('vi',91,'Samsung Smart Phone',NULL,NULL),('vi',92,'Samsung Smart Phone',NULL,NULL),('vi',93,'Samsung Smart Phone',NULL,NULL),('vi',94,'Samsung Smart Phone',NULL,NULL),('vi',95,'Samsung Smart Phone',NULL,NULL),('vi',96,'Herschel Leather Duffle Bag In Brown Color',NULL,NULL),('vi',97,'Herschel Leather Duffle Bag In Brown Color',NULL,NULL),('vi',98,'Xbox One Wireless Controller Black Color',NULL,NULL),('vi',99,'EPSION Plaster Printer',NULL,NULL),('vi',100,'EPSION Plaster Printer',NULL,NULL),('vi',101,'Sound Intone I65 Earphone White Version',NULL,NULL),('vi',102,'Sound Intone I65 Earphone White Version',NULL,NULL),('vi',103,'B&O Play Mini Bluetooth Speaker',NULL,NULL),('vi',104,'B&O Play Mini Bluetooth Speaker',NULL,NULL),('vi',105,'B&O Play Mini Bluetooth Speaker',NULL,NULL),('vi',106,'Apple MacBook Air Retina 13.3-Inch Laptop',NULL,NULL),('vi',107,'Apple MacBook Air Retina 13.3-Inch Laptop',NULL,NULL),('vi',108,'Apple MacBook Air Retina 13.3-Inch Laptop',NULL,NULL),('vi',109,'Apple MacBook Air Retina 12-Inch Laptop',NULL,NULL),('vi',110,'Apple MacBook Air Retina 12-Inch Laptop',NULL,NULL),('vi',111,'Apple MacBook Air Retina 12-Inch Laptop',NULL,NULL),('vi',112,'Samsung Gear VR Virtual Reality Headset',NULL,NULL),('vi',113,'Samsung Gear VR Virtual Reality Headset',NULL,NULL),('vi',114,'Samsung Gear VR Virtual Reality Headset',NULL,NULL),('vi',115,'Samsung Gear VR Virtual Reality Headset',NULL,NULL),('vi',116,'Aveeno Moisturizing Body Shower 450ml',NULL,NULL),('vi',117,'Aveeno Moisturizing Body Shower 450ml',NULL,NULL),('vi',118,'Aveeno Moisturizing Body Shower 450ml',NULL,NULL),('vi',119,'Aveeno Moisturizing Body Shower 450ml',NULL,NULL),('vi',120,'NYX Beauty Couton Pallete Makeup 12',NULL,NULL),('vi',121,'NYX Beauty Couton Pallete Makeup 12',NULL,NULL),('vi',122,'NYX Beauty Couton Pallete Makeup 12',NULL,NULL),('vi',123,'NYX Beauty Couton Pallete Makeup 12',NULL,NULL),('vi',124,'MVMTH Classical Leather Watch In Black',NULL,NULL),('vi',125,'MVMTH Classical Leather Watch In Black',NULL,NULL),('vi',126,'Baxter Care Hair Kit For Bearded Mens',NULL,NULL),('vi',127,'Baxter Care Hair Kit For Bearded Mens',NULL,NULL),('vi',128,'Baxter Care Hair Kit For Bearded Mens',NULL,NULL),('vi',129,'Ciate Palemore Lipstick Bold Red Color',NULL,NULL),('vi',130,'Ciate Palemore Lipstick Bold Red Color',NULL,NULL),('vi',131,'Ciate Palemore Lipstick Bold Red Color',NULL,NULL),('vi',132,'Vimto Squash Remix Apple 1.5 Litres',NULL,NULL),('vi',133,'Vimto Squash Remix Apple 1.5 Litres',NULL,NULL),('vi',134,'Crock Pot Slow Cooker',NULL,NULL),('vi',135,'Crock Pot Slow Cooker',NULL,NULL),('vi',136,'Crock Pot Slow Cooker',NULL,NULL),('vi',137,'Crock Pot Slow Cooker',NULL,NULL),('vi',138,'Taylors of Harrogate Yorkshire Coffee',NULL,NULL),('vi',139,'Taylors of Harrogate Yorkshire Coffee',NULL,NULL),('vi',140,'Taylors of Harrogate Yorkshire Coffee',NULL,NULL),('vi',141,'Soft Mochi & Galeto Ice Cream',NULL,NULL),('vi',142,'Soft Mochi & Galeto Ice Cream',NULL,NULL),('vi',143,'Soft Mochi & Galeto Ice Cream',NULL,NULL),('vi',144,'Soft Mochi & Galeto Ice Cream',NULL,NULL),('vi',145,'Soft Mochi & Galeto Ice Cream',NULL,NULL),('vi',146,'Naked Noodle Egg Noodles Singapore',NULL,NULL),('vi',147,'Naked Noodle Egg Noodles Singapore',NULL,NULL),('vi',148,'Naked Noodle Egg Noodles Singapore',NULL,NULL),('vi',149,'Saute Pan Silver',NULL,NULL),('vi',150,'Saute Pan Silver',NULL,NULL),('vi',151,'Saute Pan Silver',NULL,NULL),('vi',152,'Bar S – Classic Bun Length Franks',NULL,NULL),('vi',153,'Broccoli Crowns',NULL,NULL),('vi',154,'Broccoli Crowns',NULL,NULL),('vi',155,'Slimming World Vegan Mac Greens',NULL,NULL),('vi',156,'Slimming World Vegan Mac Greens',NULL,NULL),('vi',157,'Häagen-Dazs Salted Caramel',NULL,NULL),('vi',158,'Häagen-Dazs Salted Caramel',NULL,NULL),('vi',159,'Häagen-Dazs Salted Caramel',NULL,NULL),('vi',160,'Iceland 3 Solo Exotic Burst',NULL,NULL),('vi',161,'Iceland 3 Solo Exotic Burst',NULL,NULL),('vi',162,'Iceland 3 Solo Exotic Burst',NULL,NULL),('vi',163,'Extreme Budweiser Light Can',NULL,NULL),('vi',164,'Extreme Budweiser Light Can',NULL,NULL),('vi',165,'Extreme Budweiser Light Can',NULL,NULL),('vi',166,'Iceland Macaroni Cheese Traybake',NULL,NULL),('vi',167,'Iceland Macaroni Cheese Traybake',NULL,NULL),('vi',168,'Iceland Macaroni Cheese Traybake',NULL,NULL),('vi',169,'Dolmio Bolognese Pasta Sauce',NULL,NULL),('vi',170,'Sitema BakeIT Plastic Box',NULL,NULL),('vi',171,'Wayfair Basics Dinner Plate Storage',NULL,NULL),('vi',172,'Miko The Panda Water Bottle',NULL,NULL),('vi',173,'Miko The Panda Water Bottle',NULL,NULL),('vi',174,'Miko The Panda Water Bottle',NULL,NULL),('vi',175,'Sesame Seed Bread',NULL,NULL),('vi',176,'Morrisons The Best Beef',NULL,NULL),('vi',177,'Morrisons The Best Beef',NULL,NULL),('vi',178,'Morrisons The Best Beef',NULL,NULL),('vi',179,'Morrisons The Best Beef',NULL,NULL),('vi',180,'Avocado, Hass Large',NULL,NULL),('vi',181,'Avocado, Hass Large',NULL,NULL),('vi',182,'Avocado, Hass Large',NULL,NULL),('vi',183,'Avocado, Hass Large',NULL,NULL),('vi',184,'Italia Beef Lasagne',NULL,NULL),('vi',185,'Italia Beef Lasagne',NULL,NULL),('vi',186,'Italia Beef Lasagne',NULL,NULL),('vi',187,'Maxwell House Classic Roast Mocha',NULL,NULL),('vi',188,'Bottled Pure Water 500ml',NULL,NULL),('vi',189,'Bottled Pure Water 500ml',NULL,NULL),('vi',190,'Bottled Pure Water 500ml',NULL,NULL),('vi',191,'Bottled Pure Water 500ml',NULL,NULL);
/*!40000 ALTER TABLE `ec_products_translations` ENABLE KEYS */;
UNLOCK TABLES;

--
-- Table structure for table `ec_reviews`
--

DROP TABLE IF EXISTS `ec_reviews`;
/*!40101 SET @saved_cs_client     = @@character_set_client */;
/*!50503 SET character_set_client = utf8mb4 */;
CREATE TABLE `ec_reviews` (
  `id` bigint unsigned NOT NULL AUTO_INCREMENT,
  `customer_id` int unsigned NOT NULL,
  `product_id` int unsigned NOT NULL,
  `star` double(8,2) NOT NULL,
  `comment` text CHARACTER SET utf8mb4 COLLATE utf8mb4_unicode_ci NOT NULL,
  `status` varchar(60) COLLATE utf8mb4_unicode_ci NOT NULL DEFAULT 'published',
  `created_at` timestamp NULL DEFAULT NULL,
  `updated_at` timestamp NULL DEFAULT NULL,
  `images` text COLLATE utf8mb4_unicode_ci,
  PRIMARY KEY (`id`),
  KEY `ec_reviews_product_id_customer_id_status_created_at_index` (`product_id`,`customer_id`,`status`,`created_at`)
) ENGINE=InnoDB AUTO_INCREMENT=1001 DEFAULT CHARSET=utf8mb4 COLLATE=utf8mb4_unicode_ci;
/*!40101 SET character_set_client = @saved_cs_client */;

--
-- Dumping data for table `ec_reviews`
--

LOCK TABLES `ec_reviews` WRITE;
/*!40000 ALTER TABLE `ec_reviews` DISABLE KEYS */;
INSERT INTO `ec_reviews` VALUES (1,8,64,2.00,'The code is good, in general, if you like it, can you give it 5 stars?','published','2022-05-30 02:37:13','2022-05-30 02:37:13','[\"products\\/13.jpg\"]'),(2,10,40,5.00,'Very enthusiastic support! Excellent code is written. It\'s a true pleasure working with.','published','2022-05-30 02:37:13','2022-05-30 02:37:13','[\"products\\/21.jpg\",\"products\\/50.jpg\",\"products\\/55.jpg\"]'),(3,2,4,5.00,'The best ecommerce CMS! Excellent coding! best support service! Thank you so much..... I really like your hard work.','published','2022-05-30 02:37:13','2022-05-30 02:37:13','[\"products\\/6.jpg\",\"products\\/34.jpg\"]'),(4,1,15,4.00,'Great system, great support, good job Botble. I\'m looking forward to more great functional plugins.','published','2022-05-30 02:37:13','2022-05-30 02:37:13','[\"products\\/21.jpg\"]'),(5,9,11,2.00,'The best store template! Excellent coding! Very good support! Thank you so much for all the help, I really appreciated.','published','2022-05-30 02:37:13','2022-05-30 02:37:13','[\"products\\/1.jpg\",\"products\\/45.jpg\",\"products\\/59.jpg\"]'),(6,8,23,4.00,'Very enthusiastic support! Excellent code is written. It\'s a true pleasure working with.','published','2022-05-30 02:37:13','2022-05-30 02:37:13','[\"products\\/7.jpg\"]'),(7,3,13,1.00,'Great E-commerce system. And much more : Wonderful Customer Support.','published','2022-05-30 02:37:13','2022-05-30 02:37:13','[\"products\\/14.jpg\",\"products\\/47.jpg\",\"products\\/65.jpg\"]'),(8,5,48,4.00,'The best ecommerce CMS! Excellent coding! best support service! Thank you so much..... I really like your hard work.','published','2022-05-30 02:37:13','2022-05-30 02:37:13','[\"products\\/27.jpg\",\"products\\/42.jpg\"]'),(9,1,35,1.00,'We have received brilliant service support and will be expanding the features with the developer. Nice product!','published','2022-05-30 02:37:13','2022-05-30 02:37:13','[\"products\\/1.jpg\"]'),(10,5,6,2.00,'We have received brilliant service support and will be expanding the features with the developer. Nice product!','published','2022-05-30 02:37:13','2022-05-30 02:37:13','[\"products\\/27.jpg\",\"products\\/43.jpg\"]'),(11,2,58,1.00,'Best ecommerce CMS online store!','published','2022-05-30 02:37:13','2022-05-30 02:37:13','[\"products\\/6.jpg\",\"products\\/46.jpg\"]'),(12,3,44,2.00,'The best store template! Excellent coding! Very good support! Thank you so much for all the help, I really appreciated.','published','2022-05-30 02:37:13','2022-05-30 02:37:13','[\"products\\/11.jpg\",\"products\\/31.jpg\",\"products\\/59.jpg\"]'),(13,3,37,3.00,'Amazing code, amazing support. Overall, im really confident in Botble and im happy I made the right choice! Thank you so much guys for coding this masterpiece','published','2022-05-30 02:37:13','2022-05-30 02:37:13','[\"products\\/8.jpg\",\"products\\/43.jpg\"]'),(14,6,28,5.00,'For me the best eCommerce script on Envato at this moment: modern, clean code, a lot of great features. The customer support is great too: I always get an answer within hours!','published','2022-05-30 02:37:13','2022-05-30 02:37:13','[\"products\\/30.jpg\"]'),(15,10,1,1.00,'This script is well coded and is super fast. The support is pretty quick. Very patient and helpful team. I strongly recommend it and they deserve more than 5 stars.','published','2022-05-30 02:37:13','2022-05-30 02:37:13','[\"products\\/2.jpg\"]'),(16,3,1,2.00,'Great E-commerce system. And much more : Wonderful Customer Support.','published','2022-05-30 02:37:13','2022-05-30 02:37:13','[\"products\\/6.jpg\",\"products\\/31.jpg\"]'),(17,9,13,5.00,'We have received brilliant service support and will be expanding the features with the developer. Nice product!','published','2022-05-30 02:37:13','2022-05-30 02:37:13','[\"products\\/5.jpg\",\"products\\/34.jpg\",\"products\\/53.jpg\"]'),(18,4,2,2.00,'Amazing code, amazing support. Overall, im really confident in Botble and im happy I made the right choice! Thank you so much guys for coding this masterpiece','published','2022-05-30 02:37:13','2022-05-30 02:37:13','[\"products\\/3.jpg\"]'),(19,6,23,1.00,'Amazing code, amazing support. Overall, im really confident in Botble and im happy I made the right choice! Thank you so much guys for coding this masterpiece','published','2022-05-30 02:37:13','2022-05-30 02:37:13','[\"products\\/16.jpg\",\"products\\/38.jpg\"]'),(20,1,48,3.00,'The best store template! Excellent coding! Very good support! Thank you so much for all the help, I really appreciated.','published','2022-05-30 02:37:13','2022-05-30 02:37:13','[\"products\\/15.jpg\",\"products\\/64.jpg\"]'),(21,2,36,3.00,'Very enthusiastic support! Excellent code is written. It\'s a true pleasure working with.','published','2022-05-30 02:37:13','2022-05-30 02:37:13','[\"products\\/8.jpg\",\"products\\/45.jpg\"]'),(22,5,1,4.00,'Very enthusiastic support! Excellent code is written. It\'s a true pleasure working with.','published','2022-05-30 02:37:13','2022-05-30 02:37:13','[\"products\\/20.jpg\",\"products\\/56.jpg\"]'),(23,5,38,5.00,'The code is good, in general, if you like it, can you give it 5 stars?','published','2022-05-30 02:37:13','2022-05-30 02:37:13','[\"products\\/10.jpg\"]'),(24,8,58,4.00,'Good app, good backup service and support. Good documentation.','published','2022-05-30 02:37:13','2022-05-30 02:37:13','[\"products\\/2.jpg\",\"products\\/44.jpg\",\"products\\/53.jpg\"]'),(25,7,64,4.00,'This web app is really good in design, code quality & features. Besides, the customer support provided by the Botble team was really fast & helpful. You guys are awesome!','published','2022-05-30 02:37:13','2022-05-30 02:37:13','[\"products\\/16.jpg\",\"products\\/59.jpg\"]'),(26,2,7,5.00,'Customer Support are grade (A*), however the code is a way too over engineered for it\'s purpose.','published','2022-05-30 02:37:13','2022-05-30 02:37:13','[\"products\\/12.jpg\",\"products\\/65.jpg\"]'),(27,10,11,5.00,'Amazing code, amazing support. Overall, im really confident in Botble and im happy I made the right choice! Thank you so much guys for coding this masterpiece','published','2022-05-30 02:37:13','2022-05-30 02:37:13','[\"products\\/2.jpg\"]'),(28,3,19,3.00,'Great system, great support, good job Botble. I\'m looking forward to more great functional plugins.','published','2022-05-30 02:37:13','2022-05-30 02:37:13','[\"products\\/27.jpg\",\"products\\/38.jpg\"]'),(29,1,29,1.00,'Best ecommerce CMS online store!','published','2022-05-30 02:37:13','2022-05-30 02:37:13','[\"products\\/26.jpg\",\"products\\/37.jpg\"]'),(30,4,54,4.00,'The best ecommerce CMS! Excellent coding! best support service! Thank you so much..... I really like your hard work.','published','2022-05-30 02:37:13','2022-05-30 02:37:13','[\"products\\/4.jpg\",\"products\\/40.jpg\",\"products\\/51.jpg\"]'),(31,6,61,3.00,'Great E-commerce system. And much more : Wonderful Customer Support.','published','2022-05-30 02:37:13','2022-05-30 02:37:13','[\"products\\/4.jpg\",\"products\\/35.jpg\"]'),(32,1,18,4.00,'Customer Support are grade (A*), however the code is a way too over engineered for it\'s purpose.','published','2022-05-30 02:37:13','2022-05-30 02:37:13','[\"products\\/2.jpg\",\"products\\/56.jpg\"]'),(33,8,43,2.00,'It\'s not my first experience here on Codecanyon and I can honestly tell you all that Botble puts a LOT of effort into the support. They answer so fast, they helped me tons of times. REALLY by far THE BEST EXPERIENCE on Codecanyon. Those guys at Botble are so good that they deserve 5 stars. I recommend them, I trust them and I can\'t wait to see what they will sell in a near future. Thank you Botble :)','published','2022-05-30 02:37:13','2022-05-30 02:37:13','[\"products\\/1.jpg\",\"products\\/49.jpg\",\"products\\/64.jpg\"]'),(34,7,41,3.00,'This script is well coded and is super fast. The support is pretty quick. Very patient and helpful team. I strongly recommend it and they deserve more than 5 stars.','published','2022-05-30 02:37:13','2022-05-30 02:37:13','[\"products\\/23.jpg\",\"products\\/43.jpg\"]'),(35,4,56,4.00,'I Love this Script. I also found how to add other fees. Now I just wait the BIG update for the Marketplace with the Bulk Import. Just do not forget to make it to be Multi-language for us the Botble Fans.','published','2022-05-30 02:37:13','2022-05-30 02:37:13','[\"products\\/1.jpg\",\"products\\/41.jpg\",\"products\\/52.jpg\"]'),(36,7,18,1.00,'Great system, great support, good job Botble. I\'m looking forward to more great functional plugins.','published','2022-05-30 02:37:13','2022-05-30 02:37:13','[\"products\\/30.jpg\",\"products\\/51.jpg\"]'),(37,4,57,2.00,'Clean & perfect source code','published','2022-05-30 02:37:13','2022-05-30 02:37:13','[\"products\\/4.jpg\",\"products\\/49.jpg\"]'),(38,2,14,3.00,'As a developer I reviewed this script. This is really awesome ecommerce script. I have convinced when I noticed that it\'s built on fully WordPress concept.','published','2022-05-30 02:37:13','2022-05-30 02:37:13','[\"products\\/26.jpg\",\"products\\/48.jpg\",\"products\\/56.jpg\"]'),(39,6,10,5.00,'Second or third time that I buy a Botble product, happy with the products and support. You guys do a good job :)','published','2022-05-30 02:37:13','2022-05-30 02:37:13','[\"products\\/11.jpg\",\"products\\/48.jpg\"]'),(40,2,34,2.00,'Second or third time that I buy a Botble product, happy with the products and support. You guys do a good job :)','published','2022-05-30 02:37:13','2022-05-30 02:37:13','[\"products\\/23.jpg\",\"products\\/39.jpg\",\"products\\/61.jpg\"]'),(41,9,4,5.00,'The script is the best of its class, fast, easy to implement and work with , and the most important thing is the great support team , Recommend with no doubt.','published','2022-05-30 02:37:13','2022-05-30 02:37:13','[\"products\\/6.jpg\",\"products\\/39.jpg\"]'),(42,9,16,1.00,'Solution is too robust for our purpose so we didn\'t use it at the end. But I appreciate customer support during initial configuration.','published','2022-05-30 02:37:13','2022-05-30 02:37:13','[\"products\\/16.jpg\",\"products\\/41.jpg\"]'),(43,8,57,2.00,'Cool template. Excellent code quality. The support responds very quickly, which is very rare on themeforest and codecanyon.net, I buy a lot of templates, and everyone will have a response from technical support for two or three days. Thanks to tech support. I recommend to buy.','published','2022-05-30 02:37:13','2022-05-30 02:37:13','[\"products\\/18.jpg\",\"products\\/43.jpg\"]'),(44,4,37,2.00,'For me the best eCommerce script on Envato at this moment: modern, clean code, a lot of great features. The customer support is great too: I always get an answer within hours!','published','2022-05-30 02:37:13','2022-05-30 02:37:13','[\"products\\/12.jpg\"]'),(45,4,31,3.00,'The code is good, in general, if you like it, can you give it 5 stars?','published','2022-05-30 02:37:13','2022-05-30 02:37:13','[\"products\\/26.jpg\",\"products\\/46.jpg\"]'),(46,10,35,3.00,'I Love this Script. I also found how to add other fees. Now I just wait the BIG update for the Marketplace with the Bulk Import. Just do not forget to make it to be Multi-language for us the Botble Fans.','published','2022-05-30 02:37:13','2022-05-30 02:37:13','[\"products\\/30.jpg\",\"products\\/45.jpg\"]'),(47,2,20,1.00,'Great E-commerce system. And much more : Wonderful Customer Support.','published','2022-05-30 02:37:13','2022-05-30 02:37:13','[\"products\\/17.jpg\",\"products\\/34.jpg\"]'),(48,8,7,3.00,'Great E-commerce system. And much more : Wonderful Customer Support.','published','2022-05-30 02:37:13','2022-05-30 02:37:13','[\"products\\/18.jpg\",\"products\\/38.jpg\",\"products\\/55.jpg\"]'),(49,3,9,2.00,'Clean & perfect source code','published','2022-05-30 02:37:13','2022-05-30 02:37:13','[\"products\\/29.jpg\",\"products\\/51.jpg\"]'),(50,5,27,5.00,'Ok good product. I have some issues in customizations. But its not correct to blame the developer. The product is good. Good luck for your business.','published','2022-05-30 02:37:13','2022-05-30 02:37:13','[\"products\\/19.jpg\"]'),(51,8,20,3.00,'We have received brilliant service support and will be expanding the features with the developer. Nice product!','published','2022-05-30 02:37:13','2022-05-30 02:37:13','[\"products\\/27.jpg\",\"products\\/35.jpg\"]'),(52,4,60,3.00,'The best ecommerce CMS! Excellent coding! best support service! Thank you so much..... I really like your hard work.','published','2022-05-30 02:37:13','2022-05-30 02:37:13','[\"products\\/16.jpg\",\"products\\/35.jpg\",\"products\\/60.jpg\"]'),(53,2,24,2.00,'Clean & perfect source code','published','2022-05-30 02:37:13','2022-05-30 02:37:13','[\"products\\/17.jpg\",\"products\\/47.jpg\"]'),(54,8,60,3.00,'It\'s not my first experience here on Codecanyon and I can honestly tell you all that Botble puts a LOT of effort into the support. They answer so fast, they helped me tons of times. REALLY by far THE BEST EXPERIENCE on Codecanyon. Those guys at Botble are so good that they deserve 5 stars. I recommend them, I trust them and I can\'t wait to see what they will sell in a near future. Thank you Botble :)','published','2022-05-30 02:37:13','2022-05-30 02:37:13','[\"products\\/7.jpg\",\"products\\/41.jpg\"]'),(55,3,32,3.00,'The best store template! Excellent coding! Very good support! Thank you so much for all the help, I really appreciated.','published','2022-05-30 02:37:13','2022-05-30 02:37:13','[\"products\\/1.jpg\",\"products\\/51.jpg\"]'),(56,1,21,5.00,'The code is good, in general, if you like it, can you give it 5 stars?','published','2022-05-30 02:37:13','2022-05-30 02:37:13','[\"products\\/2.jpg\",\"products\\/33.jpg\"]'),(57,8,50,4.00,'The best store template! Excellent coding! Very good support! Thank you so much for all the help, I really appreciated.','published','2022-05-30 02:37:13','2022-05-30 02:37:13','[\"products\\/5.jpg\",\"products\\/45.jpg\",\"products\\/52.jpg\"]'),(58,5,51,5.00,'The code is good, in general, if you like it, can you give it 5 stars?','published','2022-05-30 02:37:13','2022-05-30 02:37:13','[\"products\\/28.jpg\"]'),(59,2,40,5.00,'Second or third time that I buy a Botble product, happy with the products and support. You guys do a good job :)','published','2022-05-30 02:37:13','2022-05-30 02:37:13','[\"products\\/3.jpg\"]'),(60,8,31,5.00,'Customer Support are grade (A*), however the code is a way too over engineered for it\'s purpose.','published','2022-05-30 02:37:13','2022-05-30 02:37:13','[\"products\\/26.jpg\",\"products\\/32.jpg\"]'),(61,3,26,3.00,'For me the best eCommerce script on Envato at this moment: modern, clean code, a lot of great features. The customer support is great too: I always get an answer within hours!','published','2022-05-30 02:37:13','2022-05-30 02:37:13','[\"products\\/29.jpg\",\"products\\/43.jpg\"]'),(62,10,18,1.00,'The script is the best of its class, fast, easy to implement and work with , and the most important thing is the great support team , Recommend with no doubt.','published','2022-05-30 02:37:13','2022-05-30 02:37:13','[\"products\\/27.jpg\",\"products\\/56.jpg\"]'),(63,8,60,1.00,'Customer Support are grade (A*), however the code is a way too over engineered for it\'s purpose.','published','2022-05-30 02:37:13','2022-05-30 02:37:13','[\"products\\/10.jpg\",\"products\\/41.jpg\",\"products\\/60.jpg\"]'),(64,7,35,1.00,'Very enthusiastic support! Excellent code is written. It\'s a true pleasure working with.','published','2022-05-30 02:37:13','2022-05-30 02:37:13','[\"products\\/12.jpg\",\"products\\/36.jpg\",\"products\\/51.jpg\"]'),(65,5,11,3.00,'I Love this Script. I also found how to add other fees. Now I just wait the BIG update for the Marketplace with the Bulk Import. Just do not forget to make it to be Multi-language for us the Botble Fans.','published','2022-05-30 02:37:13','2022-05-30 02:37:13','[\"products\\/15.jpg\",\"products\\/49.jpg\",\"products\\/63.jpg\"]'),(66,7,42,2.00,'The best store template! Excellent coding! Very good support! Thank you so much for all the help, I really appreciated.','published','2022-05-30 02:37:13','2022-05-30 02:37:13','[\"products\\/26.jpg\",\"products\\/53.jpg\"]'),(67,10,20,2.00,'For me the best eCommerce script on Envato at this moment: modern, clean code, a lot of great features. The customer support is great too: I always get an answer within hours!','published','2022-05-30 02:37:13','2022-05-30 02:37:13','[\"products\\/5.jpg\",\"products\\/44.jpg\"]'),(68,5,15,3.00,'Very enthusiastic support! Excellent code is written. It\'s a true pleasure working with.','published','2022-05-30 02:37:13','2022-05-30 02:37:13','[\"products\\/22.jpg\"]'),(69,10,19,3.00,'Those guys now what they are doing, the release such a good product that it\'s a pleasure to work with ! Even when I was stuck on the project, I created a ticket and the next day it was replied by the team. GOOD JOB guys. I love working with them :)','published','2022-05-30 02:37:13','2022-05-30 02:37:13','[\"products\\/3.jpg\",\"products\\/60.jpg\"]'),(70,6,51,3.00,'For me the best eCommerce script on Envato at this moment: modern, clean code, a lot of great features. The customer support is great too: I always get an answer within hours!','published','2022-05-30 02:37:13','2022-05-30 02:37:13','[\"products\\/9.jpg\",\"products\\/36.jpg\",\"products\\/56.jpg\"]'),(71,5,22,4.00,'It\'s not my first experience here on Codecanyon and I can honestly tell you all that Botble puts a LOT of effort into the support. They answer so fast, they helped me tons of times. REALLY by far THE BEST EXPERIENCE on Codecanyon. Those guys at Botble are so good that they deserve 5 stars. I recommend them, I trust them and I can\'t wait to see what they will sell in a near future. Thank you Botble :)','published','2022-05-30 02:37:13','2022-05-30 02:37:13','[\"products\\/9.jpg\"]'),(72,7,4,2.00,'The best ecommerce CMS! Excellent coding! best support service! Thank you so much..... I really like your hard work.','published','2022-05-30 02:37:13','2022-05-30 02:37:13','[\"products\\/10.jpg\",\"products\\/65.jpg\"]'),(73,2,41,5.00,'Perfect +++++++++ i love it really also i get to fast ticket answers... Thanks Lot BOTBLE Teams','published','2022-05-30 02:37:13','2022-05-30 02:37:13','[\"products\\/1.jpg\"]'),(74,8,31,1.00,'The best store template! Excellent coding! Very good support! Thank you so much for all the help, I really appreciated.','published','2022-05-30 02:37:13','2022-05-30 02:37:13','[\"products\\/29.jpg\",\"products\\/34.jpg\",\"products\\/52.jpg\"]'),(75,5,57,5.00,'Great E-commerce system. And much more : Wonderful Customer Support.','published','2022-05-30 02:37:13','2022-05-30 02:37:13','[\"products\\/19.jpg\",\"products\\/46.jpg\"]'),(76,4,16,4.00,'This script is well coded and is super fast. The support is pretty quick. Very patient and helpful team. I strongly recommend it and they deserve more than 5 stars.','published','2022-05-30 02:37:13','2022-05-30 02:37:13','[\"products\\/30.jpg\",\"products\\/46.jpg\"]'),(77,9,38,3.00,'The script is the best of its class, fast, easy to implement and work with , and the most important thing is the great support team , Recommend with no doubt.','published','2022-05-30 02:37:13','2022-05-30 02:37:13','[\"products\\/23.jpg\",\"products\\/36.jpg\"]'),(78,10,65,2.00,'Perfect +++++++++ i love it really also i get to fast ticket answers... Thanks Lot BOTBLE Teams','published','2022-05-30 02:37:13','2022-05-30 02:37:13','[\"products\\/12.jpg\"]'),(79,5,24,4.00,'Second or third time that I buy a Botble product, happy with the products and support. You guys do a good job :)','published','2022-05-30 02:37:13','2022-05-30 02:37:13','[\"products\\/19.jpg\"]'),(80,7,19,4.00,'This web app is really good in design, code quality & features. Besides, the customer support provided by the Botble team was really fast & helpful. You guys are awesome!','published','2022-05-30 02:37:13','2022-05-30 02:37:13','[\"products\\/10.jpg\"]'),(81,1,44,2.00,'Great system, great support, good job Botble. I\'m looking forward to more great functional plugins.','published','2022-05-30 02:37:13','2022-05-30 02:37:13','[\"products\\/5.jpg\",\"products\\/58.jpg\"]'),(82,2,55,3.00,'We have received brilliant service support and will be expanding the features with the developer. Nice product!','published','2022-05-30 02:37:13','2022-05-30 02:37:13','[\"products\\/17.jpg\",\"products\\/42.jpg\"]'),(83,4,23,5.00,'Good app, good backup service and support. Good documentation.','published','2022-05-30 02:37:13','2022-05-30 02:37:13','[\"products\\/23.jpg\",\"products\\/62.jpg\"]'),(84,4,36,5.00,'These guys are amazing! Responses immediately, amazing support and help... I immediately feel at ease after Purchasing..','published','2022-05-30 02:37:13','2022-05-30 02:37:13','[\"products\\/7.jpg\",\"products\\/31.jpg\"]'),(85,9,16,3.00,'As a developer I reviewed this script. This is really awesome ecommerce script. I have convinced when I noticed that it\'s built on fully WordPress concept.','published','2022-05-30 02:37:13','2022-05-30 02:37:13','[\"products\\/19.jpg\",\"products\\/37.jpg\"]'),(86,7,34,1.00,'Amazing code, amazing support. Overall, im really confident in Botble and im happy I made the right choice! Thank you so much guys for coding this masterpiece','published','2022-05-30 02:37:13','2022-05-30 02:37:13','[\"products\\/20.jpg\",\"products\\/32.jpg\",\"products\\/59.jpg\"]'),(87,1,38,1.00,'The best store template! Excellent coding! Very good support! Thank you so much for all the help, I really appreciated.','published','2022-05-30 02:37:13','2022-05-30 02:37:13','[\"products\\/16.jpg\",\"products\\/44.jpg\",\"products\\/63.jpg\"]'),(88,9,30,2.00,'This web app is really good in design, code quality & features. Besides, the customer support provided by the Botble team was really fast & helpful. You guys are awesome!','published','2022-05-30 02:37:13','2022-05-30 02:37:13','[\"products\\/20.jpg\",\"products\\/47.jpg\"]'),(89,5,40,3.00,'I Love this Script. I also found how to add other fees. Now I just wait the BIG update for the Marketplace with the Bulk Import. Just do not forget to make it to be Multi-language for us the Botble Fans.','published','2022-05-30 02:37:13','2022-05-30 02:37:13','[\"products\\/6.jpg\",\"products\\/46.jpg\"]'),(90,4,15,4.00,'This script is well coded and is super fast. The support is pretty quick. Very patient and helpful team. I strongly recommend it and they deserve more than 5 stars.','published','2022-05-30 02:37:13','2022-05-30 02:37:13','[\"products\\/1.jpg\"]'),(91,2,52,3.00,'Perfect +++++++++ i love it really also i get to fast ticket answers... Thanks Lot BOTBLE Teams','published','2022-05-30 02:37:13','2022-05-30 02:37:13','[\"products\\/11.jpg\",\"products\\/42.jpg\"]'),(92,10,40,5.00,'It\'s not my first experience here on Codecanyon and I can honestly tell you all that Botble puts a LOT of effort into the support. They answer so fast, they helped me tons of times. REALLY by far THE BEST EXPERIENCE on Codecanyon. Those guys at Botble are so good that they deserve 5 stars. I recommend them, I trust them and I can\'t wait to see what they will sell in a near future. Thank you Botble :)','published','2022-05-30 02:37:13','2022-05-30 02:37:13','[\"products\\/6.jpg\",\"products\\/48.jpg\"]'),(93,6,50,2.00,'This web app is really good in design, code quality & features. Besides, the customer support provided by the Botble team was really fast & helpful. You guys are awesome!','published','2022-05-30 02:37:14','2022-05-30 02:37:14','[\"products\\/25.jpg\"]'),(94,1,55,2.00,'This web app is really good in design, code quality & features. Besides, the customer support provided by the Botble team was really fast & helpful. You guys are awesome!','published','2022-05-30 02:37:14','2022-05-30 02:37:14','[\"products\\/22.jpg\"]'),(95,6,18,4.00,'The best ecommerce CMS! Excellent coding! best support service! Thank you so much..... I really like your hard work.','published','2022-05-30 02:37:14','2022-05-30 02:37:14','[\"products\\/12.jpg\",\"products\\/50.jpg\",\"products\\/63.jpg\"]'),(96,10,41,3.00,'The best ecommerce CMS! Excellent coding! best support service! Thank you so much..... I really like your hard work.','published','2022-05-30 02:37:14','2022-05-30 02:37:14','[\"products\\/22.jpg\",\"products\\/34.jpg\"]'),(97,10,22,4.00,'Cool template. Excellent code quality. The support responds very quickly, which is very rare on themeforest and codecanyon.net, I buy a lot of templates, and everyone will have a response from technical support for two or three days. Thanks to tech support. I recommend to buy.','published','2022-05-30 02:37:14','2022-05-30 02:37:14','[\"products\\/1.jpg\",\"products\\/38.jpg\"]'),(98,10,32,2.00,'Very enthusiastic support! Excellent code is written. It\'s a true pleasure working with.','published','2022-05-30 02:37:14','2022-05-30 02:37:14','[\"products\\/15.jpg\",\"products\\/48.jpg\"]'),(99,3,42,3.00,'It\'s not my first experience here on Codecanyon and I can honestly tell you all that Botble puts a LOT of effort into the support. They answer so fast, they helped me tons of times. REALLY by far THE BEST EXPERIENCE on Codecanyon. Those guys at Botble are so good that they deserve 5 stars. I recommend them, I trust them and I can\'t wait to see what they will sell in a near future. Thank you Botble :)','published','2022-05-30 02:37:14','2022-05-30 02:37:14','[\"products\\/13.jpg\",\"products\\/44.jpg\",\"products\\/54.jpg\"]'),(100,2,54,3.00,'The best store template! Excellent coding! Very good support! Thank you so much for all the help, I really appreciated.','published','2022-05-30 02:37:14','2022-05-30 02:37:14','[\"products\\/22.jpg\",\"products\\/44.jpg\"]'),(101,8,39,1.00,'Great system, great support, good job Botble. I\'m looking forward to more great functional plugins.','published','2022-05-30 02:37:14','2022-05-30 02:37:14','[\"products\\/23.jpg\"]'),(102,4,7,4.00,'I Love this Script. I also found how to add other fees. Now I just wait the BIG update for the Marketplace with the Bulk Import. Just do not forget to make it to be Multi-language for us the Botble Fans.','published','2022-05-30 02:37:14','2022-05-30 02:37:14','[\"products\\/4.jpg\",\"products\\/40.jpg\"]'),(103,8,52,4.00,'This web app is really good in design, code quality & features. Besides, the customer support provided by the Botble team was really fast & helpful. You guys are awesome!','published','2022-05-30 02:37:14','2022-05-30 02:37:14','[\"products\\/11.jpg\",\"products\\/48.jpg\"]'),(104,3,27,1.00,'Great system, great support, good job Botble. I\'m looking forward to more great functional plugins.','published','2022-05-30 02:37:14','2022-05-30 02:37:14','[\"products\\/3.jpg\",\"products\\/39.jpg\"]'),(105,1,14,5.00,'Great system, great support, good job Botble. I\'m looking forward to more great functional plugins.','published','2022-05-30 02:37:14','2022-05-30 02:37:14','[\"products\\/29.jpg\",\"products\\/48.jpg\"]'),(106,8,48,2.00,'As a developer I reviewed this script. This is really awesome ecommerce script. I have convinced when I noticed that it\'s built on fully WordPress concept.','published','2022-05-30 02:37:14','2022-05-30 02:37:14','[\"products\\/19.jpg\",\"products\\/50.jpg\"]'),(107,8,19,4.00,'It\'s not my first experience here on Codecanyon and I can honestly tell you all that Botble puts a LOT of effort into the support. They answer so fast, they helped me tons of times. REALLY by far THE BEST EXPERIENCE on Codecanyon. Those guys at Botble are so good that they deserve 5 stars. I recommend them, I trust them and I can\'t wait to see what they will sell in a near future. Thank you Botble :)','published','2022-05-30 02:37:14','2022-05-30 02:37:14','[\"products\\/10.jpg\",\"products\\/57.jpg\"]'),(108,9,25,3.00,'Ok good product. I have some issues in customizations. But its not correct to blame the developer. The product is good. Good luck for your business.','published','2022-05-30 02:37:14','2022-05-30 02:37:14','[\"products\\/28.jpg\",\"products\\/50.jpg\"]'),(109,2,40,3.00,'Great E-commerce system. And much more : Wonderful Customer Support.','published','2022-05-30 02:37:14','2022-05-30 02:37:14','[\"products\\/18.jpg\",\"products\\/34.jpg\",\"products\\/65.jpg\"]'),(110,7,3,4.00,'I Love this Script. I also found how to add other fees. Now I just wait the BIG update for the Marketplace with the Bulk Import. Just do not forget to make it to be Multi-language for us the Botble Fans.','published','2022-05-30 02:37:14','2022-05-30 02:37:14','[\"products\\/15.jpg\",\"products\\/32.jpg\",\"products\\/58.jpg\"]'),(111,9,6,5.00,'Cool template. Excellent code quality. The support responds very quickly, which is very rare on themeforest and codecanyon.net, I buy a lot of templates, and everyone will have a response from technical support for two or three days. Thanks to tech support. I recommend to buy.','published','2022-05-30 02:37:14','2022-05-30 02:37:14','[\"products\\/18.jpg\",\"products\\/45.jpg\"]'),(112,9,52,2.00,'It\'s not my first experience here on Codecanyon and I can honestly tell you all that Botble puts a LOT of effort into the support. They answer so fast, they helped me tons of times. REALLY by far THE BEST EXPERIENCE on Codecanyon. Those guys at Botble are so good that they deserve 5 stars. I recommend them, I trust them and I can\'t wait to see what they will sell in a near future. Thank you Botble :)','published','2022-05-30 02:37:14','2022-05-30 02:37:14','[\"products\\/22.jpg\"]'),(113,5,62,5.00,'Best ecommerce CMS online store!','published','2022-05-30 02:37:14','2022-05-30 02:37:14','[\"products\\/3.jpg\",\"products\\/42.jpg\",\"products\\/61.jpg\"]'),(114,3,56,5.00,'Amazing code, amazing support. Overall, im really confident in Botble and im happy I made the right choice! Thank you so much guys for coding this masterpiece','published','2022-05-30 02:37:14','2022-05-30 02:37:14','[\"products\\/15.jpg\",\"products\\/37.jpg\",\"products\\/62.jpg\"]'),(115,10,28,4.00,'Clean & perfect source code','published','2022-05-30 02:37:14','2022-05-30 02:37:14','[\"products\\/30.jpg\",\"products\\/49.jpg\"]'),(116,10,49,3.00,'Clean & perfect source code','published','2022-05-30 02:37:14','2022-05-30 02:37:14','[\"products\\/26.jpg\",\"products\\/38.jpg\"]'),(117,10,4,5.00,'Amazing code, amazing support. Overall, im really confident in Botble and im happy I made the right choice! Thank you so much guys for coding this masterpiece','published','2022-05-30 02:37:14','2022-05-30 02:37:14','[\"products\\/29.jpg\"]'),(118,2,44,1.00,'Best ecommerce CMS online store!','published','2022-05-30 02:37:14','2022-05-30 02:37:14','[\"products\\/17.jpg\",\"products\\/47.jpg\"]'),(119,1,54,4.00,'The script is the best of its class, fast, easy to implement and work with , and the most important thing is the great support team , Recommend with no doubt.','published','2022-05-30 02:37:14','2022-05-30 02:37:14','[\"products\\/24.jpg\",\"products\\/35.jpg\"]'),(120,2,56,2.00,'As a developer I reviewed this script. This is really awesome ecommerce script. I have convinced when I noticed that it\'s built on fully WordPress concept.','published','2022-05-30 02:37:14','2022-05-30 02:37:14','[\"products\\/13.jpg\",\"products\\/43.jpg\"]'),(121,1,33,2.00,'Customer Support are grade (A*), however the code is a way too over engineered for it\'s purpose.','published','2022-05-30 02:37:14','2022-05-30 02:37:14','[\"products\\/6.jpg\",\"products\\/63.jpg\"]'),(122,3,51,3.00,'Customer Support are grade (A*), however the code is a way too over engineered for it\'s purpose.','published','2022-05-30 02:37:14','2022-05-30 02:37:14','[\"products\\/24.jpg\",\"products\\/35.jpg\"]'),(123,7,25,4.00,'Good app, good backup service and support. Good documentation.','published','2022-05-30 02:37:14','2022-05-30 02:37:14','[\"products\\/5.jpg\",\"products\\/40.jpg\"]'),(124,3,36,2.00,'The best store template! Excellent coding! Very good support! Thank you so much for all the help, I really appreciated.','published','2022-05-30 02:37:14','2022-05-30 02:37:14','[\"products\\/2.jpg\",\"products\\/43.jpg\"]'),(125,10,62,5.00,'The best ecommerce CMS! Excellent coding! best support service! Thank you so much..... I really like your hard work.','published','2022-05-30 02:37:14','2022-05-30 02:37:14','[\"products\\/16.jpg\",\"products\\/37.jpg\"]'),(126,7,33,4.00,'These guys are amazing! Responses immediately, amazing support and help... I immediately feel at ease after Purchasing..','published','2022-05-30 02:37:14','2022-05-30 02:37:14','[\"products\\/17.jpg\"]'),(127,1,57,2.00,'This script is well coded and is super fast. The support is pretty quick. Very patient and helpful team. I strongly recommend it and they deserve more than 5 stars.','published','2022-05-30 02:37:14','2022-05-30 02:37:14','[\"products\\/27.jpg\",\"products\\/45.jpg\",\"products\\/56.jpg\"]'),(128,5,52,2.00,'Clean & perfect source code','published','2022-05-30 02:37:14','2022-05-30 02:37:14','[\"products\\/6.jpg\",\"products\\/31.jpg\"]'),(129,4,48,4.00,'The best ecommerce CMS! Excellent coding! best support service! Thank you so much..... I really like your hard work.','published','2022-05-30 02:37:14','2022-05-30 02:37:14','[\"products\\/5.jpg\",\"products\\/45.jpg\"]'),(130,2,26,1.00,'Great system, great support, good job Botble. I\'m looking forward to more great functional plugins.','published','2022-05-30 02:37:14','2022-05-30 02:37:14','[\"products\\/16.jpg\",\"products\\/37.jpg\"]'),(131,2,35,3.00,'For me the best eCommerce script on Envato at this moment: modern, clean code, a lot of great features. The customer support is great too: I always get an answer within hours!','published','2022-05-30 02:37:14','2022-05-30 02:37:14','[\"products\\/12.jpg\"]'),(132,2,18,4.00,'These guys are amazing! Responses immediately, amazing support and help... I immediately feel at ease after Purchasing..','published','2022-05-30 02:37:14','2022-05-30 02:37:14','[\"products\\/20.jpg\"]'),(133,3,6,5.00,'This web app is really good in design, code quality & features. Besides, the customer support provided by the Botble team was really fast & helpful. You guys are awesome!','published','2022-05-30 02:37:14','2022-05-30 02:37:14','[\"products\\/25.jpg\",\"products\\/42.jpg\",\"products\\/56.jpg\"]'),(134,4,26,2.00,'We have received brilliant service support and will be expanding the features with the developer. Nice product!','published','2022-05-30 02:37:14','2022-05-30 02:37:14','[\"products\\/24.jpg\",\"products\\/46.jpg\"]'),(135,1,47,4.00,'For me the best eCommerce script on Envato at this moment: modern, clean code, a lot of great features. The customer support is great too: I always get an answer within hours!','published','2022-05-30 02:37:14','2022-05-30 02:37:14','[\"products\\/28.jpg\",\"products\\/39.jpg\"]'),(136,1,46,1.00,'These guys are amazing! Responses immediately, amazing support and help... I immediately feel at ease after Purchasing..','published','2022-05-30 02:37:14','2022-05-30 02:37:14','[\"products\\/8.jpg\",\"products\\/46.jpg\"]'),(137,5,19,5.00,'Very enthusiastic support! Excellent code is written. It\'s a true pleasure working with.','published','2022-05-30 02:37:14','2022-05-30 02:37:14','[\"products\\/11.jpg\",\"products\\/52.jpg\"]'),(138,3,33,3.00,'Perfect +++++++++ i love it really also i get to fast ticket answers... Thanks Lot BOTBLE Teams','published','2022-05-30 02:37:14','2022-05-30 02:37:14','[\"products\\/23.jpg\",\"products\\/42.jpg\",\"products\\/58.jpg\"]'),(139,3,65,4.00,'Ok good product. I have some issues in customizations. But its not correct to blame the developer. The product is good. Good luck for your business.','published','2022-05-30 02:37:14','2022-05-30 02:37:14','[\"products\\/12.jpg\",\"products\\/45.jpg\"]'),(140,4,12,1.00,'Clean & perfect source code','published','2022-05-30 02:37:14','2022-05-30 02:37:14','[\"products\\/2.jpg\",\"products\\/35.jpg\"]'),(141,8,3,3.00,'The best ecommerce CMS! Excellent coding! best support service! Thank you so much..... I really like your hard work.','published','2022-05-30 02:37:14','2022-05-30 02:37:14','[\"products\\/25.jpg\"]'),(142,4,58,3.00,'The script is the best of its class, fast, easy to implement and work with , and the most important thing is the great support team , Recommend with no doubt.','published','2022-05-30 02:37:14','2022-05-30 02:37:14','[\"products\\/17.jpg\",\"products\\/41.jpg\"]'),(143,6,10,3.00,'Clean & perfect source code','published','2022-05-30 02:37:14','2022-05-30 02:37:14','[\"products\\/9.jpg\",\"products\\/49.jpg\"]'),(144,7,24,2.00,'The code is good, in general, if you like it, can you give it 5 stars?','published','2022-05-30 02:37:14','2022-05-30 02:37:14','[\"products\\/14.jpg\",\"products\\/49.jpg\"]'),(145,7,26,4.00,'Clean & perfect source code','published','2022-05-30 02:37:14','2022-05-30 02:37:14','[\"products\\/4.jpg\",\"products\\/42.jpg\",\"products\\/59.jpg\"]'),(146,7,48,1.00,'Very enthusiastic support! Excellent code is written. It\'s a true pleasure working with.','published','2022-05-30 02:37:14','2022-05-30 02:37:14','[\"products\\/7.jpg\",\"products\\/45.jpg\"]'),(147,3,56,1.00,'Great system, great support, good job Botble. I\'m looking forward to more great functional plugins.','published','2022-05-30 02:37:14','2022-05-30 02:37:14','[\"products\\/19.jpg\"]'),(148,10,30,1.00,'Customer Support are grade (A*), however the code is a way too over engineered for it\'s purpose.','published','2022-05-30 02:37:14','2022-05-30 02:37:14','[\"products\\/15.jpg\",\"products\\/37.jpg\"]'),(149,3,44,5.00,'Great E-commerce system. And much more : Wonderful Customer Support.','published','2022-05-30 02:37:14','2022-05-30 02:37:14','[\"products\\/28.jpg\",\"products\\/44.jpg\",\"products\\/63.jpg\"]'),(150,9,45,2.00,'Solution is too robust for our purpose so we didn\'t use it at the end. But I appreciate customer support during initial configuration.','published','2022-05-30 02:37:14','2022-05-30 02:37:14','[\"products\\/29.jpg\",\"products\\/40.jpg\"]'),(151,8,47,5.00,'Best ecommerce CMS online store!','published','2022-05-30 02:37:14','2022-05-30 02:37:14','[\"products\\/27.jpg\",\"products\\/45.jpg\",\"products\\/56.jpg\"]'),(152,3,43,5.00,'Good app, good backup service and support. Good documentation.','published','2022-05-30 02:37:14','2022-05-30 02:37:14','[\"products\\/30.jpg\",\"products\\/45.jpg\"]'),(153,5,56,5.00,'Clean & perfect source code','published','2022-05-30 02:37:14','2022-05-30 02:37:14','[\"products\\/19.jpg\"]'),(154,2,18,5.00,'This web app is really good in design, code quality & features. Besides, the customer support provided by the Botble team was really fast & helpful. You guys are awesome!','published','2022-05-30 02:37:14','2022-05-30 02:37:14','[\"products\\/16.jpg\",\"products\\/45.jpg\",\"products\\/57.jpg\"]'),(155,8,13,1.00,'This script is well coded and is super fast. The support is pretty quick. Very patient and helpful team. I strongly recommend it and they deserve more than 5 stars.','published','2022-05-30 02:37:14','2022-05-30 02:37:14','[\"products\\/1.jpg\",\"products\\/45.jpg\",\"products\\/51.jpg\"]'),(156,7,23,5.00,'This web app is really good in design, code quality & features. Besides, the customer support provided by the Botble team was really fast & helpful. You guys are awesome!','published','2022-05-30 02:37:14','2022-05-30 02:37:14','[\"products\\/13.jpg\",\"products\\/49.jpg\",\"products\\/63.jpg\"]'),(157,1,2,4.00,'Clean & perfect source code','published','2022-05-30 02:37:14','2022-05-30 02:37:14','[\"products\\/25.jpg\",\"products\\/37.jpg\"]'),(158,2,37,5.00,'I Love this Script. I also found how to add other fees. Now I just wait the BIG update for the Marketplace with the Bulk Import. Just do not forget to make it to be Multi-language for us the Botble Fans.','published','2022-05-30 02:37:14','2022-05-30 02:37:14','[\"products\\/30.jpg\",\"products\\/47.jpg\"]'),(159,1,52,1.00,'For me the best eCommerce script on Envato at this moment: modern, clean code, a lot of great features. The customer support is great too: I always get an answer within hours!','published','2022-05-30 02:37:14','2022-05-30 02:37:14','[\"products\\/19.jpg\",\"products\\/45.jpg\"]'),(160,2,48,3.00,'Solution is too robust for our purpose so we didn\'t use it at the end. But I appreciate customer support during initial configuration.','published','2022-05-30 02:37:14','2022-05-30 02:37:14','[\"products\\/2.jpg\",\"products\\/58.jpg\"]'),(161,5,57,3.00,'For me the best eCommerce script on Envato at this moment: modern, clean code, a lot of great features. The customer support is great too: I always get an answer within hours!','published','2022-05-30 02:37:14','2022-05-30 02:37:14','[\"products\\/26.jpg\",\"products\\/49.jpg\"]'),(162,10,22,4.00,'Those guys now what they are doing, the release such a good product that it\'s a pleasure to work with ! Even when I was stuck on the project, I created a ticket and the next day it was replied by the team. GOOD JOB guys. I love working with them :)','published','2022-05-30 02:37:14','2022-05-30 02:37:14','[\"products\\/15.jpg\",\"products\\/31.jpg\"]'),(163,7,21,5.00,'This web app is really good in design, code quality & features. Besides, the customer support provided by the Botble team was really fast & helpful. You guys are awesome!','published','2022-05-30 02:37:14','2022-05-30 02:37:14','[\"products\\/29.jpg\"]'),(164,8,56,5.00,'Amazing code, amazing support. Overall, im really confident in Botble and im happy I made the right choice! Thank you so much guys for coding this masterpiece','published','2022-05-30 02:37:14','2022-05-30 02:37:14','[\"products\\/7.jpg\",\"products\\/32.jpg\"]'),(165,8,49,3.00,'Amazing code, amazing support. Overall, im really confident in Botble and im happy I made the right choice! Thank you so much guys for coding this masterpiece','published','2022-05-30 02:37:14','2022-05-30 02:37:14','[\"products\\/16.jpg\",\"products\\/33.jpg\"]'),(166,6,41,1.00,'The best ecommerce CMS! Excellent coding! best support service! Thank you so much..... I really like your hard work.','published','2022-05-30 02:37:14','2022-05-30 02:37:14','[\"products\\/1.jpg\"]'),(167,1,63,3.00,'Customer Support are grade (A*), however the code is a way too over engineered for it\'s purpose.','published','2022-05-30 02:37:14','2022-05-30 02:37:14','[\"products\\/27.jpg\"]'),(168,1,24,3.00,'Great system, great support, good job Botble. I\'m looking forward to more great functional plugins.','published','2022-05-30 02:37:14','2022-05-30 02:37:14','[\"products\\/19.jpg\"]'),(169,2,4,1.00,'Customer Support are grade (A*), however the code is a way too over engineered for it\'s purpose.','published','2022-05-30 02:37:14','2022-05-30 02:37:14','[\"products\\/5.jpg\",\"products\\/31.jpg\"]'),(170,6,29,5.00,'Best ecommerce CMS online store!','published','2022-05-30 02:37:14','2022-05-30 02:37:14','[\"products\\/28.jpg\",\"products\\/41.jpg\"]'),(171,7,7,1.00,'For me the best eCommerce script on Envato at this moment: modern, clean code, a lot of great features. The customer support is great too: I always get an answer within hours!','published','2022-05-30 02:37:14','2022-05-30 02:37:14','[\"products\\/23.jpg\",\"products\\/39.jpg\",\"products\\/64.jpg\"]'),(172,8,26,4.00,'Customer Support are grade (A*), however the code is a way too over engineered for it\'s purpose.','published','2022-05-30 02:37:14','2022-05-30 02:37:14','[\"products\\/5.jpg\",\"products\\/43.jpg\",\"products\\/61.jpg\"]'),(173,3,54,2.00,'Customer Support are grade (A*), however the code is a way too over engineered for it\'s purpose.','published','2022-05-30 02:37:14','2022-05-30 02:37:14','[\"products\\/26.jpg\",\"products\\/57.jpg\"]'),(174,3,61,1.00,'As a developer I reviewed this script. This is really awesome ecommerce script. I have convinced when I noticed that it\'s built on fully WordPress concept.','published','2022-05-30 02:37:14','2022-05-30 02:37:14','[\"products\\/9.jpg\",\"products\\/47.jpg\"]'),(175,8,58,3.00,'I Love this Script. I also found how to add other fees. Now I just wait the BIG update for the Marketplace with the Bulk Import. Just do not forget to make it to be Multi-language for us the Botble Fans.','published','2022-05-30 02:37:14','2022-05-30 02:37:14','[\"products\\/16.jpg\",\"products\\/43.jpg\"]'),(176,4,43,5.00,'We have received brilliant service support and will be expanding the features with the developer. Nice product!','published','2022-05-30 02:37:14','2022-05-30 02:37:14','[\"products\\/26.jpg\",\"products\\/39.jpg\"]'),(177,6,8,1.00,'Solution is too robust for our purpose so we didn\'t use it at the end. But I appreciate customer support during initial configuration.','published','2022-05-30 02:37:14','2022-05-30 02:37:14','[\"products\\/30.jpg\",\"products\\/39.jpg\"]'),(178,5,56,4.00,'It\'s not my first experience here on Codecanyon and I can honestly tell you all that Botble puts a LOT of effort into the support. They answer so fast, they helped me tons of times. REALLY by far THE BEST EXPERIENCE on Codecanyon. Those guys at Botble are so good that they deserve 5 stars. I recommend them, I trust them and I can\'t wait to see what they will sell in a near future. Thank you Botble :)','published','2022-05-30 02:37:14','2022-05-30 02:37:14','[\"products\\/2.jpg\",\"products\\/57.jpg\"]'),(179,6,3,2.00,'Best ecommerce CMS online store!','published','2022-05-30 02:37:14','2022-05-30 02:37:14','[\"products\\/23.jpg\",\"products\\/48.jpg\"]'),(180,8,34,1.00,'Good app, good backup service and support. Good documentation.','published','2022-05-30 02:37:14','2022-05-30 02:37:14','[\"products\\/18.jpg\",\"products\\/41.jpg\"]'),(181,1,17,3.00,'This web app is really good in design, code quality & features. Besides, the customer support provided by the Botble team was really fast & helpful. You guys are awesome!','published','2022-05-30 02:37:14','2022-05-30 02:37:14','[\"products\\/23.jpg\",\"products\\/53.jpg\"]'),(182,1,14,2.00,'The best ecommerce CMS! Excellent coding! best support service! Thank you so much..... I really like your hard work.','published','2022-05-30 02:37:14','2022-05-30 02:37:14','[\"products\\/5.jpg\",\"products\\/47.jpg\",\"products\\/52.jpg\"]'),(183,4,5,1.00,'Amazing code, amazing support. Overall, im really confident in Botble and im happy I made the right choice! Thank you so much guys for coding this masterpiece','published','2022-05-30 02:37:14','2022-05-30 02:37:14','[\"products\\/3.jpg\",\"products\\/45.jpg\"]'),(184,3,54,2.00,'As a developer I reviewed this script. This is really awesome ecommerce script. I have convinced when I noticed that it\'s built on fully WordPress concept.','published','2022-05-30 02:37:14','2022-05-30 02:37:14','[\"products\\/14.jpg\",\"products\\/36.jpg\",\"products\\/63.jpg\"]'),(185,4,42,3.00,'This web app is really good in design, code quality & features. Besides, the customer support provided by the Botble team was really fast & helpful. You guys are awesome!','published','2022-05-30 02:37:14','2022-05-30 02:37:14','[\"products\\/21.jpg\",\"products\\/37.jpg\",\"products\\/60.jpg\"]'),(186,4,62,5.00,'I Love this Script. I also found how to add other fees. Now I just wait the BIG update for the Marketplace with the Bulk Import. Just do not forget to make it to be Multi-language for us the Botble Fans.','published','2022-05-30 02:37:14','2022-05-30 02:37:14','[\"products\\/4.jpg\",\"products\\/39.jpg\"]'),(187,7,52,5.00,'I Love this Script. I also found how to add other fees. Now I just wait the BIG update for the Marketplace with the Bulk Import. Just do not forget to make it to be Multi-language for us the Botble Fans.','published','2022-05-30 02:37:14','2022-05-30 02:37:14','[\"products\\/18.jpg\",\"products\\/41.jpg\",\"products\\/56.jpg\"]'),(188,1,51,4.00,'The best ecommerce CMS! Excellent coding! best support service! Thank you so much..... I really like your hard work.','published','2022-05-30 02:37:14','2022-05-30 02:37:14','[\"products\\/8.jpg\",\"products\\/31.jpg\"]'),(189,2,26,3.00,'Amazing code, amazing support. Overall, im really confident in Botble and im happy I made the right choice! Thank you so much guys for coding this masterpiece','published','2022-05-30 02:37:14','2022-05-30 02:37:14','[\"products\\/4.jpg\",\"products\\/50.jpg\",\"products\\/60.jpg\"]'),(190,6,32,5.00,'Ok good product. I have some issues in customizations. But its not correct to blame the developer. The product is good. Good luck for your business.','published','2022-05-30 02:37:14','2022-05-30 02:37:14','[\"products\\/8.jpg\",\"products\\/48.jpg\",\"products\\/56.jpg\"]'),(191,7,26,1.00,'The script is the best of its class, fast, easy to implement and work with , and the most important thing is the great support team , Recommend with no doubt.','published','2022-05-30 02:37:14','2022-05-30 02:37:14','[\"products\\/8.jpg\"]'),(192,4,47,5.00,'This script is well coded and is super fast. The support is pretty quick. Very patient and helpful team. I strongly recommend it and they deserve more than 5 stars.','published','2022-05-30 02:37:14','2022-05-30 02:37:14','[\"products\\/1.jpg\",\"products\\/32.jpg\"]'),(193,10,53,1.00,'These guys are amazing! Responses immediately, amazing support and help... I immediately feel at ease after Purchasing..','published','2022-05-30 02:37:14','2022-05-30 02:37:14','[\"products\\/20.jpg\",\"products\\/46.jpg\",\"products\\/58.jpg\"]'),(194,6,2,4.00,'Those guys now what they are doing, the release such a good product that it\'s a pleasure to work with ! Even when I was stuck on the project, I created a ticket and the next day it was replied by the team. GOOD JOB guys. I love working with them :)','published','2022-05-30 02:37:14','2022-05-30 02:37:14','[\"products\\/6.jpg\",\"products\\/49.jpg\"]'),(195,1,58,2.00,'Those guys now what they are doing, the release such a good product that it\'s a pleasure to work with ! Even when I was stuck on the project, I created a ticket and the next day it was replied by the team. GOOD JOB guys. I love working with them :)','published','2022-05-30 02:37:14','2022-05-30 02:37:14','[\"products\\/21.jpg\"]'),(196,8,63,3.00,'These guys are amazing! Responses immediately, amazing support and help... I immediately feel at ease after Purchasing..','published','2022-05-30 02:37:14','2022-05-30 02:37:14','[\"products\\/27.jpg\",\"products\\/41.jpg\"]'),(197,6,4,5.00,'Customer Support are grade (A*), however the code is a way too over engineered for it\'s purpose.','published','2022-05-30 02:37:14','2022-05-30 02:37:14','[\"products\\/26.jpg\",\"products\\/44.jpg\",\"products\\/53.jpg\"]'),(198,9,55,3.00,'Good app, good backup service and support. Good documentation.','published','2022-05-30 02:37:14','2022-05-30 02:37:14','[\"products\\/27.jpg\",\"products\\/43.jpg\"]'),(199,5,40,5.00,'Amazing code, amazing support. Overall, im really confident in Botble and im happy I made the right choice! Thank you so much guys for coding this masterpiece','published','2022-05-30 02:37:14','2022-05-30 02:37:14','[\"products\\/18.jpg\",\"products\\/39.jpg\",\"products\\/51.jpg\"]'),(200,6,18,4.00,'Good app, good backup service and support. Good documentation.','published','2022-05-30 02:37:14','2022-05-30 02:37:14','[\"products\\/21.jpg\",\"products\\/32.jpg\",\"products\\/52.jpg\"]'),(201,6,45,4.00,'We have received brilliant service support and will be expanding the features with the developer. Nice product!','published','2022-05-30 02:37:14','2022-05-30 02:37:14','[\"products\\/18.jpg\",\"products\\/42.jpg\"]'),(202,9,28,5.00,'I Love this Script. I also found how to add other fees. Now I just wait the BIG update for the Marketplace with the Bulk Import. Just do not forget to make it to be Multi-language for us the Botble Fans.','published','2022-05-30 02:37:14','2022-05-30 02:37:14','[\"products\\/1.jpg\",\"products\\/31.jpg\",\"products\\/56.jpg\"]'),(203,2,32,5.00,'Good app, good backup service and support. Good documentation.','published','2022-05-30 02:37:14','2022-05-30 02:37:14','[\"products\\/17.jpg\",\"products\\/33.jpg\",\"products\\/62.jpg\"]'),(204,1,52,4.00,'The best store template! Excellent coding! Very good support! Thank you so much for all the help, I really appreciated.','published','2022-05-30 02:37:14','2022-05-30 02:37:14','[\"products\\/28.jpg\"]'),(205,1,36,5.00,'Great E-commerce system. And much more : Wonderful Customer Support.','published','2022-05-30 02:37:14','2022-05-30 02:37:14','[\"products\\/20.jpg\"]'),(206,2,6,4.00,'Perfect +++++++++ i love it really also i get to fast ticket answers... Thanks Lot BOTBLE Teams','published','2022-05-30 02:37:14','2022-05-30 02:37:14','[\"products\\/13.jpg\"]'),(207,6,23,1.00,'For me the best eCommerce script on Envato at this moment: modern, clean code, a lot of great features. The customer support is great too: I always get an answer within hours!','published','2022-05-30 02:37:14','2022-05-30 02:37:14','[\"products\\/30.jpg\",\"products\\/38.jpg\",\"products\\/61.jpg\"]'),(208,7,25,5.00,'This script is well coded and is super fast. The support is pretty quick. Very patient and helpful team. I strongly recommend it and they deserve more than 5 stars.','published','2022-05-30 02:37:14','2022-05-30 02:37:14','[\"products\\/21.jpg\",\"products\\/47.jpg\"]'),(209,1,64,4.00,'The code is good, in general, if you like it, can you give it 5 stars?','published','2022-05-30 02:37:14','2022-05-30 02:37:14','[\"products\\/25.jpg\",\"products\\/31.jpg\"]'),(210,4,33,5.00,'Good app, good backup service and support. Good documentation.','published','2022-05-30 02:37:14','2022-05-30 02:37:14','[\"products\\/25.jpg\",\"products\\/40.jpg\"]'),(211,6,62,3.00,'I Love this Script. I also found how to add other fees. Now I just wait the BIG update for the Marketplace with the Bulk Import. Just do not forget to make it to be Multi-language for us the Botble Fans.','published','2022-05-30 02:37:14','2022-05-30 02:37:14','[\"products\\/27.jpg\"]'),(212,4,53,4.00,'Best ecommerce CMS online store!','published','2022-05-30 02:37:14','2022-05-30 02:37:14','[\"products\\/7.jpg\",\"products\\/40.jpg\"]'),(213,2,43,1.00,'The best ecommerce CMS! Excellent coding! best support service! Thank you so much..... I really like your hard work.','published','2022-05-30 02:37:14','2022-05-30 02:37:14','[\"products\\/26.jpg\",\"products\\/44.jpg\"]'),(214,9,46,3.00,'This script is well coded and is super fast. The support is pretty quick. Very patient and helpful team. I strongly recommend it and they deserve more than 5 stars.','published','2022-05-30 02:37:14','2022-05-30 02:37:14','[\"products\\/5.jpg\",\"products\\/41.jpg\"]'),(215,8,40,5.00,'This script is well coded and is super fast. The support is pretty quick. Very patient and helpful team. I strongly recommend it and they deserve more than 5 stars.','published','2022-05-30 02:37:14','2022-05-30 02:37:14','[\"products\\/16.jpg\",\"products\\/48.jpg\"]'),(216,6,47,3.00,'The best store template! Excellent coding! Very good support! Thank you so much for all the help, I really appreciated.','published','2022-05-30 02:37:14','2022-05-30 02:37:14','[\"products\\/27.jpg\"]'),(217,5,31,5.00,'Cool template. Excellent code quality. The support responds very quickly, which is very rare on themeforest and codecanyon.net, I buy a lot of templates, and everyone will have a response from technical support for two or three days. Thanks to tech support. I recommend to buy.','published','2022-05-30 02:37:14','2022-05-30 02:37:14','[\"products\\/10.jpg\",\"products\\/45.jpg\"]'),(218,3,32,5.00,'Second or third time that I buy a Botble product, happy with the products and support. You guys do a good job :)','published','2022-05-30 02:37:14','2022-05-30 02:37:14','[\"products\\/14.jpg\",\"products\\/43.jpg\"]'),(219,2,13,3.00,'These guys are amazing! Responses immediately, amazing support and help... I immediately feel at ease after Purchasing..','published','2022-05-30 02:37:14','2022-05-30 02:37:14','[\"products\\/6.jpg\"]'),(220,10,65,4.00,'Second or third time that I buy a Botble product, happy with the products and support. You guys do a good job :)','published','2022-05-30 02:37:14','2022-05-30 02:37:14','[\"products\\/24.jpg\"]'),(221,6,24,3.00,'The best store template! Excellent coding! Very good support! Thank you so much for all the help, I really appreciated.','published','2022-05-30 02:37:14','2022-05-30 02:37:14','[\"products\\/5.jpg\",\"products\\/48.jpg\",\"products\\/56.jpg\"]'),(222,9,20,1.00,'Clean & perfect source code','published','2022-05-30 02:37:14','2022-05-30 02:37:14','[\"products\\/13.jpg\"]'),(223,7,26,5.00,'We have received brilliant service support and will be expanding the features with the developer. Nice product!','published','2022-05-30 02:37:14','2022-05-30 02:37:14','[\"products\\/28.jpg\"]'),(224,5,25,1.00,'It\'s not my first experience here on Codecanyon and I can honestly tell you all that Botble puts a LOT of effort into the support. They answer so fast, they helped me tons of times. REALLY by far THE BEST EXPERIENCE on Codecanyon. Those guys at Botble are so good that they deserve 5 stars. I recommend them, I trust them and I can\'t wait to see what they will sell in a near future. Thank you Botble :)','published','2022-05-30 02:37:14','2022-05-30 02:37:14','[\"products\\/15.jpg\"]'),(225,3,36,2.00,'I Love this Script. I also found how to add other fees. Now I just wait the BIG update for the Marketplace with the Bulk Import. Just do not forget to make it to be Multi-language for us the Botble Fans.','published','2022-05-30 02:37:14','2022-05-30 02:37:14','[\"products\\/14.jpg\",\"products\\/44.jpg\"]'),(226,6,22,1.00,'Customer Support are grade (A*), however the code is a way too over engineered for it\'s purpose.','published','2022-05-30 02:37:14','2022-05-30 02:37:14','[\"products\\/17.jpg\",\"products\\/44.jpg\"]'),(227,3,9,5.00,'This script is well coded and is super fast. The support is pretty quick. Very patient and helpful team. I strongly recommend it and they deserve more than 5 stars.','published','2022-05-30 02:37:14','2022-05-30 02:37:14','[\"products\\/26.jpg\",\"products\\/43.jpg\",\"products\\/57.jpg\"]'),(228,8,48,4.00,'Solution is too robust for our purpose so we didn\'t use it at the end. But I appreciate customer support during initial configuration.','published','2022-05-30 02:37:14','2022-05-30 02:37:14','[\"products\\/2.jpg\"]'),(229,6,41,1.00,'These guys are amazing! Responses immediately, amazing support and help... I immediately feel at ease after Purchasing..','published','2022-05-30 02:37:14','2022-05-30 02:37:14','[\"products\\/26.jpg\",\"products\\/31.jpg\",\"products\\/54.jpg\"]'),(230,6,55,4.00,'We have received brilliant service support and will be expanding the features with the developer. Nice product!','published','2022-05-30 02:37:14','2022-05-30 02:37:14','[\"products\\/5.jpg\",\"products\\/34.jpg\"]'),(231,9,6,1.00,'Amazing code, amazing support. Overall, im really confident in Botble and im happy I made the right choice! Thank you so much guys for coding this masterpiece','published','2022-05-30 02:37:14','2022-05-30 02:37:14','[\"products\\/20.jpg\"]'),(232,6,33,4.00,'Great E-commerce system. And much more : Wonderful Customer Support.','published','2022-05-30 02:37:14','2022-05-30 02:37:14','[\"products\\/17.jpg\"]'),(233,6,49,1.00,'Those guys now what they are doing, the release such a good product that it\'s a pleasure to work with ! Even when I was stuck on the project, I created a ticket and the next day it was replied by the team. GOOD JOB guys. I love working with them :)','published','2022-05-30 02:37:14','2022-05-30 02:37:14','[\"products\\/18.jpg\",\"products\\/37.jpg\"]'),(234,8,31,4.00,'Second or third time that I buy a Botble product, happy with the products and support. You guys do a good job :)','published','2022-05-30 02:37:14','2022-05-30 02:37:14','[\"products\\/30.jpg\",\"products\\/45.jpg\"]'),(235,10,44,3.00,'Good app, good backup service and support. Good documentation.','published','2022-05-30 02:37:14','2022-05-30 02:37:14','[\"products\\/22.jpg\",\"products\\/36.jpg\"]'),(236,3,61,1.00,'Solution is too robust for our purpose so we didn\'t use it at the end. But I appreciate customer support during initial configuration.','published','2022-05-30 02:37:14','2022-05-30 02:37:14','[\"products\\/7.jpg\",\"products\\/33.jpg\",\"products\\/52.jpg\"]'),(237,5,29,3.00,'The code is good, in general, if you like it, can you give it 5 stars?','published','2022-05-30 02:37:14','2022-05-30 02:37:14','[\"products\\/7.jpg\",\"products\\/39.jpg\",\"products\\/65.jpg\"]'),(238,1,58,2.00,'This web app is really good in design, code quality & features. Besides, the customer support provided by the Botble team was really fast & helpful. You guys are awesome!','published','2022-05-30 02:37:14','2022-05-30 02:37:14','[\"products\\/5.jpg\"]'),(239,1,4,5.00,'This web app is really good in design, code quality & features. Besides, the customer support provided by the Botble team was really fast & helpful. You guys are awesome!','published','2022-05-30 02:37:14','2022-05-30 02:37:14','[\"products\\/10.jpg\",\"products\\/36.jpg\",\"products\\/65.jpg\"]'),(240,2,25,2.00,'As a developer I reviewed this script. This is really awesome ecommerce script. I have convinced when I noticed that it\'s built on fully WordPress concept.','published','2022-05-30 02:37:14','2022-05-30 02:37:14','[\"products\\/27.jpg\",\"products\\/35.jpg\",\"products\\/54.jpg\"]'),(241,10,32,1.00,'The script is the best of its class, fast, easy to implement and work with , and the most important thing is the great support team , Recommend with no doubt.','published','2022-05-30 02:37:14','2022-05-30 02:37:14','[\"products\\/2.jpg\"]'),(242,3,52,5.00,'For me the best eCommerce script on Envato at this moment: modern, clean code, a lot of great features. The customer support is great too: I always get an answer within hours!','published','2022-05-30 02:37:14','2022-05-30 02:37:14','[\"products\\/20.jpg\",\"products\\/39.jpg\"]'),(243,5,65,5.00,'Best ecommerce CMS online store!','published','2022-05-30 02:37:14','2022-05-30 02:37:14','[\"products\\/1.jpg\",\"products\\/44.jpg\"]'),(244,1,35,1.00,'The script is the best of its class, fast, easy to implement and work with , and the most important thing is the great support team , Recommend with no doubt.','published','2022-05-30 02:37:14','2022-05-30 02:37:14','[\"products\\/6.jpg\"]'),(245,4,59,3.00,'Great E-commerce system. And much more : Wonderful Customer Support.','published','2022-05-30 02:37:14','2022-05-30 02:37:14','[\"products\\/20.jpg\"]'),(246,6,30,3.00,'Ok good product. I have some issues in customizations. But its not correct to blame the developer. The product is good. Good luck for your business.','published','2022-05-30 02:37:14','2022-05-30 02:37:14','[\"products\\/29.jpg\"]'),(247,1,60,1.00,'This web app is really good in design, code quality & features. Besides, the customer support provided by the Botble team was really fast & helpful. You guys are awesome!','published','2022-05-30 02:37:14','2022-05-30 02:37:14','[\"products\\/5.jpg\",\"products\\/42.jpg\"]'),(248,6,65,5.00,'These guys are amazing! Responses immediately, amazing support and help... I immediately feel at ease after Purchasing..','published','2022-05-30 02:37:14','2022-05-30 02:37:14','[\"products\\/30.jpg\",\"products\\/49.jpg\"]'),(249,10,22,2.00,'The code is good, in general, if you like it, can you give it 5 stars?','published','2022-05-30 02:37:14','2022-05-30 02:37:14','[\"products\\/1.jpg\",\"products\\/51.jpg\"]'),(250,2,42,4.00,'This script is well coded and is super fast. The support is pretty quick. Very patient and helpful team. I strongly recommend it and they deserve more than 5 stars.','published','2022-05-30 02:37:14','2022-05-30 02:37:14','[\"products\\/8.jpg\",\"products\\/41.jpg\"]'),(251,10,20,4.00,'Second or third time that I buy a Botble product, happy with the products and support. You guys do a good job :)','published','2022-05-30 02:37:14','2022-05-30 02:37:14','[\"products\\/13.jpg\",\"products\\/46.jpg\",\"products\\/56.jpg\"]'),(252,8,33,5.00,'Great E-commerce system. And much more : Wonderful Customer Support.','published','2022-05-30 02:37:14','2022-05-30 02:37:14','[\"products\\/12.jpg\",\"products\\/41.jpg\"]'),(253,10,41,3.00,'The code is good, in general, if you like it, can you give it 5 stars?','published','2022-05-30 02:37:14','2022-05-30 02:37:14','[\"products\\/21.jpg\",\"products\\/39.jpg\"]'),(254,8,49,5.00,'Clean & perfect source code','published','2022-05-30 02:37:14','2022-05-30 02:37:14','[\"products\\/5.jpg\",\"products\\/61.jpg\"]'),(255,8,57,3.00,'Ok good product. I have some issues in customizations. But its not correct to blame the developer. The product is good. Good luck for your business.','published','2022-05-30 02:37:14','2022-05-30 02:37:14','[\"products\\/6.jpg\"]'),(256,6,20,3.00,'We have received brilliant service support and will be expanding the features with the developer. Nice product!','published','2022-05-30 02:37:14','2022-05-30 02:37:14','[\"products\\/18.jpg\",\"products\\/31.jpg\"]'),(257,2,2,5.00,'This script is well coded and is super fast. The support is pretty quick. Very patient and helpful team. I strongly recommend it and they deserve more than 5 stars.','published','2022-05-30 02:37:14','2022-05-30 02:37:14','[\"products\\/28.jpg\",\"products\\/34.jpg\"]'),(258,8,25,3.00,'Those guys now what they are doing, the release such a good product that it\'s a pleasure to work with ! Even when I was stuck on the project, I created a ticket and the next day it was replied by the team. GOOD JOB guys. I love working with them :)','published','2022-05-30 02:37:14','2022-05-30 02:37:14','[\"products\\/4.jpg\",\"products\\/40.jpg\"]'),(259,4,4,3.00,'Great system, great support, good job Botble. I\'m looking forward to more great functional plugins.','published','2022-05-30 02:37:14','2022-05-30 02:37:14','[\"products\\/23.jpg\",\"products\\/33.jpg\"]'),(260,5,24,5.00,'This script is well coded and is super fast. The support is pretty quick. Very patient and helpful team. I strongly recommend it and they deserve more than 5 stars.','published','2022-05-30 02:37:14','2022-05-30 02:37:14','[\"products\\/20.jpg\",\"products\\/31.jpg\"]'),(261,10,54,5.00,'This web app is really good in design, code quality & features. Besides, the customer support provided by the Botble team was really fast & helpful. You guys are awesome!','published','2022-05-30 02:37:14','2022-05-30 02:37:14','[\"products\\/10.jpg\"]'),(262,2,14,2.00,'Cool template. Excellent code quality. The support responds very quickly, which is very rare on themeforest and codecanyon.net, I buy a lot of templates, and everyone will have a response from technical support for two or three days. Thanks to tech support. I recommend to buy.','published','2022-05-30 02:37:14','2022-05-30 02:37:14','[\"products\\/17.jpg\",\"products\\/38.jpg\"]'),(263,9,53,2.00,'This script is well coded and is super fast. The support is pretty quick. Very patient and helpful team. I strongly recommend it and they deserve more than 5 stars.','published','2022-05-30 02:37:14','2022-05-30 02:37:14','[\"products\\/3.jpg\",\"products\\/44.jpg\"]'),(264,8,30,1.00,'Best ecommerce CMS online store!','published','2022-05-30 02:37:14','2022-05-30 02:37:14','[\"products\\/1.jpg\",\"products\\/63.jpg\"]'),(265,7,36,1.00,'Ok good product. I have some issues in customizations. But its not correct to blame the developer. The product is good. Good luck for your business.','published','2022-05-30 02:37:14','2022-05-30 02:37:14','[\"products\\/16.jpg\",\"products\\/40.jpg\"]'),(266,7,29,2.00,'Ok good product. I have some issues in customizations. But its not correct to blame the developer. The product is good. Good luck for your business.','published','2022-05-30 02:37:14','2022-05-30 02:37:14','[\"products\\/15.jpg\",\"products\\/33.jpg\"]'),(267,7,60,3.00,'This web app is really good in design, code quality & features. Besides, the customer support provided by the Botble team was really fast & helpful. You guys are awesome!','published','2022-05-30 02:37:14','2022-05-30 02:37:14','[\"products\\/14.jpg\",\"products\\/33.jpg\"]'),(268,1,21,1.00,'Perfect +++++++++ i love it really also i get to fast ticket answers... Thanks Lot BOTBLE Teams','published','2022-05-30 02:37:14','2022-05-30 02:37:14','[\"products\\/23.jpg\",\"products\\/46.jpg\"]'),(269,8,14,3.00,'As a developer I reviewed this script. This is really awesome ecommerce script. I have convinced when I noticed that it\'s built on fully WordPress concept.','published','2022-05-30 02:37:14','2022-05-30 02:37:14','[\"products\\/22.jpg\",\"products\\/58.jpg\"]'),(270,4,17,3.00,'The script is the best of its class, fast, easy to implement and work with , and the most important thing is the great support team , Recommend with no doubt.','published','2022-05-30 02:37:14','2022-05-30 02:37:14','[\"products\\/24.jpg\",\"products\\/50.jpg\"]'),(271,1,27,3.00,'Best ecommerce CMS online store!','published','2022-05-30 02:37:14','2022-05-30 02:37:14','[\"products\\/24.jpg\"]'),(272,6,25,5.00,'I Love this Script. I also found how to add other fees. Now I just wait the BIG update for the Marketplace with the Bulk Import. Just do not forget to make it to be Multi-language for us the Botble Fans.','published','2022-05-30 02:37:14','2022-05-30 02:37:14','[\"products\\/7.jpg\",\"products\\/37.jpg\"]'),(273,2,38,3.00,'Great E-commerce system. And much more : Wonderful Customer Support.','published','2022-05-30 02:37:14','2022-05-30 02:37:14','[\"products\\/20.jpg\",\"products\\/45.jpg\"]'),(274,2,20,2.00,'Solution is too robust for our purpose so we didn\'t use it at the end. But I appreciate customer support during initial configuration.','published','2022-05-30 02:37:14','2022-05-30 02:37:14','[\"products\\/15.jpg\",\"products\\/48.jpg\"]'),(275,7,46,5.00,'This web app is really good in design, code quality & features. Besides, the customer support provided by the Botble team was really fast & helpful. You guys are awesome!','published','2022-05-30 02:37:14','2022-05-30 02:37:14','[\"products\\/26.jpg\",\"products\\/36.jpg\"]'),(276,5,37,5.00,'I Love this Script. I also found how to add other fees. Now I just wait the BIG update for the Marketplace with the Bulk Import. Just do not forget to make it to be Multi-language for us the Botble Fans.','published','2022-05-30 02:37:14','2022-05-30 02:37:14','[\"products\\/28.jpg\",\"products\\/46.jpg\"]'),(277,9,15,2.00,'The best store template! Excellent coding! Very good support! Thank you so much for all the help, I really appreciated.','published','2022-05-30 02:37:14','2022-05-30 02:37:14','[\"products\\/16.jpg\",\"products\\/42.jpg\"]'),(278,5,11,2.00,'These guys are amazing! Responses immediately, amazing support and help... I immediately feel at ease after Purchasing..','published','2022-05-30 02:37:14','2022-05-30 02:37:14','[\"products\\/27.jpg\"]'),(279,3,61,2.00,'Great E-commerce system. And much more : Wonderful Customer Support.','published','2022-05-30 02:37:14','2022-05-30 02:37:14','[\"products\\/27.jpg\",\"products\\/35.jpg\"]'),(280,3,33,2.00,'The code is good, in general, if you like it, can you give it 5 stars?','published','2022-05-30 02:37:14','2022-05-30 02:37:14','[\"products\\/8.jpg\",\"products\\/34.jpg\",\"products\\/64.jpg\"]'),(281,6,62,5.00,'Great E-commerce system. And much more : Wonderful Customer Support.','published','2022-05-30 02:37:14','2022-05-30 02:37:14','[\"products\\/5.jpg\"]'),(282,6,15,1.00,'For me the best eCommerce script on Envato at this moment: modern, clean code, a lot of great features. The customer support is great too: I always get an answer within hours!','published','2022-05-30 02:37:14','2022-05-30 02:37:14','[\"products\\/15.jpg\",\"products\\/43.jpg\"]'),(283,6,35,5.00,'This web app is really good in design, code quality & features. Besides, the customer support provided by the Botble team was really fast & helpful. You guys are awesome!','published','2022-05-30 02:37:14','2022-05-30 02:37:14','[\"products\\/23.jpg\",\"products\\/37.jpg\"]'),(284,6,42,2.00,'The script is the best of its class, fast, easy to implement and work with , and the most important thing is the great support team , Recommend with no doubt.','published','2022-05-30 02:37:14','2022-05-30 02:37:14','[\"products\\/25.jpg\",\"products\\/39.jpg\"]'),(285,9,56,1.00,'The code is good, in general, if you like it, can you give it 5 stars?','published','2022-05-30 02:37:14','2022-05-30 02:37:14','[\"products\\/17.jpg\",\"products\\/44.jpg\",\"products\\/64.jpg\"]'),(286,9,61,4.00,'Clean & perfect source code','published','2022-05-30 02:37:14','2022-05-30 02:37:14','[\"products\\/23.jpg\",\"products\\/48.jpg\"]'),(287,2,45,3.00,'Ok good product. I have some issues in customizations. But its not correct to blame the developer. The product is good. Good luck for your business.','published','2022-05-30 02:37:14','2022-05-30 02:37:14','[\"products\\/17.jpg\",\"products\\/54.jpg\"]'),(288,9,65,3.00,'The best store template! Excellent coding! Very good support! Thank you so much for all the help, I really appreciated.','published','2022-05-30 02:37:14','2022-05-30 02:37:14','[\"products\\/3.jpg\",\"products\\/65.jpg\"]'),(289,6,22,1.00,'For me the best eCommerce script on Envato at this moment: modern, clean code, a lot of great features. The customer support is great too: I always get an answer within hours!','published','2022-05-30 02:37:14','2022-05-30 02:37:14','[\"products\\/6.jpg\",\"products\\/33.jpg\",\"products\\/64.jpg\"]'),(290,10,31,1.00,'Customer Support are grade (A*), however the code is a way too over engineered for it\'s purpose.','published','2022-05-30 02:37:14','2022-05-30 02:37:14','[\"products\\/20.jpg\",\"products\\/37.jpg\"]'),(291,1,65,1.00,'As a developer I reviewed this script. This is really awesome ecommerce script. I have convinced when I noticed that it\'s built on fully WordPress concept.','published','2022-05-30 02:37:14','2022-05-30 02:37:14','[\"products\\/28.jpg\",\"products\\/39.jpg\"]'),(292,9,18,5.00,'Amazing code, amazing support. Overall, im really confident in Botble and im happy I made the right choice! Thank you so much guys for coding this masterpiece','published','2022-05-30 02:37:14','2022-05-30 02:37:14','[\"products\\/11.jpg\",\"products\\/39.jpg\"]'),(293,6,30,3.00,'Second or third time that I buy a Botble product, happy with the products and support. You guys do a good job :)','published','2022-05-30 02:37:14','2022-05-30 02:37:14','[\"products\\/13.jpg\",\"products\\/32.jpg\"]'),(294,9,34,3.00,'Those guys now what they are doing, the release such a good product that it\'s a pleasure to work with ! Even when I was stuck on the project, I created a ticket and the next day it was replied by the team. GOOD JOB guys. I love working with them :)','published','2022-05-30 02:37:14','2022-05-30 02:37:14','[\"products\\/13.jpg\",\"products\\/36.jpg\",\"products\\/61.jpg\"]'),(295,3,32,5.00,'We have received brilliant service support and will be expanding the features with the developer. Nice product!','published','2022-05-30 02:37:14','2022-05-30 02:37:14','[\"products\\/25.jpg\",\"products\\/33.jpg\",\"products\\/59.jpg\"]'),(296,10,19,2.00,'Cool template. Excellent code quality. The support responds very quickly, which is very rare on themeforest and codecanyon.net, I buy a lot of templates, and everyone will have a response from technical support for two or three days. Thanks to tech support. I recommend to buy.','published','2022-05-30 02:37:14','2022-05-30 02:37:14','[\"products\\/30.jpg\"]'),(297,8,29,3.00,'Good app, good backup service and support. Good documentation.','published','2022-05-30 02:37:14','2022-05-30 02:37:14','[\"products\\/6.jpg\",\"products\\/44.jpg\"]'),(298,3,63,2.00,'Clean & perfect source code','published','2022-05-30 02:37:14','2022-05-30 02:37:14','[\"products\\/23.jpg\",\"products\\/36.jpg\",\"products\\/60.jpg\"]'),(299,2,35,1.00,'Amazing code, amazing support. Overall, im really confident in Botble and im happy I made the right choice! Thank you so much guys for coding this masterpiece','published','2022-05-30 02:37:14','2022-05-30 02:37:14','[\"products\\/25.jpg\"]'),(300,7,26,1.00,'Ok good product. I have some issues in customizations. But its not correct to blame the developer. The product is good. Good luck for your business.','published','2022-05-30 02:37:14','2022-05-30 02:37:14','[\"products\\/30.jpg\"]'),(301,4,16,1.00,'These guys are amazing! Responses immediately, amazing support and help... I immediately feel at ease after Purchasing..','published','2022-05-30 02:37:14','2022-05-30 02:37:14','[\"products\\/21.jpg\"]'),(302,7,52,1.00,'Solution is too robust for our purpose so we didn\'t use it at the end. But I appreciate customer support during initial configuration.','published','2022-05-30 02:37:14','2022-05-30 02:37:14','[\"products\\/6.jpg\",\"products\\/40.jpg\",\"products\\/51.jpg\"]'),(303,1,60,3.00,'As a developer I reviewed this script. This is really awesome ecommerce script. I have convinced when I noticed that it\'s built on fully WordPress concept.','published','2022-05-30 02:37:14','2022-05-30 02:37:14','[\"products\\/26.jpg\",\"products\\/43.jpg\"]'),(304,9,21,3.00,'These guys are amazing! Responses immediately, amazing support and help... I immediately feel at ease after Purchasing..','published','2022-05-30 02:37:14','2022-05-30 02:37:14','[\"products\\/8.jpg\"]'),(305,6,22,3.00,'Second or third time that I buy a Botble product, happy with the products and support. You guys do a good job :)','published','2022-05-30 02:37:14','2022-05-30 02:37:14','[\"products\\/3.jpg\"]'),(306,2,19,5.00,'Customer Support are grade (A*), however the code is a way too over engineered for it\'s purpose.','published','2022-05-30 02:37:14','2022-05-30 02:37:14','[\"products\\/4.jpg\",\"products\\/48.jpg\"]'),(307,9,21,3.00,'Perfect +++++++++ i love it really also i get to fast ticket answers... Thanks Lot BOTBLE Teams','published','2022-05-30 02:37:14','2022-05-30 02:37:14','[\"products\\/22.jpg\"]'),(308,9,27,2.00,'Cool template. Excellent code quality. The support responds very quickly, which is very rare on themeforest and codecanyon.net, I buy a lot of templates, and everyone will have a response from technical support for two or three days. Thanks to tech support. I recommend to buy.','published','2022-05-30 02:37:14','2022-05-30 02:37:14','[\"products\\/20.jpg\",\"products\\/65.jpg\"]'),(309,9,49,4.00,'We have received brilliant service support and will be expanding the features with the developer. Nice product!','published','2022-05-30 02:37:14','2022-05-30 02:37:14','[\"products\\/30.jpg\",\"products\\/45.jpg\"]'),(310,1,28,5.00,'Customer Support are grade (A*), however the code is a way too over engineered for it\'s purpose.','published','2022-05-30 02:37:14','2022-05-30 02:37:14','[\"products\\/9.jpg\"]'),(311,6,18,5.00,'This web app is really good in design, code quality & features. Besides, the customer support provided by the Botble team was really fast & helpful. You guys are awesome!','published','2022-05-30 02:37:14','2022-05-30 02:37:14','[\"products\\/21.jpg\",\"products\\/41.jpg\"]'),(312,5,63,2.00,'Second or third time that I buy a Botble product, happy with the products and support. You guys do a good job :)','published','2022-05-30 02:37:14','2022-05-30 02:37:14','[\"products\\/19.jpg\"]'),(313,4,37,4.00,'These guys are amazing! Responses immediately, amazing support and help... I immediately feel at ease after Purchasing..','published','2022-05-30 02:37:14','2022-05-30 02:37:14','[\"products\\/28.jpg\",\"products\\/40.jpg\",\"products\\/61.jpg\"]'),(314,9,13,3.00,'Solution is too robust for our purpose so we didn\'t use it at the end. But I appreciate customer support during initial configuration.','published','2022-05-30 02:37:14','2022-05-30 02:37:14','[\"products\\/9.jpg\",\"products\\/37.jpg\",\"products\\/54.jpg\"]'),(315,7,21,4.00,'I Love this Script. I also found how to add other fees. Now I just wait the BIG update for the Marketplace with the Bulk Import. Just do not forget to make it to be Multi-language for us the Botble Fans.','published','2022-05-30 02:37:14','2022-05-30 02:37:14','[\"products\\/2.jpg\",\"products\\/57.jpg\"]'),(316,8,38,5.00,'Clean & perfect source code','published','2022-05-30 02:37:14','2022-05-30 02:37:14','[\"products\\/18.jpg\",\"products\\/48.jpg\"]'),(317,10,31,2.00,'Perfect +++++++++ i love it really also i get to fast ticket answers... Thanks Lot BOTBLE Teams','published','2022-05-30 02:37:14','2022-05-30 02:37:14','[\"products\\/29.jpg\",\"products\\/50.jpg\"]'),(318,4,27,4.00,'As a developer I reviewed this script. This is really awesome ecommerce script. I have convinced when I noticed that it\'s built on fully WordPress concept.','published','2022-05-30 02:37:14','2022-05-30 02:37:14','[\"products\\/14.jpg\",\"products\\/32.jpg\",\"products\\/52.jpg\"]'),(319,9,23,5.00,'The script is the best of its class, fast, easy to implement and work with , and the most important thing is the great support team , Recommend with no doubt.','published','2022-05-30 02:37:14','2022-05-30 02:37:14','[\"products\\/26.jpg\",\"products\\/36.jpg\"]'),(320,10,2,3.00,'These guys are amazing! Responses immediately, amazing support and help... I immediately feel at ease after Purchasing..','published','2022-05-30 02:37:14','2022-05-30 02:37:14','[\"products\\/25.jpg\",\"products\\/41.jpg\"]'),(321,9,17,5.00,'Perfect +++++++++ i love it really also i get to fast ticket answers... Thanks Lot BOTBLE Teams','published','2022-05-30 02:37:14','2022-05-30 02:37:14','[\"products\\/23.jpg\",\"products\\/45.jpg\",\"products\\/62.jpg\"]'),(322,8,33,3.00,'Those guys now what they are doing, the release such a good product that it\'s a pleasure to work with ! Even when I was stuck on the project, I created a ticket and the next day it was replied by the team. GOOD JOB guys. I love working with them :)','published','2022-05-30 02:37:14','2022-05-30 02:37:14','[\"products\\/17.jpg\",\"products\\/33.jpg\"]'),(323,5,31,2.00,'I Love this Script. I also found how to add other fees. Now I just wait the BIG update for the Marketplace with the Bulk Import. Just do not forget to make it to be Multi-language for us the Botble Fans.','published','2022-05-30 02:37:14','2022-05-30 02:37:14','[\"products\\/27.jpg\"]'),(324,4,47,1.00,'Perfect +++++++++ i love it really also i get to fast ticket answers... Thanks Lot BOTBLE Teams','published','2022-05-30 02:37:14','2022-05-30 02:37:14','[\"products\\/8.jpg\",\"products\\/37.jpg\"]'),(325,5,35,3.00,'I Love this Script. I also found how to add other fees. Now I just wait the BIG update for the Marketplace with the Bulk Import. Just do not forget to make it to be Multi-language for us the Botble Fans.','published','2022-05-30 02:37:14','2022-05-30 02:37:14','[\"products\\/15.jpg\"]'),(326,3,2,2.00,'Customer Support are grade (A*), however the code is a way too over engineered for it\'s purpose.','published','2022-05-30 02:37:14','2022-05-30 02:37:14','[\"products\\/4.jpg\",\"products\\/45.jpg\"]'),(327,9,31,4.00,'Those guys now what they are doing, the release such a good product that it\'s a pleasure to work with ! Even when I was stuck on the project, I created a ticket and the next day it was replied by the team. GOOD JOB guys. I love working with them :)','published','2022-05-30 02:37:14','2022-05-30 02:37:14','[\"products\\/30.jpg\"]'),(328,7,40,1.00,'Best ecommerce CMS online store!','published','2022-05-30 02:37:14','2022-05-30 02:37:14','[\"products\\/5.jpg\",\"products\\/36.jpg\"]'),(329,9,40,5.00,'Good app, good backup service and support. Good documentation.','published','2022-05-30 02:37:14','2022-05-30 02:37:14','[\"products\\/6.jpg\",\"products\\/31.jpg\",\"products\\/62.jpg\"]'),(330,3,6,4.00,'Clean & perfect source code','published','2022-05-30 02:37:14','2022-05-30 02:37:14','[\"products\\/8.jpg\",\"products\\/52.jpg\"]'),(331,1,22,3.00,'Ok good product. I have some issues in customizations. But its not correct to blame the developer. The product is good. Good luck for your business.','published','2022-05-30 02:37:14','2022-05-30 02:37:14','[\"products\\/11.jpg\",\"products\\/62.jpg\"]'),(332,9,30,2.00,'Great E-commerce system. And much more : Wonderful Customer Support.','published','2022-05-30 02:37:14','2022-05-30 02:37:14','[\"products\\/30.jpg\"]'),(333,4,39,2.00,'As a developer I reviewed this script. This is really awesome ecommerce script. I have convinced when I noticed that it\'s built on fully WordPress concept.','published','2022-05-30 02:37:14','2022-05-30 02:37:14','[\"products\\/25.jpg\",\"products\\/41.jpg\"]'),(334,6,64,4.00,'Great system, great support, good job Botble. I\'m looking forward to more great functional plugins.','published','2022-05-30 02:37:14','2022-05-30 02:37:14','[\"products\\/18.jpg\",\"products\\/59.jpg\"]'),(335,7,31,5.00,'I Love this Script. I also found how to add other fees. Now I just wait the BIG update for the Marketplace with the Bulk Import. Just do not forget to make it to be Multi-language for us the Botble Fans.','published','2022-05-30 02:37:14','2022-05-30 02:37:14','[\"products\\/6.jpg\",\"products\\/50.jpg\",\"products\\/65.jpg\"]'),(336,2,65,5.00,'The best ecommerce CMS! Excellent coding! best support service! Thank you so much..... I really like your hard work.','published','2022-05-30 02:37:14','2022-05-30 02:37:14','[\"products\\/25.jpg\",\"products\\/50.jpg\"]'),(337,9,2,4.00,'Great E-commerce system. And much more : Wonderful Customer Support.','published','2022-05-30 02:37:14','2022-05-30 02:37:14','[\"products\\/29.jpg\",\"products\\/37.jpg\",\"products\\/59.jpg\"]'),(338,1,29,1.00,'It\'s not my first experience here on Codecanyon and I can honestly tell you all that Botble puts a LOT of effort into the support. They answer so fast, they helped me tons of times. REALLY by far THE BEST EXPERIENCE on Codecanyon. Those guys at Botble are so good that they deserve 5 stars. I recommend them, I trust them and I can\'t wait to see what they will sell in a near future. Thank you Botble :)','published','2022-05-30 02:37:14','2022-05-30 02:37:14','[\"products\\/19.jpg\",\"products\\/31.jpg\"]'),(339,6,60,4.00,'This script is well coded and is super fast. The support is pretty quick. Very patient and helpful team. I strongly recommend it and they deserve more than 5 stars.','published','2022-05-30 02:37:14','2022-05-30 02:37:14','[\"products\\/5.jpg\",\"products\\/44.jpg\"]'),(340,4,12,1.00,'Solution is too robust for our purpose so we didn\'t use it at the end. But I appreciate customer support during initial configuration.','published','2022-05-30 02:37:14','2022-05-30 02:37:14','[\"products\\/4.jpg\",\"products\\/45.jpg\"]'),(341,9,51,1.00,'We have received brilliant service support and will be expanding the features with the developer. Nice product!','published','2022-05-30 02:37:14','2022-05-30 02:37:14','[\"products\\/1.jpg\"]'),(342,10,51,5.00,'Good app, good backup service and support. Good documentation.','published','2022-05-30 02:37:14','2022-05-30 02:37:14','[\"products\\/22.jpg\",\"products\\/62.jpg\"]'),(343,7,2,4.00,'As a developer I reviewed this script. This is really awesome ecommerce script. I have convinced when I noticed that it\'s built on fully WordPress concept.','published','2022-05-30 02:37:14','2022-05-30 02:37:14','[\"products\\/21.jpg\"]'),(344,3,22,2.00,'Great E-commerce system. And much more : Wonderful Customer Support.','published','2022-05-30 02:37:14','2022-05-30 02:37:14','[\"products\\/18.jpg\",\"products\\/46.jpg\"]'),(345,6,22,2.00,'It\'s not my first experience here on Codecanyon and I can honestly tell you all that Botble puts a LOT of effort into the support. They answer so fast, they helped me tons of times. REALLY by far THE BEST EXPERIENCE on Codecanyon. Those guys at Botble are so good that they deserve 5 stars. I recommend them, I trust them and I can\'t wait to see what they will sell in a near future. Thank you Botble :)','published','2022-05-30 02:37:14','2022-05-30 02:37:14','[\"products\\/30.jpg\",\"products\\/32.jpg\"]'),(346,8,12,1.00,'The best ecommerce CMS! Excellent coding! best support service! Thank you so much..... I really like your hard work.','published','2022-05-30 02:37:14','2022-05-30 02:37:14','[\"products\\/16.jpg\",\"products\\/48.jpg\"]'),(347,10,47,4.00,'This web app is really good in design, code quality & features. Besides, the customer support provided by the Botble team was really fast & helpful. You guys are awesome!','published','2022-05-30 02:37:14','2022-05-30 02:37:14','[\"products\\/11.jpg\",\"products\\/60.jpg\"]'),(348,7,63,4.00,'It\'s not my first experience here on Codecanyon and I can honestly tell you all that Botble puts a LOT of effort into the support. They answer so fast, they helped me tons of times. REALLY by far THE BEST EXPERIENCE on Codecanyon. Those guys at Botble are so good that they deserve 5 stars. I recommend them, I trust them and I can\'t wait to see what they will sell in a near future. Thank you Botble :)','published','2022-05-30 02:37:14','2022-05-30 02:37:14','[\"products\\/9.jpg\"]'),(349,5,55,2.00,'Solution is too robust for our purpose so we didn\'t use it at the end. But I appreciate customer support during initial configuration.','published','2022-05-30 02:37:14','2022-05-30 02:37:14','[\"products\\/24.jpg\",\"products\\/33.jpg\",\"products\\/61.jpg\"]'),(350,1,57,1.00,'Those guys now what they are doing, the release such a good product that it\'s a pleasure to work with ! Even when I was stuck on the project, I created a ticket and the next day it was replied by the team. GOOD JOB guys. I love working with them :)','published','2022-05-30 02:37:14','2022-05-30 02:37:14','[\"products\\/5.jpg\",\"products\\/48.jpg\"]'),(351,1,45,4.00,'It\'s not my first experience here on Codecanyon and I can honestly tell you all that Botble puts a LOT of effort into the support. They answer so fast, they helped me tons of times. REALLY by far THE BEST EXPERIENCE on Codecanyon. Those guys at Botble are so good that they deserve 5 stars. I recommend them, I trust them and I can\'t wait to see what they will sell in a near future. Thank you Botble :)','published','2022-05-30 02:37:14','2022-05-30 02:37:14','[\"products\\/1.jpg\",\"products\\/43.jpg\",\"products\\/52.jpg\"]'),(352,9,31,4.00,'These guys are amazing! Responses immediately, amazing support and help... I immediately feel at ease after Purchasing..','published','2022-05-30 02:37:14','2022-05-30 02:37:14','[\"products\\/14.jpg\",\"products\\/35.jpg\"]'),(353,10,40,4.00,'It\'s not my first experience here on Codecanyon and I can honestly tell you all that Botble puts a LOT of effort into the support. They answer so fast, they helped me tons of times. REALLY by far THE BEST EXPERIENCE on Codecanyon. Those guys at Botble are so good that they deserve 5 stars. I recommend them, I trust them and I can\'t wait to see what they will sell in a near future. Thank you Botble :)','published','2022-05-30 02:37:14','2022-05-30 02:37:14','[\"products\\/9.jpg\",\"products\\/45.jpg\",\"products\\/53.jpg\"]'),(354,5,65,2.00,'Very enthusiastic support! Excellent code is written. It\'s a true pleasure working with.','published','2022-05-30 02:37:14','2022-05-30 02:37:14','[\"products\\/7.jpg\"]'),(355,9,50,4.00,'Those guys now what they are doing, the release such a good product that it\'s a pleasure to work with ! Even when I was stuck on the project, I created a ticket and the next day it was replied by the team. GOOD JOB guys. I love working with them :)','published','2022-05-30 02:37:14','2022-05-30 02:37:14','[\"products\\/20.jpg\",\"products\\/43.jpg\"]'),(356,4,47,5.00,'Perfect +++++++++ i love it really also i get to fast ticket answers... Thanks Lot BOTBLE Teams','published','2022-05-30 02:37:14','2022-05-30 02:37:14','[\"products\\/9.jpg\",\"products\\/43.jpg\"]'),(357,3,28,2.00,'Perfect +++++++++ i love it really also i get to fast ticket answers... Thanks Lot BOTBLE Teams','published','2022-05-30 02:37:14','2022-05-30 02:37:14','[\"products\\/18.jpg\",\"products\\/31.jpg\"]'),(358,6,47,5.00,'For me the best eCommerce script on Envato at this moment: modern, clean code, a lot of great features. The customer support is great too: I always get an answer within hours!','published','2022-05-30 02:37:14','2022-05-30 02:37:14','[\"products\\/22.jpg\",\"products\\/36.jpg\"]'),(359,3,38,3.00,'Good app, good backup service and support. Good documentation.','published','2022-05-30 02:37:14','2022-05-30 02:37:14','[\"products\\/24.jpg\",\"products\\/48.jpg\"]'),(360,9,19,4.00,'This script is well coded and is super fast. The support is pretty quick. Very patient and helpful team. I strongly recommend it and they deserve more than 5 stars.','published','2022-05-30 02:37:14','2022-05-30 02:37:14','[\"products\\/9.jpg\",\"products\\/55.jpg\"]'),(361,5,31,3.00,'The code is good, in general, if you like it, can you give it 5 stars?','published','2022-05-30 02:37:14','2022-05-30 02:37:14','[\"products\\/16.jpg\",\"products\\/31.jpg\"]'),(362,8,1,1.00,'This script is well coded and is super fast. The support is pretty quick. Very patient and helpful team. I strongly recommend it and they deserve more than 5 stars.','published','2022-05-30 02:37:14','2022-05-30 02:37:14','[\"products\\/30.jpg\",\"products\\/43.jpg\"]'),(363,6,46,2.00,'Amazing code, amazing support. Overall, im really confident in Botble and im happy I made the right choice! Thank you so much guys for coding this masterpiece','published','2022-05-30 02:37:14','2022-05-30 02:37:14','[\"products\\/4.jpg\"]'),(364,7,12,2.00,'The best store template! Excellent coding! Very good support! Thank you so much for all the help, I really appreciated.','published','2022-05-30 02:37:14','2022-05-30 02:37:14','[\"products\\/1.jpg\"]'),(365,7,16,4.00,'The best store template! Excellent coding! Very good support! Thank you so much for all the help, I really appreciated.','published','2022-05-30 02:37:14','2022-05-30 02:37:14','[\"products\\/12.jpg\",\"products\\/44.jpg\"]'),(366,5,16,2.00,'This script is well coded and is super fast. The support is pretty quick. Very patient and helpful team. I strongly recommend it and they deserve more than 5 stars.','published','2022-05-30 02:37:14','2022-05-30 02:37:14','[\"products\\/22.jpg\",\"products\\/37.jpg\"]'),(367,8,22,5.00,'The best ecommerce CMS! Excellent coding! best support service! Thank you so much..... I really like your hard work.','published','2022-05-30 02:37:14','2022-05-30 02:37:14','[\"products\\/12.jpg\",\"products\\/46.jpg\"]'),(368,4,31,5.00,'Good app, good backup service and support. Good documentation.','published','2022-05-30 02:37:14','2022-05-30 02:37:14','[\"products\\/19.jpg\",\"products\\/49.jpg\"]'),(369,3,43,5.00,'Clean & perfect source code','published','2022-05-30 02:37:14','2022-05-30 02:37:14','[\"products\\/21.jpg\",\"products\\/41.jpg\",\"products\\/60.jpg\"]'),(370,9,64,4.00,'Good app, good backup service and support. Good documentation.','published','2022-05-30 02:37:14','2022-05-30 02:37:14','[\"products\\/28.jpg\"]'),(371,8,18,2.00,'The best store template! Excellent coding! Very good support! Thank you so much for all the help, I really appreciated.','published','2022-05-30 02:37:14','2022-05-30 02:37:14','[\"products\\/29.jpg\",\"products\\/32.jpg\"]'),(372,10,8,2.00,'The best ecommerce CMS! Excellent coding! best support service! Thank you so much..... I really like your hard work.','published','2022-05-30 02:37:14','2022-05-30 02:37:14','[\"products\\/19.jpg\",\"products\\/50.jpg\",\"products\\/59.jpg\"]'),(373,8,13,4.00,'It\'s not my first experience here on Codecanyon and I can honestly tell you all that Botble puts a LOT of effort into the support. They answer so fast, they helped me tons of times. REALLY by far THE BEST EXPERIENCE on Codecanyon. Those guys at Botble are so good that they deserve 5 stars. I recommend them, I trust them and I can\'t wait to see what they will sell in a near future. Thank you Botble :)','published','2022-05-30 02:37:14','2022-05-30 02:37:14','[\"products\\/5.jpg\",\"products\\/49.jpg\"]'),(374,7,38,5.00,'Perfect +++++++++ i love it really also i get to fast ticket answers... Thanks Lot BOTBLE Teams','published','2022-05-30 02:37:14','2022-05-30 02:37:14','[\"products\\/14.jpg\",\"products\\/36.jpg\"]'),(375,7,34,4.00,'Perfect +++++++++ i love it really also i get to fast ticket answers... Thanks Lot BOTBLE Teams','published','2022-05-30 02:37:14','2022-05-30 02:37:14','[\"products\\/28.jpg\",\"products\\/43.jpg\",\"products\\/58.jpg\"]'),(376,3,59,2.00,'This web app is really good in design, code quality & features. Besides, the customer support provided by the Botble team was really fast & helpful. You guys are awesome!','published','2022-05-30 02:37:14','2022-05-30 02:37:14','[\"products\\/7.jpg\",\"products\\/44.jpg\"]'),(377,10,27,3.00,'Best ecommerce CMS online store!','published','2022-05-30 02:37:14','2022-05-30 02:37:14','[\"products\\/4.jpg\"]'),(378,9,17,3.00,'This script is well coded and is super fast. The support is pretty quick. Very patient and helpful team. I strongly recommend it and they deserve more than 5 stars.','published','2022-05-30 02:37:14','2022-05-30 02:37:14','[\"products\\/13.jpg\",\"products\\/47.jpg\"]'),(379,10,53,2.00,'We have received brilliant service support and will be expanding the features with the developer. Nice product!','published','2022-05-30 02:37:14','2022-05-30 02:37:14','[\"products\\/9.jpg\"]'),(380,5,24,3.00,'These guys are amazing! Responses immediately, amazing support and help... I immediately feel at ease after Purchasing..','published','2022-05-30 02:37:14','2022-05-30 02:37:14','[\"products\\/22.jpg\",\"products\\/46.jpg\"]'),(381,5,36,5.00,'I Love this Script. I also found how to add other fees. Now I just wait the BIG update for the Marketplace with the Bulk Import. Just do not forget to make it to be Multi-language for us the Botble Fans.','published','2022-05-30 02:37:14','2022-05-30 02:37:14','[\"products\\/12.jpg\",\"products\\/50.jpg\",\"products\\/63.jpg\"]'),(382,8,36,2.00,'These guys are amazing! Responses immediately, amazing support and help... I immediately feel at ease after Purchasing..','published','2022-05-30 02:37:14','2022-05-30 02:37:14','[\"products\\/6.jpg\",\"products\\/33.jpg\"]'),(383,2,63,2.00,'As a developer I reviewed this script. This is really awesome ecommerce script. I have convinced when I noticed that it\'s built on fully WordPress concept.','published','2022-05-30 02:37:14','2022-05-30 02:37:14','[\"products\\/15.jpg\"]'),(384,2,37,3.00,'As a developer I reviewed this script. This is really awesome ecommerce script. I have convinced when I noticed that it\'s built on fully WordPress concept.','published','2022-05-30 02:37:14','2022-05-30 02:37:14','[\"products\\/6.jpg\",\"products\\/62.jpg\"]'),(385,7,16,4.00,'The code is good, in general, if you like it, can you give it 5 stars?','published','2022-05-30 02:37:14','2022-05-30 02:37:14','[\"products\\/15.jpg\",\"products\\/32.jpg\"]'),(386,10,29,5.00,'The best ecommerce CMS! Excellent coding! best support service! Thank you so much..... I really like your hard work.','published','2022-05-30 02:37:14','2022-05-30 02:37:14','[\"products\\/24.jpg\",\"products\\/47.jpg\"]'),(387,5,62,1.00,'As a developer I reviewed this script. This is really awesome ecommerce script. I have convinced when I noticed that it\'s built on fully WordPress concept.','published','2022-05-30 02:37:14','2022-05-30 02:37:14','[\"products\\/5.jpg\",\"products\\/42.jpg\",\"products\\/59.jpg\"]'),(388,3,38,5.00,'This web app is really good in design, code quality & features. Besides, the customer support provided by the Botble team was really fast & helpful. You guys are awesome!','published','2022-05-30 02:37:14','2022-05-30 02:37:14','[\"products\\/14.jpg\",\"products\\/51.jpg\"]'),(389,8,37,3.00,'Those guys now what they are doing, the release such a good product that it\'s a pleasure to work with ! Even when I was stuck on the project, I created a ticket and the next day it was replied by the team. GOOD JOB guys. I love working with them :)','published','2022-05-30 02:37:14','2022-05-30 02:37:14','[\"products\\/15.jpg\",\"products\\/44.jpg\"]'),(390,1,41,1.00,'Great system, great support, good job Botble. I\'m looking forward to more great functional plugins.','published','2022-05-30 02:37:14','2022-05-30 02:37:14','[\"products\\/28.jpg\",\"products\\/32.jpg\",\"products\\/60.jpg\"]'),(391,6,61,4.00,'Cool template. Excellent code quality. The support responds very quickly, which is very rare on themeforest and codecanyon.net, I buy a lot of templates, and everyone will have a response from technical support for two or three days. Thanks to tech support. I recommend to buy.','published','2022-05-30 02:37:14','2022-05-30 02:37:14','[\"products\\/18.jpg\",\"products\\/34.jpg\",\"products\\/55.jpg\"]'),(392,3,22,1.00,'These guys are amazing! Responses immediately, amazing support and help... I immediately feel at ease after Purchasing..','published','2022-05-30 02:37:14','2022-05-30 02:37:14','[\"products\\/27.jpg\"]'),(393,1,42,2.00,'This script is well coded and is super fast. The support is pretty quick. Very patient and helpful team. I strongly recommend it and they deserve more than 5 stars.','published','2022-05-30 02:37:14','2022-05-30 02:37:14','[\"products\\/27.jpg\",\"products\\/36.jpg\"]'),(394,8,51,3.00,'This script is well coded and is super fast. The support is pretty quick. Very patient and helpful team. I strongly recommend it and they deserve more than 5 stars.','published','2022-05-30 02:37:14','2022-05-30 02:37:14','[\"products\\/2.jpg\",\"products\\/44.jpg\"]'),(395,1,20,5.00,'As a developer I reviewed this script. This is really awesome ecommerce script. I have convinced when I noticed that it\'s built on fully WordPress concept.','published','2022-05-30 02:37:14','2022-05-30 02:37:14','[\"products\\/18.jpg\",\"products\\/47.jpg\",\"products\\/65.jpg\"]'),(396,6,64,3.00,'The script is the best of its class, fast, easy to implement and work with , and the most important thing is the great support team , Recommend with no doubt.','published','2022-05-30 02:37:14','2022-05-30 02:37:14','[\"products\\/10.jpg\",\"products\\/44.jpg\",\"products\\/52.jpg\"]'),(397,6,7,4.00,'We have received brilliant service support and will be expanding the features with the developer. Nice product!','published','2022-05-30 02:37:14','2022-05-30 02:37:14','[\"products\\/9.jpg\"]'),(398,2,46,5.00,'Best ecommerce CMS online store!','published','2022-05-30 02:37:14','2022-05-30 02:37:14','[\"products\\/6.jpg\",\"products\\/32.jpg\",\"products\\/64.jpg\"]'),(399,10,50,3.00,'These guys are amazing! Responses immediately, amazing support and help... I immediately feel at ease after Purchasing..','published','2022-05-30 02:37:14','2022-05-30 02:37:14','[\"products\\/17.jpg\",\"products\\/32.jpg\"]'),(400,5,26,4.00,'The best ecommerce CMS! Excellent coding! best support service! Thank you so much..... I really like your hard work.','published','2022-05-30 02:37:14','2022-05-30 02:37:14','[\"products\\/12.jpg\",\"products\\/45.jpg\",\"products\\/51.jpg\"]'),(401,10,4,4.00,'This script is well coded and is super fast. The support is pretty quick. Very patient and helpful team. I strongly recommend it and they deserve more than 5 stars.','published','2022-05-30 02:37:14','2022-05-30 02:37:14','[\"products\\/18.jpg\",\"products\\/33.jpg\",\"products\\/61.jpg\"]'),(402,5,34,3.00,'As a developer I reviewed this script. This is really awesome ecommerce script. I have convinced when I noticed that it\'s built on fully WordPress concept.','published','2022-05-30 02:37:14','2022-05-30 02:37:14','[\"products\\/26.jpg\",\"products\\/49.jpg\"]'),(403,10,43,2.00,'Great system, great support, good job Botble. I\'m looking forward to more great functional plugins.','published','2022-05-30 02:37:14','2022-05-30 02:37:14','[\"products\\/15.jpg\",\"products\\/47.jpg\"]'),(404,4,17,2.00,'Ok good product. I have some issues in customizations. But its not correct to blame the developer. The product is good. Good luck for your business.','published','2022-05-30 02:37:14','2022-05-30 02:37:14','[\"products\\/15.jpg\",\"products\\/49.jpg\",\"products\\/56.jpg\"]'),(405,3,59,4.00,'The best store template! Excellent coding! Very good support! Thank you so much for all the help, I really appreciated.','published','2022-05-30 02:37:14','2022-05-30 02:37:14','[\"products\\/20.jpg\",\"products\\/40.jpg\"]'),(406,8,21,1.00,'Customer Support are grade (A*), however the code is a way too over engineered for it\'s purpose.','published','2022-05-30 02:37:14','2022-05-30 02:37:14','[\"products\\/26.jpg\",\"products\\/38.jpg\"]'),(407,5,25,4.00,'Very enthusiastic support! Excellent code is written. It\'s a true pleasure working with.','published','2022-05-30 02:37:14','2022-05-30 02:37:14','[\"products\\/22.jpg\",\"products\\/56.jpg\"]'),(408,9,61,3.00,'The script is the best of its class, fast, easy to implement and work with , and the most important thing is the great support team , Recommend with no doubt.','published','2022-05-30 02:37:14','2022-05-30 02:37:14','[\"products\\/14.jpg\"]'),(409,9,54,1.00,'The best ecommerce CMS! Excellent coding! best support service! Thank you so much..... I really like your hard work.','published','2022-05-30 02:37:14','2022-05-30 02:37:14','[\"products\\/20.jpg\"]'),(410,1,20,5.00,'Cool template. Excellent code quality. The support responds very quickly, which is very rare on themeforest and codecanyon.net, I buy a lot of templates, and everyone will have a response from technical support for two or three days. Thanks to tech support. I recommend to buy.','published','2022-05-30 02:37:14','2022-05-30 02:37:14','[\"products\\/8.jpg\",\"products\\/31.jpg\"]'),(411,6,57,3.00,'These guys are amazing! Responses immediately, amazing support and help... I immediately feel at ease after Purchasing..','published','2022-05-30 02:37:14','2022-05-30 02:37:14','[\"products\\/13.jpg\"]'),(412,1,28,5.00,'The script is the best of its class, fast, easy to implement and work with , and the most important thing is the great support team , Recommend with no doubt.','published','2022-05-30 02:37:14','2022-05-30 02:37:14','[\"products\\/27.jpg\",\"products\\/50.jpg\",\"products\\/56.jpg\"]'),(413,5,42,1.00,'The best ecommerce CMS! Excellent coding! best support service! Thank you so much..... I really like your hard work.','published','2022-05-30 02:37:14','2022-05-30 02:37:14','[\"products\\/2.jpg\",\"products\\/41.jpg\"]'),(414,2,37,1.00,'The script is the best of its class, fast, easy to implement and work with , and the most important thing is the great support team , Recommend with no doubt.','published','2022-05-30 02:37:14','2022-05-30 02:37:14','[\"products\\/13.jpg\",\"products\\/60.jpg\"]'),(415,9,26,3.00,'Great system, great support, good job Botble. I\'m looking forward to more great functional plugins.','published','2022-05-30 02:37:14','2022-05-30 02:37:14','[\"products\\/22.jpg\",\"products\\/41.jpg\"]'),(416,1,38,5.00,'Great E-commerce system. And much more : Wonderful Customer Support.','published','2022-05-30 02:37:14','2022-05-30 02:37:14','[\"products\\/1.jpg\",\"products\\/35.jpg\",\"products\\/53.jpg\"]'),(417,7,25,1.00,'Perfect +++++++++ i love it really also i get to fast ticket answers... Thanks Lot BOTBLE Teams','published','2022-05-30 02:37:14','2022-05-30 02:37:14','[\"products\\/19.jpg\",\"products\\/50.jpg\",\"products\\/59.jpg\"]'),(418,2,61,3.00,'The best store template! Excellent coding! Very good support! Thank you so much for all the help, I really appreciated.','published','2022-05-30 02:37:14','2022-05-30 02:37:14','[\"products\\/2.jpg\"]'),(419,3,38,5.00,'It\'s not my first experience here on Codecanyon and I can honestly tell you all that Botble puts a LOT of effort into the support. They answer so fast, they helped me tons of times. REALLY by far THE BEST EXPERIENCE on Codecanyon. Those guys at Botble are so good that they deserve 5 stars. I recommend them, I trust them and I can\'t wait to see what they will sell in a near future. Thank you Botble :)','published','2022-05-30 02:37:14','2022-05-30 02:37:14','[\"products\\/4.jpg\",\"products\\/32.jpg\"]'),(420,7,19,1.00,'These guys are amazing! Responses immediately, amazing support and help... I immediately feel at ease after Purchasing..','published','2022-05-30 02:37:14','2022-05-30 02:37:14','[\"products\\/16.jpg\"]'),(421,4,51,2.00,'It\'s not my first experience here on Codecanyon and I can honestly tell you all that Botble puts a LOT of effort into the support. They answer so fast, they helped me tons of times. REALLY by far THE BEST EXPERIENCE on Codecanyon. Those guys at Botble are so good that they deserve 5 stars. I recommend them, I trust them and I can\'t wait to see what they will sell in a near future. Thank you Botble :)','published','2022-05-30 02:37:14','2022-05-30 02:37:14','[\"products\\/19.jpg\",\"products\\/42.jpg\",\"products\\/59.jpg\"]'),(422,7,9,4.00,'Amazing code, amazing support. Overall, im really confident in Botble and im happy I made the right choice! Thank you so much guys for coding this masterpiece','published','2022-05-30 02:37:14','2022-05-30 02:37:14','[\"products\\/18.jpg\",\"products\\/45.jpg\"]'),(423,7,47,3.00,'For me the best eCommerce script on Envato at this moment: modern, clean code, a lot of great features. The customer support is great too: I always get an answer within hours!','published','2022-05-30 02:37:14','2022-05-30 02:37:14','[\"products\\/28.jpg\",\"products\\/54.jpg\"]'),(424,3,60,1.00,'These guys are amazing! Responses immediately, amazing support and help... I immediately feel at ease after Purchasing..','published','2022-05-30 02:37:14','2022-05-30 02:37:14','[\"products\\/12.jpg\",\"products\\/41.jpg\"]'),(425,3,30,5.00,'Very enthusiastic support! Excellent code is written. It\'s a true pleasure working with.','published','2022-05-30 02:37:14','2022-05-30 02:37:14','[\"products\\/7.jpg\",\"products\\/32.jpg\"]'),(426,1,29,2.00,'Ok good product. I have some issues in customizations. But its not correct to blame the developer. The product is good. Good luck for your business.','published','2022-05-30 02:37:14','2022-05-30 02:37:14','[\"products\\/2.jpg\",\"products\\/32.jpg\"]'),(427,1,62,2.00,'It\'s not my first experience here on Codecanyon and I can honestly tell you all that Botble puts a LOT of effort into the support. They answer so fast, they helped me tons of times. REALLY by far THE BEST EXPERIENCE on Codecanyon. Those guys at Botble are so good that they deserve 5 stars. I recommend them, I trust them and I can\'t wait to see what they will sell in a near future. Thank you Botble :)','published','2022-05-30 02:37:14','2022-05-30 02:37:14','[\"products\\/9.jpg\"]'),(428,3,60,4.00,'Great system, great support, good job Botble. I\'m looking forward to more great functional plugins.','published','2022-05-30 02:37:14','2022-05-30 02:37:14','[\"products\\/26.jpg\",\"products\\/62.jpg\"]'),(429,5,52,3.00,'Good app, good backup service and support. Good documentation.','published','2022-05-30 02:37:14','2022-05-30 02:37:14','[\"products\\/15.jpg\",\"products\\/39.jpg\",\"products\\/64.jpg\"]'),(430,9,34,2.00,'Second or third time that I buy a Botble product, happy with the products and support. You guys do a good job :)','published','2022-05-30 02:37:14','2022-05-30 02:37:14','[\"products\\/20.jpg\",\"products\\/41.jpg\"]'),(431,3,10,1.00,'The script is the best of its class, fast, easy to implement and work with , and the most important thing is the great support team , Recommend with no doubt.','published','2022-05-30 02:37:14','2022-05-30 02:37:14','[\"products\\/29.jpg\"]'),(432,6,14,3.00,'Best ecommerce CMS online store!','published','2022-05-30 02:37:14','2022-05-30 02:37:14','[\"products\\/26.jpg\",\"products\\/34.jpg\"]'),(433,8,8,1.00,'For me the best eCommerce script on Envato at this moment: modern, clean code, a lot of great features. The customer support is great too: I always get an answer within hours!','published','2022-05-30 02:37:14','2022-05-30 02:37:14','[\"products\\/21.jpg\"]'),(434,8,14,2.00,'For me the best eCommerce script on Envato at this moment: modern, clean code, a lot of great features. The customer support is great too: I always get an answer within hours!','published','2022-05-30 02:37:14','2022-05-30 02:37:14','[\"products\\/9.jpg\",\"products\\/39.jpg\"]'),(435,4,42,5.00,'Best ecommerce CMS online store!','published','2022-05-30 02:37:14','2022-05-30 02:37:14','[\"products\\/13.jpg\"]'),(436,3,48,3.00,'Amazing code, amazing support. Overall, im really confident in Botble and im happy I made the right choice! Thank you so much guys for coding this masterpiece','published','2022-05-30 02:37:14','2022-05-30 02:37:14','[\"products\\/24.jpg\",\"products\\/47.jpg\",\"products\\/58.jpg\"]'),(437,8,15,1.00,'Great system, great support, good job Botble. I\'m looking forward to more great functional plugins.','published','2022-05-30 02:37:14','2022-05-30 02:37:14','[\"products\\/10.jpg\",\"products\\/48.jpg\",\"products\\/57.jpg\"]'),(438,2,27,3.00,'Amazing code, amazing support. Overall, im really confident in Botble and im happy I made the right choice! Thank you so much guys for coding this masterpiece','published','2022-05-30 02:37:14','2022-05-30 02:37:14','[\"products\\/17.jpg\",\"products\\/38.jpg\"]'),(439,7,59,1.00,'The script is the best of its class, fast, easy to implement and work with , and the most important thing is the great support team , Recommend with no doubt.','published','2022-05-30 02:37:14','2022-05-30 02:37:14','[\"products\\/19.jpg\",\"products\\/45.jpg\"]'),(440,5,30,5.00,'Those guys now what they are doing, the release such a good product that it\'s a pleasure to work with ! Even when I was stuck on the project, I created a ticket and the next day it was replied by the team. GOOD JOB guys. I love working with them :)','published','2022-05-30 02:37:14','2022-05-30 02:37:14','[\"products\\/2.jpg\",\"products\\/44.jpg\"]'),(441,5,23,4.00,'Ok good product. I have some issues in customizations. But its not correct to blame the developer. The product is good. Good luck for your business.','published','2022-05-30 02:37:14','2022-05-30 02:37:14','[\"products\\/15.jpg\",\"products\\/34.jpg\"]'),(442,9,4,4.00,'It\'s not my first experience here on Codecanyon and I can honestly tell you all that Botble puts a LOT of effort into the support. They answer so fast, they helped me tons of times. REALLY by far THE BEST EXPERIENCE on Codecanyon. Those guys at Botble are so good that they deserve 5 stars. I recommend them, I trust them and I can\'t wait to see what they will sell in a near future. Thank you Botble :)','published','2022-05-30 02:37:14','2022-05-30 02:37:14','[\"products\\/22.jpg\",\"products\\/42.jpg\",\"products\\/61.jpg\"]'),(443,1,39,2.00,'I Love this Script. I also found how to add other fees. Now I just wait the BIG update for the Marketplace with the Bulk Import. Just do not forget to make it to be Multi-language for us the Botble Fans.','published','2022-05-30 02:37:14','2022-05-30 02:37:14','[\"products\\/7.jpg\",\"products\\/44.jpg\",\"products\\/56.jpg\"]'),(444,3,64,2.00,'Great system, great support, good job Botble. I\'m looking forward to more great functional plugins.','published','2022-05-30 02:37:14','2022-05-30 02:37:14','[\"products\\/30.jpg\",\"products\\/41.jpg\"]'),(445,1,36,5.00,'As a developer I reviewed this script. This is really awesome ecommerce script. I have convinced when I noticed that it\'s built on fully WordPress concept.','published','2022-05-30 02:37:14','2022-05-30 02:37:14','[\"products\\/23.jpg\",\"products\\/49.jpg\",\"products\\/56.jpg\"]'),(446,5,62,4.00,'Best ecommerce CMS online store!','published','2022-05-30 02:37:14','2022-05-30 02:37:14','[\"products\\/7.jpg\",\"products\\/44.jpg\"]'),(447,9,30,5.00,'Best ecommerce CMS online store!','published','2022-05-30 02:37:14','2022-05-30 02:37:14','[\"products\\/28.jpg\",\"products\\/51.jpg\"]'),(448,9,27,3.00,'For me the best eCommerce script on Envato at this moment: modern, clean code, a lot of great features. The customer support is great too: I always get an answer within hours!','published','2022-05-30 02:37:14','2022-05-30 02:37:14','[\"products\\/2.jpg\",\"products\\/59.jpg\"]'),(449,6,37,5.00,'Good app, good backup service and support. Good documentation.','published','2022-05-30 02:37:14','2022-05-30 02:37:14','[\"products\\/13.jpg\"]'),(450,7,44,1.00,'The code is good, in general, if you like it, can you give it 5 stars?','published','2022-05-30 02:37:14','2022-05-30 02:37:14','[\"products\\/10.jpg\",\"products\\/33.jpg\",\"products\\/56.jpg\"]'),(451,10,55,1.00,'For me the best eCommerce script on Envato at this moment: modern, clean code, a lot of great features. The customer support is great too: I always get an answer within hours!','published','2022-05-30 02:37:14','2022-05-30 02:37:14','[\"products\\/28.jpg\",\"products\\/44.jpg\"]'),(452,10,63,5.00,'Solution is too robust for our purpose so we didn\'t use it at the end. But I appreciate customer support during initial configuration.','published','2022-05-30 02:37:14','2022-05-30 02:37:14','[\"products\\/12.jpg\",\"products\\/36.jpg\",\"products\\/52.jpg\"]'),(453,10,35,3.00,'I Love this Script. I also found how to add other fees. Now I just wait the BIG update for the Marketplace with the Bulk Import. Just do not forget to make it to be Multi-language for us the Botble Fans.','published','2022-05-30 02:37:14','2022-05-30 02:37:14','[\"products\\/16.jpg\",\"products\\/31.jpg\",\"products\\/61.jpg\"]'),(454,1,36,5.00,'Perfect +++++++++ i love it really also i get to fast ticket answers... Thanks Lot BOTBLE Teams','published','2022-05-30 02:37:14','2022-05-30 02:37:14','[\"products\\/19.jpg\",\"products\\/54.jpg\"]'),(455,5,30,3.00,'Clean & perfect source code','published','2022-05-30 02:37:14','2022-05-30 02:37:14','[\"products\\/9.jpg\"]'),(456,2,31,1.00,'Cool template. Excellent code quality. The support responds very quickly, which is very rare on themeforest and codecanyon.net, I buy a lot of templates, and everyone will have a response from technical support for two or three days. Thanks to tech support. I recommend to buy.','published','2022-05-30 02:37:14','2022-05-30 02:37:14','[\"products\\/8.jpg\",\"products\\/57.jpg\"]'),(457,10,53,2.00,'Those guys now what they are doing, the release such a good product that it\'s a pleasure to work with ! Even when I was stuck on the project, I created a ticket and the next day it was replied by the team. GOOD JOB guys. I love working with them :)','published','2022-05-30 02:37:14','2022-05-30 02:37:14','[\"products\\/23.jpg\"]'),(458,9,63,2.00,'The script is the best of its class, fast, easy to implement and work with , and the most important thing is the great support team , Recommend with no doubt.','published','2022-05-30 02:37:14','2022-05-30 02:37:14','[\"products\\/29.jpg\"]'),(459,10,56,3.00,'Great E-commerce system. And much more : Wonderful Customer Support.','published','2022-05-30 02:37:14','2022-05-30 02:37:14','[\"products\\/3.jpg\",\"products\\/65.jpg\"]'),(460,1,64,3.00,'It\'s not my first experience here on Codecanyon and I can honestly tell you all that Botble puts a LOT of effort into the support. They answer so fast, they helped me tons of times. REALLY by far THE BEST EXPERIENCE on Codecanyon. Those guys at Botble are so good that they deserve 5 stars. I recommend them, I trust them and I can\'t wait to see what they will sell in a near future. Thank you Botble :)','published','2022-05-30 02:37:14','2022-05-30 02:37:14','[\"products\\/15.jpg\",\"products\\/44.jpg\"]'),(461,4,25,4.00,'These guys are amazing! Responses immediately, amazing support and help... I immediately feel at ease after Purchasing..','published','2022-05-30 02:37:14','2022-05-30 02:37:14','[\"products\\/16.jpg\",\"products\\/53.jpg\"]'),(462,10,31,1.00,'Solution is too robust for our purpose so we didn\'t use it at the end. But I appreciate customer support during initial configuration.','published','2022-05-30 02:37:14','2022-05-30 02:37:14','[\"products\\/7.jpg\",\"products\\/40.jpg\"]'),(463,7,23,4.00,'Best ecommerce CMS online store!','published','2022-05-30 02:37:14','2022-05-30 02:37:14','[\"products\\/23.jpg\",\"products\\/48.jpg\",\"products\\/53.jpg\"]'),(464,1,54,2.00,'The best store template! Excellent coding! Very good support! Thank you so much for all the help, I really appreciated.','published','2022-05-30 02:37:14','2022-05-30 02:37:14','[\"products\\/20.jpg\",\"products\\/42.jpg\",\"products\\/64.jpg\"]'),(465,5,44,5.00,'The script is the best of its class, fast, easy to implement and work with , and the most important thing is the great support team , Recommend with no doubt.','published','2022-05-30 02:37:14','2022-05-30 02:37:14','[\"products\\/19.jpg\",\"products\\/46.jpg\"]'),(466,8,17,4.00,'Great E-commerce system. And much more : Wonderful Customer Support.','published','2022-05-30 02:37:14','2022-05-30 02:37:14','[\"products\\/27.jpg\",\"products\\/46.jpg\",\"products\\/52.jpg\"]'),(467,1,32,5.00,'Good app, good backup service and support. Good documentation.','published','2022-05-30 02:37:14','2022-05-30 02:37:14','[\"products\\/7.jpg\",\"products\\/49.jpg\"]'),(468,4,55,3.00,'I Love this Script. I also found how to add other fees. Now I just wait the BIG update for the Marketplace with the Bulk Import. Just do not forget to make it to be Multi-language for us the Botble Fans.','published','2022-05-30 02:37:14','2022-05-30 02:37:14','[\"products\\/20.jpg\",\"products\\/40.jpg\"]'),(469,1,56,1.00,'Perfect +++++++++ i love it really also i get to fast ticket answers... Thanks Lot BOTBLE Teams','published','2022-05-30 02:37:14','2022-05-30 02:37:14','[\"products\\/18.jpg\",\"products\\/33.jpg\",\"products\\/59.jpg\"]'),(470,2,31,4.00,'The best ecommerce CMS! Excellent coding! best support service! Thank you so much..... I really like your hard work.','published','2022-05-30 02:37:14','2022-05-30 02:37:14','[\"products\\/21.jpg\",\"products\\/39.jpg\"]'),(471,7,22,3.00,'Cool template. Excellent code quality. The support responds very quickly, which is very rare on themeforest and codecanyon.net, I buy a lot of templates, and everyone will have a response from technical support for two or three days. Thanks to tech support. I recommend to buy.','published','2022-05-30 02:37:14','2022-05-30 02:37:14','[\"products\\/17.jpg\",\"products\\/50.jpg\",\"products\\/61.jpg\"]'),(472,6,18,1.00,'I Love this Script. I also found how to add other fees. Now I just wait the BIG update for the Marketplace with the Bulk Import. Just do not forget to make it to be Multi-language for us the Botble Fans.','published','2022-05-30 02:37:14','2022-05-30 02:37:14','[\"products\\/30.jpg\",\"products\\/42.jpg\"]'),(473,9,12,1.00,'Perfect +++++++++ i love it really also i get to fast ticket answers... Thanks Lot BOTBLE Teams','published','2022-05-30 02:37:14','2022-05-30 02:37:14','[\"products\\/28.jpg\",\"products\\/45.jpg\"]'),(474,6,16,2.00,'These guys are amazing! Responses immediately, amazing support and help... I immediately feel at ease after Purchasing..','published','2022-05-30 02:37:14','2022-05-30 02:37:14','[\"products\\/16.jpg\",\"products\\/42.jpg\"]'),(475,7,30,4.00,'Solution is too robust for our purpose so we didn\'t use it at the end. But I appreciate customer support during initial configuration.','published','2022-05-30 02:37:14','2022-05-30 02:37:14','[\"products\\/25.jpg\",\"products\\/47.jpg\"]'),(476,2,4,5.00,'The best store template! Excellent coding! Very good support! Thank you so much for all the help, I really appreciated.','published','2022-05-30 02:37:14','2022-05-30 02:37:14','[\"products\\/12.jpg\",\"products\\/49.jpg\",\"products\\/64.jpg\"]'),(477,6,52,2.00,'For me the best eCommerce script on Envato at this moment: modern, clean code, a lot of great features. The customer support is great too: I always get an answer within hours!','published','2022-05-30 02:37:14','2022-05-30 02:37:14','[\"products\\/19.jpg\",\"products\\/49.jpg\",\"products\\/56.jpg\"]'),(478,9,20,5.00,'Good app, good backup service and support. Good documentation.','published','2022-05-30 02:37:14','2022-05-30 02:37:14','[\"products\\/12.jpg\",\"products\\/31.jpg\"]'),(479,5,17,3.00,'Amazing code, amazing support. Overall, im really confident in Botble and im happy I made the right choice! Thank you so much guys for coding this masterpiece','published','2022-05-30 02:37:14','2022-05-30 02:37:14','[\"products\\/24.jpg\"]'),(480,8,12,5.00,'I Love this Script. I also found how to add other fees. Now I just wait the BIG update for the Marketplace with the Bulk Import. Just do not forget to make it to be Multi-language for us the Botble Fans.','published','2022-05-30 02:37:14','2022-05-30 02:37:14','[\"products\\/3.jpg\",\"products\\/44.jpg\"]'),(481,9,26,1.00,'Amazing code, amazing support. Overall, im really confident in Botble and im happy I made the right choice! Thank you so much guys for coding this masterpiece','published','2022-05-30 02:37:14','2022-05-30 02:37:14','[\"products\\/13.jpg\"]'),(482,8,34,5.00,'Good app, good backup service and support. Good documentation.','published','2022-05-30 02:37:14','2022-05-30 02:37:14','[\"products\\/15.jpg\",\"products\\/50.jpg\",\"products\\/56.jpg\"]'),(483,2,47,4.00,'Solution is too robust for our purpose so we didn\'t use it at the end. But I appreciate customer support during initial configuration.','published','2022-05-30 02:37:14','2022-05-30 02:37:14','[\"products\\/15.jpg\",\"products\\/33.jpg\"]'),(484,4,20,5.00,'I Love this Script. I also found how to add other fees. Now I just wait the BIG update for the Marketplace with the Bulk Import. Just do not forget to make it to be Multi-language for us the Botble Fans.','published','2022-05-30 02:37:14','2022-05-30 02:37:14','[\"products\\/27.jpg\",\"products\\/48.jpg\"]'),(485,1,27,3.00,'Second or third time that I buy a Botble product, happy with the products and support. You guys do a good job :)','published','2022-05-30 02:37:14','2022-05-30 02:37:14','[\"products\\/12.jpg\",\"products\\/50.jpg\"]'),(486,2,3,1.00,'The code is good, in general, if you like it, can you give it 5 stars?','published','2022-05-30 02:37:14','2022-05-30 02:37:14','[\"products\\/2.jpg\",\"products\\/39.jpg\"]'),(487,7,62,1.00,'Amazing code, amazing support. Overall, im really confident in Botble and im happy I made the right choice! Thank you so much guys for coding this masterpiece','published','2022-05-30 02:37:14','2022-05-30 02:37:14','[\"products\\/6.jpg\",\"products\\/47.jpg\",\"products\\/54.jpg\"]'),(488,7,22,1.00,'I Love this Script. I also found how to add other fees. Now I just wait the BIG update for the Marketplace with the Bulk Import. Just do not forget to make it to be Multi-language for us the Botble Fans.','published','2022-05-30 02:37:14','2022-05-30 02:37:14','[\"products\\/3.jpg\",\"products\\/50.jpg\"]'),(489,5,34,3.00,'For me the best eCommerce script on Envato at this moment: modern, clean code, a lot of great features. The customer support is great too: I always get an answer within hours!','published','2022-05-30 02:37:14','2022-05-30 02:37:14','[\"products\\/29.jpg\",\"products\\/55.jpg\"]'),(490,7,25,1.00,'These guys are amazing! Responses immediately, amazing support and help... I immediately feel at ease after Purchasing..','published','2022-05-30 02:37:14','2022-05-30 02:37:14','[\"products\\/15.jpg\",\"products\\/64.jpg\"]'),(491,2,55,5.00,'This script is well coded and is super fast. The support is pretty quick. Very patient and helpful team. I strongly recommend it and they deserve more than 5 stars.','published','2022-05-30 02:37:14','2022-05-30 02:37:14','[\"products\\/9.jpg\",\"products\\/46.jpg\"]'),(492,8,50,5.00,'Clean & perfect source code','published','2022-05-30 02:37:14','2022-05-30 02:37:14','[\"products\\/16.jpg\"]'),(493,2,49,2.00,'We have received brilliant service support and will be expanding the features with the developer. Nice product!','published','2022-05-30 02:37:14','2022-05-30 02:37:14','[\"products\\/9.jpg\",\"products\\/41.jpg\",\"products\\/62.jpg\"]'),(494,4,35,1.00,'Cool template. Excellent code quality. The support responds very quickly, which is very rare on themeforest and codecanyon.net, I buy a lot of templates, and everyone will have a response from technical support for two or three days. Thanks to tech support. I recommend to buy.','published','2022-05-30 02:37:14','2022-05-30 02:37:14','[\"products\\/4.jpg\",\"products\\/36.jpg\"]'),(495,3,3,1.00,'Great E-commerce system. And much more : Wonderful Customer Support.','published','2022-05-30 02:37:14','2022-05-30 02:37:14','[\"products\\/16.jpg\",\"products\\/62.jpg\"]'),(496,7,51,3.00,'Ok good product. I have some issues in customizations. But its not correct to blame the developer. The product is good. Good luck for your business.','published','2022-05-30 02:37:14','2022-05-30 02:37:14','[\"products\\/1.jpg\"]'),(497,3,36,3.00,'This script is well coded and is super fast. The support is pretty quick. Very patient and helpful team. I strongly recommend it and they deserve more than 5 stars.','published','2022-05-30 02:37:14','2022-05-30 02:37:14','[\"products\\/21.jpg\",\"products\\/41.jpg\"]'),(498,1,8,4.00,'Amazing code, amazing support. Overall, im really confident in Botble and im happy I made the right choice! Thank you so much guys for coding this masterpiece','published','2022-05-30 02:37:14','2022-05-30 02:37:14','[\"products\\/28.jpg\",\"products\\/50.jpg\"]'),(499,2,24,5.00,'Good app, good backup service and support. Good documentation.','published','2022-05-30 02:37:14','2022-05-30 02:37:14','[\"products\\/9.jpg\",\"products\\/43.jpg\",\"products\\/57.jpg\"]'),(500,10,20,2.00,'Very enthusiastic support! Excellent code is written. It\'s a true pleasure working with.','published','2022-05-30 02:37:14','2022-05-30 02:37:14','[\"products\\/20.jpg\",\"products\\/45.jpg\",\"products\\/57.jpg\"]'),(501,6,14,3.00,'We have received brilliant service support and will be expanding the features with the developer. Nice product!','published','2022-05-30 02:37:14','2022-05-30 02:37:14','[\"products\\/4.jpg\",\"products\\/61.jpg\"]'),(502,1,8,3.00,'The script is the best of its class, fast, easy to implement and work with , and the most important thing is the great support team , Recommend with no doubt.','published','2022-05-30 02:37:14','2022-05-30 02:37:14','[\"products\\/24.jpg\",\"products\\/34.jpg\"]'),(503,2,42,1.00,'As a developer I reviewed this script. This is really awesome ecommerce script. I have convinced when I noticed that it\'s built on fully WordPress concept.','published','2022-05-30 02:37:14','2022-05-30 02:37:14','[\"products\\/1.jpg\",\"products\\/36.jpg\"]'),(504,7,24,2.00,'Those guys now what they are doing, the release such a good product that it\'s a pleasure to work with ! Even when I was stuck on the project, I created a ticket and the next day it was replied by the team. GOOD JOB guys. I love working with them :)','published','2022-05-30 02:37:14','2022-05-30 02:37:14','[\"products\\/30.jpg\",\"products\\/46.jpg\"]'),(505,3,6,4.00,'Very enthusiastic support! Excellent code is written. It\'s a true pleasure working with.','published','2022-05-30 02:37:14','2022-05-30 02:37:14','[\"products\\/4.jpg\",\"products\\/48.jpg\"]'),(506,2,57,1.00,'Second or third time that I buy a Botble product, happy with the products and support. You guys do a good job :)','published','2022-05-30 02:37:14','2022-05-30 02:37:14','[\"products\\/17.jpg\",\"products\\/47.jpg\"]'),(507,7,26,2.00,'Second or third time that I buy a Botble product, happy with the products and support. You guys do a good job :)','published','2022-05-30 02:37:14','2022-05-30 02:37:14','[\"products\\/22.jpg\",\"products\\/45.jpg\",\"products\\/64.jpg\"]'),(508,7,63,4.00,'Very enthusiastic support! Excellent code is written. It\'s a true pleasure working with.','published','2022-05-30 02:37:14','2022-05-30 02:37:14','[\"products\\/14.jpg\"]'),(509,1,23,3.00,'The code is good, in general, if you like it, can you give it 5 stars?','published','2022-05-30 02:37:14','2022-05-30 02:37:14','[\"products\\/27.jpg\",\"products\\/41.jpg\",\"products\\/53.jpg\"]'),(510,1,53,3.00,'The best ecommerce CMS! Excellent coding! best support service! Thank you so much..... I really like your hard work.','published','2022-05-30 02:37:14','2022-05-30 02:37:14','[\"products\\/18.jpg\"]'),(511,10,20,2.00,'The script is the best of its class, fast, easy to implement and work with , and the most important thing is the great support team , Recommend with no doubt.','published','2022-05-30 02:37:14','2022-05-30 02:37:14','[\"products\\/15.jpg\"]'),(512,1,59,5.00,'Clean & perfect source code','published','2022-05-30 02:37:14','2022-05-30 02:37:14','[\"products\\/1.jpg\",\"products\\/40.jpg\"]'),(513,4,22,4.00,'Ok good product. I have some issues in customizations. But its not correct to blame the developer. The product is good. Good luck for your business.','published','2022-05-30 02:37:14','2022-05-30 02:37:14','[\"products\\/23.jpg\",\"products\\/48.jpg\"]'),(514,3,52,1.00,'These guys are amazing! Responses immediately, amazing support and help... I immediately feel at ease after Purchasing..','published','2022-05-30 02:37:14','2022-05-30 02:37:14','[\"products\\/8.jpg\"]'),(515,4,65,4.00,'For me the best eCommerce script on Envato at this moment: modern, clean code, a lot of great features. The customer support is great too: I always get an answer within hours!','published','2022-05-30 02:37:14','2022-05-30 02:37:14','[\"products\\/1.jpg\",\"products\\/33.jpg\",\"products\\/65.jpg\"]'),(516,4,15,2.00,'Solution is too robust for our purpose so we didn\'t use it at the end. But I appreciate customer support during initial configuration.','published','2022-05-30 02:37:14','2022-05-30 02:37:14','[\"products\\/30.jpg\",\"products\\/48.jpg\"]'),(517,6,38,2.00,'Very enthusiastic support! Excellent code is written. It\'s a true pleasure working with.','published','2022-05-30 02:37:14','2022-05-30 02:37:14','[\"products\\/27.jpg\",\"products\\/38.jpg\",\"products\\/65.jpg\"]'),(518,6,51,3.00,'The best ecommerce CMS! Excellent coding! best support service! Thank you so much..... I really like your hard work.','published','2022-05-30 02:37:14','2022-05-30 02:37:14','[\"products\\/10.jpg\",\"products\\/45.jpg\",\"products\\/53.jpg\"]'),(519,9,4,3.00,'For me the best eCommerce script on Envato at this moment: modern, clean code, a lot of great features. The customer support is great too: I always get an answer within hours!','published','2022-05-30 02:37:14','2022-05-30 02:37:14','[\"products\\/17.jpg\",\"products\\/38.jpg\",\"products\\/64.jpg\"]'),(520,3,15,3.00,'Those guys now what they are doing, the release such a good product that it\'s a pleasure to work with ! Even when I was stuck on the project, I created a ticket and the next day it was replied by the team. GOOD JOB guys. I love working with them :)','published','2022-05-30 02:37:14','2022-05-30 02:37:14','[\"products\\/27.jpg\",\"products\\/39.jpg\",\"products\\/58.jpg\"]'),(521,4,22,3.00,'The script is the best of its class, fast, easy to implement and work with , and the most important thing is the great support team , Recommend with no doubt.','published','2022-05-30 02:37:14','2022-05-30 02:37:14','[\"products\\/8.jpg\",\"products\\/39.jpg\"]'),(522,1,6,5.00,'It\'s not my first experience here on Codecanyon and I can honestly tell you all that Botble puts a LOT of effort into the support. They answer so fast, they helped me tons of times. REALLY by far THE BEST EXPERIENCE on Codecanyon. Those guys at Botble are so good that they deserve 5 stars. I recommend them, I trust them and I can\'t wait to see what they will sell in a near future. Thank you Botble :)','published','2022-05-30 02:37:14','2022-05-30 02:37:14','[\"products\\/7.jpg\",\"products\\/41.jpg\"]'),(523,7,14,3.00,'The code is good, in general, if you like it, can you give it 5 stars?','published','2022-05-30 02:37:14','2022-05-30 02:37:14','[\"products\\/26.jpg\",\"products\\/49.jpg\"]'),(524,3,46,1.00,'As a developer I reviewed this script. This is really awesome ecommerce script. I have convinced when I noticed that it\'s built on fully WordPress concept.','published','2022-05-30 02:37:14','2022-05-30 02:37:14','[\"products\\/9.jpg\",\"products\\/42.jpg\",\"products\\/60.jpg\"]'),(525,8,30,4.00,'Amazing code, amazing support. Overall, im really confident in Botble and im happy I made the right choice! Thank you so much guys for coding this masterpiece','published','2022-05-30 02:37:14','2022-05-30 02:37:14','[\"products\\/2.jpg\",\"products\\/50.jpg\",\"products\\/57.jpg\"]'),(526,1,54,2.00,'As a developer I reviewed this script. This is really awesome ecommerce script. I have convinced when I noticed that it\'s built on fully WordPress concept.','published','2022-05-30 02:37:14','2022-05-30 02:37:14','[\"products\\/27.jpg\"]'),(527,7,49,2.00,'The script is the best of its class, fast, easy to implement and work with , and the most important thing is the great support team , Recommend with no doubt.','published','2022-05-30 02:37:14','2022-05-30 02:37:14','[\"products\\/9.jpg\",\"products\\/44.jpg\",\"products\\/59.jpg\"]'),(528,5,6,1.00,'The best ecommerce CMS! Excellent coding! best support service! Thank you so much..... I really like your hard work.','published','2022-05-30 02:37:14','2022-05-30 02:37:14','[\"products\\/7.jpg\"]'),(529,10,56,2.00,'The best store template! Excellent coding! Very good support! Thank you so much for all the help, I really appreciated.','published','2022-05-30 02:37:14','2022-05-30 02:37:14','[\"products\\/11.jpg\",\"products\\/48.jpg\"]'),(530,9,35,4.00,'The code is good, in general, if you like it, can you give it 5 stars?','published','2022-05-30 02:37:14','2022-05-30 02:37:14','[\"products\\/17.jpg\",\"products\\/41.jpg\"]'),(531,8,29,1.00,'The script is the best of its class, fast, easy to implement and work with , and the most important thing is the great support team , Recommend with no doubt.','published','2022-05-30 02:37:14','2022-05-30 02:37:14','[\"products\\/13.jpg\",\"products\\/33.jpg\"]'),(532,3,59,4.00,'Good app, good backup service and support. Good documentation.','published','2022-05-30 02:37:14','2022-05-30 02:37:14','[\"products\\/6.jpg\",\"products\\/54.jpg\"]'),(533,4,33,1.00,'It\'s not my first experience here on Codecanyon and I can honestly tell you all that Botble puts a LOT of effort into the support. They answer so fast, they helped me tons of times. REALLY by far THE BEST EXPERIENCE on Codecanyon. Those guys at Botble are so good that they deserve 5 stars. I recommend them, I trust them and I can\'t wait to see what they will sell in a near future. Thank you Botble :)','published','2022-05-30 02:37:14','2022-05-30 02:37:14','[\"products\\/23.jpg\",\"products\\/64.jpg\"]'),(534,2,16,3.00,'As a developer I reviewed this script. This is really awesome ecommerce script. I have convinced when I noticed that it\'s built on fully WordPress concept.','published','2022-05-30 02:37:14','2022-05-30 02:37:14','[\"products\\/15.jpg\",\"products\\/41.jpg\"]'),(535,3,57,5.00,'Second or third time that I buy a Botble product, happy with the products and support. You guys do a good job :)','published','2022-05-30 02:37:14','2022-05-30 02:37:14','[\"products\\/30.jpg\"]'),(536,9,22,2.00,'As a developer I reviewed this script. This is really awesome ecommerce script. I have convinced when I noticed that it\'s built on fully WordPress concept.','published','2022-05-30 02:37:14','2022-05-30 02:37:14','[\"products\\/10.jpg\",\"products\\/46.jpg\"]'),(537,1,33,2.00,'Perfect +++++++++ i love it really also i get to fast ticket answers... Thanks Lot BOTBLE Teams','published','2022-05-30 02:37:14','2022-05-30 02:37:14','[\"products\\/3.jpg\"]'),(538,2,43,5.00,'The best store template! Excellent coding! Very good support! Thank you so much for all the help, I really appreciated.','published','2022-05-30 02:37:14','2022-05-30 02:37:14','[\"products\\/3.jpg\",\"products\\/45.jpg\"]'),(539,7,8,3.00,'The best store template! Excellent coding! Very good support! Thank you so much for all the help, I really appreciated.','published','2022-05-30 02:37:14','2022-05-30 02:37:14','[\"products\\/3.jpg\"]'),(540,2,42,1.00,'Amazing code, amazing support. Overall, im really confident in Botble and im happy I made the right choice! Thank you so much guys for coding this masterpiece','published','2022-05-30 02:37:14','2022-05-30 02:37:14','[\"products\\/19.jpg\",\"products\\/45.jpg\"]'),(541,7,64,4.00,'Great E-commerce system. And much more : Wonderful Customer Support.','published','2022-05-30 02:37:14','2022-05-30 02:37:14','[\"products\\/27.jpg\",\"products\\/32.jpg\",\"products\\/58.jpg\"]'),(542,4,17,5.00,'I Love this Script. I also found how to add other fees. Now I just wait the BIG update for the Marketplace with the Bulk Import. Just do not forget to make it to be Multi-language for us the Botble Fans.','published','2022-05-30 02:37:14','2022-05-30 02:37:14','[\"products\\/23.jpg\"]'),(543,5,50,2.00,'We have received brilliant service support and will be expanding the features with the developer. Nice product!','published','2022-05-30 02:37:14','2022-05-30 02:37:14','[\"products\\/18.jpg\",\"products\\/37.jpg\",\"products\\/56.jpg\"]'),(544,8,58,4.00,'These guys are amazing! Responses immediately, amazing support and help... I immediately feel at ease after Purchasing..','published','2022-05-30 02:37:14','2022-05-30 02:37:14','[\"products\\/7.jpg\"]'),(545,1,20,3.00,'It\'s not my first experience here on Codecanyon and I can honestly tell you all that Botble puts a LOT of effort into the support. They answer so fast, they helped me tons of times. REALLY by far THE BEST EXPERIENCE on Codecanyon. Those guys at Botble are so good that they deserve 5 stars. I recommend them, I trust them and I can\'t wait to see what they will sell in a near future. Thank you Botble :)','published','2022-05-30 02:37:14','2022-05-30 02:37:14','[\"products\\/28.jpg\",\"products\\/33.jpg\",\"products\\/63.jpg\"]'),(546,2,11,3.00,'The best store template! Excellent coding! Very good support! Thank you so much for all the help, I really appreciated.','published','2022-05-30 02:37:14','2022-05-30 02:37:14','[\"products\\/12.jpg\",\"products\\/44.jpg\"]'),(547,3,36,3.00,'The best store template! Excellent coding! Very good support! Thank you so much for all the help, I really appreciated.','published','2022-05-30 02:37:14','2022-05-30 02:37:14','[\"products\\/8.jpg\",\"products\\/47.jpg\"]'),(548,1,49,1.00,'Amazing code, amazing support. Overall, im really confident in Botble and im happy I made the right choice! Thank you so much guys for coding this masterpiece','published','2022-05-30 02:37:14','2022-05-30 02:37:14','[\"products\\/10.jpg\",\"products\\/63.jpg\"]'),(549,6,48,5.00,'Amazing code, amazing support. Overall, im really confident in Botble and im happy I made the right choice! Thank you so much guys for coding this masterpiece','published','2022-05-30 02:37:14','2022-05-30 02:37:14','[\"products\\/15.jpg\",\"products\\/39.jpg\"]'),(550,1,20,4.00,'Second or third time that I buy a Botble product, happy with the products and support. You guys do a good job :)','published','2022-05-30 02:37:14','2022-05-30 02:37:14','[\"products\\/26.jpg\",\"products\\/32.jpg\"]'),(551,1,2,3.00,'The script is the best of its class, fast, easy to implement and work with , and the most important thing is the great support team , Recommend with no doubt.','published','2022-05-30 02:37:14','2022-05-30 02:37:14','[\"products\\/13.jpg\",\"products\\/48.jpg\"]'),(552,3,19,4.00,'Ok good product. I have some issues in customizations. But its not correct to blame the developer. The product is good. Good luck for your business.','published','2022-05-30 02:37:14','2022-05-30 02:37:14','[\"products\\/9.jpg\",\"products\\/63.jpg\"]'),(553,3,15,1.00,'I Love this Script. I also found how to add other fees. Now I just wait the BIG update for the Marketplace with the Bulk Import. Just do not forget to make it to be Multi-language for us the Botble Fans.','published','2022-05-30 02:37:14','2022-05-30 02:37:14','[\"products\\/20.jpg\",\"products\\/33.jpg\",\"products\\/63.jpg\"]'),(554,10,63,2.00,'Very enthusiastic support! Excellent code is written. It\'s a true pleasure working with.','published','2022-05-30 02:37:14','2022-05-30 02:37:14','[\"products\\/8.jpg\"]'),(555,2,40,1.00,'Those guys now what they are doing, the release such a good product that it\'s a pleasure to work with ! Even when I was stuck on the project, I created a ticket and the next day it was replied by the team. GOOD JOB guys. I love working with them :)','published','2022-05-30 02:37:14','2022-05-30 02:37:14','[\"products\\/4.jpg\",\"products\\/34.jpg\",\"products\\/57.jpg\"]'),(556,7,22,2.00,'Clean & perfect source code','published','2022-05-30 02:37:14','2022-05-30 02:37:14','[\"products\\/2.jpg\"]'),(557,9,17,3.00,'It\'s not my first experience here on Codecanyon and I can honestly tell you all that Botble puts a LOT of effort into the support. They answer so fast, they helped me tons of times. REALLY by far THE BEST EXPERIENCE on Codecanyon. Those guys at Botble are so good that they deserve 5 stars. I recommend them, I trust them and I can\'t wait to see what they will sell in a near future. Thank you Botble :)','published','2022-05-30 02:37:14','2022-05-30 02:37:14','[\"products\\/28.jpg\"]'),(558,10,57,4.00,'Very enthusiastic support! Excellent code is written. It\'s a true pleasure working with.','published','2022-05-30 02:37:14','2022-05-30 02:37:14','[\"products\\/21.jpg\",\"products\\/65.jpg\"]'),(559,2,36,1.00,'For me the best eCommerce script on Envato at this moment: modern, clean code, a lot of great features. The customer support is great too: I always get an answer within hours!','published','2022-05-30 02:37:14','2022-05-30 02:37:14','[\"products\\/7.jpg\"]'),(560,9,62,5.00,'Clean & perfect source code','published','2022-05-30 02:37:14','2022-05-30 02:37:14','[\"products\\/27.jpg\"]'),(561,8,9,5.00,'Customer Support are grade (A*), however the code is a way too over engineered for it\'s purpose.','published','2022-05-30 02:37:14','2022-05-30 02:37:14','[\"products\\/8.jpg\",\"products\\/44.jpg\",\"products\\/55.jpg\"]'),(562,4,14,2.00,'Great system, great support, good job Botble. I\'m looking forward to more great functional plugins.','published','2022-05-30 02:37:14','2022-05-30 02:37:14','[\"products\\/23.jpg\"]'),(563,10,10,2.00,'This web app is really good in design, code quality & features. Besides, the customer support provided by the Botble team was really fast & helpful. You guys are awesome!','published','2022-05-30 02:37:14','2022-05-30 02:37:14','[\"products\\/18.jpg\",\"products\\/44.jpg\",\"products\\/55.jpg\"]'),(564,9,21,5.00,'It\'s not my first experience here on Codecanyon and I can honestly tell you all that Botble puts a LOT of effort into the support. They answer so fast, they helped me tons of times. REALLY by far THE BEST EXPERIENCE on Codecanyon. Those guys at Botble are so good that they deserve 5 stars. I recommend them, I trust them and I can\'t wait to see what they will sell in a near future. Thank you Botble :)','published','2022-05-30 02:37:14','2022-05-30 02:37:14','[\"products\\/25.jpg\",\"products\\/45.jpg\",\"products\\/52.jpg\"]'),(565,7,1,1.00,'For me the best eCommerce script on Envato at this moment: modern, clean code, a lot of great features. The customer support is great too: I always get an answer within hours!','published','2022-05-30 02:37:14','2022-05-30 02:37:14','[\"products\\/13.jpg\",\"products\\/44.jpg\"]'),(566,5,3,4.00,'I Love this Script. I also found how to add other fees. Now I just wait the BIG update for the Marketplace with the Bulk Import. Just do not forget to make it to be Multi-language for us the Botble Fans.','published','2022-05-30 02:37:14','2022-05-30 02:37:14','[\"products\\/12.jpg\",\"products\\/47.jpg\",\"products\\/55.jpg\"]'),(567,5,26,1.00,'We have received brilliant service support and will be expanding the features with the developer. Nice product!','published','2022-05-30 02:37:14','2022-05-30 02:37:14','[\"products\\/19.jpg\",\"products\\/31.jpg\",\"products\\/62.jpg\"]'),(568,8,49,1.00,'This web app is really good in design, code quality & features. Besides, the customer support provided by the Botble team was really fast & helpful. You guys are awesome!','published','2022-05-30 02:37:14','2022-05-30 02:37:14','[\"products\\/20.jpg\",\"products\\/45.jpg\"]'),(569,10,8,5.00,'These guys are amazing! Responses immediately, amazing support and help... I immediately feel at ease after Purchasing..','published','2022-05-30 02:37:14','2022-05-30 02:37:14','[\"products\\/30.jpg\",\"products\\/38.jpg\"]'),(570,7,9,2.00,'Amazing code, amazing support. Overall, im really confident in Botble and im happy I made the right choice! Thank you so much guys for coding this masterpiece','published','2022-05-30 02:37:14','2022-05-30 02:37:14','[\"products\\/14.jpg\"]'),(571,5,40,2.00,'Best ecommerce CMS online store!','published','2022-05-30 02:37:14','2022-05-30 02:37:14','[\"products\\/8.jpg\",\"products\\/41.jpg\"]'),(572,6,4,1.00,'Amazing code, amazing support. Overall, im really confident in Botble and im happy I made the right choice! Thank you so much guys for coding this masterpiece','published','2022-05-30 02:37:14','2022-05-30 02:37:14','[\"products\\/26.jpg\",\"products\\/36.jpg\"]'),(573,8,22,4.00,'Second or third time that I buy a Botble product, happy with the products and support. You guys do a good job :)','published','2022-05-30 02:37:14','2022-05-30 02:37:14','[\"products\\/5.jpg\",\"products\\/48.jpg\"]'),(574,7,37,3.00,'Those guys now what they are doing, the release such a good product that it\'s a pleasure to work with ! Even when I was stuck on the project, I created a ticket and the next day it was replied by the team. GOOD JOB guys. I love working with them :)','published','2022-05-30 02:37:14','2022-05-30 02:37:14','[\"products\\/9.jpg\",\"products\\/40.jpg\"]'),(575,8,51,3.00,'Amazing code, amazing support. Overall, im really confident in Botble and im happy I made the right choice! Thank you so much guys for coding this masterpiece','published','2022-05-30 02:37:14','2022-05-30 02:37:14','[\"products\\/3.jpg\",\"products\\/46.jpg\",\"products\\/51.jpg\"]'),(576,7,60,5.00,'Very enthusiastic support! Excellent code is written. It\'s a true pleasure working with.','published','2022-05-30 02:37:14','2022-05-30 02:37:14','[\"products\\/26.jpg\",\"products\\/42.jpg\"]'),(577,2,36,3.00,'Solution is too robust for our purpose so we didn\'t use it at the end. But I appreciate customer support during initial configuration.','published','2022-05-30 02:37:14','2022-05-30 02:37:14','[\"products\\/13.jpg\",\"products\\/37.jpg\",\"products\\/58.jpg\"]'),(578,9,54,4.00,'Solution is too robust for our purpose so we didn\'t use it at the end. But I appreciate customer support during initial configuration.','published','2022-05-30 02:37:14','2022-05-30 02:37:14','[\"products\\/17.jpg\"]'),(579,8,57,5.00,'Ok good product. I have some issues in customizations. But its not correct to blame the developer. The product is good. Good luck for your business.','published','2022-05-30 02:37:14','2022-05-30 02:37:14','[\"products\\/28.jpg\",\"products\\/45.jpg\"]'),(580,5,20,3.00,'Clean & perfect source code','published','2022-05-30 02:37:14','2022-05-30 02:37:14','[\"products\\/2.jpg\",\"products\\/47.jpg\",\"products\\/64.jpg\"]'),(581,1,8,5.00,'Cool template. Excellent code quality. The support responds very quickly, which is very rare on themeforest and codecanyon.net, I buy a lot of templates, and everyone will have a response from technical support for two or three days. Thanks to tech support. I recommend to buy.','published','2022-05-30 02:37:14','2022-05-30 02:37:14','[\"products\\/11.jpg\",\"products\\/50.jpg\"]'),(582,2,30,2.00,'Solution is too robust for our purpose so we didn\'t use it at the end. But I appreciate customer support during initial configuration.','published','2022-05-30 02:37:14','2022-05-30 02:37:14','[\"products\\/13.jpg\",\"products\\/32.jpg\"]'),(583,8,63,5.00,'Great system, great support, good job Botble. I\'m looking forward to more great functional plugins.','published','2022-05-30 02:37:14','2022-05-30 02:37:14','[\"products\\/11.jpg\",\"products\\/36.jpg\"]'),(584,10,39,4.00,'These guys are amazing! Responses immediately, amazing support and help... I immediately feel at ease after Purchasing..','published','2022-05-30 02:37:14','2022-05-30 02:37:14','[\"products\\/1.jpg\",\"products\\/40.jpg\",\"products\\/52.jpg\"]'),(585,10,59,2.00,'Second or third time that I buy a Botble product, happy with the products and support. You guys do a good job :)','published','2022-05-30 02:37:14','2022-05-30 02:37:14','[\"products\\/2.jpg\",\"products\\/56.jpg\"]'),(586,2,55,5.00,'It\'s not my first experience here on Codecanyon and I can honestly tell you all that Botble puts a LOT of effort into the support. They answer so fast, they helped me tons of times. REALLY by far THE BEST EXPERIENCE on Codecanyon. Those guys at Botble are so good that they deserve 5 stars. I recommend them, I trust them and I can\'t wait to see what they will sell in a near future. Thank you Botble :)','published','2022-05-30 02:37:14','2022-05-30 02:37:14','[\"products\\/6.jpg\",\"products\\/47.jpg\",\"products\\/57.jpg\"]'),(587,7,35,5.00,'Those guys now what they are doing, the release such a good product that it\'s a pleasure to work with ! Even when I was stuck on the project, I created a ticket and the next day it was replied by the team. GOOD JOB guys. I love working with them :)','published','2022-05-30 02:37:14','2022-05-30 02:37:14','[\"products\\/24.jpg\"]'),(588,8,3,4.00,'These guys are amazing! Responses immediately, amazing support and help... I immediately feel at ease after Purchasing..','published','2022-05-30 02:37:14','2022-05-30 02:37:14','[\"products\\/13.jpg\"]'),(589,9,19,3.00,'We have received brilliant service support and will be expanding the features with the developer. Nice product!','published','2022-05-30 02:37:14','2022-05-30 02:37:14','[\"products\\/25.jpg\",\"products\\/37.jpg\",\"products\\/60.jpg\"]'),(590,1,30,2.00,'Cool template. Excellent code quality. The support responds very quickly, which is very rare on themeforest and codecanyon.net, I buy a lot of templates, and everyone will have a response from technical support for two or three days. Thanks to tech support. I recommend to buy.','published','2022-05-30 02:37:14','2022-05-30 02:37:14','[\"products\\/2.jpg\",\"products\\/46.jpg\"]'),(591,2,40,4.00,'Best ecommerce CMS online store!','published','2022-05-30 02:37:14','2022-05-30 02:37:14','[\"products\\/29.jpg\",\"products\\/46.jpg\",\"products\\/65.jpg\"]'),(592,8,36,1.00,'Those guys now what they are doing, the release such a good product that it\'s a pleasure to work with ! Even when I was stuck on the project, I created a ticket and the next day it was replied by the team. GOOD JOB guys. I love working with them :)','published','2022-05-30 02:37:14','2022-05-30 02:37:14','[\"products\\/4.jpg\"]'),(593,10,40,5.00,'We have received brilliant service support and will be expanding the features with the developer. Nice product!','published','2022-05-30 02:37:14','2022-05-30 02:37:14','[\"products\\/16.jpg\",\"products\\/56.jpg\"]'),(594,8,60,1.00,'For me the best eCommerce script on Envato at this moment: modern, clean code, a lot of great features. The customer support is great too: I always get an answer within hours!','published','2022-05-30 02:37:14','2022-05-30 02:37:14','[\"products\\/16.jpg\"]'),(595,1,63,3.00,'Good app, good backup service and support. Good documentation.','published','2022-05-30 02:37:14','2022-05-30 02:37:14','[\"products\\/4.jpg\",\"products\\/34.jpg\"]'),(596,1,30,2.00,'Great system, great support, good job Botble. I\'m looking forward to more great functional plugins.','published','2022-05-30 02:37:14','2022-05-30 02:37:14','[\"products\\/17.jpg\",\"products\\/49.jpg\"]'),(597,8,61,3.00,'The best ecommerce CMS! Excellent coding! best support service! Thank you so much..... I really like your hard work.','published','2022-05-30 02:37:14','2022-05-30 02:37:14','[\"products\\/30.jpg\"]'),(598,8,26,4.00,'Customer Support are grade (A*), however the code is a way too over engineered for it\'s purpose.','published','2022-05-30 02:37:14','2022-05-30 02:37:14','[\"products\\/23.jpg\"]'),(599,9,64,1.00,'Clean & perfect source code','published','2022-05-30 02:37:14','2022-05-30 02:37:14','[\"products\\/20.jpg\",\"products\\/43.jpg\"]'),(600,5,55,3.00,'This script is well coded and is super fast. The support is pretty quick. Very patient and helpful team. I strongly recommend it and they deserve more than 5 stars.','published','2022-05-30 02:37:14','2022-05-30 02:37:14','[\"products\\/23.jpg\",\"products\\/43.jpg\"]'),(601,5,44,2.00,'Good app, good backup service and support. Good documentation.','published','2022-05-30 02:37:14','2022-05-30 02:37:14','[\"products\\/18.jpg\",\"products\\/48.jpg\",\"products\\/64.jpg\"]'),(602,5,55,2.00,'Perfect +++++++++ i love it really also i get to fast ticket answers... Thanks Lot BOTBLE Teams','published','2022-05-30 02:37:14','2022-05-30 02:37:14','[\"products\\/1.jpg\"]'),(603,1,64,4.00,'Clean & perfect source code','published','2022-05-30 02:37:14','2022-05-30 02:37:14','[\"products\\/19.jpg\",\"products\\/36.jpg\"]'),(604,10,39,4.00,'Ok good product. I have some issues in customizations. But its not correct to blame the developer. The product is good. Good luck for your business.','published','2022-05-30 02:37:14','2022-05-30 02:37:14','[\"products\\/26.jpg\",\"products\\/45.jpg\",\"products\\/64.jpg\"]'),(605,7,44,1.00,'For me the best eCommerce script on Envato at this moment: modern, clean code, a lot of great features. The customer support is great too: I always get an answer within hours!','published','2022-05-30 02:37:14','2022-05-30 02:37:14','[\"products\\/25.jpg\",\"products\\/40.jpg\"]'),(606,2,58,1.00,'Second or third time that I buy a Botble product, happy with the products and support. You guys do a good job :)','published','2022-05-30 02:37:14','2022-05-30 02:37:14','[\"products\\/13.jpg\"]'),(607,1,15,4.00,'We have received brilliant service support and will be expanding the features with the developer. Nice product!','published','2022-05-30 02:37:14','2022-05-30 02:37:14','[\"products\\/14.jpg\",\"products\\/47.jpg\"]'),(608,10,20,5.00,'Perfect +++++++++ i love it really also i get to fast ticket answers... Thanks Lot BOTBLE Teams','published','2022-05-30 02:37:14','2022-05-30 02:37:14','[\"products\\/12.jpg\",\"products\\/60.jpg\"]'),(609,2,45,5.00,'This web app is really good in design, code quality & features. Besides, the customer support provided by the Botble team was really fast & helpful. You guys are awesome!','published','2022-05-30 02:37:14','2022-05-30 02:37:14','[\"products\\/21.jpg\",\"products\\/39.jpg\"]'),(610,9,38,3.00,'Those guys now what they are doing, the release such a good product that it\'s a pleasure to work with ! Even when I was stuck on the project, I created a ticket and the next day it was replied by the team. GOOD JOB guys. I love working with them :)','published','2022-05-30 02:37:14','2022-05-30 02:37:14','[\"products\\/14.jpg\"]'),(611,6,23,1.00,'Very enthusiastic support! Excellent code is written. It\'s a true pleasure working with.','published','2022-05-30 02:37:14','2022-05-30 02:37:14','[\"products\\/18.jpg\",\"products\\/45.jpg\"]'),(612,3,18,1.00,'These guys are amazing! Responses immediately, amazing support and help... I immediately feel at ease after Purchasing..','published','2022-05-30 02:37:14','2022-05-30 02:37:14','[\"products\\/7.jpg\",\"products\\/38.jpg\"]'),(613,3,4,1.00,'Cool template. Excellent code quality. The support responds very quickly, which is very rare on themeforest and codecanyon.net, I buy a lot of templates, and everyone will have a response from technical support for two or three days. Thanks to tech support. I recommend to buy.','published','2022-05-30 02:37:14','2022-05-30 02:37:14','[\"products\\/22.jpg\"]'),(614,6,28,5.00,'Those guys now what they are doing, the release such a good product that it\'s a pleasure to work with ! Even when I was stuck on the project, I created a ticket and the next day it was replied by the team. GOOD JOB guys. I love working with them :)','published','2022-05-30 02:37:14','2022-05-30 02:37:14','[\"products\\/16.jpg\",\"products\\/49.jpg\"]'),(615,4,64,3.00,'These guys are amazing! Responses immediately, amazing support and help... I immediately feel at ease after Purchasing..','published','2022-05-30 02:37:14','2022-05-30 02:37:14','[\"products\\/13.jpg\"]'),(616,9,44,1.00,'Ok good product. I have some issues in customizations. But its not correct to blame the developer. The product is good. Good luck for your business.','published','2022-05-30 02:37:14','2022-05-30 02:37:14','[\"products\\/5.jpg\",\"products\\/47.jpg\"]'),(617,2,9,3.00,'Solution is too robust for our purpose so we didn\'t use it at the end. But I appreciate customer support during initial configuration.','published','2022-05-30 02:37:14','2022-05-30 02:37:14','[\"products\\/27.jpg\",\"products\\/32.jpg\"]'),(618,10,41,3.00,'For me the best eCommerce script on Envato at this moment: modern, clean code, a lot of great features. The customer support is great too: I always get an answer within hours!','published','2022-05-30 02:37:14','2022-05-30 02:37:14','[\"products\\/27.jpg\"]'),(619,9,38,4.00,'Those guys now what they are doing, the release such a good product that it\'s a pleasure to work with ! Even when I was stuck on the project, I created a ticket and the next day it was replied by the team. GOOD JOB guys. I love working with them :)','published','2022-05-30 02:37:14','2022-05-30 02:37:14','[\"products\\/2.jpg\"]'),(620,7,5,3.00,'I Love this Script. I also found how to add other fees. Now I just wait the BIG update for the Marketplace with the Bulk Import. Just do not forget to make it to be Multi-language for us the Botble Fans.','published','2022-05-30 02:37:14','2022-05-30 02:37:14','[\"products\\/17.jpg\",\"products\\/36.jpg\",\"products\\/62.jpg\"]'),(621,6,7,4.00,'Amazing code, amazing support. Overall, im really confident in Botble and im happy I made the right choice! Thank you so much guys for coding this masterpiece','published','2022-05-30 02:37:14','2022-05-30 02:37:14','[\"products\\/11.jpg\"]'),(622,9,13,5.00,'Great system, great support, good job Botble. I\'m looking forward to more great functional plugins.','published','2022-05-30 02:37:14','2022-05-30 02:37:14','[\"products\\/21.jpg\"]'),(623,8,9,1.00,'It\'s not my first experience here on Codecanyon and I can honestly tell you all that Botble puts a LOT of effort into the support. They answer so fast, they helped me tons of times. REALLY by far THE BEST EXPERIENCE on Codecanyon. Those guys at Botble are so good that they deserve 5 stars. I recommend them, I trust them and I can\'t wait to see what they will sell in a near future. Thank you Botble :)','published','2022-05-30 02:37:14','2022-05-30 02:37:14','[\"products\\/21.jpg\",\"products\\/44.jpg\"]'),(624,10,51,3.00,'The code is good, in general, if you like it, can you give it 5 stars?','published','2022-05-30 02:37:14','2022-05-30 02:37:14','[\"products\\/3.jpg\"]'),(625,10,39,4.00,'The script is the best of its class, fast, easy to implement and work with , and the most important thing is the great support team , Recommend with no doubt.','published','2022-05-30 02:37:14','2022-05-30 02:37:14','[\"products\\/25.jpg\",\"products\\/55.jpg\"]'),(626,3,44,5.00,'Good app, good backup service and support. Good documentation.','published','2022-05-30 02:37:14','2022-05-30 02:37:14','[\"products\\/22.jpg\",\"products\\/47.jpg\",\"products\\/61.jpg\"]'),(627,4,46,4.00,'Ok good product. I have some issues in customizations. But its not correct to blame the developer. The product is good. Good luck for your business.','published','2022-05-30 02:37:14','2022-05-30 02:37:14','[\"products\\/22.jpg\",\"products\\/35.jpg\"]'),(628,7,29,3.00,'Great E-commerce system. And much more : Wonderful Customer Support.','published','2022-05-30 02:37:14','2022-05-30 02:37:14','[\"products\\/6.jpg\",\"products\\/63.jpg\"]'),(629,2,20,3.00,'These guys are amazing! Responses immediately, amazing support and help... I immediately feel at ease after Purchasing..','published','2022-05-30 02:37:14','2022-05-30 02:37:14','[\"products\\/6.jpg\",\"products\\/35.jpg\"]'),(630,2,34,5.00,'We have received brilliant service support and will be expanding the features with the developer. Nice product!','published','2022-05-30 02:37:14','2022-05-30 02:37:14','[\"products\\/7.jpg\",\"products\\/34.jpg\"]'),(631,3,23,1.00,'Great E-commerce system. And much more : Wonderful Customer Support.','published','2022-05-30 02:37:14','2022-05-30 02:37:14','[\"products\\/21.jpg\"]'),(632,10,64,1.00,'This web app is really good in design, code quality & features. Besides, the customer support provided by the Botble team was really fast & helpful. You guys are awesome!','published','2022-05-30 02:37:14','2022-05-30 02:37:14','[\"products\\/25.jpg\",\"products\\/40.jpg\",\"products\\/60.jpg\"]'),(633,5,12,2.00,'Clean & perfect source code','published','2022-05-30 02:37:14','2022-05-30 02:37:14','[\"products\\/21.jpg\",\"products\\/37.jpg\",\"products\\/65.jpg\"]'),(634,9,45,5.00,'Good app, good backup service and support. Good documentation.','published','2022-05-30 02:37:14','2022-05-30 02:37:14','[\"products\\/9.jpg\",\"products\\/33.jpg\"]'),(635,1,34,2.00,'Clean & perfect source code','published','2022-05-30 02:37:14','2022-05-30 02:37:14','[\"products\\/18.jpg\",\"products\\/44.jpg\",\"products\\/54.jpg\"]'),(636,6,32,5.00,'The best store template! Excellent coding! Very good support! Thank you so much for all the help, I really appreciated.','published','2022-05-30 02:37:14','2022-05-30 02:37:14','[\"products\\/6.jpg\",\"products\\/48.jpg\",\"products\\/62.jpg\"]'),(637,8,1,3.00,'The code is good, in general, if you like it, can you give it 5 stars?','published','2022-05-30 02:37:14','2022-05-30 02:37:14','[\"products\\/16.jpg\"]'),(638,5,16,3.00,'Perfect +++++++++ i love it really also i get to fast ticket answers... Thanks Lot BOTBLE Teams','published','2022-05-30 02:37:14','2022-05-30 02:37:14','[\"products\\/21.jpg\",\"products\\/33.jpg\",\"products\\/63.jpg\"]'),(639,9,28,3.00,'Best ecommerce CMS online store!','published','2022-05-30 02:37:14','2022-05-30 02:37:14','[\"products\\/27.jpg\"]'),(640,1,14,1.00,'These guys are amazing! Responses immediately, amazing support and help... I immediately feel at ease after Purchasing..','published','2022-05-30 02:37:14','2022-05-30 02:37:14','[\"products\\/9.jpg\",\"products\\/40.jpg\"]'),(641,5,18,5.00,'Great system, great support, good job Botble. I\'m looking forward to more great functional plugins.','published','2022-05-30 02:37:14','2022-05-30 02:37:14','[\"products\\/29.jpg\"]'),(642,1,22,5.00,'Those guys now what they are doing, the release such a good product that it\'s a pleasure to work with ! Even when I was stuck on the project, I created a ticket and the next day it was replied by the team. GOOD JOB guys. I love working with them :)','published','2022-05-30 02:37:14','2022-05-30 02:37:14','[\"products\\/17.jpg\",\"products\\/46.jpg\",\"products\\/51.jpg\"]'),(643,2,4,3.00,'These guys are amazing! Responses immediately, amazing support and help... I immediately feel at ease after Purchasing..','published','2022-05-30 02:37:14','2022-05-30 02:37:14','[\"products\\/4.jpg\",\"products\\/34.jpg\"]'),(644,9,41,2.00,'This web app is really good in design, code quality & features. Besides, the customer support provided by the Botble team was really fast & helpful. You guys are awesome!','published','2022-05-30 02:37:14','2022-05-30 02:37:14','[\"products\\/10.jpg\",\"products\\/41.jpg\"]'),(645,7,53,2.00,'Clean & perfect source code','published','2022-05-30 02:37:14','2022-05-30 02:37:14','[\"products\\/20.jpg\",\"products\\/44.jpg\"]'),(646,3,47,2.00,'This script is well coded and is super fast. The support is pretty quick. Very patient and helpful team. I strongly recommend it and they deserve more than 5 stars.','published','2022-05-30 02:37:14','2022-05-30 02:37:14','[\"products\\/12.jpg\",\"products\\/44.jpg\"]'),(647,2,34,3.00,'The best store template! Excellent coding! Very good support! Thank you so much for all the help, I really appreciated.','published','2022-05-30 02:37:14','2022-05-30 02:37:14','[\"products\\/24.jpg\",\"products\\/50.jpg\"]'),(648,7,46,4.00,'Good app, good backup service and support. Good documentation.','published','2022-05-30 02:37:14','2022-05-30 02:37:14','[\"products\\/24.jpg\"]'),(649,6,48,3.00,'Customer Support are grade (A*), however the code is a way too over engineered for it\'s purpose.','published','2022-05-30 02:37:14','2022-05-30 02:37:14','[\"products\\/15.jpg\",\"products\\/40.jpg\"]'),(650,3,58,4.00,'Great system, great support, good job Botble. I\'m looking forward to more great functional plugins.','published','2022-05-30 02:37:14','2022-05-30 02:37:14','[\"products\\/22.jpg\",\"products\\/50.jpg\"]'),(651,8,57,1.00,'It\'s not my first experience here on Codecanyon and I can honestly tell you all that Botble puts a LOT of effort into the support. They answer so fast, they helped me tons of times. REALLY by far THE BEST EXPERIENCE on Codecanyon. Those guys at Botble are so good that they deserve 5 stars. I recommend them, I trust them and I can\'t wait to see what they will sell in a near future. Thank you Botble :)','published','2022-05-30 02:37:14','2022-05-30 02:37:14','[\"products\\/26.jpg\",\"products\\/64.jpg\"]'),(652,5,1,5.00,'Solution is too robust for our purpose so we didn\'t use it at the end. But I appreciate customer support during initial configuration.','published','2022-05-30 02:37:14','2022-05-30 02:37:14','[\"products\\/23.jpg\",\"products\\/41.jpg\"]'),(653,7,58,5.00,'Great E-commerce system. And much more : Wonderful Customer Support.','published','2022-05-30 02:37:14','2022-05-30 02:37:14','[\"products\\/24.jpg\",\"products\\/37.jpg\",\"products\\/61.jpg\"]'),(654,2,24,3.00,'I Love this Script. I also found how to add other fees. Now I just wait the BIG update for the Marketplace with the Bulk Import. Just do not forget to make it to be Multi-language for us the Botble Fans.','published','2022-05-30 02:37:14','2022-05-30 02:37:14','[\"products\\/2.jpg\",\"products\\/47.jpg\"]'),(655,8,12,5.00,'As a developer I reviewed this script. This is really awesome ecommerce script. I have convinced when I noticed that it\'s built on fully WordPress concept.','published','2022-05-30 02:37:14','2022-05-30 02:37:14','[\"products\\/5.jpg\",\"products\\/60.jpg\"]'),(656,8,46,3.00,'Good app, good backup service and support. Good documentation.','published','2022-05-30 02:37:14','2022-05-30 02:37:14','[\"products\\/13.jpg\",\"products\\/36.jpg\"]'),(657,7,11,1.00,'The code is good, in general, if you like it, can you give it 5 stars?','published','2022-05-30 02:37:14','2022-05-30 02:37:14','[\"products\\/25.jpg\"]'),(658,10,40,4.00,'Clean & perfect source code','published','2022-05-30 02:37:14','2022-05-30 02:37:14','[\"products\\/29.jpg\",\"products\\/35.jpg\"]'),(659,2,52,2.00,'I Love this Script. I also found how to add other fees. Now I just wait the BIG update for the Marketplace with the Bulk Import. Just do not forget to make it to be Multi-language for us the Botble Fans.','published','2022-05-30 02:37:14','2022-05-30 02:37:14','[\"products\\/12.jpg\"]'),(660,2,65,1.00,'Cool template. Excellent code quality. The support responds very quickly, which is very rare on themeforest and codecanyon.net, I buy a lot of templates, and everyone will have a response from technical support for two or three days. Thanks to tech support. I recommend to buy.','published','2022-05-30 02:37:14','2022-05-30 02:37:14','[\"products\\/21.jpg\",\"products\\/38.jpg\",\"products\\/57.jpg\"]'),(661,8,10,2.00,'These guys are amazing! Responses immediately, amazing support and help... I immediately feel at ease after Purchasing..','published','2022-05-30 02:37:14','2022-05-30 02:37:14','[\"products\\/30.jpg\",\"products\\/49.jpg\"]'),(662,7,27,2.00,'Great system, great support, good job Botble. I\'m looking forward to more great functional plugins.','published','2022-05-30 02:37:14','2022-05-30 02:37:14','[\"products\\/7.jpg\",\"products\\/37.jpg\"]'),(663,8,62,3.00,'As a developer I reviewed this script. This is really awesome ecommerce script. I have convinced when I noticed that it\'s built on fully WordPress concept.','published','2022-05-30 02:37:14','2022-05-30 02:37:14','[\"products\\/16.jpg\",\"products\\/35.jpg\"]'),(664,10,41,1.00,'The best ecommerce CMS! Excellent coding! best support service! Thank you so much..... I really like your hard work.','published','2022-05-30 02:37:14','2022-05-30 02:37:14','[\"products\\/16.jpg\",\"products\\/31.jpg\"]'),(665,7,6,2.00,'This script is well coded and is super fast. The support is pretty quick. Very patient and helpful team. I strongly recommend it and they deserve more than 5 stars.','published','2022-05-30 02:37:14','2022-05-30 02:37:14','[\"products\\/22.jpg\",\"products\\/49.jpg\"]'),(666,5,52,2.00,'As a developer I reviewed this script. This is really awesome ecommerce script. I have convinced when I noticed that it\'s built on fully WordPress concept.','published','2022-05-30 02:37:14','2022-05-30 02:37:14','[\"products\\/23.jpg\",\"products\\/39.jpg\"]'),(667,1,8,3.00,'Perfect +++++++++ i love it really also i get to fast ticket answers... Thanks Lot BOTBLE Teams','published','2022-05-30 02:37:14','2022-05-30 02:37:14','[\"products\\/23.jpg\",\"products\\/45.jpg\"]'),(668,8,58,1.00,'Clean & perfect source code','published','2022-05-30 02:37:14','2022-05-30 02:37:14','[\"products\\/17.jpg\",\"products\\/46.jpg\",\"products\\/53.jpg\"]'),(669,3,29,2.00,'Those guys now what they are doing, the release such a good product that it\'s a pleasure to work with ! Even when I was stuck on the project, I created a ticket and the next day it was replied by the team. GOOD JOB guys. I love working with them :)','published','2022-05-30 02:37:14','2022-05-30 02:37:14','[\"products\\/12.jpg\",\"products\\/43.jpg\",\"products\\/58.jpg\"]'),(670,1,8,1.00,'The script is the best of its class, fast, easy to implement and work with , and the most important thing is the great support team , Recommend with no doubt.','published','2022-05-30 02:37:14','2022-05-30 02:37:14','[\"products\\/19.jpg\",\"products\\/40.jpg\"]'),(671,6,65,3.00,'Those guys now what they are doing, the release such a good product that it\'s a pleasure to work with ! Even when I was stuck on the project, I created a ticket and the next day it was replied by the team. GOOD JOB guys. I love working with them :)','published','2022-05-30 02:37:14','2022-05-30 02:37:14','[\"products\\/20.jpg\",\"products\\/32.jpg\",\"products\\/54.jpg\"]'),(672,10,49,5.00,'Those guys now what they are doing, the release such a good product that it\'s a pleasure to work with ! Even when I was stuck on the project, I created a ticket and the next day it was replied by the team. GOOD JOB guys. I love working with them :)','published','2022-05-30 02:37:14','2022-05-30 02:37:14','[\"products\\/4.jpg\",\"products\\/55.jpg\"]'),(673,6,58,1.00,'Second or third time that I buy a Botble product, happy with the products and support. You guys do a good job :)','published','2022-05-30 02:37:14','2022-05-30 02:37:14','[\"products\\/1.jpg\"]'),(674,1,57,5.00,'This web app is really good in design, code quality & features. Besides, the customer support provided by the Botble team was really fast & helpful. You guys are awesome!','published','2022-05-30 02:37:14','2022-05-30 02:37:14','[\"products\\/29.jpg\"]'),(675,2,6,5.00,'For me the best eCommerce script on Envato at this moment: modern, clean code, a lot of great features. The customer support is great too: I always get an answer within hours!','published','2022-05-30 02:37:14','2022-05-30 02:37:14','[\"products\\/9.jpg\",\"products\\/55.jpg\"]'),(676,2,4,5.00,'Those guys now what they are doing, the release such a good product that it\'s a pleasure to work with ! Even when I was stuck on the project, I created a ticket and the next day it was replied by the team. GOOD JOB guys. I love working with them :)','published','2022-05-30 02:37:14','2022-05-30 02:37:14','[\"products\\/2.jpg\",\"products\\/56.jpg\"]'),(677,10,24,2.00,'We have received brilliant service support and will be expanding the features with the developer. Nice product!','published','2022-05-30 02:37:14','2022-05-30 02:37:14','[\"products\\/21.jpg\",\"products\\/50.jpg\"]'),(678,4,16,5.00,'The best store template! Excellent coding! Very good support! Thank you so much for all the help, I really appreciated.','published','2022-05-30 02:37:14','2022-05-30 02:37:14','[\"products\\/12.jpg\",\"products\\/32.jpg\",\"products\\/54.jpg\"]'),(679,9,21,1.00,'Best ecommerce CMS online store!','published','2022-05-30 02:37:14','2022-05-30 02:37:14','[\"products\\/24.jpg\",\"products\\/34.jpg\"]'),(680,6,54,5.00,'These guys are amazing! Responses immediately, amazing support and help... I immediately feel at ease after Purchasing..','published','2022-05-30 02:37:14','2022-05-30 02:37:14','[\"products\\/20.jpg\",\"products\\/32.jpg\"]'),(681,8,45,3.00,'Very enthusiastic support! Excellent code is written. It\'s a true pleasure working with.','published','2022-05-30 02:37:15','2022-05-30 02:37:15','[\"products\\/11.jpg\",\"products\\/54.jpg\"]'),(682,8,64,3.00,'Those guys now what they are doing, the release such a good product that it\'s a pleasure to work with ! Even when I was stuck on the project, I created a ticket and the next day it was replied by the team. GOOD JOB guys. I love working with them :)','published','2022-05-30 02:37:15','2022-05-30 02:37:15','[\"products\\/11.jpg\"]'),(683,8,38,4.00,'Perfect +++++++++ i love it really also i get to fast ticket answers... Thanks Lot BOTBLE Teams','published','2022-05-30 02:37:15','2022-05-30 02:37:15','[\"products\\/23.jpg\"]'),(684,4,18,2.00,'Second or third time that I buy a Botble product, happy with the products and support. You guys do a good job :)','published','2022-05-30 02:37:15','2022-05-30 02:37:15','[\"products\\/8.jpg\"]'),(685,4,39,5.00,'Great system, great support, good job Botble. I\'m looking forward to more great functional plugins.','published','2022-05-30 02:37:15','2022-05-30 02:37:15','[\"products\\/20.jpg\",\"products\\/39.jpg\"]'),(686,9,1,2.00,'Customer Support are grade (A*), however the code is a way too over engineered for it\'s purpose.','published','2022-05-30 02:37:15','2022-05-30 02:37:15','[\"products\\/3.jpg\",\"products\\/50.jpg\"]'),(687,8,8,5.00,'The best ecommerce CMS! Excellent coding! best support service! Thank you so much..... I really like your hard work.','published','2022-05-30 02:37:15','2022-05-30 02:37:15','[\"products\\/3.jpg\",\"products\\/45.jpg\"]'),(688,8,42,5.00,'For me the best eCommerce script on Envato at this moment: modern, clean code, a lot of great features. The customer support is great too: I always get an answer within hours!','published','2022-05-30 02:37:15','2022-05-30 02:37:15','[\"products\\/23.jpg\",\"products\\/65.jpg\"]'),(689,9,59,4.00,'As a developer I reviewed this script. This is really awesome ecommerce script. I have convinced when I noticed that it\'s built on fully WordPress concept.','published','2022-05-30 02:37:15','2022-05-30 02:37:15','[\"products\\/12.jpg\",\"products\\/36.jpg\"]'),(690,2,19,1.00,'This web app is really good in design, code quality & features. Besides, the customer support provided by the Botble team was really fast & helpful. You guys are awesome!','published','2022-05-30 02:37:15','2022-05-30 02:37:15','[\"products\\/19.jpg\",\"products\\/47.jpg\",\"products\\/57.jpg\"]'),(691,7,29,3.00,'I Love this Script. I also found how to add other fees. Now I just wait the BIG update for the Marketplace with the Bulk Import. Just do not forget to make it to be Multi-language for us the Botble Fans.','published','2022-05-30 02:37:15','2022-05-30 02:37:15','[\"products\\/26.jpg\",\"products\\/48.jpg\"]'),(692,4,57,2.00,'Ok good product. I have some issues in customizations. But its not correct to blame the developer. The product is good. Good luck for your business.','published','2022-05-30 02:37:15','2022-05-30 02:37:15','[\"products\\/5.jpg\",\"products\\/61.jpg\"]'),(693,4,37,4.00,'This web app is really good in design, code quality & features. Besides, the customer support provided by the Botble team was really fast & helpful. You guys are awesome!','published','2022-05-30 02:37:15','2022-05-30 02:37:15','[\"products\\/21.jpg\"]'),(694,4,58,3.00,'Solution is too robust for our purpose so we didn\'t use it at the end. But I appreciate customer support during initial configuration.','published','2022-05-30 02:37:15','2022-05-30 02:37:15','[\"products\\/19.jpg\",\"products\\/36.jpg\"]'),(695,2,28,3.00,'Best ecommerce CMS online store!','published','2022-05-30 02:37:15','2022-05-30 02:37:15','[\"products\\/8.jpg\",\"products\\/34.jpg\"]'),(696,2,13,4.00,'I Love this Script. I also found how to add other fees. Now I just wait the BIG update for the Marketplace with the Bulk Import. Just do not forget to make it to be Multi-language for us the Botble Fans.','published','2022-05-30 02:37:15','2022-05-30 02:37:15','[\"products\\/11.jpg\",\"products\\/42.jpg\"]'),(697,6,46,5.00,'As a developer I reviewed this script. This is really awesome ecommerce script. I have convinced when I noticed that it\'s built on fully WordPress concept.','published','2022-05-30 02:37:15','2022-05-30 02:37:15','[\"products\\/11.jpg\",\"products\\/40.jpg\"]'),(698,4,42,3.00,'This script is well coded and is super fast. The support is pretty quick. Very patient and helpful team. I strongly recommend it and they deserve more than 5 stars.','published','2022-05-30 02:37:15','2022-05-30 02:37:15','[\"products\\/23.jpg\",\"products\\/41.jpg\"]'),(699,6,29,4.00,'Clean & perfect source code','published','2022-05-30 02:37:15','2022-05-30 02:37:15','[\"products\\/23.jpg\",\"products\\/51.jpg\"]'),(700,6,20,1.00,'These guys are amazing! Responses immediately, amazing support and help... I immediately feel at ease after Purchasing..','published','2022-05-30 02:37:15','2022-05-30 02:37:15','[\"products\\/7.jpg\",\"products\\/57.jpg\"]'),(701,5,11,3.00,'Those guys now what they are doing, the release such a good product that it\'s a pleasure to work with ! Even when I was stuck on the project, I created a ticket and the next day it was replied by the team. GOOD JOB guys. I love working with them :)','published','2022-05-30 02:37:15','2022-05-30 02:37:15','[\"products\\/25.jpg\",\"products\\/47.jpg\"]'),(702,10,42,4.00,'Perfect +++++++++ i love it really also i get to fast ticket answers... Thanks Lot BOTBLE Teams','published','2022-05-30 02:37:15','2022-05-30 02:37:15','[\"products\\/9.jpg\",\"products\\/63.jpg\"]'),(703,2,14,4.00,'Those guys now what they are doing, the release such a good product that it\'s a pleasure to work with ! Even when I was stuck on the project, I created a ticket and the next day it was replied by the team. GOOD JOB guys. I love working with them :)','published','2022-05-30 02:37:15','2022-05-30 02:37:15','[\"products\\/16.jpg\"]'),(704,10,21,3.00,'It\'s not my first experience here on Codecanyon and I can honestly tell you all that Botble puts a LOT of effort into the support. They answer so fast, they helped me tons of times. REALLY by far THE BEST EXPERIENCE on Codecanyon. Those guys at Botble are so good that they deserve 5 stars. I recommend them, I trust them and I can\'t wait to see what they will sell in a near future. Thank you Botble :)','published','2022-05-30 02:37:15','2022-05-30 02:37:15','[\"products\\/27.jpg\",\"products\\/34.jpg\"]'),(705,10,50,1.00,'The best store template! Excellent coding! Very good support! Thank you so much for all the help, I really appreciated.','published','2022-05-30 02:37:15','2022-05-30 02:37:15','[\"products\\/24.jpg\",\"products\\/34.jpg\",\"products\\/65.jpg\"]'),(706,6,3,1.00,'This script is well coded and is super fast. The support is pretty quick. Very patient and helpful team. I strongly recommend it and they deserve more than 5 stars.','published','2022-05-30 02:37:15','2022-05-30 02:37:15','[\"products\\/18.jpg\"]'),(707,7,44,1.00,'Clean & perfect source code','published','2022-05-30 02:37:15','2022-05-30 02:37:15','[\"products\\/21.jpg\"]'),(708,3,53,5.00,'The best ecommerce CMS! Excellent coding! best support service! Thank you so much..... I really like your hard work.','published','2022-05-30 02:37:15','2022-05-30 02:37:15','[\"products\\/2.jpg\",\"products\\/45.jpg\"]'),(709,1,59,2.00,'Great E-commerce system. And much more : Wonderful Customer Support.','published','2022-05-30 02:37:15','2022-05-30 02:37:15','[\"products\\/28.jpg\"]'),(710,8,14,2.00,'For me the best eCommerce script on Envato at this moment: modern, clean code, a lot of great features. The customer support is great too: I always get an answer within hours!','published','2022-05-30 02:37:15','2022-05-30 02:37:15','[\"products\\/18.jpg\",\"products\\/39.jpg\",\"products\\/54.jpg\"]'),(711,3,7,2.00,'As a developer I reviewed this script. This is really awesome ecommerce script. I have convinced when I noticed that it\'s built on fully WordPress concept.','published','2022-05-30 02:37:15','2022-05-30 02:37:15','[\"products\\/17.jpg\",\"products\\/41.jpg\"]'),(712,1,43,3.00,'Solution is too robust for our purpose so we didn\'t use it at the end. But I appreciate customer support during initial configuration.','published','2022-05-30 02:37:15','2022-05-30 02:37:15','[\"products\\/12.jpg\",\"products\\/49.jpg\"]'),(713,5,64,4.00,'It\'s not my first experience here on Codecanyon and I can honestly tell you all that Botble puts a LOT of effort into the support. They answer so fast, they helped me tons of times. REALLY by far THE BEST EXPERIENCE on Codecanyon. Those guys at Botble are so good that they deserve 5 stars. I recommend them, I trust them and I can\'t wait to see what they will sell in a near future. Thank you Botble :)','published','2022-05-30 02:37:15','2022-05-30 02:37:15','[\"products\\/19.jpg\",\"products\\/39.jpg\"]'),(714,10,58,2.00,'Perfect +++++++++ i love it really also i get to fast ticket answers... Thanks Lot BOTBLE Teams','published','2022-05-30 02:37:15','2022-05-30 02:37:15','[\"products\\/8.jpg\",\"products\\/57.jpg\"]'),(715,5,14,5.00,'For me the best eCommerce script on Envato at this moment: modern, clean code, a lot of great features. The customer support is great too: I always get an answer within hours!','published','2022-05-30 02:37:15','2022-05-30 02:37:15','[\"products\\/23.jpg\",\"products\\/48.jpg\"]'),(716,8,56,4.00,'Very enthusiastic support! Excellent code is written. It\'s a true pleasure working with.','published','2022-05-30 02:37:15','2022-05-30 02:37:15','[\"products\\/22.jpg\"]'),(717,3,52,2.00,'The code is good, in general, if you like it, can you give it 5 stars?','published','2022-05-30 02:37:15','2022-05-30 02:37:15','[\"products\\/28.jpg\",\"products\\/39.jpg\"]'),(718,4,64,5.00,'Second or third time that I buy a Botble product, happy with the products and support. You guys do a good job :)','published','2022-05-30 02:37:15','2022-05-30 02:37:15','[\"products\\/11.jpg\",\"products\\/54.jpg\"]'),(719,4,5,1.00,'Perfect +++++++++ i love it really also i get to fast ticket answers... Thanks Lot BOTBLE Teams','published','2022-05-30 02:37:15','2022-05-30 02:37:15','[\"products\\/30.jpg\"]'),(720,6,2,4.00,'The script is the best of its class, fast, easy to implement and work with , and the most important thing is the great support team , Recommend with no doubt.','published','2022-05-30 02:37:15','2022-05-30 02:37:15','[\"products\\/19.jpg\",\"products\\/40.jpg\"]'),(721,8,18,1.00,'Customer Support are grade (A*), however the code is a way too over engineered for it\'s purpose.','published','2022-05-30 02:37:15','2022-05-30 02:37:15','[\"products\\/11.jpg\",\"products\\/41.jpg\",\"products\\/59.jpg\"]'),(722,2,47,2.00,'It\'s not my first experience here on Codecanyon and I can honestly tell you all that Botble puts a LOT of effort into the support. They answer so fast, they helped me tons of times. REALLY by far THE BEST EXPERIENCE on Codecanyon. Those guys at Botble are so good that they deserve 5 stars. I recommend them, I trust them and I can\'t wait to see what they will sell in a near future. Thank you Botble :)','published','2022-05-30 02:37:15','2022-05-30 02:37:15','[\"products\\/12.jpg\",\"products\\/58.jpg\"]'),(723,2,54,2.00,'Customer Support are grade (A*), however the code is a way too over engineered for it\'s purpose.','published','2022-05-30 02:37:15','2022-05-30 02:37:15','[\"products\\/26.jpg\",\"products\\/49.jpg\"]'),(724,2,4,2.00,'Solution is too robust for our purpose so we didn\'t use it at the end. But I appreciate customer support during initial configuration.','published','2022-05-30 02:37:15','2022-05-30 02:37:15','[\"products\\/18.jpg\",\"products\\/43.jpg\"]'),(725,3,3,3.00,'Very enthusiastic support! Excellent code is written. It\'s a true pleasure working with.','published','2022-05-30 02:37:15','2022-05-30 02:37:15','[\"products\\/6.jpg\"]'),(726,9,57,2.00,'Second or third time that I buy a Botble product, happy with the products and support. You guys do a good job :)','published','2022-05-30 02:37:15','2022-05-30 02:37:15','[\"products\\/19.jpg\",\"products\\/43.jpg\"]'),(727,5,21,2.00,'This script is well coded and is super fast. The support is pretty quick. Very patient and helpful team. I strongly recommend it and they deserve more than 5 stars.','published','2022-05-30 02:37:15','2022-05-30 02:37:15','[\"products\\/6.jpg\",\"products\\/47.jpg\"]'),(728,2,56,1.00,'Clean & perfect source code','published','2022-05-30 02:37:15','2022-05-30 02:37:15','[\"products\\/15.jpg\",\"products\\/32.jpg\",\"products\\/56.jpg\"]'),(729,4,32,1.00,'I Love this Script. I also found how to add other fees. Now I just wait the BIG update for the Marketplace with the Bulk Import. Just do not forget to make it to be Multi-language for us the Botble Fans.','published','2022-05-30 02:37:15','2022-05-30 02:37:15','[\"products\\/1.jpg\"]'),(730,10,50,1.00,'It\'s not my first experience here on Codecanyon and I can honestly tell you all that Botble puts a LOT of effort into the support. They answer so fast, they helped me tons of times. REALLY by far THE BEST EXPERIENCE on Codecanyon. Those guys at Botble are so good that they deserve 5 stars. I recommend them, I trust them and I can\'t wait to see what they will sell in a near future. Thank you Botble :)','published','2022-05-30 02:37:15','2022-05-30 02:37:15','[\"products\\/8.jpg\",\"products\\/33.jpg\",\"products\\/56.jpg\"]'),(731,4,38,3.00,'Best ecommerce CMS online store!','published','2022-05-30 02:37:15','2022-05-30 02:37:15','[\"products\\/13.jpg\",\"products\\/49.jpg\"]'),(732,9,1,3.00,'The script is the best of its class, fast, easy to implement and work with , and the most important thing is the great support team , Recommend with no doubt.','published','2022-05-30 02:37:15','2022-05-30 02:37:15','[\"products\\/29.jpg\",\"products\\/33.jpg\"]'),(733,6,27,1.00,'The code is good, in general, if you like it, can you give it 5 stars?','published','2022-05-30 02:37:15','2022-05-30 02:37:15','[\"products\\/16.jpg\",\"products\\/40.jpg\",\"products\\/61.jpg\"]'),(734,6,12,1.00,'For me the best eCommerce script on Envato at this moment: modern, clean code, a lot of great features. The customer support is great too: I always get an answer within hours!','published','2022-05-30 02:37:15','2022-05-30 02:37:15','[\"products\\/19.jpg\"]'),(735,4,4,2.00,'These guys are amazing! Responses immediately, amazing support and help... I immediately feel at ease after Purchasing..','published','2022-05-30 02:37:15','2022-05-30 02:37:15','[\"products\\/30.jpg\",\"products\\/41.jpg\"]'),(736,7,23,1.00,'Solution is too robust for our purpose so we didn\'t use it at the end. But I appreciate customer support during initial configuration.','published','2022-05-30 02:37:15','2022-05-30 02:37:15','[\"products\\/11.jpg\",\"products\\/41.jpg\"]'),(737,4,38,5.00,'Best ecommerce CMS online store!','published','2022-05-30 02:37:15','2022-05-30 02:37:15','[\"products\\/7.jpg\",\"products\\/32.jpg\",\"products\\/51.jpg\"]'),(738,8,21,1.00,'Second or third time that I buy a Botble product, happy with the products and support. You guys do a good job :)','published','2022-05-30 02:37:15','2022-05-30 02:37:15','[\"products\\/16.jpg\",\"products\\/60.jpg\"]'),(739,10,10,4.00,'It\'s not my first experience here on Codecanyon and I can honestly tell you all that Botble puts a LOT of effort into the support. They answer so fast, they helped me tons of times. REALLY by far THE BEST EXPERIENCE on Codecanyon. Those guys at Botble are so good that they deserve 5 stars. I recommend them, I trust them and I can\'t wait to see what they will sell in a near future. Thank you Botble :)','published','2022-05-30 02:37:15','2022-05-30 02:37:15','[\"products\\/19.jpg\",\"products\\/47.jpg\",\"products\\/54.jpg\"]'),(740,8,36,4.00,'Clean & perfect source code','published','2022-05-30 02:37:15','2022-05-30 02:37:15','[\"products\\/26.jpg\",\"products\\/41.jpg\"]'),(741,1,35,5.00,'Solution is too robust for our purpose so we didn\'t use it at the end. But I appreciate customer support during initial configuration.','published','2022-05-30 02:37:15','2022-05-30 02:37:15','[\"products\\/18.jpg\",\"products\\/43.jpg\",\"products\\/58.jpg\"]'),(742,1,64,4.00,'Solution is too robust for our purpose so we didn\'t use it at the end. But I appreciate customer support during initial configuration.','published','2022-05-30 02:37:15','2022-05-30 02:37:15','[\"products\\/7.jpg\",\"products\\/59.jpg\"]'),(743,8,50,5.00,'The best store template! Excellent coding! Very good support! Thank you so much for all the help, I really appreciated.','published','2022-05-30 02:37:15','2022-05-30 02:37:15','[\"products\\/22.jpg\",\"products\\/41.jpg\",\"products\\/63.jpg\"]'),(744,10,38,3.00,'For me the best eCommerce script on Envato at this moment: modern, clean code, a lot of great features. The customer support is great too: I always get an answer within hours!','published','2022-05-30 02:37:15','2022-05-30 02:37:15','[\"products\\/27.jpg\",\"products\\/45.jpg\"]'),(745,6,14,5.00,'Solution is too robust for our purpose so we didn\'t use it at the end. But I appreciate customer support during initial configuration.','published','2022-05-30 02:37:15','2022-05-30 02:37:15','[\"products\\/3.jpg\",\"products\\/42.jpg\"]'),(746,2,54,1.00,'Solution is too robust for our purpose so we didn\'t use it at the end. But I appreciate customer support during initial configuration.','published','2022-05-30 02:37:15','2022-05-30 02:37:15','[\"products\\/15.jpg\",\"products\\/33.jpg\",\"products\\/54.jpg\"]'),(747,5,10,3.00,'As a developer I reviewed this script. This is really awesome ecommerce script. I have convinced when I noticed that it\'s built on fully WordPress concept.','published','2022-05-30 02:37:15','2022-05-30 02:37:15','[\"products\\/30.jpg\",\"products\\/39.jpg\",\"products\\/53.jpg\"]'),(748,8,64,3.00,'The code is good, in general, if you like it, can you give it 5 stars?','published','2022-05-30 02:37:15','2022-05-30 02:37:15','[\"products\\/16.jpg\"]'),(749,10,46,4.00,'The best store template! Excellent coding! Very good support! Thank you so much for all the help, I really appreciated.','published','2022-05-30 02:37:15','2022-05-30 02:37:15','[\"products\\/6.jpg\",\"products\\/51.jpg\"]'),(750,8,8,5.00,'Second or third time that I buy a Botble product, happy with the products and support. You guys do a good job :)','published','2022-05-30 02:37:15','2022-05-30 02:37:15','[\"products\\/5.jpg\",\"products\\/36.jpg\"]'),(751,7,48,2.00,'It\'s not my first experience here on Codecanyon and I can honestly tell you all that Botble puts a LOT of effort into the support. They answer so fast, they helped me tons of times. REALLY by far THE BEST EXPERIENCE on Codecanyon. Those guys at Botble are so good that they deserve 5 stars. I recommend them, I trust them and I can\'t wait to see what they will sell in a near future. Thank you Botble :)','published','2022-05-30 02:37:15','2022-05-30 02:37:15','[\"products\\/25.jpg\",\"products\\/49.jpg\",\"products\\/56.jpg\"]'),(752,8,63,4.00,'Those guys now what they are doing, the release such a good product that it\'s a pleasure to work with ! Even when I was stuck on the project, I created a ticket and the next day it was replied by the team. GOOD JOB guys. I love working with them :)','published','2022-05-30 02:37:15','2022-05-30 02:37:15','[\"products\\/23.jpg\"]'),(753,8,57,5.00,'The best store template! Excellent coding! Very good support! Thank you so much for all the help, I really appreciated.','published','2022-05-30 02:37:15','2022-05-30 02:37:15','[\"products\\/26.jpg\",\"products\\/64.jpg\"]'),(754,8,33,4.00,'Clean & perfect source code','published','2022-05-30 02:37:15','2022-05-30 02:37:15','[\"products\\/8.jpg\",\"products\\/44.jpg\",\"products\\/56.jpg\"]'),(755,9,40,3.00,'This script is well coded and is super fast. The support is pretty quick. Very patient and helpful team. I strongly recommend it and they deserve more than 5 stars.','published','2022-05-30 02:37:15','2022-05-30 02:37:15','[\"products\\/28.jpg\"]'),(756,7,52,2.00,'Clean & perfect source code','published','2022-05-30 02:37:15','2022-05-30 02:37:15','[\"products\\/12.jpg\",\"products\\/43.jpg\",\"products\\/56.jpg\"]'),(757,6,2,4.00,'Very enthusiastic support! Excellent code is written. It\'s a true pleasure working with.','published','2022-05-30 02:37:15','2022-05-30 02:37:15','[\"products\\/29.jpg\"]'),(758,4,7,4.00,'Very enthusiastic support! Excellent code is written. It\'s a true pleasure working with.','published','2022-05-30 02:37:15','2022-05-30 02:37:15','[\"products\\/28.jpg\"]'),(759,9,59,2.00,'I Love this Script. I also found how to add other fees. Now I just wait the BIG update for the Marketplace with the Bulk Import. Just do not forget to make it to be Multi-language for us the Botble Fans.','published','2022-05-30 02:37:15','2022-05-30 02:37:15','[\"products\\/13.jpg\"]'),(760,8,7,3.00,'We have received brilliant service support and will be expanding the features with the developer. Nice product!','published','2022-05-30 02:37:15','2022-05-30 02:37:15','[\"products\\/10.jpg\"]'),(761,4,62,5.00,'The code is good, in general, if you like it, can you give it 5 stars?','published','2022-05-30 02:37:15','2022-05-30 02:37:15','[\"products\\/24.jpg\",\"products\\/50.jpg\"]'),(762,10,57,5.00,'Very enthusiastic support! Excellent code is written. It\'s a true pleasure working with.','published','2022-05-30 02:37:15','2022-05-30 02:37:15','[\"products\\/7.jpg\",\"products\\/42.jpg\"]'),(763,3,40,5.00,'I Love this Script. I also found how to add other fees. Now I just wait the BIG update for the Marketplace with the Bulk Import. Just do not forget to make it to be Multi-language for us the Botble Fans.','published','2022-05-30 02:37:15','2022-05-30 02:37:15','[\"products\\/18.jpg\",\"products\\/37.jpg\"]'),(764,2,5,5.00,'It\'s not my first experience here on Codecanyon and I can honestly tell you all that Botble puts a LOT of effort into the support. They answer so fast, they helped me tons of times. REALLY by far THE BEST EXPERIENCE on Codecanyon. Those guys at Botble are so good that they deserve 5 stars. I recommend them, I trust them and I can\'t wait to see what they will sell in a near future. Thank you Botble :)','published','2022-05-30 02:37:15','2022-05-30 02:37:15','[\"products\\/21.jpg\",\"products\\/33.jpg\"]'),(765,5,64,5.00,'Ok good product. I have some issues in customizations. But its not correct to blame the developer. The product is good. Good luck for your business.','published','2022-05-30 02:37:15','2022-05-30 02:37:15','[\"products\\/7.jpg\",\"products\\/31.jpg\"]'),(766,10,21,4.00,'Amazing code, amazing support. Overall, im really confident in Botble and im happy I made the right choice! Thank you so much guys for coding this masterpiece','published','2022-05-30 02:37:15','2022-05-30 02:37:15','[\"products\\/19.jpg\",\"products\\/40.jpg\"]'),(767,4,62,1.00,'Clean & perfect source code','published','2022-05-30 02:37:15','2022-05-30 02:37:15','[\"products\\/2.jpg\",\"products\\/43.jpg\"]'),(768,1,45,3.00,'Cool template. Excellent code quality. The support responds very quickly, which is very rare on themeforest and codecanyon.net, I buy a lot of templates, and everyone will have a response from technical support for two or three days. Thanks to tech support. I recommend to buy.','published','2022-05-30 02:37:15','2022-05-30 02:37:15','[\"products\\/20.jpg\",\"products\\/46.jpg\"]'),(769,10,42,4.00,'I Love this Script. I also found how to add other fees. Now I just wait the BIG update for the Marketplace with the Bulk Import. Just do not forget to make it to be Multi-language for us the Botble Fans.','published','2022-05-30 02:37:15','2022-05-30 02:37:15','[\"products\\/23.jpg\",\"products\\/44.jpg\",\"products\\/55.jpg\"]'),(770,4,10,4.00,'This web app is really good in design, code quality & features. Besides, the customer support provided by the Botble team was really fast & helpful. You guys are awesome!','published','2022-05-30 02:37:15','2022-05-30 02:37:15','[\"products\\/30.jpg\"]'),(771,8,12,3.00,'Customer Support are grade (A*), however the code is a way too over engineered for it\'s purpose.','published','2022-05-30 02:37:15','2022-05-30 02:37:15','[\"products\\/15.jpg\",\"products\\/41.jpg\"]'),(772,10,36,2.00,'Good app, good backup service and support. Good documentation.','published','2022-05-30 02:37:15','2022-05-30 02:37:15','[\"products\\/12.jpg\",\"products\\/41.jpg\"]'),(773,5,10,3.00,'Clean & perfect source code','published','2022-05-30 02:37:15','2022-05-30 02:37:15','[\"products\\/12.jpg\",\"products\\/33.jpg\",\"products\\/64.jpg\"]'),(774,5,17,1.00,'This script is well coded and is super fast. The support is pretty quick. Very patient and helpful team. I strongly recommend it and they deserve more than 5 stars.','published','2022-05-30 02:37:15','2022-05-30 02:37:15','[\"products\\/18.jpg\",\"products\\/46.jpg\"]'),(775,1,55,5.00,'Ok good product. I have some issues in customizations. But its not correct to blame the developer. The product is good. Good luck for your business.','published','2022-05-30 02:37:15','2022-05-30 02:37:15','[\"products\\/30.jpg\"]'),(776,5,60,3.00,'Perfect +++++++++ i love it really also i get to fast ticket answers... Thanks Lot BOTBLE Teams','published','2022-05-30 02:37:15','2022-05-30 02:37:15','[\"products\\/24.jpg\",\"products\\/46.jpg\",\"products\\/52.jpg\"]'),(777,9,57,5.00,'These guys are amazing! Responses immediately, amazing support and help... I immediately feel at ease after Purchasing..','published','2022-05-30 02:37:15','2022-05-30 02:37:15','[\"products\\/21.jpg\",\"products\\/47.jpg\"]'),(778,5,13,2.00,'Great system, great support, good job Botble. I\'m looking forward to more great functional plugins.','published','2022-05-30 02:37:15','2022-05-30 02:37:15','[\"products\\/6.jpg\",\"products\\/64.jpg\"]'),(779,2,63,2.00,'Solution is too robust for our purpose so we didn\'t use it at the end. But I appreciate customer support during initial configuration.','published','2022-05-30 02:37:15','2022-05-30 02:37:15','[\"products\\/3.jpg\",\"products\\/31.jpg\",\"products\\/56.jpg\"]'),(780,3,15,5.00,'The best store template! Excellent coding! Very good support! Thank you so much for all the help, I really appreciated.','published','2022-05-30 02:37:15','2022-05-30 02:37:15','[\"products\\/21.jpg\",\"products\\/32.jpg\"]'),(781,1,45,3.00,'The best store template! Excellent coding! Very good support! Thank you so much for all the help, I really appreciated.','published','2022-05-30 02:37:15','2022-05-30 02:37:15','[\"products\\/26.jpg\"]'),(782,1,28,2.00,'As a developer I reviewed this script. This is really awesome ecommerce script. I have convinced when I noticed that it\'s built on fully WordPress concept.','published','2022-05-30 02:37:15','2022-05-30 02:37:15','[\"products\\/9.jpg\",\"products\\/44.jpg\",\"products\\/57.jpg\"]'),(783,4,37,1.00,'I Love this Script. I also found how to add other fees. Now I just wait the BIG update for the Marketplace with the Bulk Import. Just do not forget to make it to be Multi-language for us the Botble Fans.','published','2022-05-30 02:37:15','2022-05-30 02:37:15','[\"products\\/18.jpg\",\"products\\/48.jpg\"]'),(784,3,1,1.00,'For me the best eCommerce script on Envato at this moment: modern, clean code, a lot of great features. The customer support is great too: I always get an answer within hours!','published','2022-05-30 02:37:15','2022-05-30 02:37:15','[\"products\\/4.jpg\",\"products\\/49.jpg\",\"products\\/52.jpg\"]'),(785,1,3,4.00,'Best ecommerce CMS online store!','published','2022-05-30 02:37:15','2022-05-30 02:37:15','[\"products\\/7.jpg\",\"products\\/48.jpg\",\"products\\/58.jpg\"]'),(786,2,12,4.00,'Customer Support are grade (A*), however the code is a way too over engineered for it\'s purpose.','published','2022-05-30 02:37:15','2022-05-30 02:37:15','[\"products\\/5.jpg\",\"products\\/60.jpg\"]'),(787,3,30,1.00,'Great system, great support, good job Botble. I\'m looking forward to more great functional plugins.','published','2022-05-30 02:37:15','2022-05-30 02:37:15','[\"products\\/3.jpg\",\"products\\/62.jpg\"]'),(788,5,30,3.00,'Very enthusiastic support! Excellent code is written. It\'s a true pleasure working with.','published','2022-05-30 02:37:15','2022-05-30 02:37:15','[\"products\\/23.jpg\",\"products\\/46.jpg\"]'),(789,5,34,3.00,'Solution is too robust for our purpose so we didn\'t use it at the end. But I appreciate customer support during initial configuration.','published','2022-05-30 02:37:15','2022-05-30 02:37:15','[\"products\\/6.jpg\",\"products\\/43.jpg\"]'),(790,2,10,2.00,'The script is the best of its class, fast, easy to implement and work with , and the most important thing is the great support team , Recommend with no doubt.','published','2022-05-30 02:37:15','2022-05-30 02:37:15','[\"products\\/13.jpg\"]'),(791,8,62,4.00,'Second or third time that I buy a Botble product, happy with the products and support. You guys do a good job :)','published','2022-05-30 02:37:15','2022-05-30 02:37:15','[\"products\\/12.jpg\",\"products\\/42.jpg\",\"products\\/53.jpg\"]'),(792,1,35,2.00,'Good app, good backup service and support. Good documentation.','published','2022-05-30 02:37:15','2022-05-30 02:37:15','[\"products\\/24.jpg\",\"products\\/38.jpg\"]'),(793,8,19,1.00,'Second or third time that I buy a Botble product, happy with the products and support. You guys do a good job :)','published','2022-05-30 02:37:15','2022-05-30 02:37:15','[\"products\\/8.jpg\",\"products\\/33.jpg\"]'),(794,8,31,5.00,'The best store template! Excellent coding! Very good support! Thank you so much for all the help, I really appreciated.','published','2022-05-30 02:37:15','2022-05-30 02:37:15','[\"products\\/3.jpg\",\"products\\/42.jpg\",\"products\\/56.jpg\"]'),(795,6,18,1.00,'These guys are amazing! Responses immediately, amazing support and help... I immediately feel at ease after Purchasing..','published','2022-05-30 02:37:15','2022-05-30 02:37:15','[\"products\\/17.jpg\",\"products\\/53.jpg\"]'),(796,10,57,1.00,'Perfect +++++++++ i love it really also i get to fast ticket answers... Thanks Lot BOTBLE Teams','published','2022-05-30 02:37:15','2022-05-30 02:37:15','[\"products\\/11.jpg\"]'),(797,5,58,3.00,'Great system, great support, good job Botble. I\'m looking forward to more great functional plugins.','published','2022-05-30 02:37:15','2022-05-30 02:37:15','[\"products\\/25.jpg\",\"products\\/41.jpg\"]'),(798,3,23,1.00,'The best store template! Excellent coding! Very good support! Thank you so much for all the help, I really appreciated.','published','2022-05-30 02:37:15','2022-05-30 02:37:15','[\"products\\/4.jpg\",\"products\\/42.jpg\"]'),(799,5,53,2.00,'As a developer I reviewed this script. This is really awesome ecommerce script. I have convinced when I noticed that it\'s built on fully WordPress concept.','published','2022-05-30 02:37:15','2022-05-30 02:37:15','[\"products\\/15.jpg\",\"products\\/44.jpg\"]'),(800,2,19,4.00,'As a developer I reviewed this script. This is really awesome ecommerce script. I have convinced when I noticed that it\'s built on fully WordPress concept.','published','2022-05-30 02:37:15','2022-05-30 02:37:15','[\"products\\/13.jpg\",\"products\\/43.jpg\"]'),(801,9,7,4.00,'It\'s not my first experience here on Codecanyon and I can honestly tell you all that Botble puts a LOT of effort into the support. They answer so fast, they helped me tons of times. REALLY by far THE BEST EXPERIENCE on Codecanyon. Those guys at Botble are so good that they deserve 5 stars. I recommend them, I trust them and I can\'t wait to see what they will sell in a near future. Thank you Botble :)','published','2022-05-30 02:37:15','2022-05-30 02:37:15','[\"products\\/11.jpg\",\"products\\/54.jpg\"]'),(802,5,11,5.00,'Great E-commerce system. And much more : Wonderful Customer Support.','published','2022-05-30 02:37:15','2022-05-30 02:37:15','[\"products\\/12.jpg\"]'),(803,3,64,3.00,'Amazing code, amazing support. Overall, im really confident in Botble and im happy I made the right choice! Thank you so much guys for coding this masterpiece','published','2022-05-30 02:37:15','2022-05-30 02:37:15','[\"products\\/3.jpg\",\"products\\/54.jpg\"]'),(804,10,45,3.00,'Perfect +++++++++ i love it really also i get to fast ticket answers... Thanks Lot BOTBLE Teams','published','2022-05-30 02:37:15','2022-05-30 02:37:15','[\"products\\/18.jpg\",\"products\\/48.jpg\"]'),(805,7,28,4.00,'Great system, great support, good job Botble. I\'m looking forward to more great functional plugins.','published','2022-05-30 02:37:15','2022-05-30 02:37:15','[\"products\\/7.jpg\",\"products\\/45.jpg\"]'),(806,4,6,3.00,'Very enthusiastic support! Excellent code is written. It\'s a true pleasure working with.','published','2022-05-30 02:37:15','2022-05-30 02:37:15','[\"products\\/30.jpg\",\"products\\/31.jpg\"]'),(807,1,55,5.00,'Customer Support are grade (A*), however the code is a way too over engineered for it\'s purpose.','published','2022-05-30 02:37:15','2022-05-30 02:37:15','[\"products\\/21.jpg\",\"products\\/33.jpg\"]'),(808,5,11,5.00,'Great system, great support, good job Botble. I\'m looking forward to more great functional plugins.','published','2022-05-30 02:37:15','2022-05-30 02:37:15','[\"products\\/1.jpg\",\"products\\/50.jpg\",\"products\\/63.jpg\"]'),(809,7,51,2.00,'This web app is really good in design, code quality & features. Besides, the customer support provided by the Botble team was really fast & helpful. You guys are awesome!','published','2022-05-30 02:37:15','2022-05-30 02:37:15','[\"products\\/20.jpg\",\"products\\/31.jpg\"]'),(810,4,3,4.00,'The code is good, in general, if you like it, can you give it 5 stars?','published','2022-05-30 02:37:15','2022-05-30 02:37:15','[\"products\\/15.jpg\",\"products\\/45.jpg\"]'),(811,6,33,1.00,'This script is well coded and is super fast. The support is pretty quick. Very patient and helpful team. I strongly recommend it and they deserve more than 5 stars.','published','2022-05-30 02:37:15','2022-05-30 02:37:15','[\"products\\/14.jpg\",\"products\\/64.jpg\"]'),(812,10,27,5.00,'Solution is too robust for our purpose so we didn\'t use it at the end. But I appreciate customer support during initial configuration.','published','2022-05-30 02:37:15','2022-05-30 02:37:15','[\"products\\/1.jpg\",\"products\\/36.jpg\"]'),(813,6,44,2.00,'The code is good, in general, if you like it, can you give it 5 stars?','published','2022-05-30 02:37:15','2022-05-30 02:37:15','[\"products\\/19.jpg\"]'),(814,8,30,2.00,'This script is well coded and is super fast. The support is pretty quick. Very patient and helpful team. I strongly recommend it and they deserve more than 5 stars.','published','2022-05-30 02:37:15','2022-05-30 02:37:15','[\"products\\/1.jpg\",\"products\\/40.jpg\"]'),(815,2,39,4.00,'Great system, great support, good job Botble. I\'m looking forward to more great functional plugins.','published','2022-05-30 02:37:15','2022-05-30 02:37:15','[\"products\\/1.jpg\",\"products\\/47.jpg\",\"products\\/58.jpg\"]'),(816,10,39,3.00,'This script is well coded and is super fast. The support is pretty quick. Very patient and helpful team. I strongly recommend it and they deserve more than 5 stars.','published','2022-05-30 02:37:15','2022-05-30 02:37:15','[\"products\\/27.jpg\",\"products\\/47.jpg\"]'),(817,6,59,5.00,'Second or third time that I buy a Botble product, happy with the products and support. You guys do a good job :)','published','2022-05-30 02:37:15','2022-05-30 02:37:15','[\"products\\/19.jpg\"]'),(818,2,46,5.00,'We have received brilliant service support and will be expanding the features with the developer. Nice product!','published','2022-05-30 02:37:15','2022-05-30 02:37:15','[\"products\\/18.jpg\",\"products\\/48.jpg\",\"products\\/65.jpg\"]'),(819,2,38,3.00,'Very enthusiastic support! Excellent code is written. It\'s a true pleasure working with.','published','2022-05-30 02:37:15','2022-05-30 02:37:15','[\"products\\/26.jpg\",\"products\\/41.jpg\"]'),(820,6,39,4.00,'The best store template! Excellent coding! Very good support! Thank you so much for all the help, I really appreciated.','published','2022-05-30 02:37:15','2022-05-30 02:37:15','[\"products\\/21.jpg\"]'),(821,9,33,1.00,'Customer Support are grade (A*), however the code is a way too over engineered for it\'s purpose.','published','2022-05-30 02:37:15','2022-05-30 02:37:15','[\"products\\/22.jpg\",\"products\\/43.jpg\"]'),(822,2,47,4.00,'The best ecommerce CMS! Excellent coding! best support service! Thank you so much..... I really like your hard work.','published','2022-05-30 02:37:15','2022-05-30 02:37:15','[\"products\\/29.jpg\",\"products\\/44.jpg\"]'),(823,6,31,2.00,'Perfect +++++++++ i love it really also i get to fast ticket answers... Thanks Lot BOTBLE Teams','published','2022-05-30 02:37:15','2022-05-30 02:37:15','[\"products\\/2.jpg\",\"products\\/64.jpg\"]'),(824,10,64,3.00,'Perfect +++++++++ i love it really also i get to fast ticket answers... Thanks Lot BOTBLE Teams','published','2022-05-30 02:37:15','2022-05-30 02:37:15','[\"products\\/21.jpg\"]'),(825,7,37,5.00,'This web app is really good in design, code quality & features. Besides, the customer support provided by the Botble team was really fast & helpful. You guys are awesome!','published','2022-05-30 02:37:15','2022-05-30 02:37:15','[\"products\\/6.jpg\",\"products\\/45.jpg\"]'),(826,4,50,2.00,'The best ecommerce CMS! Excellent coding! best support service! Thank you so much..... I really like your hard work.','published','2022-05-30 02:37:15','2022-05-30 02:37:15','[\"products\\/11.jpg\",\"products\\/43.jpg\"]'),(827,2,29,3.00,'Perfect +++++++++ i love it really also i get to fast ticket answers... Thanks Lot BOTBLE Teams','published','2022-05-30 02:37:15','2022-05-30 02:37:15','[\"products\\/26.jpg\",\"products\\/42.jpg\"]'),(828,1,40,1.00,'Those guys now what they are doing, the release such a good product that it\'s a pleasure to work with ! Even when I was stuck on the project, I created a ticket and the next day it was replied by the team. GOOD JOB guys. I love working with them :)','published','2022-05-30 02:37:15','2022-05-30 02:37:15','[\"products\\/12.jpg\"]'),(829,8,17,5.00,'Clean & perfect source code','published','2022-05-30 02:37:15','2022-05-30 02:37:15','[\"products\\/1.jpg\",\"products\\/42.jpg\"]'),(830,2,14,3.00,'I Love this Script. I also found how to add other fees. Now I just wait the BIG update for the Marketplace with the Bulk Import. Just do not forget to make it to be Multi-language for us the Botble Fans.','published','2022-05-30 02:37:15','2022-05-30 02:37:15','[\"products\\/2.jpg\",\"products\\/35.jpg\",\"products\\/58.jpg\"]'),(831,5,21,1.00,'Great E-commerce system. And much more : Wonderful Customer Support.','published','2022-05-30 02:37:15','2022-05-30 02:37:15','[\"products\\/28.jpg\",\"products\\/38.jpg\"]'),(832,10,8,1.00,'Amazing code, amazing support. Overall, im really confident in Botble and im happy I made the right choice! Thank you so much guys for coding this masterpiece','published','2022-05-30 02:37:15','2022-05-30 02:37:15','[\"products\\/2.jpg\",\"products\\/50.jpg\"]'),(833,9,55,5.00,'Cool template. Excellent code quality. The support responds very quickly, which is very rare on themeforest and codecanyon.net, I buy a lot of templates, and everyone will have a response from technical support for two or three days. Thanks to tech support. I recommend to buy.','published','2022-05-30 02:37:15','2022-05-30 02:37:15','[\"products\\/8.jpg\",\"products\\/41.jpg\"]'),(834,7,11,2.00,'It\'s not my first experience here on Codecanyon and I can honestly tell you all that Botble puts a LOT of effort into the support. They answer so fast, they helped me tons of times. REALLY by far THE BEST EXPERIENCE on Codecanyon. Those guys at Botble are so good that they deserve 5 stars. I recommend them, I trust them and I can\'t wait to see what they will sell in a near future. Thank you Botble :)','published','2022-05-30 02:37:15','2022-05-30 02:37:15','[\"products\\/9.jpg\"]'),(835,5,9,5.00,'Customer Support are grade (A*), however the code is a way too over engineered for it\'s purpose.','published','2022-05-30 02:37:15','2022-05-30 02:37:15','[\"products\\/29.jpg\",\"products\\/39.jpg\"]'),(836,8,39,2.00,'Customer Support are grade (A*), however the code is a way too over engineered for it\'s purpose.','published','2022-05-30 02:37:15','2022-05-30 02:37:15','[\"products\\/25.jpg\",\"products\\/41.jpg\"]'),(837,8,52,4.00,'The best store template! Excellent coding! Very good support! Thank you so much for all the help, I really appreciated.','published','2022-05-30 02:37:15','2022-05-30 02:37:15','[\"products\\/30.jpg\",\"products\\/49.jpg\"]'),(838,8,41,1.00,'These guys are amazing! Responses immediately, amazing support and help... I immediately feel at ease after Purchasing..','published','2022-05-30 02:37:15','2022-05-30 02:37:15','[\"products\\/5.jpg\"]'),(839,9,44,2.00,'This script is well coded and is super fast. The support is pretty quick. Very patient and helpful team. I strongly recommend it and they deserve more than 5 stars.','published','2022-05-30 02:37:15','2022-05-30 02:37:15','[\"products\\/24.jpg\",\"products\\/42.jpg\"]'),(840,10,30,1.00,'Best ecommerce CMS online store!','published','2022-05-30 02:37:15','2022-05-30 02:37:15','[\"products\\/29.jpg\"]'),(841,7,36,5.00,'The code is good, in general, if you like it, can you give it 5 stars?','published','2022-05-30 02:37:15','2022-05-30 02:37:15','[\"products\\/13.jpg\",\"products\\/32.jpg\",\"products\\/51.jpg\"]'),(842,6,31,3.00,'Those guys now what they are doing, the release such a good product that it\'s a pleasure to work with ! Even when I was stuck on the project, I created a ticket and the next day it was replied by the team. GOOD JOB guys. I love working with them :)','published','2022-05-30 02:37:15','2022-05-30 02:37:15','[\"products\\/2.jpg\",\"products\\/44.jpg\"]'),(843,4,52,1.00,'The script is the best of its class, fast, easy to implement and work with , and the most important thing is the great support team , Recommend with no doubt.','published','2022-05-30 02:37:15','2022-05-30 02:37:15','[\"products\\/28.jpg\"]'),(844,2,56,3.00,'Perfect +++++++++ i love it really also i get to fast ticket answers... Thanks Lot BOTBLE Teams','published','2022-05-30 02:37:15','2022-05-30 02:37:15','[\"products\\/18.jpg\",\"products\\/44.jpg\",\"products\\/58.jpg\"]'),(845,1,49,1.00,'Solution is too robust for our purpose so we didn\'t use it at the end. But I appreciate customer support during initial configuration.','published','2022-05-30 02:37:15','2022-05-30 02:37:15','[\"products\\/21.jpg\",\"products\\/58.jpg\"]'),(846,3,60,1.00,'Cool template. Excellent code quality. The support responds very quickly, which is very rare on themeforest and codecanyon.net, I buy a lot of templates, and everyone will have a response from technical support for two or three days. Thanks to tech support. I recommend to buy.','published','2022-05-30 02:37:15','2022-05-30 02:37:15','[\"products\\/27.jpg\"]'),(847,3,27,5.00,'Amazing code, amazing support. Overall, im really confident in Botble and im happy I made the right choice! Thank you so much guys for coding this masterpiece','published','2022-05-30 02:37:15','2022-05-30 02:37:15','[\"products\\/20.jpg\",\"products\\/37.jpg\"]'),(848,9,42,5.00,'As a developer I reviewed this script. This is really awesome ecommerce script. I have convinced when I noticed that it\'s built on fully WordPress concept.','published','2022-05-30 02:37:15','2022-05-30 02:37:15','[\"products\\/10.jpg\",\"products\\/41.jpg\"]'),(849,8,33,4.00,'Ok good product. I have some issues in customizations. But its not correct to blame the developer. The product is good. Good luck for your business.','published','2022-05-30 02:37:15','2022-05-30 02:37:15','[\"products\\/25.jpg\",\"products\\/50.jpg\",\"products\\/52.jpg\"]'),(850,4,47,4.00,'I Love this Script. I also found how to add other fees. Now I just wait the BIG update for the Marketplace with the Bulk Import. Just do not forget to make it to be Multi-language for us the Botble Fans.','published','2022-05-30 02:37:15','2022-05-30 02:37:15','[\"products\\/1.jpg\",\"products\\/43.jpg\",\"products\\/57.jpg\"]'),(851,2,64,3.00,'Ok good product. I have some issues in customizations. But its not correct to blame the developer. The product is good. Good luck for your business.','published','2022-05-30 02:37:15','2022-05-30 02:37:15','[\"products\\/22.jpg\",\"products\\/35.jpg\"]'),(852,10,30,3.00,'The best store template! Excellent coding! Very good support! Thank you so much for all the help, I really appreciated.','published','2022-05-30 02:37:15','2022-05-30 02:37:15','[\"products\\/22.jpg\"]'),(853,3,16,2.00,'We have received brilliant service support and will be expanding the features with the developer. Nice product!','published','2022-05-30 02:37:15','2022-05-30 02:37:15','[\"products\\/22.jpg\",\"products\\/43.jpg\"]'),(854,3,43,5.00,'We have received brilliant service support and will be expanding the features with the developer. Nice product!','published','2022-05-30 02:37:15','2022-05-30 02:37:15','[\"products\\/2.jpg\",\"products\\/32.jpg\"]'),(855,6,62,5.00,'Second or third time that I buy a Botble product, happy with the products and support. You guys do a good job :)','published','2022-05-30 02:37:15','2022-05-30 02:37:15','[\"products\\/22.jpg\",\"products\\/39.jpg\",\"products\\/64.jpg\"]'),(856,8,60,1.00,'Very enthusiastic support! Excellent code is written. It\'s a true pleasure working with.','published','2022-05-30 02:37:15','2022-05-30 02:37:15','[\"products\\/29.jpg\",\"products\\/41.jpg\"]'),(857,7,26,1.00,'The code is good, in general, if you like it, can you give it 5 stars?','published','2022-05-30 02:37:15','2022-05-30 02:37:15','[\"products\\/30.jpg\"]'),(858,4,37,3.00,'This script is well coded and is super fast. The support is pretty quick. Very patient and helpful team. I strongly recommend it and they deserve more than 5 stars.','published','2022-05-30 02:37:15','2022-05-30 02:37:15','[\"products\\/19.jpg\"]'),(859,4,40,2.00,'The script is the best of its class, fast, easy to implement and work with , and the most important thing is the great support team , Recommend with no doubt.','published','2022-05-30 02:37:15','2022-05-30 02:37:15','[\"products\\/28.jpg\"]'),(860,1,44,3.00,'The best ecommerce CMS! Excellent coding! best support service! Thank you so much..... I really like your hard work.','published','2022-05-30 02:37:15','2022-05-30 02:37:15','[\"products\\/9.jpg\",\"products\\/40.jpg\",\"products\\/53.jpg\"]'),(861,4,6,1.00,'It\'s not my first experience here on Codecanyon and I can honestly tell you all that Botble puts a LOT of effort into the support. They answer so fast, they helped me tons of times. REALLY by far THE BEST EXPERIENCE on Codecanyon. Those guys at Botble are so good that they deserve 5 stars. I recommend them, I trust them and I can\'t wait to see what they will sell in a near future. Thank you Botble :)','published','2022-05-30 02:37:15','2022-05-30 02:37:15','[\"products\\/4.jpg\"]'),(862,10,59,3.00,'We have received brilliant service support and will be expanding the features with the developer. Nice product!','published','2022-05-30 02:37:15','2022-05-30 02:37:15','[\"products\\/16.jpg\"]'),(863,6,12,5.00,'Best ecommerce CMS online store!','published','2022-05-30 02:37:15','2022-05-30 02:37:15','[\"products\\/30.jpg\",\"products\\/33.jpg\"]'),(864,9,44,5.00,'Great E-commerce system. And much more : Wonderful Customer Support.','published','2022-05-30 02:37:15','2022-05-30 02:37:15','[\"products\\/2.jpg\",\"products\\/46.jpg\"]'),(865,4,32,4.00,'Great E-commerce system. And much more : Wonderful Customer Support.','published','2022-05-30 02:37:15','2022-05-30 02:37:15','[\"products\\/13.jpg\"]'),(866,9,55,4.00,'Solution is too robust for our purpose so we didn\'t use it at the end. But I appreciate customer support during initial configuration.','published','2022-05-30 02:37:15','2022-05-30 02:37:15','[\"products\\/17.jpg\",\"products\\/31.jpg\"]'),(867,8,62,2.00,'Customer Support are grade (A*), however the code is a way too over engineered for it\'s purpose.','published','2022-05-30 02:37:15','2022-05-30 02:37:15','[\"products\\/22.jpg\",\"products\\/58.jpg\"]'),(868,10,13,2.00,'This script is well coded and is super fast. The support is pretty quick. Very patient and helpful team. I strongly recommend it and they deserve more than 5 stars.','published','2022-05-30 02:37:15','2022-05-30 02:37:15','[\"products\\/20.jpg\",\"products\\/38.jpg\"]'),(869,1,45,1.00,'Very enthusiastic support! Excellent code is written. It\'s a true pleasure working with.','published','2022-05-30 02:37:15','2022-05-30 02:37:15','[\"products\\/23.jpg\",\"products\\/33.jpg\"]'),(870,2,30,1.00,'Good app, good backup service and support. Good documentation.','published','2022-05-30 02:37:15','2022-05-30 02:37:15','[\"products\\/10.jpg\",\"products\\/49.jpg\"]'),(871,4,56,3.00,'We have received brilliant service support and will be expanding the features with the developer. Nice product!','published','2022-05-30 02:37:15','2022-05-30 02:37:15','[\"products\\/4.jpg\",\"products\\/37.jpg\"]'),(872,2,13,1.00,'We have received brilliant service support and will be expanding the features with the developer. Nice product!','published','2022-05-30 02:37:15','2022-05-30 02:37:15','[\"products\\/3.jpg\",\"products\\/61.jpg\"]'),(873,7,3,5.00,'Amazing code, amazing support. Overall, im really confident in Botble and im happy I made the right choice! Thank you so much guys for coding this masterpiece','published','2022-05-30 02:37:15','2022-05-30 02:37:15','[\"products\\/16.jpg\"]'),(874,8,29,2.00,'Solution is too robust for our purpose so we didn\'t use it at the end. But I appreciate customer support during initial configuration.','published','2022-05-30 02:37:15','2022-05-30 02:37:15','[\"products\\/18.jpg\"]'),(875,5,34,5.00,'I Love this Script. I also found how to add other fees. Now I just wait the BIG update for the Marketplace with the Bulk Import. Just do not forget to make it to be Multi-language for us the Botble Fans.','published','2022-05-30 02:37:15','2022-05-30 02:37:15','[\"products\\/12.jpg\",\"products\\/40.jpg\"]'),(876,4,7,3.00,'Solution is too robust for our purpose so we didn\'t use it at the end. But I appreciate customer support during initial configuration.','published','2022-05-30 02:37:15','2022-05-30 02:37:15','[\"products\\/17.jpg\",\"products\\/32.jpg\"]'),(877,10,31,2.00,'Second or third time that I buy a Botble product, happy with the products and support. You guys do a good job :)','published','2022-05-30 02:37:15','2022-05-30 02:37:15','[\"products\\/4.jpg\",\"products\\/48.jpg\"]'),(878,8,61,2.00,'Amazing code, amazing support. Overall, im really confident in Botble and im happy I made the right choice! Thank you so much guys for coding this masterpiece','published','2022-05-30 02:37:15','2022-05-30 02:37:15','[\"products\\/27.jpg\",\"products\\/37.jpg\"]'),(879,3,13,4.00,'Clean & perfect source code','published','2022-05-30 02:37:15','2022-05-30 02:37:15','[\"products\\/15.jpg\"]'),(880,9,37,4.00,'Best ecommerce CMS online store!','published','2022-05-30 02:37:15','2022-05-30 02:37:15','[\"products\\/15.jpg\",\"products\\/39.jpg\"]'),(881,8,57,2.00,'Cool template. Excellent code quality. The support responds very quickly, which is very rare on themeforest and codecanyon.net, I buy a lot of templates, and everyone will have a response from technical support for two or three days. Thanks to tech support. I recommend to buy.','published','2022-05-30 02:37:15','2022-05-30 02:37:15','[\"products\\/12.jpg\",\"products\\/47.jpg\"]'),(882,5,39,5.00,'Second or third time that I buy a Botble product, happy with the products and support. You guys do a good job :)','published','2022-05-30 02:37:15','2022-05-30 02:37:15','[\"products\\/19.jpg\",\"products\\/33.jpg\"]'),(883,9,53,5.00,'Second or third time that I buy a Botble product, happy with the products and support. You guys do a good job :)','published','2022-05-30 02:37:15','2022-05-30 02:37:15','[\"products\\/27.jpg\",\"products\\/49.jpg\"]'),(884,4,33,2.00,'Solution is too robust for our purpose so we didn\'t use it at the end. But I appreciate customer support during initial configuration.','published','2022-05-30 02:37:15','2022-05-30 02:37:15','[\"products\\/29.jpg\",\"products\\/43.jpg\"]'),(885,4,50,3.00,'We have received brilliant service support and will be expanding the features with the developer. Nice product!','published','2022-05-30 02:37:15','2022-05-30 02:37:15','[\"products\\/7.jpg\"]'),(886,3,65,1.00,'Perfect +++++++++ i love it really also i get to fast ticket answers... Thanks Lot BOTBLE Teams','published','2022-05-30 02:37:15','2022-05-30 02:37:15','[\"products\\/12.jpg\"]'),(887,1,40,4.00,'Perfect +++++++++ i love it really also i get to fast ticket answers... Thanks Lot BOTBLE Teams','published','2022-05-30 02:37:15','2022-05-30 02:37:15','[\"products\\/23.jpg\",\"products\\/36.jpg\",\"products\\/60.jpg\"]'),(888,9,45,5.00,'Great system, great support, good job Botble. I\'m looking forward to more great functional plugins.','published','2022-05-30 02:37:15','2022-05-30 02:37:15','[\"products\\/4.jpg\",\"products\\/46.jpg\"]'),(889,4,13,3.00,'We have received brilliant service support and will be expanding the features with the developer. Nice product!','published','2022-05-30 02:37:15','2022-05-30 02:37:15','[\"products\\/14.jpg\"]'),(890,10,40,5.00,'Great E-commerce system. And much more : Wonderful Customer Support.','published','2022-05-30 02:37:15','2022-05-30 02:37:15','[\"products\\/13.jpg\",\"products\\/48.jpg\"]'),(891,10,11,4.00,'Amazing code, amazing support. Overall, im really confident in Botble and im happy I made the right choice! Thank you so much guys for coding this masterpiece','published','2022-05-30 02:37:15','2022-05-30 02:37:15','[\"products\\/12.jpg\",\"products\\/62.jpg\"]'),(892,1,25,4.00,'Very enthusiastic support! Excellent code is written. It\'s a true pleasure working with.','published','2022-05-30 02:37:15','2022-05-30 02:37:15','[\"products\\/30.jpg\"]'),(893,8,13,3.00,'Best ecommerce CMS online store!','published','2022-05-30 02:37:15','2022-05-30 02:37:15','[\"products\\/15.jpg\",\"products\\/39.jpg\",\"products\\/57.jpg\"]'),(894,4,32,1.00,'Great system, great support, good job Botble. I\'m looking forward to more great functional plugins.','published','2022-05-30 02:37:15','2022-05-30 02:37:15','[\"products\\/25.jpg\"]'),(895,5,38,2.00,'The best ecommerce CMS! Excellent coding! best support service! Thank you so much..... I really like your hard work.','published','2022-05-30 02:37:15','2022-05-30 02:37:15','[\"products\\/4.jpg\",\"products\\/37.jpg\"]'),(896,10,41,5.00,'This web app is really good in design, code quality & features. Besides, the customer support provided by the Botble team was really fast & helpful. You guys are awesome!','published','2022-05-30 02:37:15','2022-05-30 02:37:15','[\"products\\/30.jpg\",\"products\\/40.jpg\"]'),(897,6,26,1.00,'As a developer I reviewed this script. This is really awesome ecommerce script. I have convinced when I noticed that it\'s built on fully WordPress concept.','published','2022-05-30 02:37:15','2022-05-30 02:37:15','[\"products\\/1.jpg\",\"products\\/35.jpg\"]'),(898,5,37,4.00,'The code is good, in general, if you like it, can you give it 5 stars?','published','2022-05-30 02:37:15','2022-05-30 02:37:15','[\"products\\/26.jpg\"]'),(899,4,21,1.00,'Cool template. Excellent code quality. The support responds very quickly, which is very rare on themeforest and codecanyon.net, I buy a lot of templates, and everyone will have a response from technical support for two or three days. Thanks to tech support. I recommend to buy.','published','2022-05-30 02:37:15','2022-05-30 02:37:15','[\"products\\/20.jpg\"]'),(900,6,60,1.00,'The script is the best of its class, fast, easy to implement and work with , and the most important thing is the great support team , Recommend with no doubt.','published','2022-05-30 02:37:15','2022-05-30 02:37:15','[\"products\\/4.jpg\",\"products\\/51.jpg\"]'),(901,6,23,4.00,'Very enthusiastic support! Excellent code is written. It\'s a true pleasure working with.','published','2022-05-30 02:37:15','2022-05-30 02:37:15','[\"products\\/26.jpg\",\"products\\/41.jpg\",\"products\\/62.jpg\"]'),(902,1,19,1.00,'For me the best eCommerce script on Envato at this moment: modern, clean code, a lot of great features. The customer support is great too: I always get an answer within hours!','published','2022-05-30 02:37:15','2022-05-30 02:37:15','[\"products\\/16.jpg\",\"products\\/39.jpg\",\"products\\/51.jpg\"]'),(903,6,25,4.00,'We have received brilliant service support and will be expanding the features with the developer. Nice product!','published','2022-05-30 02:37:15','2022-05-30 02:37:15','[\"products\\/17.jpg\",\"products\\/40.jpg\"]'),(904,9,1,1.00,'Customer Support are grade (A*), however the code is a way too over engineered for it\'s purpose.','published','2022-05-30 02:37:15','2022-05-30 02:37:15','[\"products\\/23.jpg\",\"products\\/40.jpg\"]'),(905,1,10,4.00,'Customer Support are grade (A*), however the code is a way too over engineered for it\'s purpose.','published','2022-05-30 02:37:15','2022-05-30 02:37:15','[\"products\\/18.jpg\"]'),(906,1,17,3.00,'Clean & perfect source code','published','2022-05-30 02:37:15','2022-05-30 02:37:15','[\"products\\/10.jpg\",\"products\\/42.jpg\"]'),(907,10,34,3.00,'Good app, good backup service and support. Good documentation.','published','2022-05-30 02:37:15','2022-05-30 02:37:15','[\"products\\/16.jpg\"]'),(908,1,3,3.00,'Those guys now what they are doing, the release such a good product that it\'s a pleasure to work with ! Even when I was stuck on the project, I created a ticket and the next day it was replied by the team. GOOD JOB guys. I love working with them :)','published','2022-05-30 02:37:15','2022-05-30 02:37:15','[\"products\\/25.jpg\",\"products\\/45.jpg\"]'),(909,10,15,4.00,'Cool template. Excellent code quality. The support responds very quickly, which is very rare on themeforest and codecanyon.net, I buy a lot of templates, and everyone will have a response from technical support for two or three days. Thanks to tech support. I recommend to buy.','published','2022-05-30 02:37:15','2022-05-30 02:37:15','[\"products\\/29.jpg\",\"products\\/43.jpg\"]'),(910,5,64,5.00,'I Love this Script. I also found how to add other fees. Now I just wait the BIG update for the Marketplace with the Bulk Import. Just do not forget to make it to be Multi-language for us the Botble Fans.','published','2022-05-30 02:37:15','2022-05-30 02:37:15','[\"products\\/30.jpg\"]'),(911,3,6,1.00,'The code is good, in general, if you like it, can you give it 5 stars?','published','2022-05-30 02:37:15','2022-05-30 02:37:15','[\"products\\/23.jpg\",\"products\\/45.jpg\"]'),(912,7,61,1.00,'Customer Support are grade (A*), however the code is a way too over engineered for it\'s purpose.','published','2022-05-30 02:37:15','2022-05-30 02:37:15','[\"products\\/20.jpg\"]'),(913,9,7,4.00,'Perfect +++++++++ i love it really also i get to fast ticket answers... Thanks Lot BOTBLE Teams','published','2022-05-30 02:37:15','2022-05-30 02:37:15','[\"products\\/21.jpg\",\"products\\/32.jpg\"]'),(914,2,65,3.00,'Solution is too robust for our purpose so we didn\'t use it at the end. But I appreciate customer support during initial configuration.','published','2022-05-30 02:37:15','2022-05-30 02:37:15','[\"products\\/7.jpg\",\"products\\/49.jpg\"]'),(915,7,47,3.00,'Best ecommerce CMS online store!','published','2022-05-30 02:37:15','2022-05-30 02:37:15','[\"products\\/2.jpg\"]'),(916,9,17,3.00,'Great system, great support, good job Botble. I\'m looking forward to more great functional plugins.','published','2022-05-30 02:37:15','2022-05-30 02:37:15','[\"products\\/17.jpg\",\"products\\/44.jpg\",\"products\\/54.jpg\"]'),(917,4,40,4.00,'The best ecommerce CMS! Excellent coding! best support service! Thank you so much..... I really like your hard work.','published','2022-05-30 02:37:15','2022-05-30 02:37:15','[\"products\\/14.jpg\",\"products\\/45.jpg\"]'),(918,9,25,3.00,'Cool template. Excellent code quality. The support responds very quickly, which is very rare on themeforest and codecanyon.net, I buy a lot of templates, and everyone will have a response from technical support for two or three days. Thanks to tech support. I recommend to buy.','published','2022-05-30 02:37:15','2022-05-30 02:37:15','[\"products\\/14.jpg\",\"products\\/38.jpg\"]'),(919,3,41,4.00,'Those guys now what they are doing, the release such a good product that it\'s a pleasure to work with ! Even when I was stuck on the project, I created a ticket and the next day it was replied by the team. GOOD JOB guys. I love working with them :)','published','2022-05-30 02:37:15','2022-05-30 02:37:15','[\"products\\/29.jpg\",\"products\\/37.jpg\"]'),(920,2,62,2.00,'Great E-commerce system. And much more : Wonderful Customer Support.','published','2022-05-30 02:37:15','2022-05-30 02:37:15','[\"products\\/2.jpg\",\"products\\/34.jpg\"]'),(921,2,9,1.00,'Ok good product. I have some issues in customizations. But its not correct to blame the developer. The product is good. Good luck for your business.','published','2022-05-30 02:37:15','2022-05-30 02:37:15','[\"products\\/6.jpg\"]'),(922,7,20,5.00,'This web app is really good in design, code quality & features. Besides, the customer support provided by the Botble team was really fast & helpful. You guys are awesome!','published','2022-05-30 02:37:15','2022-05-30 02:37:15','[\"products\\/14.jpg\",\"products\\/47.jpg\"]'),(923,6,62,5.00,'Solution is too robust for our purpose so we didn\'t use it at the end. But I appreciate customer support during initial configuration.','published','2022-05-30 02:37:15','2022-05-30 02:37:15','[\"products\\/18.jpg\",\"products\\/46.jpg\"]'),(924,7,10,2.00,'It\'s not my first experience here on Codecanyon and I can honestly tell you all that Botble puts a LOT of effort into the support. They answer so fast, they helped me tons of times. REALLY by far THE BEST EXPERIENCE on Codecanyon. Those guys at Botble are so good that they deserve 5 stars. I recommend them, I trust them and I can\'t wait to see what they will sell in a near future. Thank you Botble :)','published','2022-05-30 02:37:15','2022-05-30 02:37:15','[\"products\\/14.jpg\",\"products\\/35.jpg\"]'),(925,8,60,2.00,'Solution is too robust for our purpose so we didn\'t use it at the end. But I appreciate customer support during initial configuration.','published','2022-05-30 02:37:15','2022-05-30 02:37:15','[\"products\\/17.jpg\"]'),(926,3,52,1.00,'As a developer I reviewed this script. This is really awesome ecommerce script. I have convinced when I noticed that it\'s built on fully WordPress concept.','published','2022-05-30 02:37:15','2022-05-30 02:37:15','[\"products\\/2.jpg\",\"products\\/50.jpg\"]'),(927,2,2,4.00,'Customer Support are grade (A*), however the code is a way too over engineered for it\'s purpose.','published','2022-05-30 02:37:15','2022-05-30 02:37:15','[\"products\\/24.jpg\"]'),(928,5,55,4.00,'Cool template. Excellent code quality. The support responds very quickly, which is very rare on themeforest and codecanyon.net, I buy a lot of templates, and everyone will have a response from technical support for two or three days. Thanks to tech support. I recommend to buy.','published','2022-05-30 02:37:15','2022-05-30 02:37:15','[\"products\\/2.jpg\"]'),(929,7,52,3.00,'Great E-commerce system. And much more : Wonderful Customer Support.','published','2022-05-30 02:37:15','2022-05-30 02:37:15','[\"products\\/11.jpg\"]'),(930,6,42,5.00,'The best ecommerce CMS! Excellent coding! best support service! Thank you so much..... I really like your hard work.','published','2022-05-30 02:37:15','2022-05-30 02:37:15','[\"products\\/29.jpg\",\"products\\/43.jpg\"]'),(931,1,30,2.00,'Amazing code, amazing support. Overall, im really confident in Botble and im happy I made the right choice! Thank you so much guys for coding this masterpiece','published','2022-05-30 02:37:15','2022-05-30 02:37:15','[\"products\\/13.jpg\",\"products\\/60.jpg\"]'),(932,6,9,4.00,'Great system, great support, good job Botble. I\'m looking forward to more great functional plugins.','published','2022-05-30 02:37:15','2022-05-30 02:37:15','[\"products\\/30.jpg\"]'),(933,7,47,3.00,'We have received brilliant service support and will be expanding the features with the developer. Nice product!','published','2022-05-30 02:37:15','2022-05-30 02:37:15','[\"products\\/10.jpg\",\"products\\/32.jpg\"]'),(934,8,13,3.00,'We have received brilliant service support and will be expanding the features with the developer. Nice product!','published','2022-05-30 02:37:15','2022-05-30 02:37:15','[\"products\\/24.jpg\",\"products\\/59.jpg\"]'),(935,10,56,1.00,'As a developer I reviewed this script. This is really awesome ecommerce script. I have convinced when I noticed that it\'s built on fully WordPress concept.','published','2022-05-30 02:37:15','2022-05-30 02:37:15','[\"products\\/6.jpg\",\"products\\/43.jpg\",\"products\\/65.jpg\"]'),(936,8,47,2.00,'For me the best eCommerce script on Envato at this moment: modern, clean code, a lot of great features. The customer support is great too: I always get an answer within hours!','published','2022-05-30 02:37:15','2022-05-30 02:37:15','[\"products\\/30.jpg\",\"products\\/38.jpg\"]'),(937,7,52,2.00,'I Love this Script. I also found how to add other fees. Now I just wait the BIG update for the Marketplace with the Bulk Import. Just do not forget to make it to be Multi-language for us the Botble Fans.','published','2022-05-30 02:37:15','2022-05-30 02:37:15','[\"products\\/30.jpg\"]'),(938,1,3,4.00,'The best ecommerce CMS! Excellent coding! best support service! Thank you so much..... I really like your hard work.','published','2022-05-30 02:37:15','2022-05-30 02:37:15','[\"products\\/16.jpg\"]'),(939,4,27,2.00,'The script is the best of its class, fast, easy to implement and work with , and the most important thing is the great support team , Recommend with no doubt.','published','2022-05-30 02:37:15','2022-05-30 02:37:15','[\"products\\/12.jpg\",\"products\\/43.jpg\",\"products\\/52.jpg\"]'),(940,5,35,1.00,'Customer Support are grade (A*), however the code is a way too over engineered for it\'s purpose.','published','2022-05-30 02:37:15','2022-05-30 02:37:15','[\"products\\/24.jpg\",\"products\\/50.jpg\"]'),(941,1,46,5.00,'Amazing code, amazing support. Overall, im really confident in Botble and im happy I made the right choice! Thank you so much guys for coding this masterpiece','published','2022-05-30 02:37:15','2022-05-30 02:37:15','[\"products\\/5.jpg\",\"products\\/40.jpg\"]'),(942,8,52,2.00,'Perfect +++++++++ i love it really also i get to fast ticket answers... Thanks Lot BOTBLE Teams','published','2022-05-30 02:37:15','2022-05-30 02:37:15','[\"products\\/10.jpg\",\"products\\/42.jpg\"]'),(943,9,1,2.00,'This script is well coded and is super fast. The support is pretty quick. Very patient and helpful team. I strongly recommend it and they deserve more than 5 stars.','published','2022-05-30 02:37:15','2022-05-30 02:37:15','[\"products\\/16.jpg\",\"products\\/38.jpg\",\"products\\/56.jpg\"]'),(944,5,23,2.00,'Best ecommerce CMS online store!','published','2022-05-30 02:37:15','2022-05-30 02:37:15','[\"products\\/23.jpg\",\"products\\/31.jpg\",\"products\\/62.jpg\"]'),(945,4,12,3.00,'For me the best eCommerce script on Envato at this moment: modern, clean code, a lot of great features. The customer support is great too: I always get an answer within hours!','published','2022-05-30 02:37:15','2022-05-30 02:37:15','[\"products\\/5.jpg\",\"products\\/35.jpg\"]'),(946,3,13,4.00,'Second or third time that I buy a Botble product, happy with the products and support. You guys do a good job :)','published','2022-05-30 02:37:15','2022-05-30 02:37:15','[\"products\\/21.jpg\",\"products\\/49.jpg\"]'),(947,1,28,4.00,'Very enthusiastic support! Excellent code is written. It\'s a true pleasure working with.','published','2022-05-30 02:37:15','2022-05-30 02:37:15','[\"products\\/23.jpg\"]'),(948,4,47,1.00,'These guys are amazing! Responses immediately, amazing support and help... I immediately feel at ease after Purchasing..','published','2022-05-30 02:37:15','2022-05-30 02:37:15','[\"products\\/23.jpg\",\"products\\/39.jpg\",\"products\\/53.jpg\"]'),(949,8,40,2.00,'Perfect +++++++++ i love it really also i get to fast ticket answers... Thanks Lot BOTBLE Teams','published','2022-05-30 02:37:15','2022-05-30 02:37:15','[\"products\\/29.jpg\",\"products\\/37.jpg\"]'),(950,8,10,4.00,'Customer Support are grade (A*), however the code is a way too over engineered for it\'s purpose.','published','2022-05-30 02:37:15','2022-05-30 02:37:15','[\"products\\/19.jpg\"]'),(951,7,25,3.00,'As a developer I reviewed this script. This is really awesome ecommerce script. I have convinced when I noticed that it\'s built on fully WordPress concept.','published','2022-05-30 02:37:15','2022-05-30 02:37:15','[\"products\\/22.jpg\",\"products\\/49.jpg\",\"products\\/64.jpg\"]'),(952,10,59,4.00,'Customer Support are grade (A*), however the code is a way too over engineered for it\'s purpose.','published','2022-05-30 02:37:15','2022-05-30 02:37:15','[\"products\\/23.jpg\",\"products\\/35.jpg\",\"products\\/53.jpg\"]'),(953,5,30,1.00,'Amazing code, amazing support. Overall, im really confident in Botble and im happy I made the right choice! Thank you so much guys for coding this masterpiece','published','2022-05-30 02:37:15','2022-05-30 02:37:15','[\"products\\/17.jpg\",\"products\\/49.jpg\",\"products\\/61.jpg\"]'),(954,10,25,1.00,'The script is the best of its class, fast, easy to implement and work with , and the most important thing is the great support team , Recommend with no doubt.','published','2022-05-30 02:37:15','2022-05-30 02:37:15','[\"products\\/29.jpg\",\"products\\/46.jpg\"]'),(955,5,26,3.00,'Great system, great support, good job Botble. I\'m looking forward to more great functional plugins.','published','2022-05-30 02:37:15','2022-05-30 02:37:15','[\"products\\/26.jpg\",\"products\\/44.jpg\"]'),(956,2,47,2.00,'I Love this Script. I also found how to add other fees. Now I just wait the BIG update for the Marketplace with the Bulk Import. Just do not forget to make it to be Multi-language for us the Botble Fans.','published','2022-05-30 02:37:15','2022-05-30 02:37:15','[\"products\\/14.jpg\",\"products\\/34.jpg\",\"products\\/64.jpg\"]'),(957,9,13,2.00,'We have received brilliant service support and will be expanding the features with the developer. Nice product!','published','2022-05-30 02:37:15','2022-05-30 02:37:15','[\"products\\/5.jpg\",\"products\\/43.jpg\",\"products\\/56.jpg\"]'),(958,9,5,3.00,'Perfect +++++++++ i love it really also i get to fast ticket answers... Thanks Lot BOTBLE Teams','published','2022-05-30 02:37:15','2022-05-30 02:37:15','[\"products\\/26.jpg\",\"products\\/40.jpg\"]'),(959,9,56,4.00,'Customer Support are grade (A*), however the code is a way too over engineered for it\'s purpose.','published','2022-05-30 02:37:15','2022-05-30 02:37:15','[\"products\\/18.jpg\",\"products\\/56.jpg\"]'),(960,6,25,3.00,'Solution is too robust for our purpose so we didn\'t use it at the end. But I appreciate customer support during initial configuration.','published','2022-05-30 02:37:15','2022-05-30 02:37:15','[\"products\\/16.jpg\",\"products\\/32.jpg\"]'),(961,4,41,2.00,'Ok good product. I have some issues in customizations. But its not correct to blame the developer. The product is good. Good luck for your business.','published','2022-05-30 02:37:15','2022-05-30 02:37:15','[\"products\\/15.jpg\",\"products\\/43.jpg\",\"products\\/51.jpg\"]'),(962,6,10,1.00,'Second or third time that I buy a Botble product, happy with the products and support. You guys do a good job :)','published','2022-05-30 02:37:15','2022-05-30 02:37:15','[\"products\\/5.jpg\"]'),(963,9,32,1.00,'This script is well coded and is super fast. The support is pretty quick. Very patient and helpful team. I strongly recommend it and they deserve more than 5 stars.','published','2022-05-30 02:37:15','2022-05-30 02:37:15','[\"products\\/20.jpg\"]'),(964,4,57,2.00,'We have received brilliant service support and will be expanding the features with the developer. Nice product!','published','2022-05-30 02:37:15','2022-05-30 02:37:15','[\"products\\/9.jpg\",\"products\\/46.jpg\"]'),(965,9,53,2.00,'The best store template! Excellent coding! Very good support! Thank you so much for all the help, I really appreciated.','published','2022-05-30 02:37:15','2022-05-30 02:37:15','[\"products\\/24.jpg\",\"products\\/40.jpg\"]'),(966,6,40,3.00,'Perfect +++++++++ i love it really also i get to fast ticket answers... Thanks Lot BOTBLE Teams','published','2022-05-30 02:37:15','2022-05-30 02:37:15','[\"products\\/6.jpg\"]'),(967,6,30,3.00,'This script is well coded and is super fast. The support is pretty quick. Very patient and helpful team. I strongly recommend it and they deserve more than 5 stars.','published','2022-05-30 02:37:15','2022-05-30 02:37:15','[\"products\\/17.jpg\",\"products\\/46.jpg\",\"products\\/61.jpg\"]'),(968,3,64,1.00,'It\'s not my first experience here on Codecanyon and I can honestly tell you all that Botble puts a LOT of effort into the support. They answer so fast, they helped me tons of times. REALLY by far THE BEST EXPERIENCE on Codecanyon. Those guys at Botble are so good that they deserve 5 stars. I recommend them, I trust them and I can\'t wait to see what they will sell in a near future. Thank you Botble :)','published','2022-05-30 02:37:15','2022-05-30 02:37:15','[\"products\\/5.jpg\",\"products\\/40.jpg\"]'),(969,2,30,1.00,'Those guys now what they are doing, the release such a good product that it\'s a pleasure to work with ! Even when I was stuck on the project, I created a ticket and the next day it was replied by the team. GOOD JOB guys. I love working with them :)','published','2022-05-30 02:37:15','2022-05-30 02:37:15','[\"products\\/18.jpg\",\"products\\/48.jpg\"]'),(970,1,57,2.00,'These guys are amazing! Responses immediately, amazing support and help... I immediately feel at ease after Purchasing..','published','2022-05-30 02:37:15','2022-05-30 02:37:15','[\"products\\/11.jpg\",\"products\\/43.jpg\"]'),(971,8,15,4.00,'For me the best eCommerce script on Envato at this moment: modern, clean code, a lot of great features. The customer support is great too: I always get an answer within hours!','published','2022-05-30 02:37:15','2022-05-30 02:37:15','[\"products\\/27.jpg\",\"products\\/45.jpg\"]'),(972,1,17,4.00,'Great system, great support, good job Botble. I\'m looking forward to more great functional plugins.','published','2022-05-30 02:37:15','2022-05-30 02:37:15','[\"products\\/8.jpg\",\"products\\/40.jpg\"]'),(973,10,6,1.00,'The script is the best of its class, fast, easy to implement and work with , and the most important thing is the great support team , Recommend with no doubt.','published','2022-05-30 02:37:15','2022-05-30 02:37:15','[\"products\\/3.jpg\",\"products\\/44.jpg\"]'),(974,6,48,4.00,'The best store template! Excellent coding! Very good support! Thank you so much for all the help, I really appreciated.','published','2022-05-30 02:37:15','2022-05-30 02:37:15','[\"products\\/1.jpg\"]'),(975,9,62,1.00,'Cool template. Excellent code quality. The support responds very quickly, which is very rare on themeforest and codecanyon.net, I buy a lot of templates, and everyone will have a response from technical support for two or three days. Thanks to tech support. I recommend to buy.','published','2022-05-30 02:37:15','2022-05-30 02:37:15','[\"products\\/14.jpg\",\"products\\/47.jpg\"]'),(976,1,20,2.00,'The code is good, in general, if you like it, can you give it 5 stars?','published','2022-05-30 02:37:15','2022-05-30 02:37:15','[\"products\\/24.jpg\",\"products\\/49.jpg\",\"products\\/51.jpg\"]'),(977,7,28,2.00,'Those guys now what they are doing, the release such a good product that it\'s a pleasure to work with ! Even when I was stuck on the project, I created a ticket and the next day it was replied by the team. GOOD JOB guys. I love working with them :)','published','2022-05-30 02:37:15','2022-05-30 02:37:15','[\"products\\/2.jpg\",\"products\\/65.jpg\"]'),(978,1,53,2.00,'The script is the best of its class, fast, easy to implement and work with , and the most important thing is the great support team , Recommend with no doubt.','published','2022-05-30 02:37:15','2022-05-30 02:37:15','[\"products\\/22.jpg\",\"products\\/35.jpg\"]'),(979,4,57,1.00,'The code is good, in general, if you like it, can you give it 5 stars?','published','2022-05-30 02:37:15','2022-05-30 02:37:15','[\"products\\/20.jpg\",\"products\\/50.jpg\"]'),(980,8,5,4.00,'Perfect +++++++++ i love it really also i get to fast ticket answers... Thanks Lot BOTBLE Teams','published','2022-05-30 02:37:15','2022-05-30 02:37:15','[\"products\\/25.jpg\",\"products\\/43.jpg\",\"products\\/56.jpg\"]'),(981,3,4,5.00,'The best ecommerce CMS! Excellent coding! best support service! Thank you so much..... I really like your hard work.','published','2022-05-30 02:37:15','2022-05-30 02:37:15','[\"products\\/6.jpg\",\"products\\/45.jpg\",\"products\\/62.jpg\"]'),(982,8,65,3.00,'Great system, great support, good job Botble. I\'m looking forward to more great functional plugins.','published','2022-05-30 02:37:15','2022-05-30 02:37:15','[\"products\\/19.jpg\",\"products\\/38.jpg\"]'),(983,2,17,1.00,'I Love this Script. I also found how to add other fees. Now I just wait the BIG update for the Marketplace with the Bulk Import. Just do not forget to make it to be Multi-language for us the Botble Fans.','published','2022-05-30 02:37:15','2022-05-30 02:37:15','[\"products\\/28.jpg\",\"products\\/52.jpg\"]'),(984,7,49,3.00,'Ok good product. I have some issues in customizations. But its not correct to blame the developer. The product is good. Good luck for your business.','published','2022-05-30 02:37:15','2022-05-30 02:37:15','[\"products\\/14.jpg\",\"products\\/57.jpg\"]'),(985,5,42,5.00,'Cool template. Excellent code quality. The support responds very quickly, which is very rare on themeforest and codecanyon.net, I buy a lot of templates, and everyone will have a response from technical support for two or three days. Thanks to tech support. I recommend to buy.','published','2022-05-30 02:37:15','2022-05-30 02:37:15','[\"products\\/27.jpg\",\"products\\/33.jpg\",\"products\\/53.jpg\"]'),(986,3,35,2.00,'Cool template. Excellent code quality. The support responds very quickly, which is very rare on themeforest and codecanyon.net, I buy a lot of templates, and everyone will have a response from technical support for two or three days. Thanks to tech support. I recommend to buy.','published','2022-05-30 02:37:15','2022-05-30 02:37:15','[\"products\\/24.jpg\",\"products\\/40.jpg\"]'),(987,9,9,1.00,'This script is well coded and is super fast. The support is pretty quick. Very patient and helpful team. I strongly recommend it and they deserve more than 5 stars.','published','2022-05-30 02:37:15','2022-05-30 02:37:15','[\"products\\/25.jpg\",\"products\\/32.jpg\",\"products\\/55.jpg\"]'),(988,9,42,4.00,'Cool template. Excellent code quality. The support responds very quickly, which is very rare on themeforest and codecanyon.net, I buy a lot of templates, and everyone will have a response from technical support for two or three days. Thanks to tech support. I recommend to buy.','published','2022-05-30 02:37:15','2022-05-30 02:37:15','[\"products\\/9.jpg\",\"products\\/37.jpg\"]'),(989,4,54,3.00,'These guys are amazing! Responses immediately, amazing support and help... I immediately feel at ease after Purchasing..','published','2022-05-30 02:37:15','2022-05-30 02:37:15','[\"products\\/15.jpg\"]'),(990,9,56,2.00,'The best store template! Excellent coding! Very good support! Thank you so much for all the help, I really appreciated.','published','2022-05-30 02:37:15','2022-05-30 02:37:15','[\"products\\/25.jpg\"]'),(991,4,26,3.00,'Good app, good backup service and support. Good documentation.','published','2022-05-30 02:37:15','2022-05-30 02:37:15','[\"products\\/30.jpg\",\"products\\/32.jpg\"]'),(992,10,54,5.00,'We have received brilliant service support and will be expanding the features with the developer. Nice product!','published','2022-05-30 02:37:15','2022-05-30 02:37:15','[\"products\\/19.jpg\",\"products\\/64.jpg\"]'),(993,8,20,1.00,'We have received brilliant service support and will be expanding the features with the developer. Nice product!','published','2022-05-30 02:37:15','2022-05-30 02:37:15','[\"products\\/16.jpg\",\"products\\/50.jpg\",\"products\\/61.jpg\"]'),(994,7,19,5.00,'Best ecommerce CMS online store!','published','2022-05-30 02:37:15','2022-05-30 02:37:15','[\"products\\/29.jpg\",\"products\\/57.jpg\"]'),(995,10,2,3.00,'Good app, good backup service and support. Good documentation.','published','2022-05-30 02:37:15','2022-05-30 02:37:15','[\"products\\/6.jpg\",\"products\\/53.jpg\"]'),(996,7,45,1.00,'The best ecommerce CMS! Excellent coding! best support service! Thank you so much..... I really like your hard work.','published','2022-05-30 02:37:15','2022-05-30 02:37:15','[\"products\\/19.jpg\"]'),(997,9,28,5.00,'Ok good product. I have some issues in customizations. But its not correct to blame the developer. The product is good. Good luck for your business.','published','2022-05-30 02:37:15','2022-05-30 02:37:15','[\"products\\/30.jpg\",\"products\\/46.jpg\"]'),(998,3,29,5.00,'The best ecommerce CMS! Excellent coding! best support service! Thank you so much..... I really like your hard work.','published','2022-05-30 02:37:15','2022-05-30 02:37:15','[\"products\\/17.jpg\",\"products\\/61.jpg\"]'),(999,4,45,4.00,'Best ecommerce CMS online store!','published','2022-05-30 02:37:15','2022-05-30 02:37:15','[\"products\\/4.jpg\",\"products\\/44.jpg\"]'),(1000,4,5,1.00,'Amazing code, amazing support. Overall, im really confident in Botble and im happy I made the right choice! Thank you so much guys for coding this masterpiece','published','2022-05-30 02:37:15','2022-05-30 02:37:15','[\"products\\/10.jpg\",\"products\\/39.jpg\"]');
/*!40000 ALTER TABLE `ec_reviews` ENABLE KEYS */;
UNLOCK TABLES;

--
-- Table structure for table `ec_shipment_histories`
--

DROP TABLE IF EXISTS `ec_shipment_histories`;
/*!40101 SET @saved_cs_client     = @@character_set_client */;
/*!50503 SET character_set_client = utf8mb4 */;
CREATE TABLE `ec_shipment_histories` (
  `id` bigint unsigned NOT NULL AUTO_INCREMENT,
  `action` varchar(120) COLLATE utf8mb4_unicode_ci NOT NULL,
  `description` varchar(255) COLLATE utf8mb4_unicode_ci NOT NULL,
  `user_id` int unsigned DEFAULT NULL,
  `shipment_id` int unsigned NOT NULL,
  `order_id` int unsigned NOT NULL,
  `created_at` timestamp NULL DEFAULT NULL,
  `updated_at` timestamp NULL DEFAULT NULL,
  PRIMARY KEY (`id`)
) ENGINE=InnoDB AUTO_INCREMENT=117 DEFAULT CHARSET=utf8mb4 COLLATE=utf8mb4_unicode_ci;
/*!40101 SET character_set_client = @saved_cs_client */;

--
-- Dumping data for table `ec_shipment_histories`
--

LOCK TABLES `ec_shipment_histories` WRITE;
/*!40000 ALTER TABLE `ec_shipment_histories` DISABLE KEYS */;
INSERT INTO `ec_shipment_histories` VALUES (1,'create_from_order','Shipping was created from order %order_id%',0,1,1,'2022-05-25 02:37:27','2022-05-25 02:37:27'),(2,'update_status','Changed status of shipping to: Approved. Updated by: %user_name%',0,1,1,'2022-05-28 10:37:28','2022-05-30 02:37:28'),(3,'create_from_order','Shipping was created from order %order_id%',0,2,2,'2022-05-18 10:37:28','2022-05-18 10:37:28'),(4,'update_status','Changed status of shipping to: Approved. Updated by: %user_name%',0,2,2,'2022-05-28 10:37:28','2022-05-30 02:37:28'),(5,'create_from_order','Shipping was created from order %order_id%',0,3,3,'2022-05-20 02:37:28','2022-05-20 02:37:28'),(6,'update_status','Changed status of shipping to: Approved. Updated by: %user_name%',0,3,3,'2022-05-28 10:37:28','2022-05-30 02:37:28'),(7,'create_from_order','Shipping was created from order %order_id%',0,4,4,'2022-05-15 02:37:28','2022-05-15 02:37:28'),(8,'update_status','Changed status of shipping to: Approved. Updated by: %user_name%',0,4,4,'2022-05-28 10:37:28','2022-05-30 02:37:28'),(9,'update_status','Changed status of shipping to: Delivered. Updated by: %user_name%',0,4,4,'2022-05-30 02:37:28','2022-05-30 02:37:28'),(10,'create_from_order','Shipping was created from order %order_id%',0,5,5,'2022-05-22 04:37:28','2022-05-22 04:37:28'),(11,'update_status','Changed status of shipping to: Approved. Updated by: %user_name%',0,5,5,'2022-05-28 12:37:28','2022-05-30 02:37:28'),(12,'update_status','Changed status of shipping to: Delivered. Updated by: %user_name%',0,5,5,'2022-05-30 02:37:28','2022-05-30 02:37:28'),(13,'create_from_order','Shipping was created from order %order_id%',0,6,6,'2022-05-28 12:37:28','2022-05-28 12:37:28'),(14,'update_status','Changed status of shipping to: Approved. Updated by: %user_name%',0,6,6,'2022-05-28 12:37:28','2022-05-30 02:37:28'),(15,'create_from_order','Shipping was created from order %order_id%',0,7,7,'2022-05-24 02:37:28','2022-05-24 02:37:28'),(16,'update_status','Changed status of shipping to: Approved. Updated by: %user_name%',0,7,7,'2022-05-28 14:37:28','2022-05-30 02:37:28'),(17,'update_status','Changed status of shipping to: Delivered. Updated by: %user_name%',0,7,7,'2022-05-30 02:37:28','2022-05-30 02:37:28'),(18,'create_from_order','Shipping was created from order %order_id%',0,8,8,'2022-05-15 02:37:28','2022-05-15 02:37:28'),(19,'update_status','Changed status of shipping to: Approved. Updated by: %user_name%',0,8,8,'2022-05-28 14:37:28','2022-05-30 02:37:28'),(20,'update_status','Changed status of shipping to: Delivered. Updated by: %user_name%',0,8,8,'2022-05-30 02:37:28','2022-05-30 02:37:28'),(21,'create_from_order','Shipping was created from order %order_id%',0,9,9,'2022-05-25 14:37:28','2022-05-25 14:37:28'),(22,'update_status','Changed status of shipping to: Approved. Updated by: %user_name%',0,9,9,'2022-05-28 14:37:28','2022-05-30 02:37:28'),(23,'create_from_order','Shipping was created from order %order_id%',0,10,10,'2022-05-23 00:37:28','2022-05-23 00:37:28'),(24,'update_status','Changed status of shipping to: Approved. Updated by: %user_name%',0,10,10,'2022-05-28 16:37:28','2022-05-30 02:37:28'),(25,'update_status','Changed status of shipping to: Delivered. Updated by: %user_name%',0,10,10,'2022-05-30 02:37:28','2022-05-30 02:37:28'),(26,'create_from_order','Shipping was created from order %order_id%',0,11,11,'2022-05-23 00:37:28','2022-05-23 00:37:28'),(27,'update_status','Changed status of shipping to: Approved. Updated by: %user_name%',0,11,11,'2022-05-28 16:37:28','2022-05-30 02:37:28'),(28,'update_status','Changed status of shipping to: Delivered. Updated by: %user_name%',0,11,11,'2022-05-30 02:37:28','2022-05-30 02:37:28'),(29,'create_from_order','Shipping was created from order %order_id%',0,12,12,'2022-05-23 10:37:28','2022-05-23 10:37:28'),(30,'update_status','Changed status of shipping to: Approved. Updated by: %user_name%',0,12,12,'2022-05-28 18:37:28','2022-05-30 02:37:28'),(31,'create_from_order','Shipping was created from order %order_id%',0,13,13,'2022-05-16 18:37:28','2022-05-16 18:37:28'),(32,'update_status','Changed status of shipping to: Approved. Updated by: %user_name%',0,13,13,'2022-05-28 18:37:28','2022-05-30 02:37:28'),(33,'create_from_order','Shipping was created from order %order_id%',0,14,14,'2022-05-26 08:37:28','2022-05-26 08:37:28'),(34,'update_status','Changed status of shipping to: Approved. Updated by: %user_name%',0,14,14,'2022-05-28 20:37:28','2022-05-30 02:37:28'),(35,'update_status','Changed status of shipping to: Delivered. Updated by: %user_name%',0,14,14,'2022-05-30 02:37:28','2022-05-30 02:37:28'),(36,'create_from_order','Shipping was created from order %order_id%',0,15,15,'2022-05-21 08:37:28','2022-05-21 08:37:28'),(37,'update_status','Changed status of shipping to: Approved. Updated by: %user_name%',0,15,15,'2022-05-28 20:37:28','2022-05-30 02:37:28'),(38,'update_status','Changed status of shipping to: Delivered. Updated by: %user_name%',0,15,15,'2022-05-30 02:37:28','2022-05-30 02:37:28'),(39,'create_from_order','Shipping was created from order %order_id%',0,16,16,'2022-05-26 14:37:28','2022-05-26 14:37:28'),(40,'update_status','Changed status of shipping to: Approved. Updated by: %user_name%',0,16,16,'2022-05-28 22:37:28','2022-05-30 02:37:28'),(41,'update_status','Changed status of shipping to: Delivered. Updated by: %user_name%',0,16,16,'2022-05-30 02:37:28','2022-05-30 02:37:28'),(42,'create_from_order','Shipping was created from order %order_id%',0,17,17,'2022-05-27 18:37:28','2022-05-27 18:37:28'),(43,'update_status','Changed status of shipping to: Approved. Updated by: %user_name%',0,17,17,'2022-05-28 22:37:28','2022-05-30 02:37:28'),(44,'create_from_order','Shipping was created from order %order_id%',0,18,18,'2022-05-24 06:37:28','2022-05-24 06:37:28'),(45,'update_status','Changed status of shipping to: Approved. Updated by: %user_name%',0,18,18,'2022-05-28 22:37:28','2022-05-30 02:37:28'),(46,'create_from_order','Shipping was created from order %order_id%',0,19,19,'2022-05-20 18:37:28','2022-05-20 18:37:28'),(47,'update_status','Changed status of shipping to: Approved. Updated by: %user_name%',0,19,19,'2022-05-28 22:37:28','2022-05-30 02:37:28'),(48,'update_status','Changed status of shipping to: Delivered. Updated by: %user_name%',0,19,19,'2022-05-30 02:37:28','2022-05-30 02:37:28'),(49,'create_from_order','Shipping was created from order %order_id%',0,20,20,'2022-05-26 20:37:28','2022-05-26 20:37:28'),(50,'update_status','Changed status of shipping to: Approved. Updated by: %user_name%',0,20,20,'2022-05-29 00:37:28','2022-05-30 02:37:28'),(51,'create_from_order','Shipping was created from order %order_id%',0,21,21,'2022-05-23 02:37:28','2022-05-23 02:37:28'),(52,'update_status','Changed status of shipping to: Approved. Updated by: %user_name%',0,21,21,'2022-05-29 02:37:28','2022-05-30 02:37:28'),(53,'update_status','Changed status of shipping to: Delivered. Updated by: %user_name%',0,21,21,'2022-05-30 02:37:28','2022-05-30 02:37:28'),(54,'create_from_order','Shipping was created from order %order_id%',0,22,22,'2022-05-29 02:37:28','2022-05-29 02:37:28'),(55,'update_status','Changed status of shipping to: Approved. Updated by: %user_name%',0,22,22,'2022-05-29 02:37:28','2022-05-30 02:37:28'),(56,'create_from_order','Shipping was created from order %order_id%',0,23,23,'2022-05-23 02:37:28','2022-05-23 02:37:28'),(57,'update_status','Changed status of shipping to: Approved. Updated by: %user_name%',0,23,23,'2022-05-29 02:37:28','2022-05-30 02:37:28'),(58,'update_status','Changed status of shipping to: Delivered. Updated by: %user_name%',0,23,23,'2022-05-30 02:37:28','2022-05-30 02:37:28'),(59,'create_from_order','Shipping was created from order %order_id%',0,24,24,'2022-05-29 04:37:28','2022-05-29 04:37:28'),(60,'update_status','Changed status of shipping to: Approved. Updated by: %user_name%',0,24,24,'2022-05-29 04:37:28','2022-05-30 02:37:28'),(61,'create_from_order','Shipping was created from order %order_id%',0,25,25,'2022-05-25 12:37:28','2022-05-25 12:37:28'),(62,'update_status','Changed status of shipping to: Approved. Updated by: %user_name%',0,25,25,'2022-05-29 04:37:28','2022-05-30 02:37:28'),(63,'update_cod_status','Updated COD status to Completed . Updated by: %user_name%',0,25,25,'2022-05-30 02:37:28','2022-05-30 02:37:28'),(64,'update_status','Changed status of shipping to: Delivered. Updated by: %user_name%',0,25,25,'2022-05-30 02:37:28','2022-05-30 02:37:28'),(65,'create_from_order','Shipping was created from order %order_id%',0,26,26,'2022-05-27 14:37:28','2022-05-27 14:37:28'),(66,'update_status','Changed status of shipping to: Approved. Updated by: %user_name%',0,26,26,'2022-05-29 06:37:28','2022-05-30 02:37:28'),(67,'update_status','Changed status of shipping to: Delivered. Updated by: %user_name%',0,26,26,'2022-05-30 02:37:28','2022-05-30 02:37:28'),(68,'create_from_order','Shipping was created from order %order_id%',0,27,27,'2022-05-27 14:37:28','2022-05-27 14:37:28'),(69,'update_status','Changed status of shipping to: Approved. Updated by: %user_name%',0,27,27,'2022-05-29 06:37:28','2022-05-30 02:37:28'),(70,'create_from_order','Shipping was created from order %order_id%',0,28,28,'2022-05-28 14:37:28','2022-05-28 14:37:28'),(71,'update_status','Changed status of shipping to: Approved. Updated by: %user_name%',0,28,28,'2022-05-29 08:37:28','2022-05-30 02:37:28'),(72,'update_status','Changed status of shipping to: Delivered. Updated by: %user_name%',0,28,28,'2022-05-30 02:37:28','2022-05-30 02:37:28'),(73,'create_from_order','Shipping was created from order %order_id%',0,29,29,'2022-05-27 10:37:28','2022-05-27 10:37:28'),(74,'update_status','Changed status of shipping to: Approved. Updated by: %user_name%',0,29,29,'2022-05-29 10:37:28','2022-05-30 02:37:28'),(75,'create_from_order','Shipping was created from order %order_id%',0,30,30,'2022-05-29 10:37:28','2022-05-29 10:37:28'),(76,'update_status','Changed status of shipping to: Approved. Updated by: %user_name%',0,30,30,'2022-05-29 10:37:28','2022-05-30 02:37:28'),(77,'create_from_order','Shipping was created from order %order_id%',0,31,31,'2022-05-25 10:37:28','2022-05-25 10:37:28'),(78,'update_status','Changed status of shipping to: Approved. Updated by: %user_name%',0,31,31,'2022-05-29 12:37:28','2022-05-30 02:37:28'),(79,'create_from_order','Shipping was created from order %order_id%',0,32,32,'2022-05-29 12:37:28','2022-05-29 12:37:28'),(80,'update_status','Changed status of shipping to: Approved. Updated by: %user_name%',0,32,32,'2022-05-29 12:37:28','2022-05-30 02:37:28'),(81,'create_from_order','Shipping was created from order %order_id%',0,33,33,'2022-05-25 10:37:28','2022-05-25 10:37:28'),(82,'update_status','Changed status of shipping to: Approved. Updated by: %user_name%',0,33,33,'2022-05-29 12:37:28','2022-05-30 02:37:28'),(83,'update_status','Changed status of shipping to: Delivered. Updated by: %user_name%',0,33,33,'2022-05-30 02:37:28','2022-05-30 02:37:28'),(84,'create_from_order','Shipping was created from order %order_id%',0,34,34,'2022-05-29 02:37:28','2022-05-29 02:37:28'),(85,'update_status','Changed status of shipping to: Approved. Updated by: %user_name%',0,34,34,'2022-05-29 14:37:28','2022-05-30 02:37:28'),(86,'create_from_order','Shipping was created from order %order_id%',0,35,35,'2022-05-25 02:37:28','2022-05-25 02:37:28'),(87,'update_status','Changed status of shipping to: Approved. Updated by: %user_name%',0,35,35,'2022-05-29 14:37:28','2022-05-30 02:37:28'),(88,'update_status','Changed status of shipping to: Delivered. Updated by: %user_name%',0,35,35,'2022-05-30 02:37:28','2022-05-30 02:37:28'),(89,'create_from_order','Shipping was created from order %order_id%',0,36,36,'2022-05-29 14:37:28','2022-05-29 14:37:28'),(90,'update_status','Changed status of shipping to: Approved. Updated by: %user_name%',0,36,36,'2022-05-29 14:37:28','2022-05-30 02:37:28'),(91,'update_status','Changed status of shipping to: Delivered. Updated by: %user_name%',0,36,36,'2022-05-30 02:37:28','2022-05-30 02:37:28'),(92,'create_from_order','Shipping was created from order %order_id%',0,37,37,'2022-05-26 08:37:28','2022-05-26 08:37:28'),(93,'update_status','Changed status of shipping to: Approved. Updated by: %user_name%',0,37,37,'2022-05-29 16:37:28','2022-05-30 02:37:28'),(94,'create_from_order','Shipping was created from order %order_id%',0,38,38,'2022-05-29 06:37:28','2022-05-29 06:37:28'),(95,'update_status','Changed status of shipping to: Approved. Updated by: %user_name%',0,38,38,'2022-05-29 16:37:28','2022-05-30 02:37:28'),(96,'update_status','Changed status of shipping to: Delivered. Updated by: %user_name%',0,38,38,'2022-05-30 02:37:28','2022-05-30 02:37:28'),(97,'create_from_order','Shipping was created from order %order_id%',0,39,39,'2022-05-27 02:37:28','2022-05-27 02:37:28'),(98,'update_status','Changed status of shipping to: Approved. Updated by: %user_name%',0,39,39,'2022-05-29 18:37:28','2022-05-30 02:37:28'),(99,'update_status','Changed status of shipping to: Delivered. Updated by: %user_name%',0,39,39,'2022-05-30 02:37:28','2022-05-30 02:37:28'),(100,'create_from_order','Shipping was created from order %order_id%',0,40,40,'2022-05-29 02:37:28','2022-05-29 02:37:28'),(101,'update_status','Changed status of shipping to: Approved. Updated by: %user_name%',0,40,40,'2022-05-29 18:37:28','2022-05-30 02:37:28'),(102,'create_from_order','Shipping was created from order %order_id%',0,41,41,'2022-05-29 14:37:28','2022-05-29 14:37:28'),(103,'update_status','Changed status of shipping to: Approved. Updated by: %user_name%',0,41,41,'2022-05-29 20:37:28','2022-05-30 02:37:28'),(104,'update_status','Changed status of shipping to: Delivered. Updated by: %user_name%',0,41,41,'2022-05-30 02:37:28','2022-05-30 02:37:28'),(105,'create_from_order','Shipping was created from order %order_id%',0,42,42,'2022-05-28 08:37:28','2022-05-28 08:37:28'),(106,'update_status','Changed status of shipping to: Approved. Updated by: %user_name%',0,42,42,'2022-05-29 20:37:28','2022-05-30 02:37:28'),(107,'create_from_order','Shipping was created from order %order_id%',0,43,43,'2022-05-28 22:37:28','2022-05-28 22:37:28'),(108,'update_status','Changed status of shipping to: Approved. Updated by: %user_name%',0,43,43,'2022-05-29 22:37:28','2022-05-30 02:37:28'),(109,'update_status','Changed status of shipping to: Delivered. Updated by: %user_name%',0,43,43,'2022-05-30 02:37:28','2022-05-30 02:37:28'),(110,'create_from_order','Shipping was created from order %order_id%',0,44,44,'2022-05-28 18:37:28','2022-05-28 18:37:28'),(111,'update_status','Changed status of shipping to: Approved. Updated by: %user_name%',0,44,44,'2022-05-29 22:37:28','2022-05-30 02:37:28'),(112,'create_from_order','Shipping was created from order %order_id%',0,45,45,'2022-05-29 12:37:29','2022-05-29 12:37:29'),(113,'update_status','Changed status of shipping to: Approved. Updated by: %user_name%',0,45,45,'2022-05-30 00:37:29','2022-05-30 02:37:29'),(114,'create_from_order','Shipping was created from order %order_id%',0,46,46,'2022-05-29 14:37:29','2022-05-29 14:37:29'),(115,'update_status','Changed status of shipping to: Approved. Updated by: %user_name%',0,46,46,'2022-05-30 00:37:29','2022-05-30 02:37:29'),(116,'update_status','Changed status of shipping to: Delivered. Updated by: %user_name%',0,46,46,'2022-05-30 02:37:29','2022-05-30 02:37:29');
/*!40000 ALTER TABLE `ec_shipment_histories` ENABLE KEYS */;
UNLOCK TABLES;

--
-- Table structure for table `ec_shipments`
--

DROP TABLE IF EXISTS `ec_shipments`;
/*!40101 SET @saved_cs_client     = @@character_set_client */;
/*!50503 SET character_set_client = utf8mb4 */;
CREATE TABLE `ec_shipments` (
  `id` bigint unsigned NOT NULL AUTO_INCREMENT,
  `order_id` int unsigned NOT NULL,
  `user_id` int unsigned DEFAULT NULL,
  `weight` double(8,2) DEFAULT '0.00',
  `shipment_id` varchar(120) COLLATE utf8mb4_unicode_ci DEFAULT NULL,
  `note` varchar(120) COLLATE utf8mb4_unicode_ci DEFAULT NULL,
  `status` varchar(120) COLLATE utf8mb4_unicode_ci NOT NULL DEFAULT 'pending',
  `cod_amount` decimal(15,2) DEFAULT '0.00',
  `cod_status` varchar(60) COLLATE utf8mb4_unicode_ci NOT NULL DEFAULT 'pending',
  `cross_checking_status` varchar(60) COLLATE utf8mb4_unicode_ci NOT NULL DEFAULT 'pending',
  `price` decimal(15,2) DEFAULT '0.00',
  `store_id` int unsigned DEFAULT NULL,
  `created_at` timestamp NULL DEFAULT NULL,
  `updated_at` timestamp NULL DEFAULT NULL,
  `tracking_id` varchar(191) COLLATE utf8mb4_unicode_ci DEFAULT NULL,
  `shipping_company_name` varchar(191) COLLATE utf8mb4_unicode_ci DEFAULT NULL,
  `tracking_link` varchar(191) COLLATE utf8mb4_unicode_ci DEFAULT NULL,
  `estimate_date_shipped` datetime DEFAULT NULL,
  `date_shipped` datetime DEFAULT NULL,
  PRIMARY KEY (`id`)
) ENGINE=InnoDB AUTO_INCREMENT=47 DEFAULT CHARSET=utf8mb4 COLLATE=utf8mb4_unicode_ci;
/*!40101 SET character_set_client = @saved_cs_client */;

--
-- Dumping data for table `ec_shipments`
--

LOCK TABLES `ec_shipments` WRITE;
/*!40000 ALTER TABLE `ec_shipments` DISABLE KEYS */;
INSERT INTO `ec_shipments` VALUES (1,1,NULL,1773.00,NULL,'','approved',0.00,'completed','pending',0.00,0,'2022-05-30 02:37:27','2022-05-30 02:37:27','JJD0049507461','FastShipping','https://mydhl.express.dhl/us/en/tracking.html#/track-by-reference','2022-06-05 09:37:27',NULL),(2,2,NULL,1548.00,NULL,'','approved',0.00,'completed','pending',0.00,0,'2022-05-30 02:37:28','2022-05-30 02:37:28','JJD0034186369','GHN','https://mydhl.express.dhl/us/en/tracking.html#/track-by-reference','2022-06-08 09:37:28',NULL),(3,3,NULL,1896.00,NULL,'','approved',0.00,'completed','pending',0.00,0,'2022-05-30 02:37:28','2022-05-30 02:37:28','JJD0069309984','DHL','https://mydhl.express.dhl/us/en/tracking.html#/track-by-reference','2022-06-08 09:37:28',NULL),(4,4,NULL,1754.00,NULL,'','delivered',0.00,'completed','pending',0.00,0,'2022-05-30 02:37:28','2022-05-30 02:37:28','JJD001264246','DHL','https://mydhl.express.dhl/us/en/tracking.html#/track-by-reference','2022-06-05 09:37:28','2022-05-30 09:37:28'),(5,5,NULL,1564.00,NULL,'','delivered',0.00,'completed','pending',0.00,0,'2022-05-30 02:37:28','2022-05-30 02:37:28','JJD0013485922','FastShipping','https://mydhl.express.dhl/us/en/tracking.html#/track-by-reference','2022-06-01 09:37:28','2022-05-30 09:37:28'),(6,6,NULL,1887.00,NULL,'','approved',0.00,'completed','pending',0.00,0,'2022-05-30 02:37:28','2022-05-30 02:37:28','JJD0054116478','DHL','https://mydhl.express.dhl/us/en/tracking.html#/track-by-reference','2022-06-06 09:37:28',NULL),(7,7,NULL,2640.00,NULL,'','delivered',0.00,'completed','pending',0.00,0,'2022-05-30 02:37:28','2022-05-30 02:37:28','JJD0089277347','AliExpress','https://mydhl.express.dhl/us/en/tracking.html#/track-by-reference','2022-06-04 09:37:28','2022-05-30 09:37:28'),(8,8,NULL,1492.00,NULL,'','delivered',0.00,'completed','pending',0.00,0,'2022-05-30 02:37:28','2022-05-30 02:37:28','JJD0080418356','FastShipping','https://mydhl.express.dhl/us/en/tracking.html#/track-by-reference','2022-06-06 09:37:28','2022-05-30 09:37:28'),(9,9,NULL,3715.00,NULL,'','approved',0.00,'completed','pending',0.00,0,'2022-05-30 02:37:28','2022-05-30 02:37:28','JJD0047633589','GHN','https://mydhl.express.dhl/us/en/tracking.html#/track-by-reference','2022-06-05 09:37:28',NULL),(10,10,NULL,3328.00,NULL,'','delivered',0.00,'completed','pending',0.00,0,'2022-05-30 02:37:28','2022-05-30 02:37:28','JJD0013294133','FastShipping','https://mydhl.express.dhl/us/en/tracking.html#/track-by-reference','2022-06-02 09:37:28','2022-05-30 09:37:28'),(11,11,NULL,2529.00,NULL,'','delivered',0.00,'completed','pending',0.00,0,'2022-05-30 02:37:28','2022-05-30 02:37:28','JJD0024958376','FastShipping','https://mydhl.express.dhl/us/en/tracking.html#/track-by-reference','2022-06-02 09:37:28','2022-05-30 09:37:28'),(12,12,NULL,1606.00,NULL,'','approved',0.00,'completed','pending',0.00,0,'2022-05-30 02:37:28','2022-05-30 02:37:28','JJD0030089080','FastShipping','https://mydhl.express.dhl/us/en/tracking.html#/track-by-reference','2022-06-09 09:37:28',NULL),(13,13,NULL,882.00,NULL,'','approved',0.00,'completed','pending',0.00,0,'2022-05-30 02:37:28','2022-05-30 02:37:28','JJD003439111','DHL','https://mydhl.express.dhl/us/en/tracking.html#/track-by-reference','2022-06-08 09:37:28',NULL),(14,14,NULL,1116.00,NULL,'','delivered',0.00,'completed','pending',0.00,0,'2022-05-30 02:37:28','2022-05-30 02:37:28','JJD0098893480','DHL','https://mydhl.express.dhl/us/en/tracking.html#/track-by-reference','2022-06-02 09:37:28','2022-05-30 09:37:28'),(15,15,NULL,2586.00,NULL,'','delivered',0.00,'completed','pending',0.00,0,'2022-05-30 02:37:28','2022-05-30 02:37:28','JJD006616322','AliExpress','https://mydhl.express.dhl/us/en/tracking.html#/track-by-reference','2022-05-31 09:37:28','2022-05-30 09:37:28'),(16,16,NULL,2058.00,NULL,'','delivered',0.00,'completed','pending',0.00,0,'2022-05-30 02:37:28','2022-05-30 02:37:28','JJD008167160','GHN','https://mydhl.express.dhl/us/en/tracking.html#/track-by-reference','2022-06-05 09:37:28','2022-05-30 09:37:28'),(17,17,NULL,782.00,NULL,'','approved',0.00,'completed','pending',0.00,0,'2022-05-30 02:37:28','2022-05-30 02:37:28','JJD0024514288','GHN','https://mydhl.express.dhl/us/en/tracking.html#/track-by-reference','2022-06-02 09:37:28',NULL),(18,18,NULL,1032.00,NULL,'','approved',0.00,'completed','pending',0.00,0,'2022-05-30 02:37:28','2022-05-30 02:37:28','JJD0076095522','AliExpress','https://mydhl.express.dhl/us/en/tracking.html#/track-by-reference','2022-06-06 09:37:28',NULL),(19,19,NULL,743.00,NULL,'','delivered',0.00,'completed','pending',0.00,0,'2022-05-30 02:37:28','2022-05-30 02:37:28','JJD0098797107','FastShipping','https://mydhl.express.dhl/us/en/tracking.html#/track-by-reference','2022-06-09 09:37:28','2022-05-30 09:37:28'),(20,20,NULL,2744.00,NULL,'','approved',0.00,'completed','pending',0.00,0,'2022-05-30 02:37:28','2022-05-30 02:37:28','JJD0096652276','AliExpress','https://mydhl.express.dhl/us/en/tracking.html#/track-by-reference','2022-06-03 09:37:28',NULL),(21,21,NULL,1188.00,NULL,'','delivered',0.00,'completed','pending',0.00,0,'2022-05-30 02:37:28','2022-05-30 02:37:28','JJD0024417881','DHL','https://mydhl.express.dhl/us/en/tracking.html#/track-by-reference','2022-06-02 09:37:28','2022-05-30 09:37:28'),(22,22,NULL,2238.00,NULL,'','approved',0.00,'completed','pending',0.00,0,'2022-05-30 02:37:28','2022-05-30 02:37:28','JJD0070992081','GHN','https://mydhl.express.dhl/us/en/tracking.html#/track-by-reference','2022-06-07 09:37:28',NULL),(23,23,NULL,2322.00,NULL,'','delivered',0.00,'completed','pending',0.00,0,'2022-05-30 02:37:28','2022-05-30 02:37:28','JJD0098468935','AliExpress','https://mydhl.express.dhl/us/en/tracking.html#/track-by-reference','2022-06-06 09:37:28','2022-05-30 09:37:28'),(24,24,NULL,3146.00,NULL,'','approved',0.00,'completed','pending',0.00,0,'2022-05-30 02:37:28','2022-05-30 02:37:28','JJD0077049612','FastShipping','https://mydhl.express.dhl/us/en/tracking.html#/track-by-reference','2022-06-09 09:37:28',NULL),(25,25,NULL,1748.00,NULL,'','delivered',1827.00,'completed','pending',0.00,0,'2022-05-30 02:37:28','2022-05-30 02:37:28','JJD0012681279','DHL','https://mydhl.express.dhl/us/en/tracking.html#/track-by-reference','2022-06-04 09:37:28','2022-05-30 09:37:28'),(26,26,NULL,3295.00,NULL,'','delivered',0.00,'completed','pending',0.00,0,'2022-05-30 02:37:28','2022-05-30 02:37:28','JJD0082988665','AliExpress','https://mydhl.express.dhl/us/en/tracking.html#/track-by-reference','2022-06-06 09:37:28','2022-05-30 09:37:28'),(27,27,NULL,567.00,NULL,'','approved',0.00,'completed','pending',0.00,0,'2022-05-30 02:37:28','2022-05-30 02:37:28','JJD0013254809','FastShipping','https://mydhl.express.dhl/us/en/tracking.html#/track-by-reference','2022-06-01 09:37:28',NULL),(28,28,NULL,5619.00,NULL,'','delivered',0.00,'completed','pending',0.00,0,'2022-05-30 02:37:28','2022-05-30 02:37:28','JJD0070662343','DHL','https://mydhl.express.dhl/us/en/tracking.html#/track-by-reference','2022-06-07 09:37:28','2022-05-30 09:37:28'),(29,29,NULL,1857.00,NULL,'','approved',0.00,'completed','pending',0.00,0,'2022-05-30 02:37:28','2022-05-30 02:37:28','JJD0038955283','FastShipping','https://mydhl.express.dhl/us/en/tracking.html#/track-by-reference','2022-05-31 09:37:28',NULL),(30,30,NULL,680.00,NULL,'','approved',609.40,'pending','pending',0.00,0,'2022-05-30 02:37:28','2022-05-30 02:37:28','JJD0057105691','GHN','https://mydhl.express.dhl/us/en/tracking.html#/track-by-reference','2022-06-03 09:37:28',NULL),(31,31,NULL,1042.00,NULL,'','approved',0.00,'completed','pending',0.00,0,'2022-05-30 02:37:28','2022-05-30 02:37:28','JJD0078063666','DHL','https://mydhl.express.dhl/us/en/tracking.html#/track-by-reference','2022-06-09 09:37:28',NULL),(32,32,NULL,2058.00,NULL,'','approved',0.00,'completed','pending',0.00,0,'2022-05-30 02:37:28','2022-05-30 02:37:28','JJD0020815356','DHL','https://mydhl.express.dhl/us/en/tracking.html#/track-by-reference','2022-06-04 09:37:28',NULL),(33,33,NULL,1701.00,NULL,'','delivered',0.00,'completed','pending',0.00,0,'2022-05-30 02:37:28','2022-05-30 02:37:28','JJD008239985','GHN','https://mydhl.express.dhl/us/en/tracking.html#/track-by-reference','2022-05-31 09:37:28','2022-05-30 09:37:28'),(34,34,NULL,1665.00,NULL,'','approved',0.00,'completed','pending',0.00,0,'2022-05-30 02:37:28','2022-05-30 02:37:28','JJD0036981835','DHL','https://mydhl.express.dhl/us/en/tracking.html#/track-by-reference','2022-06-04 09:37:28',NULL),(35,35,NULL,1509.00,NULL,'','delivered',0.00,'completed','pending',0.00,0,'2022-05-30 02:37:28','2022-05-30 02:37:28','JJD0056343167','FastShipping','https://mydhl.express.dhl/us/en/tracking.html#/track-by-reference','2022-06-06 09:37:28','2022-05-30 09:37:28'),(36,36,NULL,2436.00,NULL,'','delivered',0.00,'completed','pending',0.00,0,'2022-05-30 02:37:28','2022-05-30 02:37:28','JJD0033215142','DHL','https://mydhl.express.dhl/us/en/tracking.html#/track-by-reference','2022-06-08 09:37:28','2022-05-30 09:37:28'),(37,37,NULL,1728.00,NULL,'','approved',0.00,'completed','pending',0.00,0,'2022-05-30 02:37:28','2022-05-30 02:37:28','JJD0080917160','AliExpress','https://mydhl.express.dhl/us/en/tracking.html#/track-by-reference','2022-06-06 09:37:28',NULL),(38,38,NULL,2157.00,NULL,'','delivered',0.00,'completed','pending',0.00,0,'2022-05-30 02:37:28','2022-05-30 02:37:28','JJD0014945579','GHN','https://mydhl.express.dhl/us/en/tracking.html#/track-by-reference','2022-06-06 09:37:28','2022-05-30 09:37:28'),(39,39,NULL,1950.00,NULL,'','delivered',0.00,'completed','pending',0.00,0,'2022-05-30 02:37:28','2022-05-30 02:37:28','JJD004475473','FastShipping','https://mydhl.express.dhl/us/en/tracking.html#/track-by-reference','2022-06-05 09:37:28','2022-05-30 09:37:28'),(40,40,NULL,3403.00,NULL,'','approved',0.00,'completed','pending',0.00,0,'2022-05-30 02:37:28','2022-05-30 02:37:28','JJD008423376','GHN','https://mydhl.express.dhl/us/en/tracking.html#/track-by-reference','2022-06-08 09:37:28',NULL),(41,41,NULL,1509.00,NULL,'','delivered',0.00,'completed','pending',0.00,0,'2022-05-30 02:37:28','2022-05-30 02:37:28','JJD0022695073','AliExpress','https://mydhl.express.dhl/us/en/tracking.html#/track-by-reference','2022-06-07 09:37:28','2022-05-30 09:37:28'),(42,42,NULL,1764.00,NULL,'','approved',0.00,'completed','pending',0.00,0,'2022-05-30 02:37:28','2022-05-30 02:37:28','JJD006270847','GHN','https://mydhl.express.dhl/us/en/tracking.html#/track-by-reference','2022-06-05 09:37:28',NULL),(43,43,NULL,2187.00,NULL,'','delivered',0.00,'completed','pending',0.00,0,'2022-05-30 02:37:28','2022-05-30 02:37:28','JJD0023915013','GHN','https://mydhl.express.dhl/us/en/tracking.html#/track-by-reference','2022-06-03 09:37:28','2022-05-30 09:37:28'),(44,44,NULL,1446.00,NULL,'','approved',0.00,'completed','pending',0.00,0,'2022-05-30 02:37:28','2022-05-30 02:37:28','JJD0020139842','DHL','https://mydhl.express.dhl/us/en/tracking.html#/track-by-reference','2022-06-05 09:37:28',NULL),(45,45,NULL,5263.00,NULL,'','approved',0.00,'completed','pending',0.00,0,'2022-05-30 02:37:29','2022-05-30 02:37:29','JJD0048825785','AliExpress','https://mydhl.express.dhl/us/en/tracking.html#/track-by-reference','2022-06-04 09:37:29',NULL),(46,46,NULL,865.00,NULL,'','delivered',0.00,'completed','pending',0.00,0,'2022-05-30 02:37:29','2022-05-30 02:37:29','JJD0070465078','FastShipping','https://mydhl.express.dhl/us/en/tracking.html#/track-by-reference','2022-06-01 09:37:29','2022-05-30 09:37:29');
/*!40000 ALTER TABLE `ec_shipments` ENABLE KEYS */;
UNLOCK TABLES;

--
-- Table structure for table `ec_shipping`
--

DROP TABLE IF EXISTS `ec_shipping`;
/*!40101 SET @saved_cs_client     = @@character_set_client */;
/*!50503 SET character_set_client = utf8mb4 */;
CREATE TABLE `ec_shipping` (
  `id` bigint unsigned NOT NULL AUTO_INCREMENT,
  `title` varchar(191) COLLATE utf8mb4_unicode_ci DEFAULT NULL,
  `country` varchar(120) COLLATE utf8mb4_unicode_ci DEFAULT NULL,
  `created_at` timestamp NULL DEFAULT NULL,
  `updated_at` timestamp NULL DEFAULT NULL,
  PRIMARY KEY (`id`)
) ENGINE=InnoDB AUTO_INCREMENT=2 DEFAULT CHARSET=utf8mb4 COLLATE=utf8mb4_unicode_ci;
/*!40101 SET character_set_client = @saved_cs_client */;

--
-- Dumping data for table `ec_shipping`
--

LOCK TABLES `ec_shipping` WRITE;
/*!40000 ALTER TABLE `ec_shipping` DISABLE KEYS */;
INSERT INTO `ec_shipping` VALUES (1,'All',NULL,'2022-05-30 02:37:15','2022-05-30 02:37:15');
/*!40000 ALTER TABLE `ec_shipping` ENABLE KEYS */;
UNLOCK TABLES;

--
-- Table structure for table `ec_shipping_rule_items`
--

DROP TABLE IF EXISTS `ec_shipping_rule_items`;
/*!40101 SET @saved_cs_client     = @@character_set_client */;
/*!50503 SET character_set_client = utf8mb4 */;
CREATE TABLE `ec_shipping_rule_items` (
  `id` bigint unsigned NOT NULL AUTO_INCREMENT,
  `shipping_rule_id` int unsigned NOT NULL,
  `country` varchar(120) COLLATE utf8mb4_unicode_ci DEFAULT NULL,
  `state` varchar(120) COLLATE utf8mb4_unicode_ci DEFAULT NULL,
  `city` varchar(120) COLLATE utf8mb4_unicode_ci DEFAULT NULL,
  `adjustment_price` decimal(15,2) DEFAULT '0.00',
  `is_enabled` tinyint(1) NOT NULL DEFAULT '1',
  `created_at` timestamp NULL DEFAULT NULL,
  `updated_at` timestamp NULL DEFAULT NULL,
  PRIMARY KEY (`id`)
) ENGINE=InnoDB DEFAULT CHARSET=utf8mb4 COLLATE=utf8mb4_unicode_ci;
/*!40101 SET character_set_client = @saved_cs_client */;

--
-- Dumping data for table `ec_shipping_rule_items`
--

LOCK TABLES `ec_shipping_rule_items` WRITE;
/*!40000 ALTER TABLE `ec_shipping_rule_items` DISABLE KEYS */;
/*!40000 ALTER TABLE `ec_shipping_rule_items` ENABLE KEYS */;
UNLOCK TABLES;

--
-- Table structure for table `ec_shipping_rules`
--

DROP TABLE IF EXISTS `ec_shipping_rules`;
/*!40101 SET @saved_cs_client     = @@character_set_client */;
/*!50503 SET character_set_client = utf8mb4 */;
CREATE TABLE `ec_shipping_rules` (
  `id` bigint unsigned NOT NULL AUTO_INCREMENT,
  `name` varchar(120) COLLATE utf8mb4_unicode_ci NOT NULL,
  `shipping_id` int unsigned NOT NULL,
  `type` enum('base_on_price','base_on_weight') COLLATE utf8mb4_unicode_ci DEFAULT 'base_on_price',
  `from` decimal(15,2) DEFAULT '0.00',
  `to` decimal(15,2) DEFAULT '0.00',
  `price` decimal(15,2) DEFAULT '0.00',
  `created_at` timestamp NULL DEFAULT NULL,
  `updated_at` timestamp NULL DEFAULT NULL,
  PRIMARY KEY (`id`)
) ENGINE=InnoDB AUTO_INCREMENT=2 DEFAULT CHARSET=utf8mb4 COLLATE=utf8mb4_unicode_ci;
/*!40101 SET character_set_client = @saved_cs_client */;

--
-- Dumping data for table `ec_shipping_rules`
--

LOCK TABLES `ec_shipping_rules` WRITE;
/*!40000 ALTER TABLE `ec_shipping_rules` DISABLE KEYS */;
INSERT INTO `ec_shipping_rules` VALUES (1,'Delivery',1,'base_on_price',0.00,NULL,0.00,'2022-05-30 02:37:15','2022-05-30 02:37:15');
/*!40000 ALTER TABLE `ec_shipping_rules` ENABLE KEYS */;
UNLOCK TABLES;

--
-- Table structure for table `ec_store_locators`
--

DROP TABLE IF EXISTS `ec_store_locators`;
/*!40101 SET @saved_cs_client     = @@character_set_client */;
/*!50503 SET character_set_client = utf8mb4 */;
CREATE TABLE `ec_store_locators` (
  `id` bigint unsigned NOT NULL AUTO_INCREMENT,
  `name` varchar(60) COLLATE utf8mb4_unicode_ci NOT NULL,
  `email` varchar(60) COLLATE utf8mb4_unicode_ci DEFAULT NULL,
  `phone` varchar(20) COLLATE utf8mb4_unicode_ci NOT NULL,
  `address` varchar(255) COLLATE utf8mb4_unicode_ci NOT NULL,
  `country` varchar(120) COLLATE utf8mb4_unicode_ci DEFAULT NULL,
  `state` varchar(120) COLLATE utf8mb4_unicode_ci DEFAULT NULL,
  `city` varchar(120) COLLATE utf8mb4_unicode_ci DEFAULT NULL,
  `is_primary` tinyint(1) DEFAULT '0',
  `is_shipping_location` tinyint(1) DEFAULT '1',
  `created_at` timestamp NULL DEFAULT NULL,
  `updated_at` timestamp NULL DEFAULT NULL,
  PRIMARY KEY (`id`)
) ENGINE=InnoDB AUTO_INCREMENT=2 DEFAULT CHARSET=utf8mb4 COLLATE=utf8mb4_unicode_ci;
/*!40101 SET character_set_client = @saved_cs_client */;

--
-- Dumping data for table `ec_store_locators`
--

LOCK TABLES `ec_store_locators` WRITE;
/*!40000 ALTER TABLE `ec_store_locators` DISABLE KEYS */;
INSERT INTO `ec_store_locators` VALUES (1,'Farmart','sales@botble.com','1800979769','502 New Street','AU','Brighton VIC','Brighton VIC',1,1,'2022-05-30 02:37:20','2022-05-30 02:37:20');
/*!40000 ALTER TABLE `ec_store_locators` ENABLE KEYS */;
UNLOCK TABLES;

--
-- Table structure for table `ec_taxes`
--

DROP TABLE IF EXISTS `ec_taxes`;
/*!40101 SET @saved_cs_client     = @@character_set_client */;
/*!50503 SET character_set_client = utf8mb4 */;
CREATE TABLE `ec_taxes` (
  `id` bigint unsigned NOT NULL AUTO_INCREMENT,
  `title` varchar(191) COLLATE utf8mb4_unicode_ci DEFAULT NULL,
  `percentage` double(8,6) DEFAULT NULL,
  `priority` int DEFAULT NULL,
  `status` varchar(60) COLLATE utf8mb4_unicode_ci NOT NULL DEFAULT 'published',
  `created_at` timestamp NULL DEFAULT NULL,
  `updated_at` timestamp NULL DEFAULT NULL,
  PRIMARY KEY (`id`)
) ENGINE=InnoDB AUTO_INCREMENT=3 DEFAULT CHARSET=utf8mb4 COLLATE=utf8mb4_unicode_ci;
/*!40101 SET character_set_client = @saved_cs_client */;

--
-- Dumping data for table `ec_taxes`
--

LOCK TABLES `ec_taxes` WRITE;
/*!40000 ALTER TABLE `ec_taxes` DISABLE KEYS */;
INSERT INTO `ec_taxes` VALUES (1,'VAT',10.000000,1,'published','2022-05-30 02:37:15','2022-05-30 02:37:15'),(2,'None',0.000000,2,'published','2022-05-30 02:37:15','2022-05-30 02:37:15');
/*!40000 ALTER TABLE `ec_taxes` ENABLE KEYS */;
UNLOCK TABLES;

--
-- Table structure for table `ec_wish_lists`
--

DROP TABLE IF EXISTS `ec_wish_lists`;
/*!40101 SET @saved_cs_client     = @@character_set_client */;
/*!50503 SET character_set_client = utf8mb4 */;
CREATE TABLE `ec_wish_lists` (
  `id` bigint unsigned NOT NULL AUTO_INCREMENT,
  `customer_id` int unsigned NOT NULL,
  `product_id` int unsigned NOT NULL,
  `created_at` timestamp NULL DEFAULT NULL,
  `updated_at` timestamp NULL DEFAULT NULL,
  PRIMARY KEY (`id`)
) ENGINE=InnoDB DEFAULT CHARSET=utf8mb4 COLLATE=utf8mb4_unicode_ci;
/*!40101 SET character_set_client = @saved_cs_client */;

--
-- Dumping data for table `ec_wish_lists`
--

LOCK TABLES `ec_wish_lists` WRITE;
/*!40000 ALTER TABLE `ec_wish_lists` DISABLE KEYS */;
/*!40000 ALTER TABLE `ec_wish_lists` ENABLE KEYS */;
UNLOCK TABLES;

--
-- Table structure for table `failed_jobs`
--

DROP TABLE IF EXISTS `failed_jobs`;
/*!40101 SET @saved_cs_client     = @@character_set_client */;
/*!50503 SET character_set_client = utf8mb4 */;
CREATE TABLE `failed_jobs` (
  `id` bigint unsigned NOT NULL AUTO_INCREMENT,
  `uuid` varchar(191) COLLATE utf8mb4_unicode_ci NOT NULL,
  `connection` text COLLATE utf8mb4_unicode_ci NOT NULL,
  `queue` text COLLATE utf8mb4_unicode_ci NOT NULL,
  `payload` longtext COLLATE utf8mb4_unicode_ci NOT NULL,
  `exception` longtext COLLATE utf8mb4_unicode_ci NOT NULL,
  `failed_at` timestamp NOT NULL DEFAULT CURRENT_TIMESTAMP,
  PRIMARY KEY (`id`),
  UNIQUE KEY `failed_jobs_uuid_unique` (`uuid`)
) ENGINE=InnoDB DEFAULT CHARSET=utf8mb4 COLLATE=utf8mb4_unicode_ci;
/*!40101 SET character_set_client = @saved_cs_client */;

--
-- Dumping data for table `failed_jobs`
--

LOCK TABLES `failed_jobs` WRITE;
/*!40000 ALTER TABLE `failed_jobs` DISABLE KEYS */;
/*!40000 ALTER TABLE `failed_jobs` ENABLE KEYS */;
UNLOCK TABLES;

--
-- Table structure for table `faq_categories`
--

DROP TABLE IF EXISTS `faq_categories`;
/*!40101 SET @saved_cs_client     = @@character_set_client */;
/*!50503 SET character_set_client = utf8mb4 */;
CREATE TABLE `faq_categories` (
  `id` bigint unsigned NOT NULL AUTO_INCREMENT,
  `name` varchar(120) COLLATE utf8mb4_unicode_ci NOT NULL,
  `order` tinyint NOT NULL DEFAULT '0',
  `status` varchar(60) COLLATE utf8mb4_unicode_ci NOT NULL DEFAULT 'published',
  `created_at` timestamp NULL DEFAULT NULL,
  `updated_at` timestamp NULL DEFAULT NULL,
  PRIMARY KEY (`id`)
) ENGINE=InnoDB AUTO_INCREMENT=4 DEFAULT CHARSET=utf8mb4 COLLATE=utf8mb4_unicode_ci;
/*!40101 SET character_set_client = @saved_cs_client */;

--
-- Dumping data for table `faq_categories`
--

LOCK TABLES `faq_categories` WRITE;
/*!40000 ALTER TABLE `faq_categories` DISABLE KEYS */;
INSERT INTO `faq_categories` VALUES (1,'SHIPPING',0,'published','2022-05-30 02:37:20','2022-05-30 02:37:20'),(2,'PAYMENT',1,'published','2022-05-30 02:37:20','2022-05-30 02:37:20'),(3,'ORDER & RETURNS',2,'published','2022-05-30 02:37:20','2022-05-30 02:37:20');
/*!40000 ALTER TABLE `faq_categories` ENABLE KEYS */;
UNLOCK TABLES;

--
-- Table structure for table `faq_categories_translations`
--

DROP TABLE IF EXISTS `faq_categories_translations`;
/*!40101 SET @saved_cs_client     = @@character_set_client */;
/*!50503 SET character_set_client = utf8mb4 */;
CREATE TABLE `faq_categories_translations` (
  `lang_code` varchar(191) COLLATE utf8mb4_unicode_ci NOT NULL,
  `faq_categories_id` int NOT NULL,
  `name` varchar(120) COLLATE utf8mb4_unicode_ci DEFAULT NULL,
  PRIMARY KEY (`lang_code`,`faq_categories_id`)
) ENGINE=InnoDB DEFAULT CHARSET=utf8mb4 COLLATE=utf8mb4_unicode_ci;
/*!40101 SET character_set_client = @saved_cs_client */;

--
-- Dumping data for table `faq_categories_translations`
--

LOCK TABLES `faq_categories_translations` WRITE;
/*!40000 ALTER TABLE `faq_categories_translations` DISABLE KEYS */;
INSERT INTO `faq_categories_translations` VALUES ('vi',1,'VẬN CHUYỂN'),('vi',2,'THANH TOÁN'),('vi',3,'ĐƠN HÀNG & HOÀN TRẢ');
/*!40000 ALTER TABLE `faq_categories_translations` ENABLE KEYS */;
UNLOCK TABLES;

--
-- Table structure for table `faqs`
--

DROP TABLE IF EXISTS `faqs`;
/*!40101 SET @saved_cs_client     = @@character_set_client */;
/*!50503 SET character_set_client = utf8mb4 */;
CREATE TABLE `faqs` (
  `id` bigint unsigned NOT NULL AUTO_INCREMENT,
  `question` text COLLATE utf8mb4_unicode_ci NOT NULL,
  `answer` text COLLATE utf8mb4_unicode_ci NOT NULL,
  `category_id` int unsigned NOT NULL,
  `status` varchar(60) COLLATE utf8mb4_unicode_ci NOT NULL DEFAULT 'published',
  `created_at` timestamp NULL DEFAULT NULL,
  `updated_at` timestamp NULL DEFAULT NULL,
  PRIMARY KEY (`id`)
) ENGINE=InnoDB AUTO_INCREMENT=11 DEFAULT CHARSET=utf8mb4 COLLATE=utf8mb4_unicode_ci;
/*!40101 SET character_set_client = @saved_cs_client */;

--
-- Dumping data for table `faqs`
--

LOCK TABLES `faqs` WRITE;
/*!40000 ALTER TABLE `faqs` DISABLE KEYS */;
INSERT INTO `faqs` VALUES (1,'What Shipping Methods Are Available?','Ex Portland Pitchfork irure mustache. Eutra fap before they sold out literally. Aliquip ugh bicycle rights actually mlkshk, seitan squid craft beer tempor.',1,'published','2022-05-30 02:37:20','2022-05-30 02:37:20'),(2,'Do You Ship Internationally?','Hoodie tote bag mixtape tofu. Typewriter jean shorts wolf quinoa, messenger bag organic freegan cray.',1,'published','2022-05-30 02:37:20','2022-05-30 02:37:20'),(3,'How Long Will It Take To Get My Package?','Swag slow-carb quinoa VHS typewriter pork belly brunch, paleo single-origin coffee Wes Anderson. Flexitarian Pitchfork forage, literally paleo fap pour-over. Wes Anderson Pinterest YOLO fanny pack meggings, deep v XOXO chambray sustainable slow-carb raw denim church-key fap chillwave Etsy. +1 typewriter kitsch, American Apparel tofu Banksy Vice.',1,'published','2022-05-30 02:37:20','2022-05-30 02:37:20'),(4,'What Payment Methods Are Accepted?','Fashion axe DIY jean shorts, swag kale chips meh polaroid kogi butcher Wes Anderson chambray next level semiotics gentrify yr. Voluptate photo booth fugiat Vice. Austin sed Williamsburg, ea labore raw denim voluptate cred proident mixtape excepteur mustache. Twee chia photo booth readymade food truck, hoodie roof party swag keytar PBR DIY.',2,'published','2022-05-30 02:37:20','2022-05-30 02:37:20'),(5,'Is Buying On-Line Safe?','Art party authentic freegan semiotics jean shorts chia cred. Neutra Austin roof party Brooklyn, synth Thundercats swag 8-bit photo booth. Plaid letterpress leggings craft beer meh ethical Pinterest.',2,'published','2022-05-30 02:37:20','2022-05-30 02:37:20'),(6,'How do I place an Order?','Keytar cray slow-carb, Godard banh mi salvia pour-over. Slow-carb Odd Future seitan normcore. Master cleanse American Apparel gentrify flexitarian beard slow-carb next level. Raw denim polaroid paleo farm-to-table, put a bird on it lo-fi tattooed Wes Anderson Pinterest letterpress. Fingerstache McSweeney’s pour-over, letterpress Schlitz photo booth master cleanse bespoke hashtag chillwave gentrify.',3,'published','2022-05-30 02:37:20','2022-05-30 02:37:20'),(7,'How Can I Cancel Or Change My Order?','Plaid letterpress leggings craft beer meh ethical Pinterest. Art party authentic freegan semiotics jean shorts chia cred. Neutra Austin roof party Brooklyn, synth Thundercats swag 8-bit photo booth.',3,'published','2022-05-30 02:37:20','2022-05-30 02:37:20'),(8,'Do I need an account to place an order?','Thundercats swag 8-bit photo booth. Plaid letterpress leggings craft beer meh ethical Pinterest. Twee chia photo booth readymade food truck, hoodie roof party swag keytar PBR DIY. Cray ugh 3 wolf moon fap, fashion axe irony butcher cornhole typewriter chambray VHS banjo street art.',3,'published','2022-05-30 02:37:20','2022-05-30 02:37:20'),(9,'How Do I Track My Order?','Keytar cray slow-carb, Godard banh mi salvia pour-over. Slow-carb @Odd Future seitan normcore. Master cleanse American Apparel gentrify flexitarian beard slow-carb next level.',3,'published','2022-05-30 02:37:20','2022-05-30 02:37:20'),(10,'How Can I Return a Product?','Kale chips Truffaut Williamsburg, hashtag fixie Pinterest raw denim c hambray drinking vinegar Carles street art Bushwick gastropub. Wolf Tumblr paleo church-key. Plaid food truck Echo Park YOLO bitters hella, direct trade Thundercats leggings quinoa before they sold out. You probably haven’t heard of them wayfarers authentic umami drinking vinegar Pinterest Cosby sweater, fingerstache fap High Life.',3,'published','2022-05-30 02:37:20','2022-05-30 02:37:20');
/*!40000 ALTER TABLE `faqs` ENABLE KEYS */;
UNLOCK TABLES;

--
-- Table structure for table `faqs_translations`
--

DROP TABLE IF EXISTS `faqs_translations`;
/*!40101 SET @saved_cs_client     = @@character_set_client */;
/*!50503 SET character_set_client = utf8mb4 */;
CREATE TABLE `faqs_translations` (
  `lang_code` varchar(191) COLLATE utf8mb4_unicode_ci NOT NULL,
  `faqs_id` int NOT NULL,
  `question` text COLLATE utf8mb4_unicode_ci,
  `answer` text COLLATE utf8mb4_unicode_ci,
  PRIMARY KEY (`lang_code`,`faqs_id`)
) ENGINE=InnoDB DEFAULT CHARSET=utf8mb4 COLLATE=utf8mb4_unicode_ci;
/*!40101 SET character_set_client = @saved_cs_client */;

--
-- Dumping data for table `faqs_translations`
--

LOCK TABLES `faqs_translations` WRITE;
/*!40000 ALTER TABLE `faqs_translations` DISABLE KEYS */;
INSERT INTO `faqs_translations` VALUES ('vi',1,'Có những phương thức vận chuyển nào?','Ex Portland Pitchfork irure ria mép. Eutra fap trước khi họ bán hết theo đúng nghĩa đen. Aliquip ugh quyền xe đạp thực sự mlkshk, rượu bia thủ công mực seitan. '),('vi',2,'Bạn có giao hàng quốc tế không?','Áo hoodie túi tote Tofu mixtape. Quần đùi jean đánh chữ Wolf quinoa, túi messenger hữu cơ freegan cray. '),('vi',3,'Mất bao lâu để nhận được gói hàng của tôi?','Bữa nửa buổi ăn sáng bằng bụng heo quay từ máy đánh chữ VHS, cà phê có nguồn gốc đơn Paleo, Wes Anderson. Khoan Pitchfork linh hoạt, theo nghĩa đen là đổ qua fap theo nghĩa đen. Wes Anderson Pinterest YOLO fanny pack meggings, deep v XOXO chambray bền vững slow-carb raw denim Church-key fap chillwave Etsy. +1 bộ dụng cụ đánh máy, đậu phụ Banksy Vice của American Apparel. '),('vi',4,'Phương thức thanh toán nào được chấp nhận?','Fashion Axe DIY jean shorts, swag kale chips meh polaroid kogi butcher Wes Anderson chambray next level semiotics gentrify yr. Quầy ảnh Voluptate fugiat Vice. Austin sed Williamsburg, ea labore raw denim voluptate cred proident mixtape excepteur ria mép. Twee chia gian hàng chụp ảnh xe bán đồ ăn sẵn, bữa tiệc trên mái áo hoodie swag keytar PBR DIY. '),('vi',5,'Mua trực tuyến có an toàn không?','Bữa tiệc nghệ thuật đích thực freegan semiotics jean shorts chia credit. Tiệc trên mái nhà Neutra Austin Brooklyn, Thundercats swag synth gian hàng ảnh 8-bit. Xà cạp letterpress kẻ sọc thủ công bia meh đạo đức Pinterest. '),('vi',6,'Làm cách nào để đặt hàng?','Keytar cray slow-carb, Godard banh mi salvia pour-over. Slow-carb Odd Định mức seitan trong tương lai. Master làm sạch American Apparel nhẹ nhàng làm sạch râu linh hoạt chậm carb cấp độ tiếp theo. Vải thô denim polaroid nhạt từ trang trại đến bàn, đặt một con chim trên đó hình xăm lo-fi Wes Anderson Pinterest letterpress. Bậc thầy gian hàng ảnh Schlitz của Fingerstache McSweeney đang làm sạch thẻ bắt đầu bằng hashtag theo yêu cầu riêng, chillwave gentrify. '),('vi',7,'Làm cách nào để tôi có thể hủy hoặc thay đổi đơn hàng của mình?','Xà cạp letterpress kẻ sọc thủ công bia meh đạo đức Pinterest. Bữa tiệc nghệ thuật đích thực freegan semiotics jean shorts chia tín. Tiệc trên mái nhà Neutra Austin ở Brooklyn, synth Thundercats có gian hàng ảnh 8-bit. '),('vi',8,'Tôi có cần tài khoản để đặt hàng không?','Thundercats làm lung lay gian hàng ảnh 8-bit. Xà cạp letterpress kẻ sọc thủ công bia meh đạo đức Pinterest. Twee chia ảnh gian hàng xe bán thức ăn làm sẵn, bữa tiệc trên mái áo hoodie swag keytar PBR DIY. Cray ugh 3 wolf moon fap, rìu thời trang mỉa mai người bán thịt máy đánh chữ chambray VHS banjo nghệ thuật đường phố. '),('vi',9,'Làm cách nào để theo dõi đơn hàng của tôi?','Keytar cray slow-carb, Godard banh mi salvia pour-over. Slow-carb @Odd Định mức seitan trong tương lai. Bậc thầy làm sạch American Apparel nhẹ nhàng làm sạch râu linh hoạt theo kiểu chậm carb cấp độ tiếp theo. '),('vi',10,'Làm cách nào để trả lại sản phẩm?','Kale chips Truffaut Williamsburg, fixie hashtag Pinterest raw denim c hambray uống giấm Carles street art Bushwick gastropub. Chìa khóa nhà thờ Wolf Tumblr. Xe tải thực phẩm kẻ sọc Echo Park YOLO cắn hella, giao dịch trực tiếp Thundercats legging quinoa trước khi bán hết. Có thể bạn chưa từng nghe nói về họ những người truyền bá vị umami đích thực uống giấm Pinterest Áo len Cosby, fingerstache fap High Life. ');
/*!40000 ALTER TABLE `faqs_translations` ENABLE KEYS */;
UNLOCK TABLES;

--
-- Table structure for table `jobs`
--

DROP TABLE IF EXISTS `jobs`;
/*!40101 SET @saved_cs_client     = @@character_set_client */;
/*!50503 SET character_set_client = utf8mb4 */;
CREATE TABLE `jobs` (
  `id` bigint unsigned NOT NULL AUTO_INCREMENT,
  `queue` varchar(191) COLLATE utf8mb4_unicode_ci NOT NULL,
  `payload` longtext COLLATE utf8mb4_unicode_ci NOT NULL,
  `attempts` tinyint unsigned NOT NULL,
  `reserved_at` int unsigned DEFAULT NULL,
  `available_at` int unsigned NOT NULL,
  `created_at` int unsigned NOT NULL,
  PRIMARY KEY (`id`),
  KEY `jobs_queue_index` (`queue`)
) ENGINE=InnoDB DEFAULT CHARSET=utf8mb4 COLLATE=utf8mb4_unicode_ci;
/*!40101 SET character_set_client = @saved_cs_client */;

--
-- Dumping data for table `jobs`
--

LOCK TABLES `jobs` WRITE;
/*!40000 ALTER TABLE `jobs` DISABLE KEYS */;
/*!40000 ALTER TABLE `jobs` ENABLE KEYS */;
UNLOCK TABLES;

--
-- Table structure for table `language_meta`
--

DROP TABLE IF EXISTS `language_meta`;
/*!40101 SET @saved_cs_client     = @@character_set_client */;
/*!50503 SET character_set_client = utf8mb4 */;
CREATE TABLE `language_meta` (
  `lang_meta_id` int unsigned NOT NULL AUTO_INCREMENT,
  `lang_meta_code` text COLLATE utf8mb4_unicode_ci,
  `lang_meta_origin` varchar(255) COLLATE utf8mb4_unicode_ci NOT NULL,
  `reference_id` int unsigned NOT NULL,
  `reference_type` varchar(120) COLLATE utf8mb4_unicode_ci NOT NULL,
  PRIMARY KEY (`lang_meta_id`),
  KEY `language_meta_reference_id_index` (`reference_id`)
) ENGINE=InnoDB AUTO_INCREMENT=17 DEFAULT CHARSET=utf8mb4 COLLATE=utf8mb4_unicode_ci;
/*!40101 SET character_set_client = @saved_cs_client */;

--
-- Dumping data for table `language_meta`
--

LOCK TABLES `language_meta` WRITE;
/*!40000 ALTER TABLE `language_meta` DISABLE KEYS */;
INSERT INTO `language_meta` VALUES (1,'en_US','81b42f8e7ad82f17fee0f12dbbbf572d',1,'Botble\\SimpleSlider\\Models\\SimpleSlider'),(2,'vi','81b42f8e7ad82f17fee0f12dbbbf572d',2,'Botble\\SimpleSlider\\Models\\SimpleSlider'),(3,'en_US','7f124dab18359a26fde0a2a702270c63',1,'Botble\\Menu\\Models\\MenuLocation'),(4,'en_US','a7e511625c0616be13f316e434452fcf',1,'Botble\\Menu\\Models\\Menu'),(5,'en_US','5e32121257fa67862585f0c34cb2fe86',2,'Botble\\Menu\\Models\\MenuLocation'),(6,'en_US','6378ce4b7c34ea714215bdc149326283',2,'Botble\\Menu\\Models\\Menu'),(7,'en_US','674e25677d75a9bcca005ed202746ce2',3,'Botble\\Menu\\Models\\Menu'),(8,'en_US','8b0be9268dd01e388c8495a4535c58dc',4,'Botble\\Menu\\Models\\Menu'),(9,'en_US','99d721dbcaf9fb9e991dc09c15413ce6',5,'Botble\\Menu\\Models\\Menu'),(10,'vi','c172885fc27fb3f675cd939d2e9e2331',3,'Botble\\Menu\\Models\\MenuLocation'),(11,'vi','a7e511625c0616be13f316e434452fcf',6,'Botble\\Menu\\Models\\Menu'),(12,'vi','6378ce4b7c34ea714215bdc149326283',7,'Botble\\Menu\\Models\\Menu'),(13,'vi','2e8f81d12cb66d2bca031f8e49f7234e',4,'Botble\\Menu\\Models\\MenuLocation'),(14,'vi','674e25677d75a9bcca005ed202746ce2',8,'Botble\\Menu\\Models\\Menu'),(15,'vi','8b0be9268dd01e388c8495a4535c58dc',9,'Botble\\Menu\\Models\\Menu'),(16,'vi','99d721dbcaf9fb9e991dc09c15413ce6',10,'Botble\\Menu\\Models\\Menu');
/*!40000 ALTER TABLE `language_meta` ENABLE KEYS */;
UNLOCK TABLES;

--
-- Table structure for table `language_meta_backup`
--

DROP TABLE IF EXISTS `language_meta_backup`;
/*!40101 SET @saved_cs_client     = @@character_set_client */;
/*!50503 SET character_set_client = utf8mb4 */;
CREATE TABLE `language_meta_backup` (
  `lang_meta_id` int unsigned NOT NULL AUTO_INCREMENT,
  `lang_meta_code` text COLLATE utf8mb4_unicode_ci,
  `lang_meta_origin` varchar(255) COLLATE utf8mb4_unicode_ci NOT NULL,
  `reference_id` int unsigned NOT NULL,
  `reference_type` varchar(120) COLLATE utf8mb4_unicode_ci NOT NULL,
  PRIMARY KEY (`lang_meta_id`),
  KEY `language_meta_reference_id_index` (`reference_id`)
) ENGINE=InnoDB DEFAULT CHARSET=utf8mb4 COLLATE=utf8mb4_unicode_ci;
/*!40101 SET character_set_client = @saved_cs_client */;

--
-- Dumping data for table `language_meta_backup`
--

LOCK TABLES `language_meta_backup` WRITE;
/*!40000 ALTER TABLE `language_meta_backup` DISABLE KEYS */;
/*!40000 ALTER TABLE `language_meta_backup` ENABLE KEYS */;
UNLOCK TABLES;

--
-- Table structure for table `languages`
--

DROP TABLE IF EXISTS `languages`;
/*!40101 SET @saved_cs_client     = @@character_set_client */;
/*!50503 SET character_set_client = utf8mb4 */;
CREATE TABLE `languages` (
  `lang_id` int unsigned NOT NULL AUTO_INCREMENT,
  `lang_name` varchar(120) COLLATE utf8mb4_unicode_ci NOT NULL,
  `lang_locale` varchar(20) COLLATE utf8mb4_unicode_ci NOT NULL,
  `lang_code` varchar(20) COLLATE utf8mb4_unicode_ci NOT NULL,
  `lang_flag` varchar(20) COLLATE utf8mb4_unicode_ci DEFAULT NULL,
  `lang_is_default` tinyint unsigned NOT NULL DEFAULT '0',
  `lang_order` int NOT NULL DEFAULT '0',
  `lang_is_rtl` tinyint unsigned NOT NULL DEFAULT '0',
  PRIMARY KEY (`lang_id`)
) ENGINE=InnoDB AUTO_INCREMENT=3 DEFAULT CHARSET=utf8mb4 COLLATE=utf8mb4_unicode_ci;
/*!40101 SET character_set_client = @saved_cs_client */;

--
-- Dumping data for table `languages`
--

LOCK TABLES `languages` WRITE;
/*!40000 ALTER TABLE `languages` DISABLE KEYS */;
INSERT INTO `languages` VALUES (1,'English','en','en_US','us',1,0,0),(2,'Tiếng Việt','vi','vi','vn',0,0,0);
/*!40000 ALTER TABLE `languages` ENABLE KEYS */;
UNLOCK TABLES;

--
-- Table structure for table `media_files`
--

DROP TABLE IF EXISTS `media_files`;
/*!40101 SET @saved_cs_client     = @@character_set_client */;
/*!50503 SET character_set_client = utf8mb4 */;
CREATE TABLE `media_files` (
  `id` bigint unsigned NOT NULL AUTO_INCREMENT,
  `user_id` int unsigned NOT NULL,
  `name` varchar(255) COLLATE utf8mb4_unicode_ci NOT NULL,
  `folder_id` int unsigned NOT NULL DEFAULT '0',
  `mime_type` varchar(120) COLLATE utf8mb4_unicode_ci NOT NULL,
  `size` int NOT NULL,
  `url` varchar(255) COLLATE utf8mb4_unicode_ci NOT NULL,
  `options` text COLLATE utf8mb4_unicode_ci,
  `created_at` timestamp NULL DEFAULT NULL,
  `updated_at` timestamp NULL DEFAULT NULL,
  `deleted_at` timestamp NULL DEFAULT NULL,
  PRIMARY KEY (`id`),
  KEY `media_files_user_id_index` (`user_id`),
  KEY `media_files_index` (`folder_id`,`user_id`,`created_at`)
) ENGINE=InnoDB AUTO_INCREMENT=262 DEFAULT CHARSET=utf8mb4 COLLATE=utf8mb4_unicode_ci;
/*!40101 SET character_set_client = @saved_cs_client */;

--
-- Dumping data for table `media_files`
--

LOCK TABLES `media_files` WRITE;
/*!40000 ALTER TABLE `media_files` DISABLE KEYS */;
INSERT INTO `media_files` VALUES (1,0,'1',1,'image/png',33565,'brands/1.png','[]','2022-05-30 02:36:41','2022-05-30 02:36:41',NULL),(2,0,'2',1,'image/png',47696,'brands/2.png','[]','2022-05-30 02:36:42','2022-05-30 02:36:42',NULL),(3,0,'3',1,'image/png',36659,'brands/3.png','[]','2022-05-30 02:36:42','2022-05-30 02:36:42',NULL),(4,0,'4',1,'image/png',23677,'brands/4.png','[]','2022-05-30 02:36:42','2022-05-30 02:36:42',NULL),(5,0,'1',2,'image/png',2873,'product-categories/1.png','[]','2022-05-30 02:36:42','2022-05-30 02:36:42',NULL),(6,0,'2',2,'image/png',2842,'product-categories/2.png','[]','2022-05-30 02:36:42','2022-05-30 02:36:42',NULL),(7,0,'3',2,'image/png',2930,'product-categories/3.png','[]','2022-05-30 02:36:42','2022-05-30 02:36:42',NULL),(8,0,'4',2,'image/png',2492,'product-categories/4.png','[]','2022-05-30 02:36:42','2022-05-30 02:36:42',NULL),(9,0,'5',2,'image/png',2243,'product-categories/5.png','[]','2022-05-30 02:36:42','2022-05-30 02:36:42',NULL),(10,0,'6',2,'image/png',2897,'product-categories/6.png','[]','2022-05-30 02:36:43','2022-05-30 02:36:43',NULL),(11,0,'7',2,'image/png',1998,'product-categories/7.png','[]','2022-05-30 02:36:43','2022-05-30 02:36:43',NULL),(12,0,'8',2,'image/png',2707,'product-categories/8.png','[]','2022-05-30 02:36:43','2022-05-30 02:36:43',NULL),(13,0,'1',3,'image/jpeg',4911,'products/1.jpg','[]','2022-05-30 02:36:44','2022-05-30 02:36:44',NULL),(14,0,'10-1',3,'image/jpeg',120755,'products/10-1.jpg','[]','2022-05-30 02:36:44','2022-05-30 02:36:44',NULL),(15,0,'10-2',3,'image/jpeg',148563,'products/10-2.jpg','[]','2022-05-30 02:36:44','2022-05-30 02:36:44',NULL),(16,0,'10',3,'image/jpeg',11176,'products/10.jpg','[]','2022-05-30 02:36:44','2022-05-30 02:36:44',NULL),(17,0,'11-1',3,'image/jpeg',13706,'products/11-1.jpg','[]','2022-05-30 02:36:44','2022-05-30 02:36:44',NULL),(18,0,'11-2',3,'image/jpeg',16809,'products/11-2.jpg','[]','2022-05-30 02:36:44','2022-05-30 02:36:44',NULL),(19,0,'11-3',3,'image/jpeg',23991,'products/11-3.jpg','[]','2022-05-30 02:36:45','2022-05-30 02:36:45',NULL),(20,0,'11',3,'image/jpeg',8234,'products/11.jpg','[]','2022-05-30 02:36:45','2022-05-30 02:36:45',NULL),(21,0,'12-1',3,'image/jpeg',47775,'products/12-1.jpg','[]','2022-05-30 02:36:45','2022-05-30 02:36:45',NULL),(22,0,'12-2',3,'image/jpeg',52722,'products/12-2.jpg','[]','2022-05-30 02:36:45','2022-05-30 02:36:45',NULL),(23,0,'12-3',3,'image/jpeg',57295,'products/12-3.jpg','[]','2022-05-30 02:36:45','2022-05-30 02:36:45',NULL),(24,0,'12',3,'image/jpeg',9642,'products/12.jpg','[]','2022-05-30 02:36:45','2022-05-30 02:36:45',NULL),(25,0,'13-1',3,'image/jpeg',7494,'products/13-1.jpg','[]','2022-05-30 02:36:45','2022-05-30 02:36:45',NULL),(26,0,'13',3,'image/jpeg',7266,'products/13.jpg','[]','2022-05-30 02:36:46','2022-05-30 02:36:46',NULL),(27,0,'14',3,'image/jpeg',6626,'products/14.jpg','[]','2022-05-30 02:36:46','2022-05-30 02:36:46',NULL),(28,0,'15-1',3,'image/jpeg',9014,'products/15-1.jpg','[]','2022-05-30 02:36:46','2022-05-30 02:36:46',NULL),(29,0,'15',3,'image/jpeg',6629,'products/15.jpg','[]','2022-05-30 02:36:46','2022-05-30 02:36:46',NULL),(30,0,'16',3,'image/jpeg',8558,'products/16.jpg','[]','2022-05-30 02:36:46','2022-05-30 02:36:46',NULL),(31,0,'17-1',3,'image/jpeg',63248,'products/17-1.jpg','[]','2022-05-30 02:36:46','2022-05-30 02:36:46',NULL),(32,0,'17-2',3,'image/jpeg',71404,'products/17-2.jpg','[]','2022-05-30 02:36:46','2022-05-30 02:36:46',NULL),(33,0,'17-3',3,'image/jpeg',58949,'products/17-3.jpg','[]','2022-05-30 02:36:46','2022-05-30 02:36:46',NULL),(34,0,'17',3,'image/jpeg',7050,'products/17.jpg','[]','2022-05-30 02:36:47','2022-05-30 02:36:47',NULL),(35,0,'18-1',3,'image/jpeg',527022,'products/18-1.jpg','[]','2022-05-30 02:36:47','2022-05-30 02:36:47',NULL),(36,0,'18-2',3,'image/jpeg',43849,'products/18-2.jpg','[]','2022-05-30 02:36:47','2022-05-30 02:36:47',NULL),(37,0,'18-3',3,'image/jpeg',63876,'products/18-3.jpg','[]','2022-05-30 02:36:47','2022-05-30 02:36:47',NULL),(38,0,'18',3,'image/jpeg',61587,'products/18.jpg','[]','2022-05-30 02:36:47','2022-05-30 02:36:47',NULL),(39,0,'19-1',3,'image/jpeg',23166,'products/19-1.jpg','[]','2022-05-30 02:36:47','2022-05-30 02:36:47',NULL),(40,0,'19-2',3,'image/jpeg',12306,'products/19-2.jpg','[]','2022-05-30 02:36:48','2022-05-30 02:36:48',NULL),(41,0,'19-3',3,'image/jpeg',51458,'products/19-3.jpg','[]','2022-05-30 02:36:48','2022-05-30 02:36:48',NULL),(42,0,'19',3,'image/jpeg',227872,'products/19.jpg','[]','2022-05-30 02:36:48','2022-05-30 02:36:48',NULL),(43,0,'2-1',3,'image/jpeg',85522,'products/2-1.jpg','[]','2022-05-30 02:36:48','2022-05-30 02:36:48',NULL),(44,0,'2-2',3,'image/jpeg',122423,'products/2-2.jpg','[]','2022-05-30 02:36:48','2022-05-30 02:36:48',NULL),(45,0,'2-3',3,'image/jpeg',61996,'products/2-3.jpg','[]','2022-05-30 02:36:48','2022-05-30 02:36:48',NULL),(46,0,'2',3,'image/jpeg',10832,'products/2.jpg','[]','2022-05-30 02:36:48','2022-05-30 02:36:48',NULL),(47,0,'20-1',3,'image/jpeg',108013,'products/20-1.jpg','[]','2022-05-30 02:36:49','2022-05-30 02:36:49',NULL),(48,0,'20-2',3,'image/jpeg',107598,'products/20-2.jpg','[]','2022-05-30 02:36:49','2022-05-30 02:36:49',NULL),(49,0,'20-3',3,'image/jpeg',31959,'products/20-3.jpg','[]','2022-05-30 02:36:49','2022-05-30 02:36:49',NULL),(50,0,'20',3,'image/jpeg',12798,'products/20.jpg','[]','2022-05-30 02:36:49','2022-05-30 02:36:49',NULL),(51,0,'21-1',3,'image/jpeg',92022,'products/21-1.jpg','[]','2022-05-30 02:36:49','2022-05-30 02:36:49',NULL),(52,0,'21-2',3,'image/jpeg',73796,'products/21-2.jpg','[]','2022-05-30 02:36:49','2022-05-30 02:36:49',NULL),(53,0,'21',3,'image/jpeg',72410,'products/21.jpg','[]','2022-05-30 02:36:49','2022-05-30 02:36:49',NULL),(54,0,'22-1',3,'image/jpeg',50174,'products/22-1.jpg','[]','2022-05-30 02:36:50','2022-05-30 02:36:50',NULL),(55,0,'22-2',3,'image/jpeg',63267,'products/22-2.jpg','[]','2022-05-30 02:36:50','2022-05-30 02:36:50',NULL),(56,0,'22-3',3,'image/jpeg',125017,'products/22-3.jpg','[]','2022-05-30 02:36:50','2022-05-30 02:36:50',NULL),(57,0,'22',3,'image/jpeg',88636,'products/22.jpg','[]','2022-05-30 02:36:50','2022-05-30 02:36:50',NULL),(58,0,'23-1',3,'image/jpeg',64117,'products/23-1.jpg','[]','2022-05-30 02:36:50','2022-05-30 02:36:50',NULL),(59,0,'23-2',3,'image/jpeg',96786,'products/23-2.jpg','[]','2022-05-30 02:36:50','2022-05-30 02:36:50',NULL),(60,0,'23-3',3,'image/jpeg',46477,'products/23-3.jpg','[]','2022-05-30 02:36:51','2022-05-30 02:36:51',NULL),(61,0,'23',3,'image/jpeg',68142,'products/23.jpg','[]','2022-05-30 02:36:51','2022-05-30 02:36:51',NULL),(62,0,'24-1',3,'image/jpeg',167819,'products/24-1.jpg','[]','2022-05-30 02:36:51','2022-05-30 02:36:51',NULL),(63,0,'24-2',3,'image/jpeg',145753,'products/24-2.jpg','[]','2022-05-30 02:36:51','2022-05-30 02:36:51',NULL),(64,0,'24',3,'image/jpeg',153623,'products/24.jpg','[]','2022-05-30 02:36:51','2022-05-30 02:36:51',NULL),(65,0,'25-1',3,'image/jpeg',157489,'products/25-1.jpg','[]','2022-05-30 02:36:51','2022-05-30 02:36:51',NULL),(66,0,'25-2',3,'image/jpeg',92938,'products/25-2.jpg','[]','2022-05-30 02:36:51','2022-05-30 02:36:51',NULL),(67,0,'25',3,'image/jpeg',114706,'products/25.jpg','[]','2022-05-30 02:36:52','2022-05-30 02:36:52',NULL),(68,0,'26-1',3,'image/jpeg',132985,'products/26-1.jpg','[]','2022-05-30 02:36:52','2022-05-30 02:36:52',NULL),(69,0,'26',3,'image/jpeg',106234,'products/26.jpg','[]','2022-05-30 02:36:52','2022-05-30 02:36:52',NULL),(70,0,'27-1',3,'image/jpeg',198924,'products/27-1.jpg','[]','2022-05-30 02:36:52','2022-05-30 02:36:52',NULL),(71,0,'27',3,'image/jpeg',190793,'products/27.jpg','[]','2022-05-30 02:36:52','2022-05-30 02:36:52',NULL),(72,0,'28-1',3,'image/jpeg',165089,'products/28-1.jpg','[]','2022-05-30 02:36:52','2022-05-30 02:36:52',NULL),(73,0,'28-2',3,'image/jpeg',173251,'products/28-2.jpg','[]','2022-05-30 02:36:52','2022-05-30 02:36:52',NULL),(74,0,'28',3,'image/jpeg',196876,'products/28.jpg','[]','2022-05-30 02:36:53','2022-05-30 02:36:53',NULL),(75,0,'29-1',3,'image/jpeg',76934,'products/29-1.jpg','[]','2022-05-30 02:36:53','2022-05-30 02:36:53',NULL),(76,0,'29-2',3,'image/jpeg',72301,'products/29-2.jpg','[]','2022-05-30 02:36:53','2022-05-30 02:36:53',NULL),(77,0,'29',3,'image/jpeg',114657,'products/29.jpg','[]','2022-05-30 02:36:53','2022-05-30 02:36:53',NULL),(78,0,'3',3,'image/jpeg',8388,'products/3.jpg','[]','2022-05-30 02:36:53','2022-05-30 02:36:53',NULL),(79,0,'30-1',3,'image/jpeg',138707,'products/30-1.jpg','[]','2022-05-30 02:36:53','2022-05-30 02:36:53',NULL),(80,0,'30-2',3,'image/jpeg',159620,'products/30-2.jpg','[]','2022-05-30 02:36:53','2022-05-30 02:36:53',NULL),(81,0,'30',3,'image/jpeg',159001,'products/30.jpg','[]','2022-05-30 02:36:54','2022-05-30 02:36:54',NULL),(82,0,'31-1',3,'image/jpeg',131257,'products/31-1.jpg','[]','2022-05-30 02:36:54','2022-05-30 02:36:54',NULL),(83,0,'31',3,'image/jpeg',142926,'products/31.jpg','[]','2022-05-30 02:36:54','2022-05-30 02:36:54',NULL),(84,0,'32-1',3,'image/jpeg',165089,'products/32-1.jpg','[]','2022-05-30 02:36:54','2022-05-30 02:36:54',NULL),(85,0,'32-2',3,'image/jpeg',196876,'products/32-2.jpg','[]','2022-05-30 02:36:54','2022-05-30 02:36:54',NULL),(86,0,'32',3,'image/jpeg',198165,'products/32.jpg','[]','2022-05-30 02:36:54','2022-05-30 02:36:54',NULL),(87,0,'33-1',3,'image/jpeg',198924,'products/33-1.jpg','[]','2022-05-30 02:36:54','2022-05-30 02:36:54',NULL),(88,0,'33-2',3,'image/jpeg',190793,'products/33-2.jpg','[]','2022-05-30 02:36:55','2022-05-30 02:36:55',NULL),(89,0,'33',3,'image/jpeg',141337,'products/33.jpg','[]','2022-05-30 02:36:55','2022-05-30 02:36:55',NULL),(90,0,'34-1',3,'image/jpeg',190793,'products/34-1.jpg','[]','2022-05-30 02:36:55','2022-05-30 02:36:55',NULL),(91,0,'34',3,'image/jpeg',198924,'products/34.jpg','[]','2022-05-30 02:36:55','2022-05-30 02:36:55',NULL),(92,0,'35-1',3,'image/jpeg',67243,'products/35-1.jpg','[]','2022-05-30 02:36:55','2022-05-30 02:36:55',NULL),(93,0,'35',3,'image/jpeg',85398,'products/35.jpg','[]','2022-05-30 02:36:55','2022-05-30 02:36:55',NULL),(94,0,'36-1',3,'image/jpeg',91244,'products/36-1.jpg','[]','2022-05-30 02:36:55','2022-05-30 02:36:55',NULL),(95,0,'36-2',3,'image/jpeg',173251,'products/36-2.jpg','[]','2022-05-30 02:36:56','2022-05-30 02:36:56',NULL),(96,0,'36',3,'image/jpeg',165089,'products/36.jpg','[]','2022-05-30 02:36:56','2022-05-30 02:36:56',NULL),(97,0,'37-1',3,'image/jpeg',68895,'products/37-1.jpg','[]','2022-05-30 02:36:56','2022-05-30 02:36:56',NULL),(98,0,'37-2',3,'image/jpeg',82550,'products/37-2.jpg','[]','2022-05-30 02:36:56','2022-05-30 02:36:56',NULL),(99,0,'37',3,'image/jpeg',150301,'products/37.jpg','[]','2022-05-30 02:36:56','2022-05-30 02:36:56',NULL),(100,0,'38-1',3,'image/jpeg',70353,'products/38-1.jpg','[]','2022-05-30 02:36:56','2022-05-30 02:36:56',NULL),(101,0,'38-2',3,'image/jpeg',24987,'products/38-2.jpg','[]','2022-05-30 02:36:56','2022-05-30 02:36:56',NULL),(102,0,'38-3',3,'image/jpeg',56968,'products/38-3.jpg','[]','2022-05-30 02:36:57','2022-05-30 02:36:57',NULL),(103,0,'38',3,'image/jpeg',81030,'products/38.jpg','[]','2022-05-30 02:36:57','2022-05-30 02:36:57',NULL),(104,0,'39-1',3,'image/jpeg',77268,'products/39-1.jpg','[]','2022-05-30 02:36:57','2022-05-30 02:36:57',NULL),(105,0,'39-2',3,'image/jpeg',74501,'products/39-2.jpg','[]','2022-05-30 02:36:57','2022-05-30 02:36:57',NULL),(106,0,'39',3,'image/jpeg',108681,'products/39.jpg','[]','2022-05-30 02:36:57','2022-05-30 02:36:57',NULL),(107,0,'4-1',3,'image/jpeg',39071,'products/4-1.jpg','[]','2022-05-30 02:36:57','2022-05-30 02:36:57',NULL),(108,0,'4-2',3,'image/jpeg',35982,'products/4-2.jpg','[]','2022-05-30 02:36:57','2022-05-30 02:36:57',NULL),(109,0,'4-3',3,'image/jpeg',62867,'products/4-3.jpg','[]','2022-05-30 02:36:57','2022-05-30 02:36:57',NULL),(110,0,'4',3,'image/jpeg',5547,'products/4.jpg','[]','2022-05-30 02:36:58','2022-05-30 02:36:58',NULL),(111,0,'40-1',3,'image/jpeg',52618,'products/40-1.jpg','[]','2022-05-30 02:36:58','2022-05-30 02:36:58',NULL),(112,0,'40',3,'image/jpeg',67425,'products/40.jpg','[]','2022-05-30 02:36:58','2022-05-30 02:36:58',NULL),(113,0,'41-1',3,'image/jpeg',133342,'products/41-1.jpg','[]','2022-05-30 02:36:58','2022-05-30 02:36:58',NULL),(114,0,'41-2',3,'image/jpeg',100077,'products/41-2.jpg','[]','2022-05-30 02:36:58','2022-05-30 02:36:58',NULL),(115,0,'41',3,'image/jpeg',136042,'products/41.jpg','[]','2022-05-30 02:36:58','2022-05-30 02:36:58',NULL),(116,0,'42-1',3,'image/jpeg',73853,'products/42-1.jpg','[]','2022-05-30 02:36:59','2022-05-30 02:36:59',NULL),(117,0,'42-2',3,'image/jpeg',93007,'products/42-2.jpg','[]','2022-05-30 02:36:59','2022-05-30 02:36:59',NULL),(118,0,'42',3,'image/jpeg',41232,'products/42.jpg','[]','2022-05-30 02:36:59','2022-05-30 02:36:59',NULL),(119,0,'43-1',3,'image/jpeg',73853,'products/43-1.jpg','[]','2022-05-30 02:36:59','2022-05-30 02:36:59',NULL),(120,0,'43-2',3,'image/jpeg',41232,'products/43-2.jpg','[]','2022-05-30 02:36:59','2022-05-30 02:36:59',NULL),(121,0,'43',3,'image/jpeg',93007,'products/43.jpg','[]','2022-05-30 02:36:59','2022-05-30 02:36:59',NULL),(122,0,'44-1',3,'image/jpeg',173251,'products/44-1.jpg','[]','2022-05-30 02:36:59','2022-05-30 02:36:59',NULL),(123,0,'44-2',3,'image/jpeg',165089,'products/44-2.jpg','[]','2022-05-30 02:36:59','2022-05-30 02:36:59',NULL),(124,0,'44',3,'image/jpeg',91244,'products/44.jpg','[]','2022-05-30 02:37:00','2022-05-30 02:37:00',NULL),(125,0,'45-1',3,'image/jpeg',106234,'products/45-1.jpg','[]','2022-05-30 02:37:00','2022-05-30 02:37:00',NULL),(126,0,'45',3,'image/jpeg',132985,'products/45.jpg','[]','2022-05-30 02:37:00','2022-05-30 02:37:00',NULL),(127,0,'46-1',3,'image/jpeg',65894,'products/46-1.jpg','[]','2022-05-30 02:37:00','2022-05-30 02:37:00',NULL),(128,0,'46',3,'image/jpeg',62107,'products/46.jpg','[]','2022-05-30 02:37:00','2022-05-30 02:37:00',NULL),(129,0,'47-1',3,'image/jpeg',43579,'products/47-1.jpg','[]','2022-05-30 02:37:00','2022-05-30 02:37:00',NULL),(130,0,'47',3,'image/jpeg',60112,'products/47.jpg','[]','2022-05-30 02:37:01','2022-05-30 02:37:01',NULL),(131,0,'48-1',3,'image/jpeg',80863,'products/48-1.jpg','[]','2022-05-30 02:37:01','2022-05-30 02:37:01',NULL),(132,0,'48-2',3,'image/jpeg',25052,'products/48-2.jpg','[]','2022-05-30 02:37:01','2022-05-30 02:37:01',NULL),(133,0,'48',3,'image/jpeg',65791,'products/48.jpg','[]','2022-05-30 02:37:01','2022-05-30 02:37:01',NULL),(134,0,'49-1',3,'image/jpeg',95351,'products/49-1.jpg','[]','2022-05-30 02:37:01','2022-05-30 02:37:01',NULL),(135,0,'49-2',3,'image/jpeg',111994,'products/49-2.jpg','[]','2022-05-30 02:37:01','2022-05-30 02:37:01',NULL),(136,0,'49',3,'image/jpeg',85871,'products/49.jpg','[]','2022-05-30 02:37:02','2022-05-30 02:37:02',NULL),(137,0,'5-1',3,'image/jpeg',72383,'products/5-1.jpg','[]','2022-05-30 02:37:02','2022-05-30 02:37:02',NULL),(138,0,'5-2',3,'image/jpeg',108591,'products/5-2.jpg','[]','2022-05-30 02:37:02','2022-05-30 02:37:02',NULL),(139,0,'5-3',3,'image/jpeg',63741,'products/5-3.jpg','[]','2022-05-30 02:37:02','2022-05-30 02:37:02',NULL),(140,0,'5',3,'image/jpeg',98052,'products/5.jpg','[]','2022-05-30 02:37:02','2022-05-30 02:37:02',NULL),(141,0,'50-1',3,'image/jpeg',60512,'products/50-1.jpg','[]','2022-05-30 02:37:02','2022-05-30 02:37:02',NULL),(142,0,'50',3,'image/jpeg',68895,'products/50.jpg','[]','2022-05-30 02:37:02','2022-05-30 02:37:02',NULL),(143,0,'51',3,'image/jpeg',135468,'products/51.jpg','[]','2022-05-30 02:37:02','2022-05-30 02:37:02',NULL),(144,0,'52-1',3,'image/jpeg',197370,'products/52-1.jpg','[]','2022-05-30 02:37:03','2022-05-30 02:37:03',NULL),(145,0,'52-2',3,'image/jpeg',65101,'products/52-2.jpg','[]','2022-05-30 02:37:03','2022-05-30 02:37:03',NULL),(146,0,'52',3,'image/jpeg',36801,'products/52.jpg','[]','2022-05-30 02:37:03','2022-05-30 02:37:03',NULL),(147,0,'53-1',3,'image/jpeg',111355,'products/53-1.jpg','[]','2022-05-30 02:37:03','2022-05-30 02:37:03',NULL),(148,0,'53',3,'image/jpeg',126506,'products/53.jpg','[]','2022-05-30 02:37:03','2022-05-30 02:37:03',NULL),(149,0,'54-1',3,'image/jpeg',95495,'products/54-1.jpg','[]','2022-05-30 02:37:03','2022-05-30 02:37:03',NULL),(150,0,'54',3,'image/jpeg',105371,'products/54.jpg','[]','2022-05-30 02:37:03','2022-05-30 02:37:03',NULL),(151,0,'55-1',3,'image/jpeg',47412,'products/55-1.jpg','[]','2022-05-30 02:37:03','2022-05-30 02:37:03',NULL),(152,0,'55-2',3,'image/jpeg',56779,'products/55-2.jpg','[]','2022-05-30 02:37:03','2022-05-30 02:37:03',NULL),(153,0,'55',3,'image/jpeg',122747,'products/55.jpg','[]','2022-05-30 02:37:04','2022-05-30 02:37:04',NULL),(154,0,'56-1',3,'image/jpeg',67243,'products/56-1.jpg','[]','2022-05-30 02:37:04','2022-05-30 02:37:04',NULL),(155,0,'56-2',3,'image/jpeg',85398,'products/56-2.jpg','[]','2022-05-30 02:37:04','2022-05-30 02:37:04',NULL),(156,0,'56',3,'image/jpeg',114706,'products/56.jpg','[]','2022-05-30 02:37:04','2022-05-30 02:37:04',NULL),(157,0,'57-1',3,'image/jpeg',133342,'products/57-1.jpg','[]','2022-05-30 02:37:04','2022-05-30 02:37:04',NULL),(158,0,'57',3,'image/jpeg',118478,'products/57.jpg','[]','2022-05-30 02:37:04','2022-05-30 02:37:04',NULL),(159,0,'58-1',3,'image/jpeg',133342,'products/58-1.jpg','[]','2022-05-30 02:37:04','2022-05-30 02:37:04',NULL),(160,0,'58-2',3,'image/jpeg',84892,'products/58-2.jpg','[]','2022-05-30 02:37:04','2022-05-30 02:37:04',NULL),(161,0,'58',3,'image/jpeg',88052,'products/58.jpg','[]','2022-05-30 02:37:05','2022-05-30 02:37:05',NULL),(162,0,'59-1',3,'image/jpeg',208932,'products/59-1.jpg','[]','2022-05-30 02:37:05','2022-05-30 02:37:05',NULL),(163,0,'59-2',3,'image/jpeg',217638,'products/59-2.jpg','[]','2022-05-30 02:37:05','2022-05-30 02:37:05',NULL),(164,0,'59-3',3,'image/jpeg',76140,'products/59-3.jpg','[]','2022-05-30 02:37:05','2022-05-30 02:37:05',NULL),(165,0,'59',3,'image/jpeg',146995,'products/59.jpg','[]','2022-05-30 02:37:05','2022-05-30 02:37:05',NULL),(166,0,'6',3,'image/jpeg',10944,'products/6.jpg','[]','2022-05-30 02:37:05','2022-05-30 02:37:05',NULL),(167,0,'60-1',3,'image/jpeg',165089,'products/60-1.jpg','[]','2022-05-30 02:37:05','2022-05-30 02:37:05',NULL),(168,0,'60-2',3,'image/jpeg',173251,'products/60-2.jpg','[]','2022-05-30 02:37:06','2022-05-30 02:37:06',NULL),(169,0,'60',3,'image/jpeg',188979,'products/60.jpg','[]','2022-05-30 02:37:06','2022-05-30 02:37:06',NULL),(170,0,'61-1',3,'image/jpeg',174117,'products/61-1.jpg','[]','2022-05-30 02:37:06','2022-05-30 02:37:06',NULL),(171,0,'61',3,'image/jpeg',192658,'products/61.jpg','[]','2022-05-30 02:37:06','2022-05-30 02:37:06',NULL),(172,0,'62-1',3,'image/jpeg',69919,'products/62-1.jpg','[]','2022-05-30 02:37:06','2022-05-30 02:37:06',NULL),(173,0,'62',3,'image/jpeg',86774,'products/62.jpg','[]','2022-05-30 02:37:06','2022-05-30 02:37:06',NULL),(174,0,'63-1',3,'image/jpeg',77435,'products/63-1.jpg','[]','2022-05-30 02:37:06','2022-05-30 02:37:06',NULL),(175,0,'63',3,'image/jpeg',77737,'products/63.jpg','[]','2022-05-30 02:37:06','2022-05-30 02:37:06',NULL),(176,0,'64-1',3,'image/jpeg',58739,'products/64-1.jpg','[]','2022-05-30 02:37:07','2022-05-30 02:37:07',NULL),(177,0,'64',3,'image/jpeg',60325,'products/64.jpg','[]','2022-05-30 02:37:07','2022-05-30 02:37:07',NULL),(178,0,'65-1',3,'image/jpeg',15765,'products/65-1.jpg','[]','2022-05-30 02:37:07','2022-05-30 02:37:07',NULL),(179,0,'65-2',3,'image/jpeg',22700,'products/65-2.jpg','[]','2022-05-30 02:37:07','2022-05-30 02:37:07',NULL),(180,0,'65',3,'image/jpeg',27889,'products/65.jpg','[]','2022-05-30 02:37:07','2022-05-30 02:37:07',NULL),(181,0,'7',3,'image/jpeg',10160,'products/7.jpg','[]','2022-05-30 02:37:07','2022-05-30 02:37:07',NULL),(182,0,'8-1',3,'image/jpeg',9986,'products/8-1.jpg','[]','2022-05-30 02:37:07','2022-05-30 02:37:07',NULL),(183,0,'8-2',3,'image/jpeg',8132,'products/8-2.jpg','[]','2022-05-30 02:37:07','2022-05-30 02:37:07',NULL),(184,0,'8-3',3,'image/jpeg',7867,'products/8-3.jpg','[]','2022-05-30 02:37:07','2022-05-30 02:37:07',NULL),(185,0,'8',3,'image/jpeg',10459,'products/8.jpg','[]','2022-05-30 02:37:07','2022-05-30 02:37:07',NULL),(186,0,'9-1',3,'image/jpeg',623616,'products/9-1.jpg','[]','2022-05-30 02:37:07','2022-05-30 02:37:07',NULL),(187,0,'9-2',3,'image/jpeg',647454,'products/9-2.jpg','[]','2022-05-30 02:37:08','2022-05-30 02:37:08',NULL),(188,0,'9',3,'image/jpeg',16733,'products/9.jpg','[]','2022-05-30 02:37:08','2022-05-30 02:37:08',NULL),(189,0,'1',4,'image/jpeg',11752,'customers/1.jpg','[]','2022-05-30 02:37:12','2022-05-30 02:37:12',NULL),(190,0,'10',4,'image/jpeg',27814,'customers/10.jpg','[]','2022-05-30 02:37:12','2022-05-30 02:37:12',NULL),(191,0,'2',4,'image/jpeg',19005,'customers/2.jpg','[]','2022-05-30 02:37:12','2022-05-30 02:37:12',NULL),(192,0,'3',4,'image/jpeg',20400,'customers/3.jpg','[]','2022-05-30 02:37:12','2022-05-30 02:37:12',NULL),(193,0,'4',4,'image/jpeg',26819,'customers/4.jpg','[]','2022-05-30 02:37:12','2022-05-30 02:37:12',NULL),(194,0,'5',4,'image/jpeg',14367,'customers/5.jpg','[]','2022-05-30 02:37:12','2022-05-30 02:37:12',NULL),(195,0,'6',4,'image/jpeg',12367,'customers/6.jpg','[]','2022-05-30 02:37:12','2022-05-30 02:37:12',NULL),(196,0,'7',4,'image/jpeg',20652,'customers/7.jpg','[]','2022-05-30 02:37:12','2022-05-30 02:37:12',NULL),(197,0,'8',4,'image/jpeg',21164,'customers/8.jpg','[]','2022-05-30 02:37:12','2022-05-30 02:37:12',NULL),(198,0,'9',4,'image/jpeg',6084,'customers/9.jpg','[]','2022-05-30 02:37:12','2022-05-30 02:37:12',NULL),(199,0,'1',5,'image/jpeg',532819,'news/1.jpg','[]','2022-05-30 02:37:15','2022-05-30 02:37:15',NULL),(200,0,'10',5,'image/jpeg',342651,'news/10.jpg','[]','2022-05-30 02:37:16','2022-05-30 02:37:16',NULL),(201,0,'11',5,'image/jpeg',296740,'news/11.jpg','[]','2022-05-30 02:37:16','2022-05-30 02:37:16',NULL),(202,0,'2',5,'image/jpeg',553729,'news/2.jpg','[]','2022-05-30 02:37:16','2022-05-30 02:37:16',NULL),(203,0,'3',5,'image/jpeg',522223,'news/3.jpg','[]','2022-05-30 02:37:16','2022-05-30 02:37:16',NULL),(204,0,'4',5,'image/jpeg',910908,'news/4.jpg','[]','2022-05-30 02:37:17','2022-05-30 02:37:17',NULL),(205,0,'5',5,'image/jpeg',666561,'news/5.jpg','[]','2022-05-30 02:37:17','2022-05-30 02:37:17',NULL),(206,0,'6',5,'image/jpeg',431929,'news/6.jpg','[]','2022-05-30 02:37:17','2022-05-30 02:37:17',NULL),(207,0,'7',5,'image/jpeg',568268,'news/7.jpg','[]','2022-05-30 02:37:17','2022-05-30 02:37:17',NULL),(208,0,'8',5,'image/jpeg',351088,'news/8.jpg','[]','2022-05-30 02:37:17','2022-05-30 02:37:17',NULL),(209,0,'9',5,'image/jpeg',353751,'news/9.jpg','[]','2022-05-30 02:37:17','2022-05-30 02:37:17',NULL),(210,0,'01-sm',6,'image/jpeg',34457,'sliders/01-sm.jpg','[]','2022-05-30 02:37:18','2022-05-30 02:37:18',NULL),(211,0,'01',6,'image/jpeg',71931,'sliders/01.jpg','[]','2022-05-30 02:37:18','2022-05-30 02:37:18',NULL),(212,0,'02-sm',6,'image/jpeg',102623,'sliders/02-sm.jpg','[]','2022-05-30 02:37:18','2022-05-30 02:37:18',NULL),(213,0,'02',6,'image/jpeg',105928,'sliders/02.jpg','[]','2022-05-30 02:37:18','2022-05-30 02:37:18',NULL),(214,0,'1',7,'image/jpeg',51799,'promotion/1.jpg','[]','2022-05-30 02:37:19','2022-05-30 02:37:19',NULL),(215,0,'2',7,'image/png',105462,'promotion/2.png','[]','2022-05-30 02:37:19','2022-05-30 02:37:19',NULL),(216,0,'3',7,'image/png',109691,'promotion/3.png','[]','2022-05-30 02:37:19','2022-05-30 02:37:19',NULL),(217,0,'4',7,'image/png',109053,'promotion/4.png','[]','2022-05-30 02:37:19','2022-05-30 02:37:19',NULL),(218,0,'5',7,'image/png',199722,'promotion/5.png','[]','2022-05-30 02:37:20','2022-05-30 02:37:20',NULL),(219,0,'404',8,'image/png',36169,'general/404.png','[]','2022-05-30 02:37:21','2022-05-30 02:37:21',NULL),(220,0,'app-android',8,'image/png',2706,'general/app-android.png','[]','2022-05-30 02:37:21','2022-05-30 02:37:21',NULL),(221,0,'app-bg',8,'image/png',108219,'general/app-bg.png','[]','2022-05-30 02:37:21','2022-05-30 02:37:21',NULL),(222,0,'app-ios',8,'image/png',2225,'general/app-ios.png','[]','2022-05-30 02:37:21','2022-05-30 02:37:21',NULL),(223,0,'background',8,'image/jpeg',119587,'general/background.jpg','[]','2022-05-30 02:37:21','2022-05-30 02:37:21',NULL),(224,0,'blog-bg',8,'image/jpeg',91229,'general/blog-bg.jpg','[]','2022-05-30 02:37:21','2022-05-30 02:37:21',NULL),(225,0,'coming-soon',8,'image/jpeg',218624,'general/coming-soon.jpg','[]','2022-05-30 02:37:22','2022-05-30 02:37:22',NULL),(226,0,'facebook',8,'image/png',646,'general/facebook.png','[]','2022-05-30 02:37:22','2022-05-30 02:37:22',NULL),(227,0,'favicon',8,'image/png',9245,'general/favicon.png','[]','2022-05-30 02:37:22','2022-05-30 02:37:22',NULL),(228,0,'footer-payments',8,'image/png',4262,'general/footer-payments.png','[]','2022-05-30 02:37:22','2022-05-30 02:37:22',NULL),(229,0,'icon-protect',8,'image/png',1352,'general/icon-protect.png','[]','2022-05-30 02:37:22','2022-05-30 02:37:22',NULL),(230,0,'icon-reload',8,'image/png',1492,'general/icon-reload.png','[]','2022-05-30 02:37:22','2022-05-30 02:37:22',NULL),(231,0,'icon-rocket',8,'image/png',1413,'general/icon-rocket.png','[]','2022-05-30 02:37:22','2022-05-30 02:37:22',NULL),(232,0,'icon-support',8,'image/png',1482,'general/icon-support.png','[]','2022-05-30 02:37:22','2022-05-30 02:37:22',NULL),(233,0,'icon-tag',8,'image/png',1335,'general/icon-tag.png','[]','2022-05-30 02:37:22','2022-05-30 02:37:22',NULL),(234,0,'instagram',8,'image/png',2586,'general/instagram.png','[]','2022-05-30 02:37:22','2022-05-30 02:37:22',NULL),(235,0,'logo-light',8,'image/png',12825,'general/logo-light.png','[]','2022-05-30 02:37:23','2022-05-30 02:37:23',NULL),(236,0,'logo',8,'image/png',16365,'general/logo.png','[]','2022-05-30 02:37:23','2022-05-30 02:37:23',NULL),(237,0,'open-graph-image',8,'image/png',786443,'general/open-graph-image.png','[]','2022-05-30 02:37:23','2022-05-30 02:37:23',NULL),(238,0,'pinterest',8,'image/png',2128,'general/pinterest.png','[]','2022-05-30 02:37:23','2022-05-30 02:37:23',NULL),(239,0,'placeholder',8,'image/png',4817,'general/placeholder.png','[]','2022-05-30 02:37:23','2022-05-30 02:37:23',NULL),(240,0,'slider-bg',8,'image/jpeg',119587,'general/slider-bg.jpg','[]','2022-05-30 02:37:23','2022-05-30 02:37:23',NULL),(241,0,'twitter',8,'image/png',1759,'general/twitter.png','[]','2022-05-30 02:37:23','2022-05-30 02:37:23',NULL),(242,0,'youtube',8,'image/png',1083,'general/youtube.png','[]','2022-05-30 02:37:24','2022-05-30 02:37:24',NULL),(243,0,'1',9,'image/png',11920,'stores/1.png','[]','2022-05-30 02:37:24','2022-05-30 02:37:24',NULL),(244,0,'10',9,'image/png',6583,'stores/10.png','[]','2022-05-30 02:37:24','2022-05-30 02:37:24',NULL),(245,0,'11',9,'image/png',6934,'stores/11.png','[]','2022-05-30 02:37:24','2022-05-30 02:37:24',NULL),(246,0,'12',9,'image/png',7396,'stores/12.png','[]','2022-05-30 02:37:24','2022-05-30 02:37:24',NULL),(247,0,'13',9,'image/png',5881,'stores/13.png','[]','2022-05-30 02:37:24','2022-05-30 02:37:24',NULL),(248,0,'14',9,'image/png',7188,'stores/14.png','[]','2022-05-30 02:37:24','2022-05-30 02:37:24',NULL),(249,0,'15',9,'image/png',7142,'stores/15.png','[]','2022-05-30 02:37:24','2022-05-30 02:37:24',NULL),(250,0,'16',9,'image/png',4659,'stores/16.png','[]','2022-05-30 02:37:24','2022-05-30 02:37:24',NULL),(251,0,'17',9,'image/png',6781,'stores/17.png','[]','2022-05-30 02:37:25','2022-05-30 02:37:25',NULL),(252,0,'2',9,'image/png',12300,'stores/2.png','[]','2022-05-30 02:37:25','2022-05-30 02:37:25',NULL),(253,0,'3',9,'image/png',10778,'stores/3.png','[]','2022-05-30 02:37:25','2022-05-30 02:37:25',NULL),(254,0,'4',9,'image/png',10771,'stores/4.png','[]','2022-05-30 02:37:25','2022-05-30 02:37:25',NULL),(255,0,'5',9,'image/png',13041,'stores/5.png','[]','2022-05-30 02:37:25','2022-05-30 02:37:25',NULL),(256,0,'6',9,'image/png',14006,'stores/6.png','[]','2022-05-30 02:37:25','2022-05-30 02:37:25',NULL),(257,0,'7',9,'image/png',5978,'stores/7.png','[]','2022-05-30 02:37:25','2022-05-30 02:37:25',NULL),(258,0,'8',9,'image/png',6586,'stores/8.png','[]','2022-05-30 02:37:25','2022-05-30 02:37:25',NULL),(259,0,'9',9,'image/png',6173,'stores/9.png','[]','2022-05-30 02:37:25','2022-05-30 02:37:25',NULL),(260,0,'background-1',9,'image/jpeg',326811,'stores/background-1.jpg','[]','2022-05-30 02:37:25','2022-05-30 02:37:25',NULL),(261,0,'background-2',9,'image/jpeg',201303,'stores/background-2.jpg','[]','2022-05-30 02:37:26','2022-05-30 02:37:26',NULL);
/*!40000 ALTER TABLE `media_files` ENABLE KEYS */;
UNLOCK TABLES;

--
-- Table structure for table `media_folders`
--

DROP TABLE IF EXISTS `media_folders`;
/*!40101 SET @saved_cs_client     = @@character_set_client */;
/*!50503 SET character_set_client = utf8mb4 */;
CREATE TABLE `media_folders` (
  `id` bigint unsigned NOT NULL AUTO_INCREMENT,
  `user_id` int unsigned NOT NULL,
  `name` varchar(191) COLLATE utf8mb4_unicode_ci DEFAULT NULL,
  `slug` varchar(191) COLLATE utf8mb4_unicode_ci DEFAULT NULL,
  `parent_id` int NOT NULL DEFAULT '0',
  `created_at` timestamp NULL DEFAULT NULL,
  `updated_at` timestamp NULL DEFAULT NULL,
  `deleted_at` timestamp NULL DEFAULT NULL,
  PRIMARY KEY (`id`),
  KEY `media_folders_user_id_index` (`user_id`),
  KEY `media_folders_index` (`parent_id`,`user_id`,`created_at`)
) ENGINE=InnoDB AUTO_INCREMENT=10 DEFAULT CHARSET=utf8mb4 COLLATE=utf8mb4_unicode_ci;
/*!40101 SET character_set_client = @saved_cs_client */;

--
-- Dumping data for table `media_folders`
--

LOCK TABLES `media_folders` WRITE;
/*!40000 ALTER TABLE `media_folders` DISABLE KEYS */;
INSERT INTO `media_folders` VALUES (1,0,'brands','brands',0,'2022-05-30 02:36:41','2022-05-30 02:36:41',NULL),(2,0,'product-categories','product-categories',0,'2022-05-30 02:36:42','2022-05-30 02:36:42',NULL),(3,0,'products','products',0,'2022-05-30 02:36:44','2022-05-30 02:36:44',NULL),(4,0,'customers','customers',0,'2022-05-30 02:37:12','2022-05-30 02:37:12',NULL),(5,0,'news','news',0,'2022-05-30 02:37:15','2022-05-30 02:37:15',NULL),(6,0,'sliders','sliders',0,'2022-05-30 02:37:18','2022-05-30 02:37:18',NULL),(7,0,'promotion','promotion',0,'2022-05-30 02:37:19','2022-05-30 02:37:19',NULL),(8,0,'general','general',0,'2022-05-30 02:37:21','2022-05-30 02:37:21',NULL),(9,0,'stores','stores',0,'2022-05-30 02:37:24','2022-05-30 02:37:24',NULL);
/*!40000 ALTER TABLE `media_folders` ENABLE KEYS */;
UNLOCK TABLES;

--
-- Table structure for table `media_settings`
--

DROP TABLE IF EXISTS `media_settings`;
/*!40101 SET @saved_cs_client     = @@character_set_client */;
/*!50503 SET character_set_client = utf8mb4 */;
CREATE TABLE `media_settings` (
  `id` bigint unsigned NOT NULL AUTO_INCREMENT,
  `key` varchar(120) COLLATE utf8mb4_unicode_ci NOT NULL,
  `value` text COLLATE utf8mb4_unicode_ci,
  `media_id` int DEFAULT NULL,
  `user_id` int DEFAULT NULL,
  `created_at` timestamp NULL DEFAULT NULL,
  `updated_at` timestamp NULL DEFAULT NULL,
  PRIMARY KEY (`id`)
) ENGINE=InnoDB DEFAULT CHARSET=utf8mb4 COLLATE=utf8mb4_unicode_ci;
/*!40101 SET character_set_client = @saved_cs_client */;

--
-- Dumping data for table `media_settings`
--

LOCK TABLES `media_settings` WRITE;
/*!40000 ALTER TABLE `media_settings` DISABLE KEYS */;
/*!40000 ALTER TABLE `media_settings` ENABLE KEYS */;
UNLOCK TABLES;

--
-- Table structure for table `menu_locations`
--

DROP TABLE IF EXISTS `menu_locations`;
/*!40101 SET @saved_cs_client     = @@character_set_client */;
/*!50503 SET character_set_client = utf8mb4 */;
CREATE TABLE `menu_locations` (
  `id` bigint unsigned NOT NULL AUTO_INCREMENT,
  `menu_id` int unsigned NOT NULL,
  `location` varchar(120) COLLATE utf8mb4_unicode_ci NOT NULL,
  `created_at` timestamp NULL DEFAULT NULL,
  `updated_at` timestamp NULL DEFAULT NULL,
  PRIMARY KEY (`id`),
  KEY `menu_locations_menu_id_created_at_index` (`menu_id`,`created_at`)
) ENGINE=InnoDB AUTO_INCREMENT=5 DEFAULT CHARSET=utf8mb4 COLLATE=utf8mb4_unicode_ci;
/*!40101 SET character_set_client = @saved_cs_client */;

--
-- Dumping data for table `menu_locations`
--

LOCK TABLES `menu_locations` WRITE;
/*!40000 ALTER TABLE `menu_locations` DISABLE KEYS */;
INSERT INTO `menu_locations` VALUES (1,1,'main-menu','2022-05-30 02:37:20','2022-05-30 02:37:20'),(2,2,'header-navigation','2022-05-30 02:37:20','2022-05-30 02:37:20'),(3,6,'main-menu','2022-05-30 02:37:20','2022-05-30 02:37:20'),(4,8,'header-navigation','2022-05-30 02:37:20','2022-05-30 02:37:20');
/*!40000 ALTER TABLE `menu_locations` ENABLE KEYS */;
UNLOCK TABLES;

--
-- Table structure for table `menu_nodes`
--

DROP TABLE IF EXISTS `menu_nodes`;
/*!40101 SET @saved_cs_client     = @@character_set_client */;
/*!50503 SET character_set_client = utf8mb4 */;
CREATE TABLE `menu_nodes` (
  `id` bigint unsigned NOT NULL AUTO_INCREMENT,
  `menu_id` int unsigned NOT NULL,
  `parent_id` int unsigned NOT NULL DEFAULT '0',
  `reference_id` int unsigned DEFAULT NULL,
  `reference_type` varchar(255) COLLATE utf8mb4_unicode_ci DEFAULT NULL,
  `url` varchar(120) COLLATE utf8mb4_unicode_ci DEFAULT NULL,
  `icon_font` varchar(50) COLLATE utf8mb4_unicode_ci DEFAULT NULL,
  `position` tinyint unsigned NOT NULL DEFAULT '0',
  `title` varchar(120) COLLATE utf8mb4_unicode_ci DEFAULT NULL,
  `css_class` varchar(120) COLLATE utf8mb4_unicode_ci DEFAULT NULL,
  `target` varchar(20) COLLATE utf8mb4_unicode_ci NOT NULL DEFAULT '_self',
  `has_child` tinyint unsigned NOT NULL DEFAULT '0',
  `created_at` timestamp NULL DEFAULT NULL,
  `updated_at` timestamp NULL DEFAULT NULL,
  PRIMARY KEY (`id`),
  KEY `menu_nodes_menu_id_index` (`menu_id`),
  KEY `menu_nodes_parent_id_index` (`parent_id`),
  KEY `menu_nodes_reference_id_index` (`reference_id`),
  KEY `menu_nodes_reference_type_index` (`reference_type`)
) ENGINE=InnoDB AUTO_INCREMENT=63 DEFAULT CHARSET=utf8mb4 COLLATE=utf8mb4_unicode_ci;
/*!40101 SET character_set_client = @saved_cs_client */;

--
-- Dumping data for table `menu_nodes`
--

LOCK TABLES `menu_nodes` WRITE;
/*!40000 ALTER TABLE `menu_nodes` DISABLE KEYS */;
INSERT INTO `menu_nodes` VALUES (1,1,0,NULL,NULL,'/products/smart-watches','icon icon-flash-auto',0,'Special Prices',NULL,'_self',0,'2022-05-30 02:37:20','2022-05-30 02:37:20'),(2,1,0,NULL,NULL,'#',NULL,0,'Pages',NULL,'_self',1,'2022-05-30 02:37:20','2022-05-30 02:37:20'),(3,1,2,2,'Botble\\Page\\Models\\Page','/about-us',NULL,0,'About us',NULL,'_self',0,'2022-05-30 02:37:20','2022-05-30 02:37:21'),(4,1,2,3,'Botble\\Page\\Models\\Page','/terms-of-use',NULL,0,'Terms Of Use',NULL,'_self',0,'2022-05-30 02:37:20','2022-05-30 02:37:21'),(5,1,2,4,'Botble\\Page\\Models\\Page','/terms-conditions',NULL,0,'Terms & Conditions',NULL,'_self',0,'2022-05-30 02:37:20','2022-05-30 02:37:21'),(6,1,2,5,'Botble\\Page\\Models\\Page','/refund-policy',NULL,0,'Refund Policy',NULL,'_self',0,'2022-05-30 02:37:20','2022-05-30 02:37:21'),(7,1,2,12,'Botble\\Page\\Models\\Page','/coming-soon',NULL,0,'Coming soon',NULL,'_self',0,'2022-05-30 02:37:20','2022-05-30 02:37:21'),(8,1,0,NULL,NULL,'/products',NULL,0,'Shop',NULL,'_self',1,'2022-05-30 02:37:20','2022-05-30 02:37:20'),(9,1,8,NULL,NULL,'/products',NULL,0,'All products',NULL,'_self',0,'2022-05-30 02:37:20','2022-05-30 02:37:20'),(10,1,8,15,'Botble\\Ecommerce\\Models\\ProductCategory','/product-categories/potatoes',NULL,0,'Products Of Category',NULL,'_self',0,'2022-05-30 02:37:20','2022-05-30 02:37:21'),(11,1,8,NULL,NULL,'/products/beat-headphone',NULL,0,'Product Single',NULL,'_self',0,'2022-05-30 02:37:20','2022-05-30 02:37:20'),(12,1,0,NULL,NULL,'/stores',NULL,0,'Stores',NULL,'_self',0,'2022-05-30 02:37:20','2022-05-30 02:37:20'),(13,1,0,6,'Botble\\Page\\Models\\Page','/blog',NULL,0,'Blog',NULL,'_self',0,'2022-05-30 02:37:20','2022-05-30 02:37:21'),(14,1,0,7,'Botble\\Page\\Models\\Page','/faqs',NULL,0,'FAQs',NULL,'_self',0,'2022-05-30 02:37:20','2022-05-30 02:37:21'),(15,1,0,8,'Botble\\Page\\Models\\Page','/contact',NULL,0,'Contact',NULL,'_self',0,'2022-05-30 02:37:20','2022-05-30 02:37:21'),(16,2,0,2,'Botble\\Page\\Models\\Page','/about-us',NULL,0,'About Us',NULL,'_self',0,'2022-05-30 02:37:20','2022-05-30 02:37:21'),(17,2,0,NULL,NULL,'wishlist',NULL,0,'Wishlist',NULL,'_self',0,'2022-05-30 02:37:20','2022-05-30 02:37:20'),(18,2,0,NULL,NULL,'orders/tracking',NULL,0,'Order Tracking',NULL,'_self',0,'2022-05-30 02:37:20','2022-05-30 02:37:20'),(19,3,0,3,'Botble\\Page\\Models\\Page','/terms-of-use',NULL,0,'Terms Of Use',NULL,'_self',0,'2022-05-30 02:37:20','2022-05-30 02:37:21'),(20,3,0,4,'Botble\\Page\\Models\\Page','/terms-conditions',NULL,0,'Terms & Conditions',NULL,'_self',0,'2022-05-30 02:37:20','2022-05-30 02:37:21'),(21,3,0,5,'Botble\\Page\\Models\\Page','/refund-policy',NULL,0,'Refund Policy',NULL,'_self',0,'2022-05-30 02:37:20','2022-05-30 02:37:21'),(22,3,0,7,'Botble\\Page\\Models\\Page','/faqs',NULL,0,'FAQs',NULL,'_self',0,'2022-05-30 02:37:20','2022-05-30 02:37:21'),(23,3,0,NULL,NULL,'/nothing',NULL,0,'404 Page',NULL,'_self',0,'2022-05-30 02:37:20','2022-05-30 02:37:20'),(24,4,0,2,'Botble\\Page\\Models\\Page','/about-us',NULL,0,'About us',NULL,'_self',0,'2022-05-30 02:37:20','2022-05-30 02:37:21'),(25,4,0,10,'Botble\\Page\\Models\\Page','/affiliate',NULL,0,'Affiliate',NULL,'_self',0,'2022-05-30 02:37:20','2022-05-30 02:37:21'),(26,4,0,11,'Botble\\Page\\Models\\Page','/career',NULL,0,'Career',NULL,'_self',0,'2022-05-30 02:37:20','2022-05-30 02:37:21'),(27,4,0,8,'Botble\\Page\\Models\\Page','/contact',NULL,0,'Contact us',NULL,'_self',0,'2022-05-30 02:37:20','2022-05-30 02:37:21'),(28,5,0,6,'Botble\\Page\\Models\\Page','/blog',NULL,0,'Our blog',NULL,'_self',0,'2022-05-30 02:37:20','2022-05-30 02:37:21'),(29,5,0,NULL,NULL,'/cart',NULL,0,'Cart',NULL,'_self',0,'2022-05-30 02:37:20','2022-05-30 02:37:20'),(30,5,0,NULL,NULL,'/customer/overview',NULL,0,'My account',NULL,'_self',0,'2022-05-30 02:37:20','2022-05-30 02:37:20'),(31,5,0,NULL,NULL,'/products',NULL,0,'Shop',NULL,'_self',0,'2022-05-30 02:37:20','2022-05-30 02:37:20'),(32,6,0,NULL,NULL,'/',NULL,0,'Trang chủ',NULL,'_self',0,'2022-05-30 02:37:20','2022-05-30 02:37:20'),(33,6,0,NULL,NULL,'#',NULL,0,'Trang',NULL,'_self',1,'2022-05-30 02:37:20','2022-05-30 02:37:20'),(34,6,33,2,'Botble\\Page\\Models\\Page','/about-us',NULL,0,'Về chúng tôi',NULL,'_self',0,'2022-05-30 02:37:20','2022-05-30 02:37:21'),(35,6,33,3,'Botble\\Page\\Models\\Page','/terms-of-use',NULL,0,'Điều khoản sử dụng',NULL,'_self',0,'2022-05-30 02:37:20','2022-05-30 02:37:21'),(36,6,33,4,'Botble\\Page\\Models\\Page','/terms-conditions',NULL,0,'Điều khoản và quy định',NULL,'_self',0,'2022-05-30 02:37:20','2022-05-30 02:37:21'),(37,6,33,5,'Botble\\Page\\Models\\Page','/refund-policy',NULL,0,'Chính sách hoàn hàng',NULL,'_self',0,'2022-05-30 02:37:20','2022-05-30 02:37:21'),(38,6,33,12,'Botble\\Page\\Models\\Page','/coming-soon',NULL,0,'Sắp ra mắt',NULL,'_self',0,'2022-05-30 02:37:20','2022-05-30 02:37:21'),(39,6,0,NULL,NULL,'/products',NULL,0,'Sản phẩm',NULL,'_self',1,'2022-05-30 02:37:20','2022-05-30 02:37:20'),(40,6,39,NULL,NULL,'/products',NULL,0,'Tất cả sản phẩm',NULL,'_self',0,'2022-05-30 02:37:20','2022-05-30 02:37:20'),(41,6,39,15,'Botble\\Ecommerce\\Models\\ProductCategory','/product-categories/potatoes',NULL,0,'Danh mục sản phẩm',NULL,'_self',0,'2022-05-30 02:37:20','2022-05-30 02:37:21'),(42,6,39,NULL,NULL,'/products/beat-headphone',NULL,0,'Sản phẩm chi tiết',NULL,'_self',0,'2022-05-30 02:37:20','2022-05-30 02:37:20'),(43,6,0,NULL,NULL,'/stores',NULL,0,'Cửa hàng',NULL,'_self',0,'2022-05-30 02:37:20','2022-05-30 02:37:20'),(44,6,0,6,'Botble\\Page\\Models\\Page','/blog',NULL,0,'Tin tức',NULL,'_self',0,'2022-05-30 02:37:20','2022-05-30 02:37:21'),(45,6,0,7,'Botble\\Page\\Models\\Page','/faqs',NULL,0,'FAQs',NULL,'_self',0,'2022-05-30 02:37:20','2022-05-30 02:37:21'),(46,6,0,8,'Botble\\Page\\Models\\Page','/contact',NULL,0,'Liên hệ',NULL,'_self',0,'2022-05-30 02:37:20','2022-05-30 02:37:21'),(47,7,0,3,'Botble\\Page\\Models\\Page','/terms-of-use',NULL,0,'Điều khoản sử dụng',NULL,'_self',0,'2022-05-30 02:37:20','2022-05-30 02:37:21'),(48,7,0,4,'Botble\\Page\\Models\\Page','/terms-conditions',NULL,0,'Điều khoản và quy định',NULL,'_self',0,'2022-05-30 02:37:20','2022-05-30 02:37:21'),(49,7,0,5,'Botble\\Page\\Models\\Page','/refund-policy',NULL,0,'Chính sách hoàn hàng',NULL,'_self',0,'2022-05-30 02:37:20','2022-05-30 02:37:21'),(50,7,0,6,'Botble\\Page\\Models\\Page','/blog',NULL,0,'FAQs',NULL,'_self',0,'2022-05-30 02:37:20','2022-05-30 02:37:21'),(51,7,0,NULL,NULL,'/nothing',NULL,0,'404 Page',NULL,'_self',0,'2022-05-30 02:37:20','2022-05-30 02:37:20'),(52,8,0,2,'Botble\\Page\\Models\\Page','/about-us',NULL,0,'Về chúng tôi',NULL,'_self',0,'2022-05-30 02:37:20','2022-05-30 02:37:21'),(53,8,0,NULL,NULL,'wishlist',NULL,0,'Danh sách ưa thích',NULL,'_self',0,'2022-05-30 02:37:20','2022-05-30 02:37:20'),(54,8,0,NULL,NULL,'orders/tracking',NULL,0,'Theo dõi đơn hàng',NULL,'_self',0,'2022-05-30 02:37:20','2022-05-30 02:37:20'),(55,9,0,2,'Botble\\Page\\Models\\Page','/about-us',NULL,0,'Về chúng tôi',NULL,'_self',0,'2022-05-30 02:37:20','2022-05-30 02:37:21'),(56,9,0,10,'Botble\\Page\\Models\\Page','/affiliate',NULL,0,'Tiếp thị liên kết',NULL,'_self',0,'2022-05-30 02:37:20','2022-05-30 02:37:21'),(57,9,0,11,'Botble\\Page\\Models\\Page','/career',NULL,0,'Tuyển dụng',NULL,'_self',0,'2022-05-30 02:37:20','2022-05-30 02:37:21'),(58,9,0,8,'Botble\\Page\\Models\\Page','/contact',NULL,0,'Liên hệ',NULL,'_self',0,'2022-05-30 02:37:20','2022-05-30 02:37:21'),(59,10,0,6,'Botble\\Page\\Models\\Page','/blog',NULL,0,'Tin tức',NULL,'_self',0,'2022-05-30 02:37:20','2022-05-30 02:37:21'),(60,10,0,NULL,NULL,'/cart',NULL,0,'Giỏ hàng',NULL,'_self',0,'2022-05-30 02:37:20','2022-05-30 02:37:20'),(61,10,0,NULL,NULL,'/customer/overview',NULL,0,'Tài khoản',NULL,'_self',0,'2022-05-30 02:37:20','2022-05-30 02:37:20'),(62,10,0,NULL,NULL,'/products',NULL,0,'Sản phẩm',NULL,'_self',0,'2022-05-30 02:37:20','2022-05-30 02:37:20');
/*!40000 ALTER TABLE `menu_nodes` ENABLE KEYS */;
UNLOCK TABLES;

--
-- Table structure for table `menus`
--

DROP TABLE IF EXISTS `menus`;
/*!40101 SET @saved_cs_client     = @@character_set_client */;
/*!50503 SET character_set_client = utf8mb4 */;
CREATE TABLE `menus` (
  `id` bigint unsigned NOT NULL AUTO_INCREMENT,
  `name` varchar(120) COLLATE utf8mb4_unicode_ci NOT NULL,
  `slug` varchar(120) COLLATE utf8mb4_unicode_ci DEFAULT NULL,
  `status` varchar(60) COLLATE utf8mb4_unicode_ci NOT NULL DEFAULT 'published',
  `created_at` timestamp NULL DEFAULT NULL,
  `updated_at` timestamp NULL DEFAULT NULL,
  PRIMARY KEY (`id`),
  UNIQUE KEY `menus_slug_unique` (`slug`)
) ENGINE=InnoDB AUTO_INCREMENT=11 DEFAULT CHARSET=utf8mb4 COLLATE=utf8mb4_unicode_ci;
/*!40101 SET character_set_client = @saved_cs_client */;

--
-- Dumping data for table `menus`
--

LOCK TABLES `menus` WRITE;
/*!40000 ALTER TABLE `menus` DISABLE KEYS */;
INSERT INTO `menus` VALUES (1,'Main menu','main-menu','published','2022-05-30 02:37:20','2022-05-30 02:37:20'),(2,'Header menu','header-menu','published','2022-05-30 02:37:20','2022-05-30 02:37:20'),(3,'Useful Links','useful-links','published','2022-05-30 02:37:20','2022-05-30 02:37:20'),(4,'Help Center','help-center','published','2022-05-30 02:37:20','2022-05-30 02:37:20'),(5,'Business','business','published','2022-05-30 02:37:20','2022-05-30 02:37:20'),(6,'Menu chính','menu-chinh','published','2022-05-30 02:37:20','2022-05-30 02:37:20'),(7,'Liên kết hữu ích','lien-ket-huu-ich','published','2022-05-30 02:37:20','2022-05-30 02:37:20'),(8,'Menu trên cùng','menu-tren-cung','published','2022-05-30 02:37:20','2022-05-30 02:37:20'),(9,'Trung tâm trợ giúp','trung-tam-tro-giup','published','2022-05-30 02:37:20','2022-05-30 02:37:20'),(10,'Doanh nghiệp','doanh-nghiep','published','2022-05-30 02:37:20','2022-05-30 02:37:20');
/*!40000 ALTER TABLE `menus` ENABLE KEYS */;
UNLOCK TABLES;

--
-- Table structure for table `meta_boxes`
--

DROP TABLE IF EXISTS `meta_boxes`;
/*!40101 SET @saved_cs_client     = @@character_set_client */;
/*!50503 SET character_set_client = utf8mb4 */;
CREATE TABLE `meta_boxes` (
  `id` bigint unsigned NOT NULL AUTO_INCREMENT,
  `meta_key` varchar(255) COLLATE utf8mb4_unicode_ci NOT NULL,
  `meta_value` text COLLATE utf8mb4_unicode_ci,
  `reference_id` int unsigned NOT NULL,
  `reference_type` varchar(120) COLLATE utf8mb4_unicode_ci NOT NULL,
  `created_at` timestamp NULL DEFAULT NULL,
  `updated_at` timestamp NULL DEFAULT NULL,
  PRIMARY KEY (`id`),
  KEY `meta_boxes_reference_id_index` (`reference_id`)
) ENGINE=InnoDB AUTO_INCREMENT=90 DEFAULT CHARSET=utf8mb4 COLLATE=utf8mb4_unicode_ci;
/*!40101 SET character_set_client = @saved_cs_client */;

--
-- Dumping data for table `meta_boxes`
--

LOCK TABLES `meta_boxes` WRITE;
/*!40000 ALTER TABLE `meta_boxes` DISABLE KEYS */;
INSERT INTO `meta_boxes` VALUES (1,'faq_schema_config','[[[{\"key\":\"question\",\"value\":\"What Shipping Methods Are Available?\"},{\"key\":\"answer\",\"value\":\"Ex Portland Pitchfork irure mustache. Eutra fap before they sold out literally. Aliquip ugh bicycle rights actually mlkshk, seitan squid craft beer tempor.\"}],[{\"key\":\"question\",\"value\":\"Do You Ship Internationally?\"},{\"key\":\"answer\",\"value\":\"Hoodie tote bag mixtape tofu. Typewriter jean shorts wolf quinoa, messenger bag organic freegan cray.\"}],[{\"key\":\"question\",\"value\":\"How Long Will It Take To Get My Package?\"},{\"key\":\"answer\",\"value\":\"Swag slow-carb quinoa VHS typewriter pork belly brunch, paleo single-origin coffee Wes Anderson. Flexitarian Pitchfork forage, literally paleo fap pour-over. Wes Anderson Pinterest YOLO fanny pack meggings, deep v XOXO chambray sustainable slow-carb raw denim church-key fap chillwave Etsy. +1 typewriter kitsch, American Apparel tofu Banksy Vice.\"}],[{\"key\":\"question\",\"value\":\"What Payment Methods Are Accepted?\"},{\"key\":\"answer\",\"value\":\"Fashion axe DIY jean shorts, swag kale chips meh polaroid kogi butcher Wes Anderson chambray next level semiotics gentrify yr. Voluptate photo booth fugiat Vice. Austin sed Williamsburg, ea labore raw denim voluptate cred proident mixtape excepteur mustache. Twee chia photo booth readymade food truck, hoodie roof party swag keytar PBR DIY.\"}],[{\"key\":\"question\",\"value\":\"Is Buying On-Line Safe?\"},{\"key\":\"answer\",\"value\":\"Art party authentic freegan semiotics jean shorts chia cred. Neutra Austin roof party Brooklyn, synth Thundercats swag 8-bit photo booth. Plaid letterpress leggings craft beer meh ethical Pinterest.\"}]]]',1,'Botble\\Ecommerce\\Models\\Product','2022-05-30 02:37:09','2022-05-30 02:37:09'),(2,'faq_schema_config','[[[{\"key\":\"question\",\"value\":\"What Shipping Methods Are Available?\"},{\"key\":\"answer\",\"value\":\"Ex Portland Pitchfork irure mustache. Eutra fap before they sold out literally. Aliquip ugh bicycle rights actually mlkshk, seitan squid craft beer tempor.\"}],[{\"key\":\"question\",\"value\":\"Do You Ship Internationally?\"},{\"key\":\"answer\",\"value\":\"Hoodie tote bag mixtape tofu. Typewriter jean shorts wolf quinoa, messenger bag organic freegan cray.\"}],[{\"key\":\"question\",\"value\":\"How Long Will It Take To Get My Package?\"},{\"key\":\"answer\",\"value\":\"Swag slow-carb quinoa VHS typewriter pork belly brunch, paleo single-origin coffee Wes Anderson. Flexitarian Pitchfork forage, literally paleo fap pour-over. Wes Anderson Pinterest YOLO fanny pack meggings, deep v XOXO chambray sustainable slow-carb raw denim church-key fap chillwave Etsy. +1 typewriter kitsch, American Apparel tofu Banksy Vice.\"}],[{\"key\":\"question\",\"value\":\"What Payment Methods Are Accepted?\"},{\"key\":\"answer\",\"value\":\"Fashion axe DIY jean shorts, swag kale chips meh polaroid kogi butcher Wes Anderson chambray next level semiotics gentrify yr. Voluptate photo booth fugiat Vice. Austin sed Williamsburg, ea labore raw denim voluptate cred proident mixtape excepteur mustache. Twee chia photo booth readymade food truck, hoodie roof party swag keytar PBR DIY.\"}],[{\"key\":\"question\",\"value\":\"Is Buying On-Line Safe?\"},{\"key\":\"answer\",\"value\":\"Art party authentic freegan semiotics jean shorts chia cred. Neutra Austin roof party Brooklyn, synth Thundercats swag 8-bit photo booth. Plaid letterpress leggings craft beer meh ethical Pinterest.\"}]]]',2,'Botble\\Ecommerce\\Models\\Product','2022-05-30 02:37:09','2022-05-30 02:37:09'),(3,'faq_schema_config','[[[{\"key\":\"question\",\"value\":\"What Shipping Methods Are Available?\"},{\"key\":\"answer\",\"value\":\"Ex Portland Pitchfork irure mustache. Eutra fap before they sold out literally. Aliquip ugh bicycle rights actually mlkshk, seitan squid craft beer tempor.\"}],[{\"key\":\"question\",\"value\":\"Do You Ship Internationally?\"},{\"key\":\"answer\",\"value\":\"Hoodie tote bag mixtape tofu. Typewriter jean shorts wolf quinoa, messenger bag organic freegan cray.\"}],[{\"key\":\"question\",\"value\":\"How Long Will It Take To Get My Package?\"},{\"key\":\"answer\",\"value\":\"Swag slow-carb quinoa VHS typewriter pork belly brunch, paleo single-origin coffee Wes Anderson. Flexitarian Pitchfork forage, literally paleo fap pour-over. Wes Anderson Pinterest YOLO fanny pack meggings, deep v XOXO chambray sustainable slow-carb raw denim church-key fap chillwave Etsy. +1 typewriter kitsch, American Apparel tofu Banksy Vice.\"}],[{\"key\":\"question\",\"value\":\"What Payment Methods Are Accepted?\"},{\"key\":\"answer\",\"value\":\"Fashion axe DIY jean shorts, swag kale chips meh polaroid kogi butcher Wes Anderson chambray next level semiotics gentrify yr. Voluptate photo booth fugiat Vice. Austin sed Williamsburg, ea labore raw denim voluptate cred proident mixtape excepteur mustache. Twee chia photo booth readymade food truck, hoodie roof party swag keytar PBR DIY.\"}],[{\"key\":\"question\",\"value\":\"Is Buying On-Line Safe?\"},{\"key\":\"answer\",\"value\":\"Art party authentic freegan semiotics jean shorts chia cred. Neutra Austin roof party Brooklyn, synth Thundercats swag 8-bit photo booth. Plaid letterpress leggings craft beer meh ethical Pinterest.\"}]]]',3,'Botble\\Ecommerce\\Models\\Product','2022-05-30 02:37:09','2022-05-30 02:37:09'),(4,'faq_schema_config','[[[{\"key\":\"question\",\"value\":\"What Shipping Methods Are Available?\"},{\"key\":\"answer\",\"value\":\"Ex Portland Pitchfork irure mustache. Eutra fap before they sold out literally. Aliquip ugh bicycle rights actually mlkshk, seitan squid craft beer tempor.\"}],[{\"key\":\"question\",\"value\":\"Do You Ship Internationally?\"},{\"key\":\"answer\",\"value\":\"Hoodie tote bag mixtape tofu. Typewriter jean shorts wolf quinoa, messenger bag organic freegan cray.\"}],[{\"key\":\"question\",\"value\":\"How Long Will It Take To Get My Package?\"},{\"key\":\"answer\",\"value\":\"Swag slow-carb quinoa VHS typewriter pork belly brunch, paleo single-origin coffee Wes Anderson. Flexitarian Pitchfork forage, literally paleo fap pour-over. Wes Anderson Pinterest YOLO fanny pack meggings, deep v XOXO chambray sustainable slow-carb raw denim church-key fap chillwave Etsy. +1 typewriter kitsch, American Apparel tofu Banksy Vice.\"}],[{\"key\":\"question\",\"value\":\"What Payment Methods Are Accepted?\"},{\"key\":\"answer\",\"value\":\"Fashion axe DIY jean shorts, swag kale chips meh polaroid kogi butcher Wes Anderson chambray next level semiotics gentrify yr. Voluptate photo booth fugiat Vice. Austin sed Williamsburg, ea labore raw denim voluptate cred proident mixtape excepteur mustache. Twee chia photo booth readymade food truck, hoodie roof party swag keytar PBR DIY.\"}],[{\"key\":\"question\",\"value\":\"Is Buying On-Line Safe?\"},{\"key\":\"answer\",\"value\":\"Art party authentic freegan semiotics jean shorts chia cred. Neutra Austin roof party Brooklyn, synth Thundercats swag 8-bit photo booth. Plaid letterpress leggings craft beer meh ethical Pinterest.\"}]]]',4,'Botble\\Ecommerce\\Models\\Product','2022-05-30 02:37:09','2022-05-30 02:37:09'),(5,'faq_schema_config','[[[{\"key\":\"question\",\"value\":\"What Shipping Methods Are Available?\"},{\"key\":\"answer\",\"value\":\"Ex Portland Pitchfork irure mustache. Eutra fap before they sold out literally. Aliquip ugh bicycle rights actually mlkshk, seitan squid craft beer tempor.\"}],[{\"key\":\"question\",\"value\":\"Do You Ship Internationally?\"},{\"key\":\"answer\",\"value\":\"Hoodie tote bag mixtape tofu. Typewriter jean shorts wolf quinoa, messenger bag organic freegan cray.\"}],[{\"key\":\"question\",\"value\":\"How Long Will It Take To Get My Package?\"},{\"key\":\"answer\",\"value\":\"Swag slow-carb quinoa VHS typewriter pork belly brunch, paleo single-origin coffee Wes Anderson. Flexitarian Pitchfork forage, literally paleo fap pour-over. Wes Anderson Pinterest YOLO fanny pack meggings, deep v XOXO chambray sustainable slow-carb raw denim church-key fap chillwave Etsy. +1 typewriter kitsch, American Apparel tofu Banksy Vice.\"}],[{\"key\":\"question\",\"value\":\"What Payment Methods Are Accepted?\"},{\"key\":\"answer\",\"value\":\"Fashion axe DIY jean shorts, swag kale chips meh polaroid kogi butcher Wes Anderson chambray next level semiotics gentrify yr. Voluptate photo booth fugiat Vice. Austin sed Williamsburg, ea labore raw denim voluptate cred proident mixtape excepteur mustache. Twee chia photo booth readymade food truck, hoodie roof party swag keytar PBR DIY.\"}],[{\"key\":\"question\",\"value\":\"Is Buying On-Line Safe?\"},{\"key\":\"answer\",\"value\":\"Art party authentic freegan semiotics jean shorts chia cred. Neutra Austin roof party Brooklyn, synth Thundercats swag 8-bit photo booth. Plaid letterpress leggings craft beer meh ethical Pinterest.\"}]]]',5,'Botble\\Ecommerce\\Models\\Product','2022-05-30 02:37:09','2022-05-30 02:37:09'),(6,'faq_schema_config','[[[{\"key\":\"question\",\"value\":\"What Shipping Methods Are Available?\"},{\"key\":\"answer\",\"value\":\"Ex Portland Pitchfork irure mustache. Eutra fap before they sold out literally. Aliquip ugh bicycle rights actually mlkshk, seitan squid craft beer tempor.\"}],[{\"key\":\"question\",\"value\":\"Do You Ship Internationally?\"},{\"key\":\"answer\",\"value\":\"Hoodie tote bag mixtape tofu. Typewriter jean shorts wolf quinoa, messenger bag organic freegan cray.\"}],[{\"key\":\"question\",\"value\":\"How Long Will It Take To Get My Package?\"},{\"key\":\"answer\",\"value\":\"Swag slow-carb quinoa VHS typewriter pork belly brunch, paleo single-origin coffee Wes Anderson. Flexitarian Pitchfork forage, literally paleo fap pour-over. Wes Anderson Pinterest YOLO fanny pack meggings, deep v XOXO chambray sustainable slow-carb raw denim church-key fap chillwave Etsy. +1 typewriter kitsch, American Apparel tofu Banksy Vice.\"}],[{\"key\":\"question\",\"value\":\"What Payment Methods Are Accepted?\"},{\"key\":\"answer\",\"value\":\"Fashion axe DIY jean shorts, swag kale chips meh polaroid kogi butcher Wes Anderson chambray next level semiotics gentrify yr. Voluptate photo booth fugiat Vice. Austin sed Williamsburg, ea labore raw denim voluptate cred proident mixtape excepteur mustache. Twee chia photo booth readymade food truck, hoodie roof party swag keytar PBR DIY.\"}],[{\"key\":\"question\",\"value\":\"Is Buying On-Line Safe?\"},{\"key\":\"answer\",\"value\":\"Art party authentic freegan semiotics jean shorts chia cred. Neutra Austin roof party Brooklyn, synth Thundercats swag 8-bit photo booth. Plaid letterpress leggings craft beer meh ethical Pinterest.\"}]]]',6,'Botble\\Ecommerce\\Models\\Product','2022-05-30 02:37:09','2022-05-30 02:37:09'),(7,'faq_schema_config','[[[{\"key\":\"question\",\"value\":\"What Shipping Methods Are Available?\"},{\"key\":\"answer\",\"value\":\"Ex Portland Pitchfork irure mustache. Eutra fap before they sold out literally. Aliquip ugh bicycle rights actually mlkshk, seitan squid craft beer tempor.\"}],[{\"key\":\"question\",\"value\":\"Do You Ship Internationally?\"},{\"key\":\"answer\",\"value\":\"Hoodie tote bag mixtape tofu. Typewriter jean shorts wolf quinoa, messenger bag organic freegan cray.\"}],[{\"key\":\"question\",\"value\":\"How Long Will It Take To Get My Package?\"},{\"key\":\"answer\",\"value\":\"Swag slow-carb quinoa VHS typewriter pork belly brunch, paleo single-origin coffee Wes Anderson. Flexitarian Pitchfork forage, literally paleo fap pour-over. Wes Anderson Pinterest YOLO fanny pack meggings, deep v XOXO chambray sustainable slow-carb raw denim church-key fap chillwave Etsy. +1 typewriter kitsch, American Apparel tofu Banksy Vice.\"}],[{\"key\":\"question\",\"value\":\"What Payment Methods Are Accepted?\"},{\"key\":\"answer\",\"value\":\"Fashion axe DIY jean shorts, swag kale chips meh polaroid kogi butcher Wes Anderson chambray next level semiotics gentrify yr. Voluptate photo booth fugiat Vice. Austin sed Williamsburg, ea labore raw denim voluptate cred proident mixtape excepteur mustache. Twee chia photo booth readymade food truck, hoodie roof party swag keytar PBR DIY.\"}],[{\"key\":\"question\",\"value\":\"Is Buying On-Line Safe?\"},{\"key\":\"answer\",\"value\":\"Art party authentic freegan semiotics jean shorts chia cred. Neutra Austin roof party Brooklyn, synth Thundercats swag 8-bit photo booth. Plaid letterpress leggings craft beer meh ethical Pinterest.\"}]]]',7,'Botble\\Ecommerce\\Models\\Product','2022-05-30 02:37:09','2022-05-30 02:37:09'),(8,'faq_schema_config','[[[{\"key\":\"question\",\"value\":\"What Shipping Methods Are Available?\"},{\"key\":\"answer\",\"value\":\"Ex Portland Pitchfork irure mustache. Eutra fap before they sold out literally. Aliquip ugh bicycle rights actually mlkshk, seitan squid craft beer tempor.\"}],[{\"key\":\"question\",\"value\":\"Do You Ship Internationally?\"},{\"key\":\"answer\",\"value\":\"Hoodie tote bag mixtape tofu. Typewriter jean shorts wolf quinoa, messenger bag organic freegan cray.\"}],[{\"key\":\"question\",\"value\":\"How Long Will It Take To Get My Package?\"},{\"key\":\"answer\",\"value\":\"Swag slow-carb quinoa VHS typewriter pork belly brunch, paleo single-origin coffee Wes Anderson. Flexitarian Pitchfork forage, literally paleo fap pour-over. Wes Anderson Pinterest YOLO fanny pack meggings, deep v XOXO chambray sustainable slow-carb raw denim church-key fap chillwave Etsy. +1 typewriter kitsch, American Apparel tofu Banksy Vice.\"}],[{\"key\":\"question\",\"value\":\"What Payment Methods Are Accepted?\"},{\"key\":\"answer\",\"value\":\"Fashion axe DIY jean shorts, swag kale chips meh polaroid kogi butcher Wes Anderson chambray next level semiotics gentrify yr. Voluptate photo booth fugiat Vice. Austin sed Williamsburg, ea labore raw denim voluptate cred proident mixtape excepteur mustache. Twee chia photo booth readymade food truck, hoodie roof party swag keytar PBR DIY.\"}],[{\"key\":\"question\",\"value\":\"Is Buying On-Line Safe?\"},{\"key\":\"answer\",\"value\":\"Art party authentic freegan semiotics jean shorts chia cred. Neutra Austin roof party Brooklyn, synth Thundercats swag 8-bit photo booth. Plaid letterpress leggings craft beer meh ethical Pinterest.\"}]]]',8,'Botble\\Ecommerce\\Models\\Product','2022-05-30 02:37:09','2022-05-30 02:37:09'),(9,'faq_schema_config','[[[{\"key\":\"question\",\"value\":\"What Shipping Methods Are Available?\"},{\"key\":\"answer\",\"value\":\"Ex Portland Pitchfork irure mustache. Eutra fap before they sold out literally. Aliquip ugh bicycle rights actually mlkshk, seitan squid craft beer tempor.\"}],[{\"key\":\"question\",\"value\":\"Do You Ship Internationally?\"},{\"key\":\"answer\",\"value\":\"Hoodie tote bag mixtape tofu. Typewriter jean shorts wolf quinoa, messenger bag organic freegan cray.\"}],[{\"key\":\"question\",\"value\":\"How Long Will It Take To Get My Package?\"},{\"key\":\"answer\",\"value\":\"Swag slow-carb quinoa VHS typewriter pork belly brunch, paleo single-origin coffee Wes Anderson. Flexitarian Pitchfork forage, literally paleo fap pour-over. Wes Anderson Pinterest YOLO fanny pack meggings, deep v XOXO chambray sustainable slow-carb raw denim church-key fap chillwave Etsy. +1 typewriter kitsch, American Apparel tofu Banksy Vice.\"}],[{\"key\":\"question\",\"value\":\"What Payment Methods Are Accepted?\"},{\"key\":\"answer\",\"value\":\"Fashion axe DIY jean shorts, swag kale chips meh polaroid kogi butcher Wes Anderson chambray next level semiotics gentrify yr. Voluptate photo booth fugiat Vice. Austin sed Williamsburg, ea labore raw denim voluptate cred proident mixtape excepteur mustache. Twee chia photo booth readymade food truck, hoodie roof party swag keytar PBR DIY.\"}],[{\"key\":\"question\",\"value\":\"Is Buying On-Line Safe?\"},{\"key\":\"answer\",\"value\":\"Art party authentic freegan semiotics jean shorts chia cred. Neutra Austin roof party Brooklyn, synth Thundercats swag 8-bit photo booth. Plaid letterpress leggings craft beer meh ethical Pinterest.\"}]]]',9,'Botble\\Ecommerce\\Models\\Product','2022-05-30 02:37:09','2022-05-30 02:37:09'),(10,'faq_schema_config','[[[{\"key\":\"question\",\"value\":\"What Shipping Methods Are Available?\"},{\"key\":\"answer\",\"value\":\"Ex Portland Pitchfork irure mustache. Eutra fap before they sold out literally. Aliquip ugh bicycle rights actually mlkshk, seitan squid craft beer tempor.\"}],[{\"key\":\"question\",\"value\":\"Do You Ship Internationally?\"},{\"key\":\"answer\",\"value\":\"Hoodie tote bag mixtape tofu. Typewriter jean shorts wolf quinoa, messenger bag organic freegan cray.\"}],[{\"key\":\"question\",\"value\":\"How Long Will It Take To Get My Package?\"},{\"key\":\"answer\",\"value\":\"Swag slow-carb quinoa VHS typewriter pork belly brunch, paleo single-origin coffee Wes Anderson. Flexitarian Pitchfork forage, literally paleo fap pour-over. Wes Anderson Pinterest YOLO fanny pack meggings, deep v XOXO chambray sustainable slow-carb raw denim church-key fap chillwave Etsy. +1 typewriter kitsch, American Apparel tofu Banksy Vice.\"}],[{\"key\":\"question\",\"value\":\"What Payment Methods Are Accepted?\"},{\"key\":\"answer\",\"value\":\"Fashion axe DIY jean shorts, swag kale chips meh polaroid kogi butcher Wes Anderson chambray next level semiotics gentrify yr. Voluptate photo booth fugiat Vice. Austin sed Williamsburg, ea labore raw denim voluptate cred proident mixtape excepteur mustache. Twee chia photo booth readymade food truck, hoodie roof party swag keytar PBR DIY.\"}],[{\"key\":\"question\",\"value\":\"Is Buying On-Line Safe?\"},{\"key\":\"answer\",\"value\":\"Art party authentic freegan semiotics jean shorts chia cred. Neutra Austin roof party Brooklyn, synth Thundercats swag 8-bit photo booth. Plaid letterpress leggings craft beer meh ethical Pinterest.\"}]]]',10,'Botble\\Ecommerce\\Models\\Product','2022-05-30 02:37:09','2022-05-30 02:37:09'),(11,'faq_schema_config','[[[{\"key\":\"question\",\"value\":\"What Shipping Methods Are Available?\"},{\"key\":\"answer\",\"value\":\"Ex Portland Pitchfork irure mustache. Eutra fap before they sold out literally. Aliquip ugh bicycle rights actually mlkshk, seitan squid craft beer tempor.\"}],[{\"key\":\"question\",\"value\":\"Do You Ship Internationally?\"},{\"key\":\"answer\",\"value\":\"Hoodie tote bag mixtape tofu. Typewriter jean shorts wolf quinoa, messenger bag organic freegan cray.\"}],[{\"key\":\"question\",\"value\":\"How Long Will It Take To Get My Package?\"},{\"key\":\"answer\",\"value\":\"Swag slow-carb quinoa VHS typewriter pork belly brunch, paleo single-origin coffee Wes Anderson. Flexitarian Pitchfork forage, literally paleo fap pour-over. Wes Anderson Pinterest YOLO fanny pack meggings, deep v XOXO chambray sustainable slow-carb raw denim church-key fap chillwave Etsy. +1 typewriter kitsch, American Apparel tofu Banksy Vice.\"}],[{\"key\":\"question\",\"value\":\"What Payment Methods Are Accepted?\"},{\"key\":\"answer\",\"value\":\"Fashion axe DIY jean shorts, swag kale chips meh polaroid kogi butcher Wes Anderson chambray next level semiotics gentrify yr. Voluptate photo booth fugiat Vice. Austin sed Williamsburg, ea labore raw denim voluptate cred proident mixtape excepteur mustache. Twee chia photo booth readymade food truck, hoodie roof party swag keytar PBR DIY.\"}],[{\"key\":\"question\",\"value\":\"Is Buying On-Line Safe?\"},{\"key\":\"answer\",\"value\":\"Art party authentic freegan semiotics jean shorts chia cred. Neutra Austin roof party Brooklyn, synth Thundercats swag 8-bit photo booth. Plaid letterpress leggings craft beer meh ethical Pinterest.\"}]]]',11,'Botble\\Ecommerce\\Models\\Product','2022-05-30 02:37:09','2022-05-30 02:37:09'),(12,'faq_schema_config','[[[{\"key\":\"question\",\"value\":\"What Shipping Methods Are Available?\"},{\"key\":\"answer\",\"value\":\"Ex Portland Pitchfork irure mustache. Eutra fap before they sold out literally. Aliquip ugh bicycle rights actually mlkshk, seitan squid craft beer tempor.\"}],[{\"key\":\"question\",\"value\":\"Do You Ship Internationally?\"},{\"key\":\"answer\",\"value\":\"Hoodie tote bag mixtape tofu. Typewriter jean shorts wolf quinoa, messenger bag organic freegan cray.\"}],[{\"key\":\"question\",\"value\":\"How Long Will It Take To Get My Package?\"},{\"key\":\"answer\",\"value\":\"Swag slow-carb quinoa VHS typewriter pork belly brunch, paleo single-origin coffee Wes Anderson. Flexitarian Pitchfork forage, literally paleo fap pour-over. Wes Anderson Pinterest YOLO fanny pack meggings, deep v XOXO chambray sustainable slow-carb raw denim church-key fap chillwave Etsy. +1 typewriter kitsch, American Apparel tofu Banksy Vice.\"}],[{\"key\":\"question\",\"value\":\"What Payment Methods Are Accepted?\"},{\"key\":\"answer\",\"value\":\"Fashion axe DIY jean shorts, swag kale chips meh polaroid kogi butcher Wes Anderson chambray next level semiotics gentrify yr. Voluptate photo booth fugiat Vice. Austin sed Williamsburg, ea labore raw denim voluptate cred proident mixtape excepteur mustache. Twee chia photo booth readymade food truck, hoodie roof party swag keytar PBR DIY.\"}],[{\"key\":\"question\",\"value\":\"Is Buying On-Line Safe?\"},{\"key\":\"answer\",\"value\":\"Art party authentic freegan semiotics jean shorts chia cred. Neutra Austin roof party Brooklyn, synth Thundercats swag 8-bit photo booth. Plaid letterpress leggings craft beer meh ethical Pinterest.\"}]]]',12,'Botble\\Ecommerce\\Models\\Product','2022-05-30 02:37:09','2022-05-30 02:37:09'),(13,'faq_schema_config','[[[{\"key\":\"question\",\"value\":\"What Shipping Methods Are Available?\"},{\"key\":\"answer\",\"value\":\"Ex Portland Pitchfork irure mustache. Eutra fap before they sold out literally. Aliquip ugh bicycle rights actually mlkshk, seitan squid craft beer tempor.\"}],[{\"key\":\"question\",\"value\":\"Do You Ship Internationally?\"},{\"key\":\"answer\",\"value\":\"Hoodie tote bag mixtape tofu. Typewriter jean shorts wolf quinoa, messenger bag organic freegan cray.\"}],[{\"key\":\"question\",\"value\":\"How Long Will It Take To Get My Package?\"},{\"key\":\"answer\",\"value\":\"Swag slow-carb quinoa VHS typewriter pork belly brunch, paleo single-origin coffee Wes Anderson. Flexitarian Pitchfork forage, literally paleo fap pour-over. Wes Anderson Pinterest YOLO fanny pack meggings, deep v XOXO chambray sustainable slow-carb raw denim church-key fap chillwave Etsy. +1 typewriter kitsch, American Apparel tofu Banksy Vice.\"}],[{\"key\":\"question\",\"value\":\"What Payment Methods Are Accepted?\"},{\"key\":\"answer\",\"value\":\"Fashion axe DIY jean shorts, swag kale chips meh polaroid kogi butcher Wes Anderson chambray next level semiotics gentrify yr. Voluptate photo booth fugiat Vice. Austin sed Williamsburg, ea labore raw denim voluptate cred proident mixtape excepteur mustache. Twee chia photo booth readymade food truck, hoodie roof party swag keytar PBR DIY.\"}],[{\"key\":\"question\",\"value\":\"Is Buying On-Line Safe?\"},{\"key\":\"answer\",\"value\":\"Art party authentic freegan semiotics jean shorts chia cred. Neutra Austin roof party Brooklyn, synth Thundercats swag 8-bit photo booth. Plaid letterpress leggings craft beer meh ethical Pinterest.\"}]]]',13,'Botble\\Ecommerce\\Models\\Product','2022-05-30 02:37:09','2022-05-30 02:37:09'),(14,'faq_schema_config','[[[{\"key\":\"question\",\"value\":\"What Shipping Methods Are Available?\"},{\"key\":\"answer\",\"value\":\"Ex Portland Pitchfork irure mustache. Eutra fap before they sold out literally. Aliquip ugh bicycle rights actually mlkshk, seitan squid craft beer tempor.\"}],[{\"key\":\"question\",\"value\":\"Do You Ship Internationally?\"},{\"key\":\"answer\",\"value\":\"Hoodie tote bag mixtape tofu. Typewriter jean shorts wolf quinoa, messenger bag organic freegan cray.\"}],[{\"key\":\"question\",\"value\":\"How Long Will It Take To Get My Package?\"},{\"key\":\"answer\",\"value\":\"Swag slow-carb quinoa VHS typewriter pork belly brunch, paleo single-origin coffee Wes Anderson. Flexitarian Pitchfork forage, literally paleo fap pour-over. Wes Anderson Pinterest YOLO fanny pack meggings, deep v XOXO chambray sustainable slow-carb raw denim church-key fap chillwave Etsy. +1 typewriter kitsch, American Apparel tofu Banksy Vice.\"}],[{\"key\":\"question\",\"value\":\"What Payment Methods Are Accepted?\"},{\"key\":\"answer\",\"value\":\"Fashion axe DIY jean shorts, swag kale chips meh polaroid kogi butcher Wes Anderson chambray next level semiotics gentrify yr. Voluptate photo booth fugiat Vice. Austin sed Williamsburg, ea labore raw denim voluptate cred proident mixtape excepteur mustache. Twee chia photo booth readymade food truck, hoodie roof party swag keytar PBR DIY.\"}],[{\"key\":\"question\",\"value\":\"Is Buying On-Line Safe?\"},{\"key\":\"answer\",\"value\":\"Art party authentic freegan semiotics jean shorts chia cred. Neutra Austin roof party Brooklyn, synth Thundercats swag 8-bit photo booth. Plaid letterpress leggings craft beer meh ethical Pinterest.\"}]]]',14,'Botble\\Ecommerce\\Models\\Product','2022-05-30 02:37:09','2022-05-30 02:37:09'),(15,'faq_schema_config','[[[{\"key\":\"question\",\"value\":\"What Shipping Methods Are Available?\"},{\"key\":\"answer\",\"value\":\"Ex Portland Pitchfork irure mustache. Eutra fap before they sold out literally. Aliquip ugh bicycle rights actually mlkshk, seitan squid craft beer tempor.\"}],[{\"key\":\"question\",\"value\":\"Do You Ship Internationally?\"},{\"key\":\"answer\",\"value\":\"Hoodie tote bag mixtape tofu. Typewriter jean shorts wolf quinoa, messenger bag organic freegan cray.\"}],[{\"key\":\"question\",\"value\":\"How Long Will It Take To Get My Package?\"},{\"key\":\"answer\",\"value\":\"Swag slow-carb quinoa VHS typewriter pork belly brunch, paleo single-origin coffee Wes Anderson. Flexitarian Pitchfork forage, literally paleo fap pour-over. Wes Anderson Pinterest YOLO fanny pack meggings, deep v XOXO chambray sustainable slow-carb raw denim church-key fap chillwave Etsy. +1 typewriter kitsch, American Apparel tofu Banksy Vice.\"}],[{\"key\":\"question\",\"value\":\"What Payment Methods Are Accepted?\"},{\"key\":\"answer\",\"value\":\"Fashion axe DIY jean shorts, swag kale chips meh polaroid kogi butcher Wes Anderson chambray next level semiotics gentrify yr. Voluptate photo booth fugiat Vice. Austin sed Williamsburg, ea labore raw denim voluptate cred proident mixtape excepteur mustache. Twee chia photo booth readymade food truck, hoodie roof party swag keytar PBR DIY.\"}],[{\"key\":\"question\",\"value\":\"Is Buying On-Line Safe?\"},{\"key\":\"answer\",\"value\":\"Art party authentic freegan semiotics jean shorts chia cred. Neutra Austin roof party Brooklyn, synth Thundercats swag 8-bit photo booth. Plaid letterpress leggings craft beer meh ethical Pinterest.\"}]]]',15,'Botble\\Ecommerce\\Models\\Product','2022-05-30 02:37:09','2022-05-30 02:37:09'),(16,'faq_schema_config','[[[{\"key\":\"question\",\"value\":\"What Shipping Methods Are Available?\"},{\"key\":\"answer\",\"value\":\"Ex Portland Pitchfork irure mustache. Eutra fap before they sold out literally. Aliquip ugh bicycle rights actually mlkshk, seitan squid craft beer tempor.\"}],[{\"key\":\"question\",\"value\":\"Do You Ship Internationally?\"},{\"key\":\"answer\",\"value\":\"Hoodie tote bag mixtape tofu. Typewriter jean shorts wolf quinoa, messenger bag organic freegan cray.\"}],[{\"key\":\"question\",\"value\":\"How Long Will It Take To Get My Package?\"},{\"key\":\"answer\",\"value\":\"Swag slow-carb quinoa VHS typewriter pork belly brunch, paleo single-origin coffee Wes Anderson. Flexitarian Pitchfork forage, literally paleo fap pour-over. Wes Anderson Pinterest YOLO fanny pack meggings, deep v XOXO chambray sustainable slow-carb raw denim church-key fap chillwave Etsy. +1 typewriter kitsch, American Apparel tofu Banksy Vice.\"}],[{\"key\":\"question\",\"value\":\"What Payment Methods Are Accepted?\"},{\"key\":\"answer\",\"value\":\"Fashion axe DIY jean shorts, swag kale chips meh polaroid kogi butcher Wes Anderson chambray next level semiotics gentrify yr. Voluptate photo booth fugiat Vice. Austin sed Williamsburg, ea labore raw denim voluptate cred proident mixtape excepteur mustache. Twee chia photo booth readymade food truck, hoodie roof party swag keytar PBR DIY.\"}],[{\"key\":\"question\",\"value\":\"Is Buying On-Line Safe?\"},{\"key\":\"answer\",\"value\":\"Art party authentic freegan semiotics jean shorts chia cred. Neutra Austin roof party Brooklyn, synth Thundercats swag 8-bit photo booth. Plaid letterpress leggings craft beer meh ethical Pinterest.\"}]]]',16,'Botble\\Ecommerce\\Models\\Product','2022-05-30 02:37:09','2022-05-30 02:37:09'),(17,'faq_schema_config','[[[{\"key\":\"question\",\"value\":\"What Shipping Methods Are Available?\"},{\"key\":\"answer\",\"value\":\"Ex Portland Pitchfork irure mustache. Eutra fap before they sold out literally. Aliquip ugh bicycle rights actually mlkshk, seitan squid craft beer tempor.\"}],[{\"key\":\"question\",\"value\":\"Do You Ship Internationally?\"},{\"key\":\"answer\",\"value\":\"Hoodie tote bag mixtape tofu. Typewriter jean shorts wolf quinoa, messenger bag organic freegan cray.\"}],[{\"key\":\"question\",\"value\":\"How Long Will It Take To Get My Package?\"},{\"key\":\"answer\",\"value\":\"Swag slow-carb quinoa VHS typewriter pork belly brunch, paleo single-origin coffee Wes Anderson. Flexitarian Pitchfork forage, literally paleo fap pour-over. Wes Anderson Pinterest YOLO fanny pack meggings, deep v XOXO chambray sustainable slow-carb raw denim church-key fap chillwave Etsy. +1 typewriter kitsch, American Apparel tofu Banksy Vice.\"}],[{\"key\":\"question\",\"value\":\"What Payment Methods Are Accepted?\"},{\"key\":\"answer\",\"value\":\"Fashion axe DIY jean shorts, swag kale chips meh polaroid kogi butcher Wes Anderson chambray next level semiotics gentrify yr. Voluptate photo booth fugiat Vice. Austin sed Williamsburg, ea labore raw denim voluptate cred proident mixtape excepteur mustache. Twee chia photo booth readymade food truck, hoodie roof party swag keytar PBR DIY.\"}],[{\"key\":\"question\",\"value\":\"Is Buying On-Line Safe?\"},{\"key\":\"answer\",\"value\":\"Art party authentic freegan semiotics jean shorts chia cred. Neutra Austin roof party Brooklyn, synth Thundercats swag 8-bit photo booth. Plaid letterpress leggings craft beer meh ethical Pinterest.\"}]]]',17,'Botble\\Ecommerce\\Models\\Product','2022-05-30 02:37:09','2022-05-30 02:37:09'),(18,'faq_schema_config','[[[{\"key\":\"question\",\"value\":\"What Shipping Methods Are Available?\"},{\"key\":\"answer\",\"value\":\"Ex Portland Pitchfork irure mustache. Eutra fap before they sold out literally. Aliquip ugh bicycle rights actually mlkshk, seitan squid craft beer tempor.\"}],[{\"key\":\"question\",\"value\":\"Do You Ship Internationally?\"},{\"key\":\"answer\",\"value\":\"Hoodie tote bag mixtape tofu. Typewriter jean shorts wolf quinoa, messenger bag organic freegan cray.\"}],[{\"key\":\"question\",\"value\":\"How Long Will It Take To Get My Package?\"},{\"key\":\"answer\",\"value\":\"Swag slow-carb quinoa VHS typewriter pork belly brunch, paleo single-origin coffee Wes Anderson. Flexitarian Pitchfork forage, literally paleo fap pour-over. Wes Anderson Pinterest YOLO fanny pack meggings, deep v XOXO chambray sustainable slow-carb raw denim church-key fap chillwave Etsy. +1 typewriter kitsch, American Apparel tofu Banksy Vice.\"}],[{\"key\":\"question\",\"value\":\"What Payment Methods Are Accepted?\"},{\"key\":\"answer\",\"value\":\"Fashion axe DIY jean shorts, swag kale chips meh polaroid kogi butcher Wes Anderson chambray next level semiotics gentrify yr. Voluptate photo booth fugiat Vice. Austin sed Williamsburg, ea labore raw denim voluptate cred proident mixtape excepteur mustache. Twee chia photo booth readymade food truck, hoodie roof party swag keytar PBR DIY.\"}],[{\"key\":\"question\",\"value\":\"Is Buying On-Line Safe?\"},{\"key\":\"answer\",\"value\":\"Art party authentic freegan semiotics jean shorts chia cred. Neutra Austin roof party Brooklyn, synth Thundercats swag 8-bit photo booth. Plaid letterpress leggings craft beer meh ethical Pinterest.\"}]]]',18,'Botble\\Ecommerce\\Models\\Product','2022-05-30 02:37:09','2022-05-30 02:37:09'),(19,'faq_schema_config','[[[{\"key\":\"question\",\"value\":\"What Shipping Methods Are Available?\"},{\"key\":\"answer\",\"value\":\"Ex Portland Pitchfork irure mustache. Eutra fap before they sold out literally. Aliquip ugh bicycle rights actually mlkshk, seitan squid craft beer tempor.\"}],[{\"key\":\"question\",\"value\":\"Do You Ship Internationally?\"},{\"key\":\"answer\",\"value\":\"Hoodie tote bag mixtape tofu. Typewriter jean shorts wolf quinoa, messenger bag organic freegan cray.\"}],[{\"key\":\"question\",\"value\":\"How Long Will It Take To Get My Package?\"},{\"key\":\"answer\",\"value\":\"Swag slow-carb quinoa VHS typewriter pork belly brunch, paleo single-origin coffee Wes Anderson. Flexitarian Pitchfork forage, literally paleo fap pour-over. Wes Anderson Pinterest YOLO fanny pack meggings, deep v XOXO chambray sustainable slow-carb raw denim church-key fap chillwave Etsy. +1 typewriter kitsch, American Apparel tofu Banksy Vice.\"}],[{\"key\":\"question\",\"value\":\"What Payment Methods Are Accepted?\"},{\"key\":\"answer\",\"value\":\"Fashion axe DIY jean shorts, swag kale chips meh polaroid kogi butcher Wes Anderson chambray next level semiotics gentrify yr. Voluptate photo booth fugiat Vice. Austin sed Williamsburg, ea labore raw denim voluptate cred proident mixtape excepteur mustache. Twee chia photo booth readymade food truck, hoodie roof party swag keytar PBR DIY.\"}],[{\"key\":\"question\",\"value\":\"Is Buying On-Line Safe?\"},{\"key\":\"answer\",\"value\":\"Art party authentic freegan semiotics jean shorts chia cred. Neutra Austin roof party Brooklyn, synth Thundercats swag 8-bit photo booth. Plaid letterpress leggings craft beer meh ethical Pinterest.\"}]]]',19,'Botble\\Ecommerce\\Models\\Product','2022-05-30 02:37:09','2022-05-30 02:37:09'),(20,'faq_schema_config','[[[{\"key\":\"question\",\"value\":\"What Shipping Methods Are Available?\"},{\"key\":\"answer\",\"value\":\"Ex Portland Pitchfork irure mustache. Eutra fap before they sold out literally. Aliquip ugh bicycle rights actually mlkshk, seitan squid craft beer tempor.\"}],[{\"key\":\"question\",\"value\":\"Do You Ship Internationally?\"},{\"key\":\"answer\",\"value\":\"Hoodie tote bag mixtape tofu. Typewriter jean shorts wolf quinoa, messenger bag organic freegan cray.\"}],[{\"key\":\"question\",\"value\":\"How Long Will It Take To Get My Package?\"},{\"key\":\"answer\",\"value\":\"Swag slow-carb quinoa VHS typewriter pork belly brunch, paleo single-origin coffee Wes Anderson. Flexitarian Pitchfork forage, literally paleo fap pour-over. Wes Anderson Pinterest YOLO fanny pack meggings, deep v XOXO chambray sustainable slow-carb raw denim church-key fap chillwave Etsy. +1 typewriter kitsch, American Apparel tofu Banksy Vice.\"}],[{\"key\":\"question\",\"value\":\"What Payment Methods Are Accepted?\"},{\"key\":\"answer\",\"value\":\"Fashion axe DIY jean shorts, swag kale chips meh polaroid kogi butcher Wes Anderson chambray next level semiotics gentrify yr. Voluptate photo booth fugiat Vice. Austin sed Williamsburg, ea labore raw denim voluptate cred proident mixtape excepteur mustache. Twee chia photo booth readymade food truck, hoodie roof party swag keytar PBR DIY.\"}],[{\"key\":\"question\",\"value\":\"Is Buying On-Line Safe?\"},{\"key\":\"answer\",\"value\":\"Art party authentic freegan semiotics jean shorts chia cred. Neutra Austin roof party Brooklyn, synth Thundercats swag 8-bit photo booth. Plaid letterpress leggings craft beer meh ethical Pinterest.\"}]]]',20,'Botble\\Ecommerce\\Models\\Product','2022-05-30 02:37:09','2022-05-30 02:37:09'),(21,'faq_schema_config','[[[{\"key\":\"question\",\"value\":\"What Shipping Methods Are Available?\"},{\"key\":\"answer\",\"value\":\"Ex Portland Pitchfork irure mustache. Eutra fap before they sold out literally. Aliquip ugh bicycle rights actually mlkshk, seitan squid craft beer tempor.\"}],[{\"key\":\"question\",\"value\":\"Do You Ship Internationally?\"},{\"key\":\"answer\",\"value\":\"Hoodie tote bag mixtape tofu. Typewriter jean shorts wolf quinoa, messenger bag organic freegan cray.\"}],[{\"key\":\"question\",\"value\":\"How Long Will It Take To Get My Package?\"},{\"key\":\"answer\",\"value\":\"Swag slow-carb quinoa VHS typewriter pork belly brunch, paleo single-origin coffee Wes Anderson. Flexitarian Pitchfork forage, literally paleo fap pour-over. Wes Anderson Pinterest YOLO fanny pack meggings, deep v XOXO chambray sustainable slow-carb raw denim church-key fap chillwave Etsy. +1 typewriter kitsch, American Apparel tofu Banksy Vice.\"}],[{\"key\":\"question\",\"value\":\"What Payment Methods Are Accepted?\"},{\"key\":\"answer\",\"value\":\"Fashion axe DIY jean shorts, swag kale chips meh polaroid kogi butcher Wes Anderson chambray next level semiotics gentrify yr. Voluptate photo booth fugiat Vice. Austin sed Williamsburg, ea labore raw denim voluptate cred proident mixtape excepteur mustache. Twee chia photo booth readymade food truck, hoodie roof party swag keytar PBR DIY.\"}],[{\"key\":\"question\",\"value\":\"Is Buying On-Line Safe?\"},{\"key\":\"answer\",\"value\":\"Art party authentic freegan semiotics jean shorts chia cred. Neutra Austin roof party Brooklyn, synth Thundercats swag 8-bit photo booth. Plaid letterpress leggings craft beer meh ethical Pinterest.\"}]]]',21,'Botble\\Ecommerce\\Models\\Product','2022-05-30 02:37:09','2022-05-30 02:37:09'),(22,'faq_schema_config','[[[{\"key\":\"question\",\"value\":\"What Shipping Methods Are Available?\"},{\"key\":\"answer\",\"value\":\"Ex Portland Pitchfork irure mustache. Eutra fap before they sold out literally. Aliquip ugh bicycle rights actually mlkshk, seitan squid craft beer tempor.\"}],[{\"key\":\"question\",\"value\":\"Do You Ship Internationally?\"},{\"key\":\"answer\",\"value\":\"Hoodie tote bag mixtape tofu. Typewriter jean shorts wolf quinoa, messenger bag organic freegan cray.\"}],[{\"key\":\"question\",\"value\":\"How Long Will It Take To Get My Package?\"},{\"key\":\"answer\",\"value\":\"Swag slow-carb quinoa VHS typewriter pork belly brunch, paleo single-origin coffee Wes Anderson. Flexitarian Pitchfork forage, literally paleo fap pour-over. Wes Anderson Pinterest YOLO fanny pack meggings, deep v XOXO chambray sustainable slow-carb raw denim church-key fap chillwave Etsy. +1 typewriter kitsch, American Apparel tofu Banksy Vice.\"}],[{\"key\":\"question\",\"value\":\"What Payment Methods Are Accepted?\"},{\"key\":\"answer\",\"value\":\"Fashion axe DIY jean shorts, swag kale chips meh polaroid kogi butcher Wes Anderson chambray next level semiotics gentrify yr. Voluptate photo booth fugiat Vice. Austin sed Williamsburg, ea labore raw denim voluptate cred proident mixtape excepteur mustache. Twee chia photo booth readymade food truck, hoodie roof party swag keytar PBR DIY.\"}],[{\"key\":\"question\",\"value\":\"Is Buying On-Line Safe?\"},{\"key\":\"answer\",\"value\":\"Art party authentic freegan semiotics jean shorts chia cred. Neutra Austin roof party Brooklyn, synth Thundercats swag 8-bit photo booth. Plaid letterpress leggings craft beer meh ethical Pinterest.\"}]]]',22,'Botble\\Ecommerce\\Models\\Product','2022-05-30 02:37:09','2022-05-30 02:37:09'),(23,'faq_schema_config','[[[{\"key\":\"question\",\"value\":\"What Shipping Methods Are Available?\"},{\"key\":\"answer\",\"value\":\"Ex Portland Pitchfork irure mustache. Eutra fap before they sold out literally. Aliquip ugh bicycle rights actually mlkshk, seitan squid craft beer tempor.\"}],[{\"key\":\"question\",\"value\":\"Do You Ship Internationally?\"},{\"key\":\"answer\",\"value\":\"Hoodie tote bag mixtape tofu. Typewriter jean shorts wolf quinoa, messenger bag organic freegan cray.\"}],[{\"key\":\"question\",\"value\":\"How Long Will It Take To Get My Package?\"},{\"key\":\"answer\",\"value\":\"Swag slow-carb quinoa VHS typewriter pork belly brunch, paleo single-origin coffee Wes Anderson. Flexitarian Pitchfork forage, literally paleo fap pour-over. Wes Anderson Pinterest YOLO fanny pack meggings, deep v XOXO chambray sustainable slow-carb raw denim church-key fap chillwave Etsy. +1 typewriter kitsch, American Apparel tofu Banksy Vice.\"}],[{\"key\":\"question\",\"value\":\"What Payment Methods Are Accepted?\"},{\"key\":\"answer\",\"value\":\"Fashion axe DIY jean shorts, swag kale chips meh polaroid kogi butcher Wes Anderson chambray next level semiotics gentrify yr. Voluptate photo booth fugiat Vice. Austin sed Williamsburg, ea labore raw denim voluptate cred proident mixtape excepteur mustache. Twee chia photo booth readymade food truck, hoodie roof party swag keytar PBR DIY.\"}],[{\"key\":\"question\",\"value\":\"Is Buying On-Line Safe?\"},{\"key\":\"answer\",\"value\":\"Art party authentic freegan semiotics jean shorts chia cred. Neutra Austin roof party Brooklyn, synth Thundercats swag 8-bit photo booth. Plaid letterpress leggings craft beer meh ethical Pinterest.\"}]]]',23,'Botble\\Ecommerce\\Models\\Product','2022-05-30 02:37:09','2022-05-30 02:37:09'),(24,'faq_schema_config','[[[{\"key\":\"question\",\"value\":\"What Shipping Methods Are Available?\"},{\"key\":\"answer\",\"value\":\"Ex Portland Pitchfork irure mustache. Eutra fap before they sold out literally. Aliquip ugh bicycle rights actually mlkshk, seitan squid craft beer tempor.\"}],[{\"key\":\"question\",\"value\":\"Do You Ship Internationally?\"},{\"key\":\"answer\",\"value\":\"Hoodie tote bag mixtape tofu. Typewriter jean shorts wolf quinoa, messenger bag organic freegan cray.\"}],[{\"key\":\"question\",\"value\":\"How Long Will It Take To Get My Package?\"},{\"key\":\"answer\",\"value\":\"Swag slow-carb quinoa VHS typewriter pork belly brunch, paleo single-origin coffee Wes Anderson. Flexitarian Pitchfork forage, literally paleo fap pour-over. Wes Anderson Pinterest YOLO fanny pack meggings, deep v XOXO chambray sustainable slow-carb raw denim church-key fap chillwave Etsy. +1 typewriter kitsch, American Apparel tofu Banksy Vice.\"}],[{\"key\":\"question\",\"value\":\"What Payment Methods Are Accepted?\"},{\"key\":\"answer\",\"value\":\"Fashion axe DIY jean shorts, swag kale chips meh polaroid kogi butcher Wes Anderson chambray next level semiotics gentrify yr. Voluptate photo booth fugiat Vice. Austin sed Williamsburg, ea labore raw denim voluptate cred proident mixtape excepteur mustache. Twee chia photo booth readymade food truck, hoodie roof party swag keytar PBR DIY.\"}],[{\"key\":\"question\",\"value\":\"Is Buying On-Line Safe?\"},{\"key\":\"answer\",\"value\":\"Art party authentic freegan semiotics jean shorts chia cred. Neutra Austin roof party Brooklyn, synth Thundercats swag 8-bit photo booth. Plaid letterpress leggings craft beer meh ethical Pinterest.\"}]]]',24,'Botble\\Ecommerce\\Models\\Product','2022-05-30 02:37:09','2022-05-30 02:37:09'),(25,'faq_schema_config','[[[{\"key\":\"question\",\"value\":\"What Shipping Methods Are Available?\"},{\"key\":\"answer\",\"value\":\"Ex Portland Pitchfork irure mustache. Eutra fap before they sold out literally. Aliquip ugh bicycle rights actually mlkshk, seitan squid craft beer tempor.\"}],[{\"key\":\"question\",\"value\":\"Do You Ship Internationally?\"},{\"key\":\"answer\",\"value\":\"Hoodie tote bag mixtape tofu. Typewriter jean shorts wolf quinoa, messenger bag organic freegan cray.\"}],[{\"key\":\"question\",\"value\":\"How Long Will It Take To Get My Package?\"},{\"key\":\"answer\",\"value\":\"Swag slow-carb quinoa VHS typewriter pork belly brunch, paleo single-origin coffee Wes Anderson. Flexitarian Pitchfork forage, literally paleo fap pour-over. Wes Anderson Pinterest YOLO fanny pack meggings, deep v XOXO chambray sustainable slow-carb raw denim church-key fap chillwave Etsy. +1 typewriter kitsch, American Apparel tofu Banksy Vice.\"}],[{\"key\":\"question\",\"value\":\"What Payment Methods Are Accepted?\"},{\"key\":\"answer\",\"value\":\"Fashion axe DIY jean shorts, swag kale chips meh polaroid kogi butcher Wes Anderson chambray next level semiotics gentrify yr. Voluptate photo booth fugiat Vice. Austin sed Williamsburg, ea labore raw denim voluptate cred proident mixtape excepteur mustache. Twee chia photo booth readymade food truck, hoodie roof party swag keytar PBR DIY.\"}],[{\"key\":\"question\",\"value\":\"Is Buying On-Line Safe?\"},{\"key\":\"answer\",\"value\":\"Art party authentic freegan semiotics jean shorts chia cred. Neutra Austin roof party Brooklyn, synth Thundercats swag 8-bit photo booth. Plaid letterpress leggings craft beer meh ethical Pinterest.\"}]]]',25,'Botble\\Ecommerce\\Models\\Product','2022-05-30 02:37:09','2022-05-30 02:37:09'),(26,'faq_schema_config','[[[{\"key\":\"question\",\"value\":\"What Shipping Methods Are Available?\"},{\"key\":\"answer\",\"value\":\"Ex Portland Pitchfork irure mustache. Eutra fap before they sold out literally. Aliquip ugh bicycle rights actually mlkshk, seitan squid craft beer tempor.\"}],[{\"key\":\"question\",\"value\":\"Do You Ship Internationally?\"},{\"key\":\"answer\",\"value\":\"Hoodie tote bag mixtape tofu. Typewriter jean shorts wolf quinoa, messenger bag organic freegan cray.\"}],[{\"key\":\"question\",\"value\":\"How Long Will It Take To Get My Package?\"},{\"key\":\"answer\",\"value\":\"Swag slow-carb quinoa VHS typewriter pork belly brunch, paleo single-origin coffee Wes Anderson. Flexitarian Pitchfork forage, literally paleo fap pour-over. Wes Anderson Pinterest YOLO fanny pack meggings, deep v XOXO chambray sustainable slow-carb raw denim church-key fap chillwave Etsy. +1 typewriter kitsch, American Apparel tofu Banksy Vice.\"}],[{\"key\":\"question\",\"value\":\"What Payment Methods Are Accepted?\"},{\"key\":\"answer\",\"value\":\"Fashion axe DIY jean shorts, swag kale chips meh polaroid kogi butcher Wes Anderson chambray next level semiotics gentrify yr. Voluptate photo booth fugiat Vice. Austin sed Williamsburg, ea labore raw denim voluptate cred proident mixtape excepteur mustache. Twee chia photo booth readymade food truck, hoodie roof party swag keytar PBR DIY.\"}],[{\"key\":\"question\",\"value\":\"Is Buying On-Line Safe?\"},{\"key\":\"answer\",\"value\":\"Art party authentic freegan semiotics jean shorts chia cred. Neutra Austin roof party Brooklyn, synth Thundercats swag 8-bit photo booth. Plaid letterpress leggings craft beer meh ethical Pinterest.\"}]]]',26,'Botble\\Ecommerce\\Models\\Product','2022-05-30 02:37:09','2022-05-30 02:37:09'),(27,'faq_schema_config','[[[{\"key\":\"question\",\"value\":\"What Shipping Methods Are Available?\"},{\"key\":\"answer\",\"value\":\"Ex Portland Pitchfork irure mustache. Eutra fap before they sold out literally. Aliquip ugh bicycle rights actually mlkshk, seitan squid craft beer tempor.\"}],[{\"key\":\"question\",\"value\":\"Do You Ship Internationally?\"},{\"key\":\"answer\",\"value\":\"Hoodie tote bag mixtape tofu. Typewriter jean shorts wolf quinoa, messenger bag organic freegan cray.\"}],[{\"key\":\"question\",\"value\":\"How Long Will It Take To Get My Package?\"},{\"key\":\"answer\",\"value\":\"Swag slow-carb quinoa VHS typewriter pork belly brunch, paleo single-origin coffee Wes Anderson. Flexitarian Pitchfork forage, literally paleo fap pour-over. Wes Anderson Pinterest YOLO fanny pack meggings, deep v XOXO chambray sustainable slow-carb raw denim church-key fap chillwave Etsy. +1 typewriter kitsch, American Apparel tofu Banksy Vice.\"}],[{\"key\":\"question\",\"value\":\"What Payment Methods Are Accepted?\"},{\"key\":\"answer\",\"value\":\"Fashion axe DIY jean shorts, swag kale chips meh polaroid kogi butcher Wes Anderson chambray next level semiotics gentrify yr. Voluptate photo booth fugiat Vice. Austin sed Williamsburg, ea labore raw denim voluptate cred proident mixtape excepteur mustache. Twee chia photo booth readymade food truck, hoodie roof party swag keytar PBR DIY.\"}],[{\"key\":\"question\",\"value\":\"Is Buying On-Line Safe?\"},{\"key\":\"answer\",\"value\":\"Art party authentic freegan semiotics jean shorts chia cred. Neutra Austin roof party Brooklyn, synth Thundercats swag 8-bit photo booth. Plaid letterpress leggings craft beer meh ethical Pinterest.\"}]]]',27,'Botble\\Ecommerce\\Models\\Product','2022-05-30 02:37:09','2022-05-30 02:37:09'),(28,'faq_schema_config','[[[{\"key\":\"question\",\"value\":\"What Shipping Methods Are Available?\"},{\"key\":\"answer\",\"value\":\"Ex Portland Pitchfork irure mustache. Eutra fap before they sold out literally. Aliquip ugh bicycle rights actually mlkshk, seitan squid craft beer tempor.\"}],[{\"key\":\"question\",\"value\":\"Do You Ship Internationally?\"},{\"key\":\"answer\",\"value\":\"Hoodie tote bag mixtape tofu. Typewriter jean shorts wolf quinoa, messenger bag organic freegan cray.\"}],[{\"key\":\"question\",\"value\":\"How Long Will It Take To Get My Package?\"},{\"key\":\"answer\",\"value\":\"Swag slow-carb quinoa VHS typewriter pork belly brunch, paleo single-origin coffee Wes Anderson. Flexitarian Pitchfork forage, literally paleo fap pour-over. Wes Anderson Pinterest YOLO fanny pack meggings, deep v XOXO chambray sustainable slow-carb raw denim church-key fap chillwave Etsy. +1 typewriter kitsch, American Apparel tofu Banksy Vice.\"}],[{\"key\":\"question\",\"value\":\"What Payment Methods Are Accepted?\"},{\"key\":\"answer\",\"value\":\"Fashion axe DIY jean shorts, swag kale chips meh polaroid kogi butcher Wes Anderson chambray next level semiotics gentrify yr. Voluptate photo booth fugiat Vice. Austin sed Williamsburg, ea labore raw denim voluptate cred proident mixtape excepteur mustache. Twee chia photo booth readymade food truck, hoodie roof party swag keytar PBR DIY.\"}],[{\"key\":\"question\",\"value\":\"Is Buying On-Line Safe?\"},{\"key\":\"answer\",\"value\":\"Art party authentic freegan semiotics jean shorts chia cred. Neutra Austin roof party Brooklyn, synth Thundercats swag 8-bit photo booth. Plaid letterpress leggings craft beer meh ethical Pinterest.\"}]]]',28,'Botble\\Ecommerce\\Models\\Product','2022-05-30 02:37:09','2022-05-30 02:37:09'),(29,'faq_schema_config','[[[{\"key\":\"question\",\"value\":\"What Shipping Methods Are Available?\"},{\"key\":\"answer\",\"value\":\"Ex Portland Pitchfork irure mustache. Eutra fap before they sold out literally. Aliquip ugh bicycle rights actually mlkshk, seitan squid craft beer tempor.\"}],[{\"key\":\"question\",\"value\":\"Do You Ship Internationally?\"},{\"key\":\"answer\",\"value\":\"Hoodie tote bag mixtape tofu. Typewriter jean shorts wolf quinoa, messenger bag organic freegan cray.\"}],[{\"key\":\"question\",\"value\":\"How Long Will It Take To Get My Package?\"},{\"key\":\"answer\",\"value\":\"Swag slow-carb quinoa VHS typewriter pork belly brunch, paleo single-origin coffee Wes Anderson. Flexitarian Pitchfork forage, literally paleo fap pour-over. Wes Anderson Pinterest YOLO fanny pack meggings, deep v XOXO chambray sustainable slow-carb raw denim church-key fap chillwave Etsy. +1 typewriter kitsch, American Apparel tofu Banksy Vice.\"}],[{\"key\":\"question\",\"value\":\"What Payment Methods Are Accepted?\"},{\"key\":\"answer\",\"value\":\"Fashion axe DIY jean shorts, swag kale chips meh polaroid kogi butcher Wes Anderson chambray next level semiotics gentrify yr. Voluptate photo booth fugiat Vice. Austin sed Williamsburg, ea labore raw denim voluptate cred proident mixtape excepteur mustache. Twee chia photo booth readymade food truck, hoodie roof party swag keytar PBR DIY.\"}],[{\"key\":\"question\",\"value\":\"Is Buying On-Line Safe?\"},{\"key\":\"answer\",\"value\":\"Art party authentic freegan semiotics jean shorts chia cred. Neutra Austin roof party Brooklyn, synth Thundercats swag 8-bit photo booth. Plaid letterpress leggings craft beer meh ethical Pinterest.\"}]]]',29,'Botble\\Ecommerce\\Models\\Product','2022-05-30 02:37:09','2022-05-30 02:37:09'),(30,'faq_schema_config','[[[{\"key\":\"question\",\"value\":\"What Shipping Methods Are Available?\"},{\"key\":\"answer\",\"value\":\"Ex Portland Pitchfork irure mustache. Eutra fap before they sold out literally. Aliquip ugh bicycle rights actually mlkshk, seitan squid craft beer tempor.\"}],[{\"key\":\"question\",\"value\":\"Do You Ship Internationally?\"},{\"key\":\"answer\",\"value\":\"Hoodie tote bag mixtape tofu. Typewriter jean shorts wolf quinoa, messenger bag organic freegan cray.\"}],[{\"key\":\"question\",\"value\":\"How Long Will It Take To Get My Package?\"},{\"key\":\"answer\",\"value\":\"Swag slow-carb quinoa VHS typewriter pork belly brunch, paleo single-origin coffee Wes Anderson. Flexitarian Pitchfork forage, literally paleo fap pour-over. Wes Anderson Pinterest YOLO fanny pack meggings, deep v XOXO chambray sustainable slow-carb raw denim church-key fap chillwave Etsy. +1 typewriter kitsch, American Apparel tofu Banksy Vice.\"}],[{\"key\":\"question\",\"value\":\"What Payment Methods Are Accepted?\"},{\"key\":\"answer\",\"value\":\"Fashion axe DIY jean shorts, swag kale chips meh polaroid kogi butcher Wes Anderson chambray next level semiotics gentrify yr. Voluptate photo booth fugiat Vice. Austin sed Williamsburg, ea labore raw denim voluptate cred proident mixtape excepteur mustache. Twee chia photo booth readymade food truck, hoodie roof party swag keytar PBR DIY.\"}],[{\"key\":\"question\",\"value\":\"Is Buying On-Line Safe?\"},{\"key\":\"answer\",\"value\":\"Art party authentic freegan semiotics jean shorts chia cred. Neutra Austin roof party Brooklyn, synth Thundercats swag 8-bit photo booth. Plaid letterpress leggings craft beer meh ethical Pinterest.\"}]]]',30,'Botble\\Ecommerce\\Models\\Product','2022-05-30 02:37:09','2022-05-30 02:37:09'),(31,'faq_schema_config','[[[{\"key\":\"question\",\"value\":\"What Shipping Methods Are Available?\"},{\"key\":\"answer\",\"value\":\"Ex Portland Pitchfork irure mustache. Eutra fap before they sold out literally. Aliquip ugh bicycle rights actually mlkshk, seitan squid craft beer tempor.\"}],[{\"key\":\"question\",\"value\":\"Do You Ship Internationally?\"},{\"key\":\"answer\",\"value\":\"Hoodie tote bag mixtape tofu. Typewriter jean shorts wolf quinoa, messenger bag organic freegan cray.\"}],[{\"key\":\"question\",\"value\":\"How Long Will It Take To Get My Package?\"},{\"key\":\"answer\",\"value\":\"Swag slow-carb quinoa VHS typewriter pork belly brunch, paleo single-origin coffee Wes Anderson. Flexitarian Pitchfork forage, literally paleo fap pour-over. Wes Anderson Pinterest YOLO fanny pack meggings, deep v XOXO chambray sustainable slow-carb raw denim church-key fap chillwave Etsy. +1 typewriter kitsch, American Apparel tofu Banksy Vice.\"}],[{\"key\":\"question\",\"value\":\"What Payment Methods Are Accepted?\"},{\"key\":\"answer\",\"value\":\"Fashion axe DIY jean shorts, swag kale chips meh polaroid kogi butcher Wes Anderson chambray next level semiotics gentrify yr. Voluptate photo booth fugiat Vice. Austin sed Williamsburg, ea labore raw denim voluptate cred proident mixtape excepteur mustache. Twee chia photo booth readymade food truck, hoodie roof party swag keytar PBR DIY.\"}],[{\"key\":\"question\",\"value\":\"Is Buying On-Line Safe?\"},{\"key\":\"answer\",\"value\":\"Art party authentic freegan semiotics jean shorts chia cred. Neutra Austin roof party Brooklyn, synth Thundercats swag 8-bit photo booth. Plaid letterpress leggings craft beer meh ethical Pinterest.\"}]]]',31,'Botble\\Ecommerce\\Models\\Product','2022-05-30 02:37:09','2022-05-30 02:37:09'),(32,'faq_schema_config','[[[{\"key\":\"question\",\"value\":\"What Shipping Methods Are Available?\"},{\"key\":\"answer\",\"value\":\"Ex Portland Pitchfork irure mustache. Eutra fap before they sold out literally. Aliquip ugh bicycle rights actually mlkshk, seitan squid craft beer tempor.\"}],[{\"key\":\"question\",\"value\":\"Do You Ship Internationally?\"},{\"key\":\"answer\",\"value\":\"Hoodie tote bag mixtape tofu. Typewriter jean shorts wolf quinoa, messenger bag organic freegan cray.\"}],[{\"key\":\"question\",\"value\":\"How Long Will It Take To Get My Package?\"},{\"key\":\"answer\",\"value\":\"Swag slow-carb quinoa VHS typewriter pork belly brunch, paleo single-origin coffee Wes Anderson. Flexitarian Pitchfork forage, literally paleo fap pour-over. Wes Anderson Pinterest YOLO fanny pack meggings, deep v XOXO chambray sustainable slow-carb raw denim church-key fap chillwave Etsy. +1 typewriter kitsch, American Apparel tofu Banksy Vice.\"}],[{\"key\":\"question\",\"value\":\"What Payment Methods Are Accepted?\"},{\"key\":\"answer\",\"value\":\"Fashion axe DIY jean shorts, swag kale chips meh polaroid kogi butcher Wes Anderson chambray next level semiotics gentrify yr. Voluptate photo booth fugiat Vice. Austin sed Williamsburg, ea labore raw denim voluptate cred proident mixtape excepteur mustache. Twee chia photo booth readymade food truck, hoodie roof party swag keytar PBR DIY.\"}],[{\"key\":\"question\",\"value\":\"Is Buying On-Line Safe?\"},{\"key\":\"answer\",\"value\":\"Art party authentic freegan semiotics jean shorts chia cred. Neutra Austin roof party Brooklyn, synth Thundercats swag 8-bit photo booth. Plaid letterpress leggings craft beer meh ethical Pinterest.\"}]]]',32,'Botble\\Ecommerce\\Models\\Product','2022-05-30 02:37:09','2022-05-30 02:37:09'),(33,'faq_schema_config','[[[{\"key\":\"question\",\"value\":\"What Shipping Methods Are Available?\"},{\"key\":\"answer\",\"value\":\"Ex Portland Pitchfork irure mustache. Eutra fap before they sold out literally. Aliquip ugh bicycle rights actually mlkshk, seitan squid craft beer tempor.\"}],[{\"key\":\"question\",\"value\":\"Do You Ship Internationally?\"},{\"key\":\"answer\",\"value\":\"Hoodie tote bag mixtape tofu. Typewriter jean shorts wolf quinoa, messenger bag organic freegan cray.\"}],[{\"key\":\"question\",\"value\":\"How Long Will It Take To Get My Package?\"},{\"key\":\"answer\",\"value\":\"Swag slow-carb quinoa VHS typewriter pork belly brunch, paleo single-origin coffee Wes Anderson. Flexitarian Pitchfork forage, literally paleo fap pour-over. Wes Anderson Pinterest YOLO fanny pack meggings, deep v XOXO chambray sustainable slow-carb raw denim church-key fap chillwave Etsy. +1 typewriter kitsch, American Apparel tofu Banksy Vice.\"}],[{\"key\":\"question\",\"value\":\"What Payment Methods Are Accepted?\"},{\"key\":\"answer\",\"value\":\"Fashion axe DIY jean shorts, swag kale chips meh polaroid kogi butcher Wes Anderson chambray next level semiotics gentrify yr. Voluptate photo booth fugiat Vice. Austin sed Williamsburg, ea labore raw denim voluptate cred proident mixtape excepteur mustache. Twee chia photo booth readymade food truck, hoodie roof party swag keytar PBR DIY.\"}],[{\"key\":\"question\",\"value\":\"Is Buying On-Line Safe?\"},{\"key\":\"answer\",\"value\":\"Art party authentic freegan semiotics jean shorts chia cred. Neutra Austin roof party Brooklyn, synth Thundercats swag 8-bit photo booth. Plaid letterpress leggings craft beer meh ethical Pinterest.\"}]]]',33,'Botble\\Ecommerce\\Models\\Product','2022-05-30 02:37:09','2022-05-30 02:37:09'),(34,'faq_schema_config','[[[{\"key\":\"question\",\"value\":\"What Shipping Methods Are Available?\"},{\"key\":\"answer\",\"value\":\"Ex Portland Pitchfork irure mustache. Eutra fap before they sold out literally. Aliquip ugh bicycle rights actually mlkshk, seitan squid craft beer tempor.\"}],[{\"key\":\"question\",\"value\":\"Do You Ship Internationally?\"},{\"key\":\"answer\",\"value\":\"Hoodie tote bag mixtape tofu. Typewriter jean shorts wolf quinoa, messenger bag organic freegan cray.\"}],[{\"key\":\"question\",\"value\":\"How Long Will It Take To Get My Package?\"},{\"key\":\"answer\",\"value\":\"Swag slow-carb quinoa VHS typewriter pork belly brunch, paleo single-origin coffee Wes Anderson. Flexitarian Pitchfork forage, literally paleo fap pour-over. Wes Anderson Pinterest YOLO fanny pack meggings, deep v XOXO chambray sustainable slow-carb raw denim church-key fap chillwave Etsy. +1 typewriter kitsch, American Apparel tofu Banksy Vice.\"}],[{\"key\":\"question\",\"value\":\"What Payment Methods Are Accepted?\"},{\"key\":\"answer\",\"value\":\"Fashion axe DIY jean shorts, swag kale chips meh polaroid kogi butcher Wes Anderson chambray next level semiotics gentrify yr. Voluptate photo booth fugiat Vice. Austin sed Williamsburg, ea labore raw denim voluptate cred proident mixtape excepteur mustache. Twee chia photo booth readymade food truck, hoodie roof party swag keytar PBR DIY.\"}],[{\"key\":\"question\",\"value\":\"Is Buying On-Line Safe?\"},{\"key\":\"answer\",\"value\":\"Art party authentic freegan semiotics jean shorts chia cred. Neutra Austin roof party Brooklyn, synth Thundercats swag 8-bit photo booth. Plaid letterpress leggings craft beer meh ethical Pinterest.\"}]]]',34,'Botble\\Ecommerce\\Models\\Product','2022-05-30 02:37:09','2022-05-30 02:37:09'),(35,'faq_schema_config','[[[{\"key\":\"question\",\"value\":\"What Shipping Methods Are Available?\"},{\"key\":\"answer\",\"value\":\"Ex Portland Pitchfork irure mustache. Eutra fap before they sold out literally. Aliquip ugh bicycle rights actually mlkshk, seitan squid craft beer tempor.\"}],[{\"key\":\"question\",\"value\":\"Do You Ship Internationally?\"},{\"key\":\"answer\",\"value\":\"Hoodie tote bag mixtape tofu. Typewriter jean shorts wolf quinoa, messenger bag organic freegan cray.\"}],[{\"key\":\"question\",\"value\":\"How Long Will It Take To Get My Package?\"},{\"key\":\"answer\",\"value\":\"Swag slow-carb quinoa VHS typewriter pork belly brunch, paleo single-origin coffee Wes Anderson. Flexitarian Pitchfork forage, literally paleo fap pour-over. Wes Anderson Pinterest YOLO fanny pack meggings, deep v XOXO chambray sustainable slow-carb raw denim church-key fap chillwave Etsy. +1 typewriter kitsch, American Apparel tofu Banksy Vice.\"}],[{\"key\":\"question\",\"value\":\"What Payment Methods Are Accepted?\"},{\"key\":\"answer\",\"value\":\"Fashion axe DIY jean shorts, swag kale chips meh polaroid kogi butcher Wes Anderson chambray next level semiotics gentrify yr. Voluptate photo booth fugiat Vice. Austin sed Williamsburg, ea labore raw denim voluptate cred proident mixtape excepteur mustache. Twee chia photo booth readymade food truck, hoodie roof party swag keytar PBR DIY.\"}],[{\"key\":\"question\",\"value\":\"Is Buying On-Line Safe?\"},{\"key\":\"answer\",\"value\":\"Art party authentic freegan semiotics jean shorts chia cred. Neutra Austin roof party Brooklyn, synth Thundercats swag 8-bit photo booth. Plaid letterpress leggings craft beer meh ethical Pinterest.\"}]]]',35,'Botble\\Ecommerce\\Models\\Product','2022-05-30 02:37:09','2022-05-30 02:37:09'),(36,'faq_schema_config','[[[{\"key\":\"question\",\"value\":\"What Shipping Methods Are Available?\"},{\"key\":\"answer\",\"value\":\"Ex Portland Pitchfork irure mustache. Eutra fap before they sold out literally. Aliquip ugh bicycle rights actually mlkshk, seitan squid craft beer tempor.\"}],[{\"key\":\"question\",\"value\":\"Do You Ship Internationally?\"},{\"key\":\"answer\",\"value\":\"Hoodie tote bag mixtape tofu. Typewriter jean shorts wolf quinoa, messenger bag organic freegan cray.\"}],[{\"key\":\"question\",\"value\":\"How Long Will It Take To Get My Package?\"},{\"key\":\"answer\",\"value\":\"Swag slow-carb quinoa VHS typewriter pork belly brunch, paleo single-origin coffee Wes Anderson. Flexitarian Pitchfork forage, literally paleo fap pour-over. Wes Anderson Pinterest YOLO fanny pack meggings, deep v XOXO chambray sustainable slow-carb raw denim church-key fap chillwave Etsy. +1 typewriter kitsch, American Apparel tofu Banksy Vice.\"}],[{\"key\":\"question\",\"value\":\"What Payment Methods Are Accepted?\"},{\"key\":\"answer\",\"value\":\"Fashion axe DIY jean shorts, swag kale chips meh polaroid kogi butcher Wes Anderson chambray next level semiotics gentrify yr. Voluptate photo booth fugiat Vice. Austin sed Williamsburg, ea labore raw denim voluptate cred proident mixtape excepteur mustache. Twee chia photo booth readymade food truck, hoodie roof party swag keytar PBR DIY.\"}],[{\"key\":\"question\",\"value\":\"Is Buying On-Line Safe?\"},{\"key\":\"answer\",\"value\":\"Art party authentic freegan semiotics jean shorts chia cred. Neutra Austin roof party Brooklyn, synth Thundercats swag 8-bit photo booth. Plaid letterpress leggings craft beer meh ethical Pinterest.\"}]]]',36,'Botble\\Ecommerce\\Models\\Product','2022-05-30 02:37:09','2022-05-30 02:37:09'),(37,'faq_schema_config','[[[{\"key\":\"question\",\"value\":\"What Shipping Methods Are Available?\"},{\"key\":\"answer\",\"value\":\"Ex Portland Pitchfork irure mustache. Eutra fap before they sold out literally. Aliquip ugh bicycle rights actually mlkshk, seitan squid craft beer tempor.\"}],[{\"key\":\"question\",\"value\":\"Do You Ship Internationally?\"},{\"key\":\"answer\",\"value\":\"Hoodie tote bag mixtape tofu. Typewriter jean shorts wolf quinoa, messenger bag organic freegan cray.\"}],[{\"key\":\"question\",\"value\":\"How Long Will It Take To Get My Package?\"},{\"key\":\"answer\",\"value\":\"Swag slow-carb quinoa VHS typewriter pork belly brunch, paleo single-origin coffee Wes Anderson. Flexitarian Pitchfork forage, literally paleo fap pour-over. Wes Anderson Pinterest YOLO fanny pack meggings, deep v XOXO chambray sustainable slow-carb raw denim church-key fap chillwave Etsy. +1 typewriter kitsch, American Apparel tofu Banksy Vice.\"}],[{\"key\":\"question\",\"value\":\"What Payment Methods Are Accepted?\"},{\"key\":\"answer\",\"value\":\"Fashion axe DIY jean shorts, swag kale chips meh polaroid kogi butcher Wes Anderson chambray next level semiotics gentrify yr. Voluptate photo booth fugiat Vice. Austin sed Williamsburg, ea labore raw denim voluptate cred proident mixtape excepteur mustache. Twee chia photo booth readymade food truck, hoodie roof party swag keytar PBR DIY.\"}],[{\"key\":\"question\",\"value\":\"Is Buying On-Line Safe?\"},{\"key\":\"answer\",\"value\":\"Art party authentic freegan semiotics jean shorts chia cred. Neutra Austin roof party Brooklyn, synth Thundercats swag 8-bit photo booth. Plaid letterpress leggings craft beer meh ethical Pinterest.\"}]]]',37,'Botble\\Ecommerce\\Models\\Product','2022-05-30 02:37:09','2022-05-30 02:37:09'),(38,'faq_schema_config','[[[{\"key\":\"question\",\"value\":\"What Shipping Methods Are Available?\"},{\"key\":\"answer\",\"value\":\"Ex Portland Pitchfork irure mustache. Eutra fap before they sold out literally. Aliquip ugh bicycle rights actually mlkshk, seitan squid craft beer tempor.\"}],[{\"key\":\"question\",\"value\":\"Do You Ship Internationally?\"},{\"key\":\"answer\",\"value\":\"Hoodie tote bag mixtape tofu. Typewriter jean shorts wolf quinoa, messenger bag organic freegan cray.\"}],[{\"key\":\"question\",\"value\":\"How Long Will It Take To Get My Package?\"},{\"key\":\"answer\",\"value\":\"Swag slow-carb quinoa VHS typewriter pork belly brunch, paleo single-origin coffee Wes Anderson. Flexitarian Pitchfork forage, literally paleo fap pour-over. Wes Anderson Pinterest YOLO fanny pack meggings, deep v XOXO chambray sustainable slow-carb raw denim church-key fap chillwave Etsy. +1 typewriter kitsch, American Apparel tofu Banksy Vice.\"}],[{\"key\":\"question\",\"value\":\"What Payment Methods Are Accepted?\"},{\"key\":\"answer\",\"value\":\"Fashion axe DIY jean shorts, swag kale chips meh polaroid kogi butcher Wes Anderson chambray next level semiotics gentrify yr. Voluptate photo booth fugiat Vice. Austin sed Williamsburg, ea labore raw denim voluptate cred proident mixtape excepteur mustache. Twee chia photo booth readymade food truck, hoodie roof party swag keytar PBR DIY.\"}],[{\"key\":\"question\",\"value\":\"Is Buying On-Line Safe?\"},{\"key\":\"answer\",\"value\":\"Art party authentic freegan semiotics jean shorts chia cred. Neutra Austin roof party Brooklyn, synth Thundercats swag 8-bit photo booth. Plaid letterpress leggings craft beer meh ethical Pinterest.\"}]]]',38,'Botble\\Ecommerce\\Models\\Product','2022-05-30 02:37:09','2022-05-30 02:37:09'),(39,'faq_schema_config','[[[{\"key\":\"question\",\"value\":\"What Shipping Methods Are Available?\"},{\"key\":\"answer\",\"value\":\"Ex Portland Pitchfork irure mustache. Eutra fap before they sold out literally. Aliquip ugh bicycle rights actually mlkshk, seitan squid craft beer tempor.\"}],[{\"key\":\"question\",\"value\":\"Do You Ship Internationally?\"},{\"key\":\"answer\",\"value\":\"Hoodie tote bag mixtape tofu. Typewriter jean shorts wolf quinoa, messenger bag organic freegan cray.\"}],[{\"key\":\"question\",\"value\":\"How Long Will It Take To Get My Package?\"},{\"key\":\"answer\",\"value\":\"Swag slow-carb quinoa VHS typewriter pork belly brunch, paleo single-origin coffee Wes Anderson. Flexitarian Pitchfork forage, literally paleo fap pour-over. Wes Anderson Pinterest YOLO fanny pack meggings, deep v XOXO chambray sustainable slow-carb raw denim church-key fap chillwave Etsy. +1 typewriter kitsch, American Apparel tofu Banksy Vice.\"}],[{\"key\":\"question\",\"value\":\"What Payment Methods Are Accepted?\"},{\"key\":\"answer\",\"value\":\"Fashion axe DIY jean shorts, swag kale chips meh polaroid kogi butcher Wes Anderson chambray next level semiotics gentrify yr. Voluptate photo booth fugiat Vice. Austin sed Williamsburg, ea labore raw denim voluptate cred proident mixtape excepteur mustache. Twee chia photo booth readymade food truck, hoodie roof party swag keytar PBR DIY.\"}],[{\"key\":\"question\",\"value\":\"Is Buying On-Line Safe?\"},{\"key\":\"answer\",\"value\":\"Art party authentic freegan semiotics jean shorts chia cred. Neutra Austin roof party Brooklyn, synth Thundercats swag 8-bit photo booth. Plaid letterpress leggings craft beer meh ethical Pinterest.\"}]]]',39,'Botble\\Ecommerce\\Models\\Product','2022-05-30 02:37:09','2022-05-30 02:37:09'),(40,'faq_schema_config','[[[{\"key\":\"question\",\"value\":\"What Shipping Methods Are Available?\"},{\"key\":\"answer\",\"value\":\"Ex Portland Pitchfork irure mustache. Eutra fap before they sold out literally. Aliquip ugh bicycle rights actually mlkshk, seitan squid craft beer tempor.\"}],[{\"key\":\"question\",\"value\":\"Do You Ship Internationally?\"},{\"key\":\"answer\",\"value\":\"Hoodie tote bag mixtape tofu. Typewriter jean shorts wolf quinoa, messenger bag organic freegan cray.\"}],[{\"key\":\"question\",\"value\":\"How Long Will It Take To Get My Package?\"},{\"key\":\"answer\",\"value\":\"Swag slow-carb quinoa VHS typewriter pork belly brunch, paleo single-origin coffee Wes Anderson. Flexitarian Pitchfork forage, literally paleo fap pour-over. Wes Anderson Pinterest YOLO fanny pack meggings, deep v XOXO chambray sustainable slow-carb raw denim church-key fap chillwave Etsy. +1 typewriter kitsch, American Apparel tofu Banksy Vice.\"}],[{\"key\":\"question\",\"value\":\"What Payment Methods Are Accepted?\"},{\"key\":\"answer\",\"value\":\"Fashion axe DIY jean shorts, swag kale chips meh polaroid kogi butcher Wes Anderson chambray next level semiotics gentrify yr. Voluptate photo booth fugiat Vice. Austin sed Williamsburg, ea labore raw denim voluptate cred proident mixtape excepteur mustache. Twee chia photo booth readymade food truck, hoodie roof party swag keytar PBR DIY.\"}],[{\"key\":\"question\",\"value\":\"Is Buying On-Line Safe?\"},{\"key\":\"answer\",\"value\":\"Art party authentic freegan semiotics jean shorts chia cred. Neutra Austin roof party Brooklyn, synth Thundercats swag 8-bit photo booth. Plaid letterpress leggings craft beer meh ethical Pinterest.\"}]]]',40,'Botble\\Ecommerce\\Models\\Product','2022-05-30 02:37:09','2022-05-30 02:37:09'),(41,'faq_schema_config','[[[{\"key\":\"question\",\"value\":\"What Shipping Methods Are Available?\"},{\"key\":\"answer\",\"value\":\"Ex Portland Pitchfork irure mustache. Eutra fap before they sold out literally. Aliquip ugh bicycle rights actually mlkshk, seitan squid craft beer tempor.\"}],[{\"key\":\"question\",\"value\":\"Do You Ship Internationally?\"},{\"key\":\"answer\",\"value\":\"Hoodie tote bag mixtape tofu. Typewriter jean shorts wolf quinoa, messenger bag organic freegan cray.\"}],[{\"key\":\"question\",\"value\":\"How Long Will It Take To Get My Package?\"},{\"key\":\"answer\",\"value\":\"Swag slow-carb quinoa VHS typewriter pork belly brunch, paleo single-origin coffee Wes Anderson. Flexitarian Pitchfork forage, literally paleo fap pour-over. Wes Anderson Pinterest YOLO fanny pack meggings, deep v XOXO chambray sustainable slow-carb raw denim church-key fap chillwave Etsy. +1 typewriter kitsch, American Apparel tofu Banksy Vice.\"}],[{\"key\":\"question\",\"value\":\"What Payment Methods Are Accepted?\"},{\"key\":\"answer\",\"value\":\"Fashion axe DIY jean shorts, swag kale chips meh polaroid kogi butcher Wes Anderson chambray next level semiotics gentrify yr. Voluptate photo booth fugiat Vice. Austin sed Williamsburg, ea labore raw denim voluptate cred proident mixtape excepteur mustache. Twee chia photo booth readymade food truck, hoodie roof party swag keytar PBR DIY.\"}],[{\"key\":\"question\",\"value\":\"Is Buying On-Line Safe?\"},{\"key\":\"answer\",\"value\":\"Art party authentic freegan semiotics jean shorts chia cred. Neutra Austin roof party Brooklyn, synth Thundercats swag 8-bit photo booth. Plaid letterpress leggings craft beer meh ethical Pinterest.\"}]]]',41,'Botble\\Ecommerce\\Models\\Product','2022-05-30 02:37:09','2022-05-30 02:37:09'),(42,'faq_schema_config','[[[{\"key\":\"question\",\"value\":\"What Shipping Methods Are Available?\"},{\"key\":\"answer\",\"value\":\"Ex Portland Pitchfork irure mustache. Eutra fap before they sold out literally. Aliquip ugh bicycle rights actually mlkshk, seitan squid craft beer tempor.\"}],[{\"key\":\"question\",\"value\":\"Do You Ship Internationally?\"},{\"key\":\"answer\",\"value\":\"Hoodie tote bag mixtape tofu. Typewriter jean shorts wolf quinoa, messenger bag organic freegan cray.\"}],[{\"key\":\"question\",\"value\":\"How Long Will It Take To Get My Package?\"},{\"key\":\"answer\",\"value\":\"Swag slow-carb quinoa VHS typewriter pork belly brunch, paleo single-origin coffee Wes Anderson. Flexitarian Pitchfork forage, literally paleo fap pour-over. Wes Anderson Pinterest YOLO fanny pack meggings, deep v XOXO chambray sustainable slow-carb raw denim church-key fap chillwave Etsy. +1 typewriter kitsch, American Apparel tofu Banksy Vice.\"}],[{\"key\":\"question\",\"value\":\"What Payment Methods Are Accepted?\"},{\"key\":\"answer\",\"value\":\"Fashion axe DIY jean shorts, swag kale chips meh polaroid kogi butcher Wes Anderson chambray next level semiotics gentrify yr. Voluptate photo booth fugiat Vice. Austin sed Williamsburg, ea labore raw denim voluptate cred proident mixtape excepteur mustache. Twee chia photo booth readymade food truck, hoodie roof party swag keytar PBR DIY.\"}],[{\"key\":\"question\",\"value\":\"Is Buying On-Line Safe?\"},{\"key\":\"answer\",\"value\":\"Art party authentic freegan semiotics jean shorts chia cred. Neutra Austin roof party Brooklyn, synth Thundercats swag 8-bit photo booth. Plaid letterpress leggings craft beer meh ethical Pinterest.\"}]]]',42,'Botble\\Ecommerce\\Models\\Product','2022-05-30 02:37:09','2022-05-30 02:37:09'),(43,'faq_schema_config','[[[{\"key\":\"question\",\"value\":\"What Shipping Methods Are Available?\"},{\"key\":\"answer\",\"value\":\"Ex Portland Pitchfork irure mustache. Eutra fap before they sold out literally. Aliquip ugh bicycle rights actually mlkshk, seitan squid craft beer tempor.\"}],[{\"key\":\"question\",\"value\":\"Do You Ship Internationally?\"},{\"key\":\"answer\",\"value\":\"Hoodie tote bag mixtape tofu. Typewriter jean shorts wolf quinoa, messenger bag organic freegan cray.\"}],[{\"key\":\"question\",\"value\":\"How Long Will It Take To Get My Package?\"},{\"key\":\"answer\",\"value\":\"Swag slow-carb quinoa VHS typewriter pork belly brunch, paleo single-origin coffee Wes Anderson. Flexitarian Pitchfork forage, literally paleo fap pour-over. Wes Anderson Pinterest YOLO fanny pack meggings, deep v XOXO chambray sustainable slow-carb raw denim church-key fap chillwave Etsy. +1 typewriter kitsch, American Apparel tofu Banksy Vice.\"}],[{\"key\":\"question\",\"value\":\"What Payment Methods Are Accepted?\"},{\"key\":\"answer\",\"value\":\"Fashion axe DIY jean shorts, swag kale chips meh polaroid kogi butcher Wes Anderson chambray next level semiotics gentrify yr. Voluptate photo booth fugiat Vice. Austin sed Williamsburg, ea labore raw denim voluptate cred proident mixtape excepteur mustache. Twee chia photo booth readymade food truck, hoodie roof party swag keytar PBR DIY.\"}],[{\"key\":\"question\",\"value\":\"Is Buying On-Line Safe?\"},{\"key\":\"answer\",\"value\":\"Art party authentic freegan semiotics jean shorts chia cred. Neutra Austin roof party Brooklyn, synth Thundercats swag 8-bit photo booth. Plaid letterpress leggings craft beer meh ethical Pinterest.\"}]]]',43,'Botble\\Ecommerce\\Models\\Product','2022-05-30 02:37:09','2022-05-30 02:37:09'),(44,'faq_schema_config','[[[{\"key\":\"question\",\"value\":\"What Shipping Methods Are Available?\"},{\"key\":\"answer\",\"value\":\"Ex Portland Pitchfork irure mustache. Eutra fap before they sold out literally. Aliquip ugh bicycle rights actually mlkshk, seitan squid craft beer tempor.\"}],[{\"key\":\"question\",\"value\":\"Do You Ship Internationally?\"},{\"key\":\"answer\",\"value\":\"Hoodie tote bag mixtape tofu. Typewriter jean shorts wolf quinoa, messenger bag organic freegan cray.\"}],[{\"key\":\"question\",\"value\":\"How Long Will It Take To Get My Package?\"},{\"key\":\"answer\",\"value\":\"Swag slow-carb quinoa VHS typewriter pork belly brunch, paleo single-origin coffee Wes Anderson. Flexitarian Pitchfork forage, literally paleo fap pour-over. Wes Anderson Pinterest YOLO fanny pack meggings, deep v XOXO chambray sustainable slow-carb raw denim church-key fap chillwave Etsy. +1 typewriter kitsch, American Apparel tofu Banksy Vice.\"}],[{\"key\":\"question\",\"value\":\"What Payment Methods Are Accepted?\"},{\"key\":\"answer\",\"value\":\"Fashion axe DIY jean shorts, swag kale chips meh polaroid kogi butcher Wes Anderson chambray next level semiotics gentrify yr. Voluptate photo booth fugiat Vice. Austin sed Williamsburg, ea labore raw denim voluptate cred proident mixtape excepteur mustache. Twee chia photo booth readymade food truck, hoodie roof party swag keytar PBR DIY.\"}],[{\"key\":\"question\",\"value\":\"Is Buying On-Line Safe?\"},{\"key\":\"answer\",\"value\":\"Art party authentic freegan semiotics jean shorts chia cred. Neutra Austin roof party Brooklyn, synth Thundercats swag 8-bit photo booth. Plaid letterpress leggings craft beer meh ethical Pinterest.\"}]]]',44,'Botble\\Ecommerce\\Models\\Product','2022-05-30 02:37:09','2022-05-30 02:37:09'),(45,'faq_schema_config','[[[{\"key\":\"question\",\"value\":\"What Shipping Methods Are Available?\"},{\"key\":\"answer\",\"value\":\"Ex Portland Pitchfork irure mustache. Eutra fap before they sold out literally. Aliquip ugh bicycle rights actually mlkshk, seitan squid craft beer tempor.\"}],[{\"key\":\"question\",\"value\":\"Do You Ship Internationally?\"},{\"key\":\"answer\",\"value\":\"Hoodie tote bag mixtape tofu. Typewriter jean shorts wolf quinoa, messenger bag organic freegan cray.\"}],[{\"key\":\"question\",\"value\":\"How Long Will It Take To Get My Package?\"},{\"key\":\"answer\",\"value\":\"Swag slow-carb quinoa VHS typewriter pork belly brunch, paleo single-origin coffee Wes Anderson. Flexitarian Pitchfork forage, literally paleo fap pour-over. Wes Anderson Pinterest YOLO fanny pack meggings, deep v XOXO chambray sustainable slow-carb raw denim church-key fap chillwave Etsy. +1 typewriter kitsch, American Apparel tofu Banksy Vice.\"}],[{\"key\":\"question\",\"value\":\"What Payment Methods Are Accepted?\"},{\"key\":\"answer\",\"value\":\"Fashion axe DIY jean shorts, swag kale chips meh polaroid kogi butcher Wes Anderson chambray next level semiotics gentrify yr. Voluptate photo booth fugiat Vice. Austin sed Williamsburg, ea labore raw denim voluptate cred proident mixtape excepteur mustache. Twee chia photo booth readymade food truck, hoodie roof party swag keytar PBR DIY.\"}],[{\"key\":\"question\",\"value\":\"Is Buying On-Line Safe?\"},{\"key\":\"answer\",\"value\":\"Art party authentic freegan semiotics jean shorts chia cred. Neutra Austin roof party Brooklyn, synth Thundercats swag 8-bit photo booth. Plaid letterpress leggings craft beer meh ethical Pinterest.\"}]]]',45,'Botble\\Ecommerce\\Models\\Product','2022-05-30 02:37:09','2022-05-30 02:37:09'),(46,'faq_schema_config','[[[{\"key\":\"question\",\"value\":\"What Shipping Methods Are Available?\"},{\"key\":\"answer\",\"value\":\"Ex Portland Pitchfork irure mustache. Eutra fap before they sold out literally. Aliquip ugh bicycle rights actually mlkshk, seitan squid craft beer tempor.\"}],[{\"key\":\"question\",\"value\":\"Do You Ship Internationally?\"},{\"key\":\"answer\",\"value\":\"Hoodie tote bag mixtape tofu. Typewriter jean shorts wolf quinoa, messenger bag organic freegan cray.\"}],[{\"key\":\"question\",\"value\":\"How Long Will It Take To Get My Package?\"},{\"key\":\"answer\",\"value\":\"Swag slow-carb quinoa VHS typewriter pork belly brunch, paleo single-origin coffee Wes Anderson. Flexitarian Pitchfork forage, literally paleo fap pour-over. Wes Anderson Pinterest YOLO fanny pack meggings, deep v XOXO chambray sustainable slow-carb raw denim church-key fap chillwave Etsy. +1 typewriter kitsch, American Apparel tofu Banksy Vice.\"}],[{\"key\":\"question\",\"value\":\"What Payment Methods Are Accepted?\"},{\"key\":\"answer\",\"value\":\"Fashion axe DIY jean shorts, swag kale chips meh polaroid kogi butcher Wes Anderson chambray next level semiotics gentrify yr. Voluptate photo booth fugiat Vice. Austin sed Williamsburg, ea labore raw denim voluptate cred proident mixtape excepteur mustache. Twee chia photo booth readymade food truck, hoodie roof party swag keytar PBR DIY.\"}],[{\"key\":\"question\",\"value\":\"Is Buying On-Line Safe?\"},{\"key\":\"answer\",\"value\":\"Art party authentic freegan semiotics jean shorts chia cred. Neutra Austin roof party Brooklyn, synth Thundercats swag 8-bit photo booth. Plaid letterpress leggings craft beer meh ethical Pinterest.\"}]]]',46,'Botble\\Ecommerce\\Models\\Product','2022-05-30 02:37:09','2022-05-30 02:37:09'),(47,'faq_schema_config','[[[{\"key\":\"question\",\"value\":\"What Shipping Methods Are Available?\"},{\"key\":\"answer\",\"value\":\"Ex Portland Pitchfork irure mustache. Eutra fap before they sold out literally. Aliquip ugh bicycle rights actually mlkshk, seitan squid craft beer tempor.\"}],[{\"key\":\"question\",\"value\":\"Do You Ship Internationally?\"},{\"key\":\"answer\",\"value\":\"Hoodie tote bag mixtape tofu. Typewriter jean shorts wolf quinoa, messenger bag organic freegan cray.\"}],[{\"key\":\"question\",\"value\":\"How Long Will It Take To Get My Package?\"},{\"key\":\"answer\",\"value\":\"Swag slow-carb quinoa VHS typewriter pork belly brunch, paleo single-origin coffee Wes Anderson. Flexitarian Pitchfork forage, literally paleo fap pour-over. Wes Anderson Pinterest YOLO fanny pack meggings, deep v XOXO chambray sustainable slow-carb raw denim church-key fap chillwave Etsy. +1 typewriter kitsch, American Apparel tofu Banksy Vice.\"}],[{\"key\":\"question\",\"value\":\"What Payment Methods Are Accepted?\"},{\"key\":\"answer\",\"value\":\"Fashion axe DIY jean shorts, swag kale chips meh polaroid kogi butcher Wes Anderson chambray next level semiotics gentrify yr. Voluptate photo booth fugiat Vice. Austin sed Williamsburg, ea labore raw denim voluptate cred proident mixtape excepteur mustache. Twee chia photo booth readymade food truck, hoodie roof party swag keytar PBR DIY.\"}],[{\"key\":\"question\",\"value\":\"Is Buying On-Line Safe?\"},{\"key\":\"answer\",\"value\":\"Art party authentic freegan semiotics jean shorts chia cred. Neutra Austin roof party Brooklyn, synth Thundercats swag 8-bit photo booth. Plaid letterpress leggings craft beer meh ethical Pinterest.\"}]]]',47,'Botble\\Ecommerce\\Models\\Product','2022-05-30 02:37:09','2022-05-30 02:37:09'),(48,'faq_schema_config','[[[{\"key\":\"question\",\"value\":\"What Shipping Methods Are Available?\"},{\"key\":\"answer\",\"value\":\"Ex Portland Pitchfork irure mustache. Eutra fap before they sold out literally. Aliquip ugh bicycle rights actually mlkshk, seitan squid craft beer tempor.\"}],[{\"key\":\"question\",\"value\":\"Do You Ship Internationally?\"},{\"key\":\"answer\",\"value\":\"Hoodie tote bag mixtape tofu. Typewriter jean shorts wolf quinoa, messenger bag organic freegan cray.\"}],[{\"key\":\"question\",\"value\":\"How Long Will It Take To Get My Package?\"},{\"key\":\"answer\",\"value\":\"Swag slow-carb quinoa VHS typewriter pork belly brunch, paleo single-origin coffee Wes Anderson. Flexitarian Pitchfork forage, literally paleo fap pour-over. Wes Anderson Pinterest YOLO fanny pack meggings, deep v XOXO chambray sustainable slow-carb raw denim church-key fap chillwave Etsy. +1 typewriter kitsch, American Apparel tofu Banksy Vice.\"}],[{\"key\":\"question\",\"value\":\"What Payment Methods Are Accepted?\"},{\"key\":\"answer\",\"value\":\"Fashion axe DIY jean shorts, swag kale chips meh polaroid kogi butcher Wes Anderson chambray next level semiotics gentrify yr. Voluptate photo booth fugiat Vice. Austin sed Williamsburg, ea labore raw denim voluptate cred proident mixtape excepteur mustache. Twee chia photo booth readymade food truck, hoodie roof party swag keytar PBR DIY.\"}],[{\"key\":\"question\",\"value\":\"Is Buying On-Line Safe?\"},{\"key\":\"answer\",\"value\":\"Art party authentic freegan semiotics jean shorts chia cred. Neutra Austin roof party Brooklyn, synth Thundercats swag 8-bit photo booth. Plaid letterpress leggings craft beer meh ethical Pinterest.\"}]]]',48,'Botble\\Ecommerce\\Models\\Product','2022-05-30 02:37:09','2022-05-30 02:37:09'),(49,'faq_schema_config','[[[{\"key\":\"question\",\"value\":\"What Shipping Methods Are Available?\"},{\"key\":\"answer\",\"value\":\"Ex Portland Pitchfork irure mustache. Eutra fap before they sold out literally. Aliquip ugh bicycle rights actually mlkshk, seitan squid craft beer tempor.\"}],[{\"key\":\"question\",\"value\":\"Do You Ship Internationally?\"},{\"key\":\"answer\",\"value\":\"Hoodie tote bag mixtape tofu. Typewriter jean shorts wolf quinoa, messenger bag organic freegan cray.\"}],[{\"key\":\"question\",\"value\":\"How Long Will It Take To Get My Package?\"},{\"key\":\"answer\",\"value\":\"Swag slow-carb quinoa VHS typewriter pork belly brunch, paleo single-origin coffee Wes Anderson. Flexitarian Pitchfork forage, literally paleo fap pour-over. Wes Anderson Pinterest YOLO fanny pack meggings, deep v XOXO chambray sustainable slow-carb raw denim church-key fap chillwave Etsy. +1 typewriter kitsch, American Apparel tofu Banksy Vice.\"}],[{\"key\":\"question\",\"value\":\"What Payment Methods Are Accepted?\"},{\"key\":\"answer\",\"value\":\"Fashion axe DIY jean shorts, swag kale chips meh polaroid kogi butcher Wes Anderson chambray next level semiotics gentrify yr. Voluptate photo booth fugiat Vice. Austin sed Williamsburg, ea labore raw denim voluptate cred proident mixtape excepteur mustache. Twee chia photo booth readymade food truck, hoodie roof party swag keytar PBR DIY.\"}],[{\"key\":\"question\",\"value\":\"Is Buying On-Line Safe?\"},{\"key\":\"answer\",\"value\":\"Art party authentic freegan semiotics jean shorts chia cred. Neutra Austin roof party Brooklyn, synth Thundercats swag 8-bit photo booth. Plaid letterpress leggings craft beer meh ethical Pinterest.\"}]]]',49,'Botble\\Ecommerce\\Models\\Product','2022-05-30 02:37:09','2022-05-30 02:37:09'),(50,'faq_schema_config','[[[{\"key\":\"question\",\"value\":\"What Shipping Methods Are Available?\"},{\"key\":\"answer\",\"value\":\"Ex Portland Pitchfork irure mustache. Eutra fap before they sold out literally. Aliquip ugh bicycle rights actually mlkshk, seitan squid craft beer tempor.\"}],[{\"key\":\"question\",\"value\":\"Do You Ship Internationally?\"},{\"key\":\"answer\",\"value\":\"Hoodie tote bag mixtape tofu. Typewriter jean shorts wolf quinoa, messenger bag organic freegan cray.\"}],[{\"key\":\"question\",\"value\":\"How Long Will It Take To Get My Package?\"},{\"key\":\"answer\",\"value\":\"Swag slow-carb quinoa VHS typewriter pork belly brunch, paleo single-origin coffee Wes Anderson. Flexitarian Pitchfork forage, literally paleo fap pour-over. Wes Anderson Pinterest YOLO fanny pack meggings, deep v XOXO chambray sustainable slow-carb raw denim church-key fap chillwave Etsy. +1 typewriter kitsch, American Apparel tofu Banksy Vice.\"}],[{\"key\":\"question\",\"value\":\"What Payment Methods Are Accepted?\"},{\"key\":\"answer\",\"value\":\"Fashion axe DIY jean shorts, swag kale chips meh polaroid kogi butcher Wes Anderson chambray next level semiotics gentrify yr. Voluptate photo booth fugiat Vice. Austin sed Williamsburg, ea labore raw denim voluptate cred proident mixtape excepteur mustache. Twee chia photo booth readymade food truck, hoodie roof party swag keytar PBR DIY.\"}],[{\"key\":\"question\",\"value\":\"Is Buying On-Line Safe?\"},{\"key\":\"answer\",\"value\":\"Art party authentic freegan semiotics jean shorts chia cred. Neutra Austin roof party Brooklyn, synth Thundercats swag 8-bit photo booth. Plaid letterpress leggings craft beer meh ethical Pinterest.\"}]]]',50,'Botble\\Ecommerce\\Models\\Product','2022-05-30 02:37:09','2022-05-30 02:37:09'),(51,'faq_schema_config','[[[{\"key\":\"question\",\"value\":\"What Shipping Methods Are Available?\"},{\"key\":\"answer\",\"value\":\"Ex Portland Pitchfork irure mustache. Eutra fap before they sold out literally. Aliquip ugh bicycle rights actually mlkshk, seitan squid craft beer tempor.\"}],[{\"key\":\"question\",\"value\":\"Do You Ship Internationally?\"},{\"key\":\"answer\",\"value\":\"Hoodie tote bag mixtape tofu. Typewriter jean shorts wolf quinoa, messenger bag organic freegan cray.\"}],[{\"key\":\"question\",\"value\":\"How Long Will It Take To Get My Package?\"},{\"key\":\"answer\",\"value\":\"Swag slow-carb quinoa VHS typewriter pork belly brunch, paleo single-origin coffee Wes Anderson. Flexitarian Pitchfork forage, literally paleo fap pour-over. Wes Anderson Pinterest YOLO fanny pack meggings, deep v XOXO chambray sustainable slow-carb raw denim church-key fap chillwave Etsy. +1 typewriter kitsch, American Apparel tofu Banksy Vice.\"}],[{\"key\":\"question\",\"value\":\"What Payment Methods Are Accepted?\"},{\"key\":\"answer\",\"value\":\"Fashion axe DIY jean shorts, swag kale chips meh polaroid kogi butcher Wes Anderson chambray next level semiotics gentrify yr. Voluptate photo booth fugiat Vice. Austin sed Williamsburg, ea labore raw denim voluptate cred proident mixtape excepteur mustache. Twee chia photo booth readymade food truck, hoodie roof party swag keytar PBR DIY.\"}],[{\"key\":\"question\",\"value\":\"Is Buying On-Line Safe?\"},{\"key\":\"answer\",\"value\":\"Art party authentic freegan semiotics jean shorts chia cred. Neutra Austin roof party Brooklyn, synth Thundercats swag 8-bit photo booth. Plaid letterpress leggings craft beer meh ethical Pinterest.\"}]]]',51,'Botble\\Ecommerce\\Models\\Product','2022-05-30 02:37:09','2022-05-30 02:37:09'),(52,'faq_schema_config','[[[{\"key\":\"question\",\"value\":\"What Shipping Methods Are Available?\"},{\"key\":\"answer\",\"value\":\"Ex Portland Pitchfork irure mustache. Eutra fap before they sold out literally. Aliquip ugh bicycle rights actually mlkshk, seitan squid craft beer tempor.\"}],[{\"key\":\"question\",\"value\":\"Do You Ship Internationally?\"},{\"key\":\"answer\",\"value\":\"Hoodie tote bag mixtape tofu. Typewriter jean shorts wolf quinoa, messenger bag organic freegan cray.\"}],[{\"key\":\"question\",\"value\":\"How Long Will It Take To Get My Package?\"},{\"key\":\"answer\",\"value\":\"Swag slow-carb quinoa VHS typewriter pork belly brunch, paleo single-origin coffee Wes Anderson. Flexitarian Pitchfork forage, literally paleo fap pour-over. Wes Anderson Pinterest YOLO fanny pack meggings, deep v XOXO chambray sustainable slow-carb raw denim church-key fap chillwave Etsy. +1 typewriter kitsch, American Apparel tofu Banksy Vice.\"}],[{\"key\":\"question\",\"value\":\"What Payment Methods Are Accepted?\"},{\"key\":\"answer\",\"value\":\"Fashion axe DIY jean shorts, swag kale chips meh polaroid kogi butcher Wes Anderson chambray next level semiotics gentrify yr. Voluptate photo booth fugiat Vice. Austin sed Williamsburg, ea labore raw denim voluptate cred proident mixtape excepteur mustache. Twee chia photo booth readymade food truck, hoodie roof party swag keytar PBR DIY.\"}],[{\"key\":\"question\",\"value\":\"Is Buying On-Line Safe?\"},{\"key\":\"answer\",\"value\":\"Art party authentic freegan semiotics jean shorts chia cred. Neutra Austin roof party Brooklyn, synth Thundercats swag 8-bit photo booth. Plaid letterpress leggings craft beer meh ethical Pinterest.\"}]]]',52,'Botble\\Ecommerce\\Models\\Product','2022-05-30 02:37:09','2022-05-30 02:37:09'),(53,'faq_schema_config','[[[{\"key\":\"question\",\"value\":\"What Shipping Methods Are Available?\"},{\"key\":\"answer\",\"value\":\"Ex Portland Pitchfork irure mustache. Eutra fap before they sold out literally. Aliquip ugh bicycle rights actually mlkshk, seitan squid craft beer tempor.\"}],[{\"key\":\"question\",\"value\":\"Do You Ship Internationally?\"},{\"key\":\"answer\",\"value\":\"Hoodie tote bag mixtape tofu. Typewriter jean shorts wolf quinoa, messenger bag organic freegan cray.\"}],[{\"key\":\"question\",\"value\":\"How Long Will It Take To Get My Package?\"},{\"key\":\"answer\",\"value\":\"Swag slow-carb quinoa VHS typewriter pork belly brunch, paleo single-origin coffee Wes Anderson. Flexitarian Pitchfork forage, literally paleo fap pour-over. Wes Anderson Pinterest YOLO fanny pack meggings, deep v XOXO chambray sustainable slow-carb raw denim church-key fap chillwave Etsy. +1 typewriter kitsch, American Apparel tofu Banksy Vice.\"}],[{\"key\":\"question\",\"value\":\"What Payment Methods Are Accepted?\"},{\"key\":\"answer\",\"value\":\"Fashion axe DIY jean shorts, swag kale chips meh polaroid kogi butcher Wes Anderson chambray next level semiotics gentrify yr. Voluptate photo booth fugiat Vice. Austin sed Williamsburg, ea labore raw denim voluptate cred proident mixtape excepteur mustache. Twee chia photo booth readymade food truck, hoodie roof party swag keytar PBR DIY.\"}],[{\"key\":\"question\",\"value\":\"Is Buying On-Line Safe?\"},{\"key\":\"answer\",\"value\":\"Art party authentic freegan semiotics jean shorts chia cred. Neutra Austin roof party Brooklyn, synth Thundercats swag 8-bit photo booth. Plaid letterpress leggings craft beer meh ethical Pinterest.\"}]]]',53,'Botble\\Ecommerce\\Models\\Product','2022-05-30 02:37:09','2022-05-30 02:37:09'),(54,'faq_schema_config','[[[{\"key\":\"question\",\"value\":\"What Shipping Methods Are Available?\"},{\"key\":\"answer\",\"value\":\"Ex Portland Pitchfork irure mustache. Eutra fap before they sold out literally. Aliquip ugh bicycle rights actually mlkshk, seitan squid craft beer tempor.\"}],[{\"key\":\"question\",\"value\":\"Do You Ship Internationally?\"},{\"key\":\"answer\",\"value\":\"Hoodie tote bag mixtape tofu. Typewriter jean shorts wolf quinoa, messenger bag organic freegan cray.\"}],[{\"key\":\"question\",\"value\":\"How Long Will It Take To Get My Package?\"},{\"key\":\"answer\",\"value\":\"Swag slow-carb quinoa VHS typewriter pork belly brunch, paleo single-origin coffee Wes Anderson. Flexitarian Pitchfork forage, literally paleo fap pour-over. Wes Anderson Pinterest YOLO fanny pack meggings, deep v XOXO chambray sustainable slow-carb raw denim church-key fap chillwave Etsy. +1 typewriter kitsch, American Apparel tofu Banksy Vice.\"}],[{\"key\":\"question\",\"value\":\"What Payment Methods Are Accepted?\"},{\"key\":\"answer\",\"value\":\"Fashion axe DIY jean shorts, swag kale chips meh polaroid kogi butcher Wes Anderson chambray next level semiotics gentrify yr. Voluptate photo booth fugiat Vice. Austin sed Williamsburg, ea labore raw denim voluptate cred proident mixtape excepteur mustache. Twee chia photo booth readymade food truck, hoodie roof party swag keytar PBR DIY.\"}],[{\"key\":\"question\",\"value\":\"Is Buying On-Line Safe?\"},{\"key\":\"answer\",\"value\":\"Art party authentic freegan semiotics jean shorts chia cred. Neutra Austin roof party Brooklyn, synth Thundercats swag 8-bit photo booth. Plaid letterpress leggings craft beer meh ethical Pinterest.\"}]]]',54,'Botble\\Ecommerce\\Models\\Product','2022-05-30 02:37:09','2022-05-30 02:37:09'),(55,'faq_schema_config','[[[{\"key\":\"question\",\"value\":\"What Shipping Methods Are Available?\"},{\"key\":\"answer\",\"value\":\"Ex Portland Pitchfork irure mustache. Eutra fap before they sold out literally. Aliquip ugh bicycle rights actually mlkshk, seitan squid craft beer tempor.\"}],[{\"key\":\"question\",\"value\":\"Do You Ship Internationally?\"},{\"key\":\"answer\",\"value\":\"Hoodie tote bag mixtape tofu. Typewriter jean shorts wolf quinoa, messenger bag organic freegan cray.\"}],[{\"key\":\"question\",\"value\":\"How Long Will It Take To Get My Package?\"},{\"key\":\"answer\",\"value\":\"Swag slow-carb quinoa VHS typewriter pork belly brunch, paleo single-origin coffee Wes Anderson. Flexitarian Pitchfork forage, literally paleo fap pour-over. Wes Anderson Pinterest YOLO fanny pack meggings, deep v XOXO chambray sustainable slow-carb raw denim church-key fap chillwave Etsy. +1 typewriter kitsch, American Apparel tofu Banksy Vice.\"}],[{\"key\":\"question\",\"value\":\"What Payment Methods Are Accepted?\"},{\"key\":\"answer\",\"value\":\"Fashion axe DIY jean shorts, swag kale chips meh polaroid kogi butcher Wes Anderson chambray next level semiotics gentrify yr. Voluptate photo booth fugiat Vice. Austin sed Williamsburg, ea labore raw denim voluptate cred proident mixtape excepteur mustache. Twee chia photo booth readymade food truck, hoodie roof party swag keytar PBR DIY.\"}],[{\"key\":\"question\",\"value\":\"Is Buying On-Line Safe?\"},{\"key\":\"answer\",\"value\":\"Art party authentic freegan semiotics jean shorts chia cred. Neutra Austin roof party Brooklyn, synth Thundercats swag 8-bit photo booth. Plaid letterpress leggings craft beer meh ethical Pinterest.\"}]]]',55,'Botble\\Ecommerce\\Models\\Product','2022-05-30 02:37:09','2022-05-30 02:37:09'),(56,'faq_schema_config','[[[{\"key\":\"question\",\"value\":\"What Shipping Methods Are Available?\"},{\"key\":\"answer\",\"value\":\"Ex Portland Pitchfork irure mustache. Eutra fap before they sold out literally. Aliquip ugh bicycle rights actually mlkshk, seitan squid craft beer tempor.\"}],[{\"key\":\"question\",\"value\":\"Do You Ship Internationally?\"},{\"key\":\"answer\",\"value\":\"Hoodie tote bag mixtape tofu. Typewriter jean shorts wolf quinoa, messenger bag organic freegan cray.\"}],[{\"key\":\"question\",\"value\":\"How Long Will It Take To Get My Package?\"},{\"key\":\"answer\",\"value\":\"Swag slow-carb quinoa VHS typewriter pork belly brunch, paleo single-origin coffee Wes Anderson. Flexitarian Pitchfork forage, literally paleo fap pour-over. Wes Anderson Pinterest YOLO fanny pack meggings, deep v XOXO chambray sustainable slow-carb raw denim church-key fap chillwave Etsy. +1 typewriter kitsch, American Apparel tofu Banksy Vice.\"}],[{\"key\":\"question\",\"value\":\"What Payment Methods Are Accepted?\"},{\"key\":\"answer\",\"value\":\"Fashion axe DIY jean shorts, swag kale chips meh polaroid kogi butcher Wes Anderson chambray next level semiotics gentrify yr. Voluptate photo booth fugiat Vice. Austin sed Williamsburg, ea labore raw denim voluptate cred proident mixtape excepteur mustache. Twee chia photo booth readymade food truck, hoodie roof party swag keytar PBR DIY.\"}],[{\"key\":\"question\",\"value\":\"Is Buying On-Line Safe?\"},{\"key\":\"answer\",\"value\":\"Art party authentic freegan semiotics jean shorts chia cred. Neutra Austin roof party Brooklyn, synth Thundercats swag 8-bit photo booth. Plaid letterpress leggings craft beer meh ethical Pinterest.\"}]]]',56,'Botble\\Ecommerce\\Models\\Product','2022-05-30 02:37:09','2022-05-30 02:37:09'),(57,'faq_schema_config','[[[{\"key\":\"question\",\"value\":\"What Shipping Methods Are Available?\"},{\"key\":\"answer\",\"value\":\"Ex Portland Pitchfork irure mustache. Eutra fap before they sold out literally. Aliquip ugh bicycle rights actually mlkshk, seitan squid craft beer tempor.\"}],[{\"key\":\"question\",\"value\":\"Do You Ship Internationally?\"},{\"key\":\"answer\",\"value\":\"Hoodie tote bag mixtape tofu. Typewriter jean shorts wolf quinoa, messenger bag organic freegan cray.\"}],[{\"key\":\"question\",\"value\":\"How Long Will It Take To Get My Package?\"},{\"key\":\"answer\",\"value\":\"Swag slow-carb quinoa VHS typewriter pork belly brunch, paleo single-origin coffee Wes Anderson. Flexitarian Pitchfork forage, literally paleo fap pour-over. Wes Anderson Pinterest YOLO fanny pack meggings, deep v XOXO chambray sustainable slow-carb raw denim church-key fap chillwave Etsy. +1 typewriter kitsch, American Apparel tofu Banksy Vice.\"}],[{\"key\":\"question\",\"value\":\"What Payment Methods Are Accepted?\"},{\"key\":\"answer\",\"value\":\"Fashion axe DIY jean shorts, swag kale chips meh polaroid kogi butcher Wes Anderson chambray next level semiotics gentrify yr. Voluptate photo booth fugiat Vice. Austin sed Williamsburg, ea labore raw denim voluptate cred proident mixtape excepteur mustache. Twee chia photo booth readymade food truck, hoodie roof party swag keytar PBR DIY.\"}],[{\"key\":\"question\",\"value\":\"Is Buying On-Line Safe?\"},{\"key\":\"answer\",\"value\":\"Art party authentic freegan semiotics jean shorts chia cred. Neutra Austin roof party Brooklyn, synth Thundercats swag 8-bit photo booth. Plaid letterpress leggings craft beer meh ethical Pinterest.\"}]]]',57,'Botble\\Ecommerce\\Models\\Product','2022-05-30 02:37:09','2022-05-30 02:37:09'),(58,'faq_schema_config','[[[{\"key\":\"question\",\"value\":\"What Shipping Methods Are Available?\"},{\"key\":\"answer\",\"value\":\"Ex Portland Pitchfork irure mustache. Eutra fap before they sold out literally. Aliquip ugh bicycle rights actually mlkshk, seitan squid craft beer tempor.\"}],[{\"key\":\"question\",\"value\":\"Do You Ship Internationally?\"},{\"key\":\"answer\",\"value\":\"Hoodie tote bag mixtape tofu. Typewriter jean shorts wolf quinoa, messenger bag organic freegan cray.\"}],[{\"key\":\"question\",\"value\":\"How Long Will It Take To Get My Package?\"},{\"key\":\"answer\",\"value\":\"Swag slow-carb quinoa VHS typewriter pork belly brunch, paleo single-origin coffee Wes Anderson. Flexitarian Pitchfork forage, literally paleo fap pour-over. Wes Anderson Pinterest YOLO fanny pack meggings, deep v XOXO chambray sustainable slow-carb raw denim church-key fap chillwave Etsy. +1 typewriter kitsch, American Apparel tofu Banksy Vice.\"}],[{\"key\":\"question\",\"value\":\"What Payment Methods Are Accepted?\"},{\"key\":\"answer\",\"value\":\"Fashion axe DIY jean shorts, swag kale chips meh polaroid kogi butcher Wes Anderson chambray next level semiotics gentrify yr. Voluptate photo booth fugiat Vice. Austin sed Williamsburg, ea labore raw denim voluptate cred proident mixtape excepteur mustache. Twee chia photo booth readymade food truck, hoodie roof party swag keytar PBR DIY.\"}],[{\"key\":\"question\",\"value\":\"Is Buying On-Line Safe?\"},{\"key\":\"answer\",\"value\":\"Art party authentic freegan semiotics jean shorts chia cred. Neutra Austin roof party Brooklyn, synth Thundercats swag 8-bit photo booth. Plaid letterpress leggings craft beer meh ethical Pinterest.\"}]]]',58,'Botble\\Ecommerce\\Models\\Product','2022-05-30 02:37:09','2022-05-30 02:37:09'),(59,'faq_schema_config','[[[{\"key\":\"question\",\"value\":\"What Shipping Methods Are Available?\"},{\"key\":\"answer\",\"value\":\"Ex Portland Pitchfork irure mustache. Eutra fap before they sold out literally. Aliquip ugh bicycle rights actually mlkshk, seitan squid craft beer tempor.\"}],[{\"key\":\"question\",\"value\":\"Do You Ship Internationally?\"},{\"key\":\"answer\",\"value\":\"Hoodie tote bag mixtape tofu. Typewriter jean shorts wolf quinoa, messenger bag organic freegan cray.\"}],[{\"key\":\"question\",\"value\":\"How Long Will It Take To Get My Package?\"},{\"key\":\"answer\",\"value\":\"Swag slow-carb quinoa VHS typewriter pork belly brunch, paleo single-origin coffee Wes Anderson. Flexitarian Pitchfork forage, literally paleo fap pour-over. Wes Anderson Pinterest YOLO fanny pack meggings, deep v XOXO chambray sustainable slow-carb raw denim church-key fap chillwave Etsy. +1 typewriter kitsch, American Apparel tofu Banksy Vice.\"}],[{\"key\":\"question\",\"value\":\"What Payment Methods Are Accepted?\"},{\"key\":\"answer\",\"value\":\"Fashion axe DIY jean shorts, swag kale chips meh polaroid kogi butcher Wes Anderson chambray next level semiotics gentrify yr. Voluptate photo booth fugiat Vice. Austin sed Williamsburg, ea labore raw denim voluptate cred proident mixtape excepteur mustache. Twee chia photo booth readymade food truck, hoodie roof party swag keytar PBR DIY.\"}],[{\"key\":\"question\",\"value\":\"Is Buying On-Line Safe?\"},{\"key\":\"answer\",\"value\":\"Art party authentic freegan semiotics jean shorts chia cred. Neutra Austin roof party Brooklyn, synth Thundercats swag 8-bit photo booth. Plaid letterpress leggings craft beer meh ethical Pinterest.\"}]]]',59,'Botble\\Ecommerce\\Models\\Product','2022-05-30 02:37:09','2022-05-30 02:37:09'),(60,'faq_schema_config','[[[{\"key\":\"question\",\"value\":\"What Shipping Methods Are Available?\"},{\"key\":\"answer\",\"value\":\"Ex Portland Pitchfork irure mustache. Eutra fap before they sold out literally. Aliquip ugh bicycle rights actually mlkshk, seitan squid craft beer tempor.\"}],[{\"key\":\"question\",\"value\":\"Do You Ship Internationally?\"},{\"key\":\"answer\",\"value\":\"Hoodie tote bag mixtape tofu. Typewriter jean shorts wolf quinoa, messenger bag organic freegan cray.\"}],[{\"key\":\"question\",\"value\":\"How Long Will It Take To Get My Package?\"},{\"key\":\"answer\",\"value\":\"Swag slow-carb quinoa VHS typewriter pork belly brunch, paleo single-origin coffee Wes Anderson. Flexitarian Pitchfork forage, literally paleo fap pour-over. Wes Anderson Pinterest YOLO fanny pack meggings, deep v XOXO chambray sustainable slow-carb raw denim church-key fap chillwave Etsy. +1 typewriter kitsch, American Apparel tofu Banksy Vice.\"}],[{\"key\":\"question\",\"value\":\"What Payment Methods Are Accepted?\"},{\"key\":\"answer\",\"value\":\"Fashion axe DIY jean shorts, swag kale chips meh polaroid kogi butcher Wes Anderson chambray next level semiotics gentrify yr. Voluptate photo booth fugiat Vice. Austin sed Williamsburg, ea labore raw denim voluptate cred proident mixtape excepteur mustache. Twee chia photo booth readymade food truck, hoodie roof party swag keytar PBR DIY.\"}],[{\"key\":\"question\",\"value\":\"Is Buying On-Line Safe?\"},{\"key\":\"answer\",\"value\":\"Art party authentic freegan semiotics jean shorts chia cred. Neutra Austin roof party Brooklyn, synth Thundercats swag 8-bit photo booth. Plaid letterpress leggings craft beer meh ethical Pinterest.\"}]]]',60,'Botble\\Ecommerce\\Models\\Product','2022-05-30 02:37:09','2022-05-30 02:37:09'),(61,'faq_schema_config','[[[{\"key\":\"question\",\"value\":\"What Shipping Methods Are Available?\"},{\"key\":\"answer\",\"value\":\"Ex Portland Pitchfork irure mustache. Eutra fap before they sold out literally. Aliquip ugh bicycle rights actually mlkshk, seitan squid craft beer tempor.\"}],[{\"key\":\"question\",\"value\":\"Do You Ship Internationally?\"},{\"key\":\"answer\",\"value\":\"Hoodie tote bag mixtape tofu. Typewriter jean shorts wolf quinoa, messenger bag organic freegan cray.\"}],[{\"key\":\"question\",\"value\":\"How Long Will It Take To Get My Package?\"},{\"key\":\"answer\",\"value\":\"Swag slow-carb quinoa VHS typewriter pork belly brunch, paleo single-origin coffee Wes Anderson. Flexitarian Pitchfork forage, literally paleo fap pour-over. Wes Anderson Pinterest YOLO fanny pack meggings, deep v XOXO chambray sustainable slow-carb raw denim church-key fap chillwave Etsy. +1 typewriter kitsch, American Apparel tofu Banksy Vice.\"}],[{\"key\":\"question\",\"value\":\"What Payment Methods Are Accepted?\"},{\"key\":\"answer\",\"value\":\"Fashion axe DIY jean shorts, swag kale chips meh polaroid kogi butcher Wes Anderson chambray next level semiotics gentrify yr. Voluptate photo booth fugiat Vice. Austin sed Williamsburg, ea labore raw denim voluptate cred proident mixtape excepteur mustache. Twee chia photo booth readymade food truck, hoodie roof party swag keytar PBR DIY.\"}],[{\"key\":\"question\",\"value\":\"Is Buying On-Line Safe?\"},{\"key\":\"answer\",\"value\":\"Art party authentic freegan semiotics jean shorts chia cred. Neutra Austin roof party Brooklyn, synth Thundercats swag 8-bit photo booth. Plaid letterpress leggings craft beer meh ethical Pinterest.\"}]]]',61,'Botble\\Ecommerce\\Models\\Product','2022-05-30 02:37:09','2022-05-30 02:37:09'),(62,'faq_schema_config','[[[{\"key\":\"question\",\"value\":\"What Shipping Methods Are Available?\"},{\"key\":\"answer\",\"value\":\"Ex Portland Pitchfork irure mustache. Eutra fap before they sold out literally. Aliquip ugh bicycle rights actually mlkshk, seitan squid craft beer tempor.\"}],[{\"key\":\"question\",\"value\":\"Do You Ship Internationally?\"},{\"key\":\"answer\",\"value\":\"Hoodie tote bag mixtape tofu. Typewriter jean shorts wolf quinoa, messenger bag organic freegan cray.\"}],[{\"key\":\"question\",\"value\":\"How Long Will It Take To Get My Package?\"},{\"key\":\"answer\",\"value\":\"Swag slow-carb quinoa VHS typewriter pork belly brunch, paleo single-origin coffee Wes Anderson. Flexitarian Pitchfork forage, literally paleo fap pour-over. Wes Anderson Pinterest YOLO fanny pack meggings, deep v XOXO chambray sustainable slow-carb raw denim church-key fap chillwave Etsy. +1 typewriter kitsch, American Apparel tofu Banksy Vice.\"}],[{\"key\":\"question\",\"value\":\"What Payment Methods Are Accepted?\"},{\"key\":\"answer\",\"value\":\"Fashion axe DIY jean shorts, swag kale chips meh polaroid kogi butcher Wes Anderson chambray next level semiotics gentrify yr. Voluptate photo booth fugiat Vice. Austin sed Williamsburg, ea labore raw denim voluptate cred proident mixtape excepteur mustache. Twee chia photo booth readymade food truck, hoodie roof party swag keytar PBR DIY.\"}],[{\"key\":\"question\",\"value\":\"Is Buying On-Line Safe?\"},{\"key\":\"answer\",\"value\":\"Art party authentic freegan semiotics jean shorts chia cred. Neutra Austin roof party Brooklyn, synth Thundercats swag 8-bit photo booth. Plaid letterpress leggings craft beer meh ethical Pinterest.\"}]]]',62,'Botble\\Ecommerce\\Models\\Product','2022-05-30 02:37:09','2022-05-30 02:37:09'),(63,'faq_schema_config','[[[{\"key\":\"question\",\"value\":\"What Shipping Methods Are Available?\"},{\"key\":\"answer\",\"value\":\"Ex Portland Pitchfork irure mustache. Eutra fap before they sold out literally. Aliquip ugh bicycle rights actually mlkshk, seitan squid craft beer tempor.\"}],[{\"key\":\"question\",\"value\":\"Do You Ship Internationally?\"},{\"key\":\"answer\",\"value\":\"Hoodie tote bag mixtape tofu. Typewriter jean shorts wolf quinoa, messenger bag organic freegan cray.\"}],[{\"key\":\"question\",\"value\":\"How Long Will It Take To Get My Package?\"},{\"key\":\"answer\",\"value\":\"Swag slow-carb quinoa VHS typewriter pork belly brunch, paleo single-origin coffee Wes Anderson. Flexitarian Pitchfork forage, literally paleo fap pour-over. Wes Anderson Pinterest YOLO fanny pack meggings, deep v XOXO chambray sustainable slow-carb raw denim church-key fap chillwave Etsy. +1 typewriter kitsch, American Apparel tofu Banksy Vice.\"}],[{\"key\":\"question\",\"value\":\"What Payment Methods Are Accepted?\"},{\"key\":\"answer\",\"value\":\"Fashion axe DIY jean shorts, swag kale chips meh polaroid kogi butcher Wes Anderson chambray next level semiotics gentrify yr. Voluptate photo booth fugiat Vice. Austin sed Williamsburg, ea labore raw denim voluptate cred proident mixtape excepteur mustache. Twee chia photo booth readymade food truck, hoodie roof party swag keytar PBR DIY.\"}],[{\"key\":\"question\",\"value\":\"Is Buying On-Line Safe?\"},{\"key\":\"answer\",\"value\":\"Art party authentic freegan semiotics jean shorts chia cred. Neutra Austin roof party Brooklyn, synth Thundercats swag 8-bit photo booth. Plaid letterpress leggings craft beer meh ethical Pinterest.\"}]]]',63,'Botble\\Ecommerce\\Models\\Product','2022-05-30 02:37:09','2022-05-30 02:37:09'),(64,'faq_schema_config','[[[{\"key\":\"question\",\"value\":\"What Shipping Methods Are Available?\"},{\"key\":\"answer\",\"value\":\"Ex Portland Pitchfork irure mustache. Eutra fap before they sold out literally. Aliquip ugh bicycle rights actually mlkshk, seitan squid craft beer tempor.\"}],[{\"key\":\"question\",\"value\":\"Do You Ship Internationally?\"},{\"key\":\"answer\",\"value\":\"Hoodie tote bag mixtape tofu. Typewriter jean shorts wolf quinoa, messenger bag organic freegan cray.\"}],[{\"key\":\"question\",\"value\":\"How Long Will It Take To Get My Package?\"},{\"key\":\"answer\",\"value\":\"Swag slow-carb quinoa VHS typewriter pork belly brunch, paleo single-origin coffee Wes Anderson. Flexitarian Pitchfork forage, literally paleo fap pour-over. Wes Anderson Pinterest YOLO fanny pack meggings, deep v XOXO chambray sustainable slow-carb raw denim church-key fap chillwave Etsy. +1 typewriter kitsch, American Apparel tofu Banksy Vice.\"}],[{\"key\":\"question\",\"value\":\"What Payment Methods Are Accepted?\"},{\"key\":\"answer\",\"value\":\"Fashion axe DIY jean shorts, swag kale chips meh polaroid kogi butcher Wes Anderson chambray next level semiotics gentrify yr. Voluptate photo booth fugiat Vice. Austin sed Williamsburg, ea labore raw denim voluptate cred proident mixtape excepteur mustache. Twee chia photo booth readymade food truck, hoodie roof party swag keytar PBR DIY.\"}],[{\"key\":\"question\",\"value\":\"Is Buying On-Line Safe?\"},{\"key\":\"answer\",\"value\":\"Art party authentic freegan semiotics jean shorts chia cred. Neutra Austin roof party Brooklyn, synth Thundercats swag 8-bit photo booth. Plaid letterpress leggings craft beer meh ethical Pinterest.\"}]]]',64,'Botble\\Ecommerce\\Models\\Product','2022-05-30 02:37:10','2022-05-30 02:37:10'),(65,'faq_schema_config','[[[{\"key\":\"question\",\"value\":\"What Shipping Methods Are Available?\"},{\"key\":\"answer\",\"value\":\"Ex Portland Pitchfork irure mustache. Eutra fap before they sold out literally. Aliquip ugh bicycle rights actually mlkshk, seitan squid craft beer tempor.\"}],[{\"key\":\"question\",\"value\":\"Do You Ship Internationally?\"},{\"key\":\"answer\",\"value\":\"Hoodie tote bag mixtape tofu. Typewriter jean shorts wolf quinoa, messenger bag organic freegan cray.\"}],[{\"key\":\"question\",\"value\":\"How Long Will It Take To Get My Package?\"},{\"key\":\"answer\",\"value\":\"Swag slow-carb quinoa VHS typewriter pork belly brunch, paleo single-origin coffee Wes Anderson. Flexitarian Pitchfork forage, literally paleo fap pour-over. Wes Anderson Pinterest YOLO fanny pack meggings, deep v XOXO chambray sustainable slow-carb raw denim church-key fap chillwave Etsy. +1 typewriter kitsch, American Apparel tofu Banksy Vice.\"}],[{\"key\":\"question\",\"value\":\"What Payment Methods Are Accepted?\"},{\"key\":\"answer\",\"value\":\"Fashion axe DIY jean shorts, swag kale chips meh polaroid kogi butcher Wes Anderson chambray next level semiotics gentrify yr. Voluptate photo booth fugiat Vice. Austin sed Williamsburg, ea labore raw denim voluptate cred proident mixtape excepteur mustache. Twee chia photo booth readymade food truck, hoodie roof party swag keytar PBR DIY.\"}],[{\"key\":\"question\",\"value\":\"Is Buying On-Line Safe?\"},{\"key\":\"answer\",\"value\":\"Art party authentic freegan semiotics jean shorts chia cred. Neutra Austin roof party Brooklyn, synth Thundercats swag 8-bit photo booth. Plaid letterpress leggings craft beer meh ethical Pinterest.\"}]]]',65,'Botble\\Ecommerce\\Models\\Product','2022-05-30 02:37:10','2022-05-30 02:37:10'),(66,'tablet_image','[\"sliders\\/01.jpg\"]',1,'Botble\\SimpleSlider\\Models\\SimpleSliderItem','2022-05-30 02:37:19','2022-05-30 02:37:19'),(67,'mobile_image','[\"sliders\\/01-sm.jpg\"]',1,'Botble\\SimpleSlider\\Models\\SimpleSliderItem','2022-05-30 02:37:19','2022-05-30 02:37:19'),(68,'tablet_image','[\"sliders\\/02.jpg\"]',2,'Botble\\SimpleSlider\\Models\\SimpleSliderItem','2022-05-30 02:37:19','2022-05-30 02:37:19'),(69,'mobile_image','[\"sliders\\/02-sm.jpg\"]',2,'Botble\\SimpleSlider\\Models\\SimpleSliderItem','2022-05-30 02:37:19','2022-05-30 02:37:19'),(70,'tablet_image','[\"sliders\\/01.jpg\"]',3,'Botble\\SimpleSlider\\Models\\SimpleSliderItem','2022-05-30 02:37:19','2022-05-30 02:37:19'),(71,'mobile_image','[\"sliders\\/01-sm.jpg\"]',3,'Botble\\SimpleSlider\\Models\\SimpleSliderItem','2022-05-30 02:37:19','2022-05-30 02:37:19'),(72,'tablet_image','[\"sliders\\/02.jpg\"]',4,'Botble\\SimpleSlider\\Models\\SimpleSliderItem','2022-05-30 02:37:19','2022-05-30 02:37:19'),(73,'mobile_image','[\"sliders\\/02-sm.jpg\"]',4,'Botble\\SimpleSlider\\Models\\SimpleSliderItem','2022-05-30 02:37:19','2022-05-30 02:37:19'),(74,'background','[\"stores\\/background-2.jpg\"]',1,'Botble\\Marketplace\\Models\\Store','2022-05-30 02:37:26','2022-05-30 02:37:26'),(75,'socials','[{\"facebook\":\"https:\\/\\/www.facebook.com\\/\",\"twitter\":\"https:\\/\\/www.twitter.com\\/\",\"youtube\":\"https:\\/\\/www.youtube.com\\/\",\"linkedin\":\"https:\\/\\/www.linkedin.com\\/\"}]',1,'Botble\\Marketplace\\Models\\Store','2022-05-30 02:37:26','2022-05-30 02:37:26'),(76,'background','[\"stores\\/background-2.jpg\"]',2,'Botble\\Marketplace\\Models\\Store','2022-05-30 02:37:26','2022-05-30 02:37:26'),(77,'socials','[{\"facebook\":\"https:\\/\\/www.facebook.com\\/\",\"twitter\":\"https:\\/\\/www.twitter.com\\/\",\"youtube\":\"https:\\/\\/www.youtube.com\\/\",\"linkedin\":\"https:\\/\\/www.linkedin.com\\/\"}]',2,'Botble\\Marketplace\\Models\\Store','2022-05-30 02:37:26','2022-05-30 02:37:26'),(78,'background','[\"stores\\/background-2.jpg\"]',3,'Botble\\Marketplace\\Models\\Store','2022-05-30 02:37:26','2022-05-30 02:37:26'),(79,'socials','[{\"facebook\":\"https:\\/\\/www.facebook.com\\/\",\"twitter\":\"https:\\/\\/www.twitter.com\\/\",\"youtube\":\"https:\\/\\/www.youtube.com\\/\",\"linkedin\":\"https:\\/\\/www.linkedin.com\\/\"}]',3,'Botble\\Marketplace\\Models\\Store','2022-05-30 02:37:26','2022-05-30 02:37:26'),(80,'background','[\"stores\\/background-2.jpg\"]',4,'Botble\\Marketplace\\Models\\Store','2022-05-30 02:37:27','2022-05-30 02:37:27'),(81,'socials','[{\"facebook\":\"https:\\/\\/www.facebook.com\\/\",\"twitter\":\"https:\\/\\/www.twitter.com\\/\",\"youtube\":\"https:\\/\\/www.youtube.com\\/\",\"linkedin\":\"https:\\/\\/www.linkedin.com\\/\"}]',4,'Botble\\Marketplace\\Models\\Store','2022-05-30 02:37:27','2022-05-30 02:37:27'),(82,'background','[\"stores\\/background-1.jpg\"]',5,'Botble\\Marketplace\\Models\\Store','2022-05-30 02:37:27','2022-05-30 02:37:27'),(83,'socials','[{\"facebook\":\"https:\\/\\/www.facebook.com\\/\",\"twitter\":\"https:\\/\\/www.twitter.com\\/\",\"youtube\":\"https:\\/\\/www.youtube.com\\/\",\"linkedin\":\"https:\\/\\/www.linkedin.com\\/\"}]',5,'Botble\\Marketplace\\Models\\Store','2022-05-30 02:37:27','2022-05-30 02:37:27'),(84,'background','[\"stores\\/background-1.jpg\"]',6,'Botble\\Marketplace\\Models\\Store','2022-05-30 02:37:27','2022-05-30 02:37:27'),(85,'socials','[{\"facebook\":\"https:\\/\\/www.facebook.com\\/\",\"twitter\":\"https:\\/\\/www.twitter.com\\/\",\"youtube\":\"https:\\/\\/www.youtube.com\\/\",\"linkedin\":\"https:\\/\\/www.linkedin.com\\/\"}]',6,'Botble\\Marketplace\\Models\\Store','2022-05-30 02:37:27','2022-05-30 02:37:27'),(86,'background','[\"stores\\/background-2.jpg\"]',7,'Botble\\Marketplace\\Models\\Store','2022-05-30 02:37:27','2022-05-30 02:37:27'),(87,'socials','[{\"facebook\":\"https:\\/\\/www.facebook.com\\/\",\"twitter\":\"https:\\/\\/www.twitter.com\\/\",\"youtube\":\"https:\\/\\/www.youtube.com\\/\",\"linkedin\":\"https:\\/\\/www.linkedin.com\\/\"}]',7,'Botble\\Marketplace\\Models\\Store','2022-05-30 02:37:27','2022-05-30 02:37:27'),(88,'background','[\"stores\\/background-2.jpg\"]',8,'Botble\\Marketplace\\Models\\Store','2022-05-30 02:37:27','2022-05-30 02:37:27'),(89,'socials','[{\"facebook\":\"https:\\/\\/www.facebook.com\\/\",\"twitter\":\"https:\\/\\/www.twitter.com\\/\",\"youtube\":\"https:\\/\\/www.youtube.com\\/\",\"linkedin\":\"https:\\/\\/www.linkedin.com\\/\"}]',8,'Botble\\Marketplace\\Models\\Store','2022-05-30 02:37:27','2022-05-30 02:37:27');
/*!40000 ALTER TABLE `meta_boxes` ENABLE KEYS */;
UNLOCK TABLES;

--
-- Table structure for table `migrations`
--

DROP TABLE IF EXISTS `migrations`;
/*!40101 SET @saved_cs_client     = @@character_set_client */;
/*!50503 SET character_set_client = utf8mb4 */;
CREATE TABLE `migrations` (
  `id` int unsigned NOT NULL AUTO_INCREMENT,
  `migration` varchar(191) COLLATE utf8mb4_unicode_ci NOT NULL,
  `batch` int NOT NULL,
  PRIMARY KEY (`id`)
) ENGINE=InnoDB AUTO_INCREMENT=76 DEFAULT CHARSET=utf8mb4 COLLATE=utf8mb4_unicode_ci;
/*!40101 SET character_set_client = @saved_cs_client */;

--
-- Dumping data for table `migrations`
--

LOCK TABLES `migrations` WRITE;
/*!40000 ALTER TABLE `migrations` DISABLE KEYS */;
INSERT INTO `migrations` VALUES (1,'2013_04_09_032329_create_base_tables',1),(2,'2013_04_09_062329_create_revisions_table',1),(3,'2014_10_12_000000_create_users_table',1),(4,'2014_10_12_100000_create_password_resets_table',1),(5,'2015_06_18_033822_create_blog_table',1),(6,'2015_06_29_025744_create_audit_history',1),(7,'2016_06_10_230148_create_acl_tables',1),(8,'2016_06_14_230857_create_menus_table',1),(9,'2016_06_17_091537_create_contacts_table',1),(10,'2016_06_28_221418_create_pages_table',1),(11,'2016_10_03_032336_create_languages_table',1),(12,'2016_10_05_074239_create_setting_table',1),(13,'2016_10_07_193005_create_translations_table',1),(14,'2016_11_28_032840_create_dashboard_widget_tables',1),(15,'2016_12_16_084601_create_widgets_table',1),(16,'2017_05_09_070343_create_media_tables',1),(17,'2017_05_18_080441_create_payment_tables',1),(18,'2017_07_11_140018_create_simple_slider_table',1),(19,'2017_10_24_154832_create_newsletter_table',1),(20,'2017_11_03_070450_create_slug_table',1),(21,'2018_07_09_221238_create_faq_table',1),(22,'2019_01_05_053554_create_jobs_table',1),(23,'2019_08_19_000000_create_failed_jobs_table',1),(24,'2019_11_18_061011_create_country_table',1),(25,'2020_03_05_041139_create_ecommerce_tables',1),(26,'2020_11_18_150916_ads_create_ads_table',1),(27,'2021_01_01_044147_ecommerce_create_flash_sale_table',1),(28,'2021_01_17_082713_add_column_is_featured_to_product_collections_table',1),(29,'2021_01_18_024333_add_zip_code_into_table_customer_addresses',1),(30,'2021_02_16_092633_remove_default_value_for_author_type',1),(31,'2021_02_18_073505_update_table_ec_reviews',1),(32,'2021_03_10_024419_add_column_confirmed_at_to_table_ec_customers',1),(33,'2021_03_10_025153_change_column_tax_amount',1),(34,'2021_03_20_033103_add_column_availability_to_table_ec_products',1),(35,'2021_03_27_144913_add_customer_type_into_table_payments',1),(36,'2021_04_28_074008_ecommerce_create_product_label_table',1),(37,'2021_05_24_034720_make_column_currency_nullable',1),(38,'2021_05_31_173037_ecommerce_create_ec_products_translations',1),(39,'2021_06_28_153141_correct_slugs_data',1),(40,'2021_07_06_030002_create_marketplace_table',1),(41,'2021_08_09_161302_add_metadata_column_to_payments_table',1),(42,'2021_08_17_105016_remove_column_currency_id_in_some_tables',1),(43,'2021_08_30_142128_add_images_column_to_ec_reviews_table',1),(44,'2021_09_01_115151_remove_unused_fields_in_ec_products',1),(45,'2021_09_04_150137_add_vendor_verified_at_to_ec_customers_table',1),(46,'2021_10_04_030050_add_column_created_by_to_table_ec_products',1),(47,'2021_10_04_033903_add_column_approved_by_into_table_ec_products',1),(48,'2021_10_05_122616_add_status_column_to_ec_customers_table',1),(49,'2021_10_06_124943_add_transaction_id_column_to_mp_customer_withdrawals_table',1),(50,'2021_10_10_054216_add_columns_to_mp_customer_revenues_table',1),(51,'2021_10_19_020859_update_metadata_field',1),(52,'2021_10_25_021023_fix-priority-load-for-language-advanced',1),(53,'2021_11_03_025806_nullable_phone_number_in_ec_customer_addresses',1),(54,'2021_11_23_071403_correct_languages_for_product_variations',1),(55,'2021_11_28_031808_add_product_tags_translations',1),(56,'2021_12_01_031123_add_featured_image_to_ec_products',1),(57,'2021_12_02_035301_add_ads_translations_table',1),(58,'2021_12_03_030600_create_blog_translations',1),(59,'2021_12_03_075608_create_page_translations',1),(60,'2021_12_03_082134_create_faq_translations',1),(61,'2021_12_03_084118_create_location_translations',1),(62,'2021_12_03_094518_migrate_old_location_data',1),(63,'2021_12_06_031304_update_table_mp_customer_revenues',1),(64,'2021_12_10_034440_switch_plugin_location_to_use_language_advanced',1),(65,'2022_01_01_033107_update_table_ec_shipments',1),(66,'2022_01_16_085908_improve_plugin_location',1),(67,'2022_02_16_042457_improve_product_attribute_sets',1),(68,'2022_03_22_075758_correct_product_name',1),(69,'2022_04_19_113334_add_index_to_ec_products',1),(70,'2022_04_19_113923_add_index_to_table_posts',1),(71,'2022_04_20_100851_add_index_to_media_table',1),(72,'2022_04_20_101046_add_index_to_menu_table',1),(73,'2022_04_28_144405_remove_unused_table',1),(74,'2022_05_05_115015_create_ec_customer_recently_viewed_products_table',1),(75,'2022_05_18_143720_add_index_to_table_ec_product_categories',1);
/*!40000 ALTER TABLE `migrations` ENABLE KEYS */;
UNLOCK TABLES;

--
-- Table structure for table `mp_customer_revenues`
--

DROP TABLE IF EXISTS `mp_customer_revenues`;
/*!40101 SET @saved_cs_client     = @@character_set_client */;
/*!50503 SET character_set_client = utf8mb4 */;
CREATE TABLE `mp_customer_revenues` (
  `id` bigint unsigned NOT NULL AUTO_INCREMENT,
  `customer_id` int unsigned DEFAULT NULL,
  `order_id` int unsigned DEFAULT NULL,
  `sub_amount` decimal(15,2) DEFAULT '0.00',
  `fee` decimal(15,2) unsigned DEFAULT '0.00',
  `amount` decimal(15,2) DEFAULT '0.00',
  `current_balance` decimal(15,2) DEFAULT '0.00',
  `currency` varchar(120) COLLATE utf8mb4_unicode_ci DEFAULT NULL,
  `description` text COLLATE utf8mb4_unicode_ci,
  `created_at` timestamp NULL DEFAULT NULL,
  `updated_at` timestamp NULL DEFAULT NULL,
  `user_id` int unsigned NOT NULL DEFAULT '0',
  `type` varchar(60) COLLATE utf8mb4_unicode_ci DEFAULT NULL,
  PRIMARY KEY (`id`)
) ENGINE=InnoDB AUTO_INCREMENT=23 DEFAULT CHARSET=utf8mb4 COLLATE=utf8mb4_unicode_ci;
/*!40101 SET character_set_client = @saved_cs_client */;

--
-- Dumping data for table `mp_customer_revenues`
--

LOCK TABLES `mp_customer_revenues` WRITE;
/*!40000 ALTER TABLE `mp_customer_revenues` DISABLE KEYS */;
INSERT INTO `mp_customer_revenues` VALUES (1,7,4,1333.50,0.00,1333.50,0.00,'USD',NULL,'2022-05-25 22:37:29','2022-05-25 22:37:29',0,NULL),(2,5,5,2480.10,0.00,2480.10,0.00,'USD',NULL,'2022-05-27 14:37:29','2022-05-27 14:37:29',0,NULL),(3,1,7,1829.00,0.00,1829.00,0.00,'USD',NULL,'2022-05-28 02:37:29','2022-05-28 02:37:29',0,NULL),(4,8,8,1184.40,0.00,1184.40,0.00,'USD',NULL,'2022-05-29 08:37:29','2022-05-29 08:37:29',0,NULL),(5,1,10,5400.90,0.00,5400.90,1829.00,'USD',NULL,'2022-05-28 06:37:29','2022-05-28 06:37:29',0,NULL),(6,7,11,2005.70,0.00,2005.70,1333.50,'USD',NULL,'2022-05-23 02:37:29','2022-05-23 02:37:29',0,NULL),(7,6,14,1213.80,0.00,1213.80,0.00,'USD',NULL,'2022-05-20 02:37:30','2022-05-20 02:37:30',0,NULL),(8,2,15,3656.10,0.00,3656.10,0.00,'USD',NULL,'2022-05-16 18:37:30','2022-05-16 18:37:30',0,NULL),(9,4,16,1801.10,0.00,1801.10,0.00,'USD',NULL,'2022-05-24 10:37:30','2022-05-24 10:37:30',0,NULL),(10,8,19,585.20,0.00,585.20,1184.40,'USD',NULL,'2022-05-26 18:37:30','2022-05-26 18:37:30',0,NULL),(11,6,21,2389.80,0.00,2389.80,1213.80,'USD',NULL,'2022-05-17 06:37:30','2022-05-17 06:37:30',0,NULL),(12,2,23,1825.90,0.00,1825.90,3656.10,'USD',NULL,'2022-05-22 02:37:30','2022-05-22 02:37:30',0,NULL),(13,5,26,2124.20,0.00,2124.20,2480.10,'USD',NULL,'2022-05-12 02:37:30','2022-05-12 02:37:30',0,NULL),(14,6,28,6417.40,0.00,6417.40,3603.60,'USD',NULL,'2022-05-10 18:37:31','2022-05-10 18:37:31',0,NULL),(15,7,33,3794.40,0.00,3794.40,3339.20,'USD',NULL,'2022-05-01 18:37:31','2022-05-01 18:37:31',0,NULL),(16,6,35,1639.90,0.00,1639.90,10021.00,'USD',NULL,'2022-05-06 02:37:31','2022-05-06 02:37:31',0,NULL),(17,2,36,3456.50,0.00,3456.50,5482.00,'USD',NULL,'2022-05-02 08:37:31','2022-05-02 08:37:31',0,NULL),(18,5,38,3044.20,0.00,3044.20,4604.30,'USD',NULL,'2022-05-17 02:37:31','2022-05-17 02:37:31',0,NULL),(19,1,39,1705.30,0.00,1705.30,7229.90,'USD',NULL,'2022-05-06 18:37:31','2022-05-06 18:37:31',0,NULL),(20,6,41,1639.90,0.00,1639.90,11660.90,'USD',NULL,'2022-05-19 14:37:31','2022-05-19 14:37:31',0,NULL),(21,2,43,3310.80,0.00,3310.80,8938.50,'USD',NULL,'2022-05-11 18:37:32','2022-05-11 18:37:32',0,NULL),(22,1,46,591.80,0.00,591.80,8935.20,'USD',NULL,'2022-05-18 08:37:32','2022-05-18 08:37:32',0,NULL);
/*!40000 ALTER TABLE `mp_customer_revenues` ENABLE KEYS */;
UNLOCK TABLES;

--
-- Table structure for table `mp_customer_withdrawals`
--

DROP TABLE IF EXISTS `mp_customer_withdrawals`;
/*!40101 SET @saved_cs_client     = @@character_set_client */;
/*!50503 SET character_set_client = utf8mb4 */;
CREATE TABLE `mp_customer_withdrawals` (
  `id` bigint unsigned NOT NULL AUTO_INCREMENT,
  `customer_id` int unsigned DEFAULT NULL,
  `fee` decimal(15,2) unsigned DEFAULT '0.00',
  `amount` decimal(15,2) unsigned DEFAULT '0.00',
  `current_balance` decimal(15,2) unsigned DEFAULT '0.00',
  `currency` varchar(120) COLLATE utf8mb4_unicode_ci DEFAULT NULL,
  `description` text COLLATE utf8mb4_unicode_ci,
  `bank_info` text COLLATE utf8mb4_unicode_ci,
  `payment_channel` varchar(60) COLLATE utf8mb4_unicode_ci DEFAULT NULL,
  `user_id` int unsigned NOT NULL DEFAULT '0',
  `status` varchar(60) COLLATE utf8mb4_unicode_ci NOT NULL DEFAULT 'pending',
  `images` text COLLATE utf8mb4_unicode_ci,
  `created_at` timestamp NULL DEFAULT NULL,
  `updated_at` timestamp NULL DEFAULT NULL,
  `transaction_id` varchar(60) COLLATE utf8mb4_unicode_ci DEFAULT NULL,
  PRIMARY KEY (`id`)
) ENGINE=InnoDB AUTO_INCREMENT=23 DEFAULT CHARSET=utf8mb4 COLLATE=utf8mb4_unicode_ci;
/*!40101 SET character_set_client = @saved_cs_client */;

--
-- Dumping data for table `mp_customer_withdrawals`
--

LOCK TABLES `mp_customer_withdrawals` WRITE;
/*!40000 ALTER TABLE `mp_customer_withdrawals` DISABLE KEYS */;
INSERT INTO `mp_customer_withdrawals` VALUES (1,1,0.00,3157.00,9527.00,'USD','','{\"name\":\"Marcelino Grimes\",\"number\":\"+13158879179\",\"full_name\":\"Providenci Nikolaus\",\"description\":\"Jovani Windler\"}',NULL,0,'processing',NULL,'2022-05-30 02:37:32','2022-05-30 02:37:32',NULL),(2,1,0.00,1883.00,6370.00,'USD','','{\"name\":\"Marcelino Grimes\",\"number\":\"+13158879179\",\"full_name\":\"Providenci Nikolaus\",\"description\":\"Jovani Windler\"}',NULL,0,'pending',NULL,'2022-05-30 02:37:32','2022-05-30 02:37:32',NULL),(3,2,0.00,3385.00,12249.30,'USD','','{\"name\":\"Mrs. Tiara Howe Jr.\",\"number\":\"+16512164834\",\"full_name\":\"Russ Wunsch\",\"description\":\"Hardy Bergstrom\"}',NULL,0,'pending',NULL,'2022-05-30 02:37:32','2022-05-30 02:37:32',NULL),(4,2,0.00,2158.00,8864.30,'USD','','{\"name\":\"Mrs. Tiara Howe Jr.\",\"number\":\"+16512164834\",\"full_name\":\"Russ Wunsch\",\"description\":\"Hardy Bergstrom\"}',NULL,0,'completed',NULL,'2022-05-30 02:37:32','2022-05-30 02:37:32',NULL),(5,2,0.00,1097.00,6706.30,'USD','','{\"name\":\"Mrs. Tiara Howe Jr.\",\"number\":\"+16512164834\",\"full_name\":\"Russ Wunsch\",\"description\":\"Hardy Bergstrom\"}',NULL,0,'processing',NULL,'2022-05-30 02:37:33','2022-05-30 02:37:33',NULL),(6,3,0.00,1.00,0.00,'USD','','{\"name\":\"Lemuel Luettgen\",\"number\":\"+12484098876\",\"full_name\":\"Nathaniel Koepp Sr.\",\"description\":\"Cordelia Ruecker\"}',NULL,0,'processing',NULL,'2022-05-30 02:37:33','2022-05-30 02:37:33',NULL),(7,4,0.00,362.00,1801.10,'USD','','{\"name\":\"Devan Crist\",\"number\":\"+19522377806\",\"full_name\":\"Katelyn Schultz\",\"description\":\"Lela Carter\"}',NULL,0,'processing',NULL,'2022-05-30 02:37:33','2022-05-30 02:37:33',NULL),(8,4,0.00,72.00,1439.10,'USD','','{\"name\":\"Devan Crist\",\"number\":\"+19522377806\",\"full_name\":\"Katelyn Schultz\",\"description\":\"Lela Carter\"}',NULL,0,'processing',NULL,'2022-05-30 02:37:33','2022-05-30 02:37:33',NULL),(9,4,0.00,405.00,1367.10,'USD','','{\"name\":\"Devan Crist\",\"number\":\"+19522377806\",\"full_name\":\"Katelyn Schultz\",\"description\":\"Lela Carter\"}',NULL,0,'pending',NULL,'2022-05-30 02:37:33','2022-05-30 02:37:33',NULL),(10,5,0.00,416.00,7648.50,'USD','','{\"name\":\"Prof. Verona Kiehn\",\"number\":\"+12199785308\",\"full_name\":\"Bettye Dickinson\",\"description\":\"Freeda Corkery\"}',NULL,0,'pending',NULL,'2022-05-30 02:37:33','2022-05-30 02:37:33',NULL),(11,5,0.00,1442.00,7232.50,'USD','','{\"name\":\"Prof. Verona Kiehn\",\"number\":\"+12199785308\",\"full_name\":\"Bettye Dickinson\",\"description\":\"Freeda Corkery\"}',NULL,0,'completed',NULL,'2022-05-30 02:37:34','2022-05-30 02:37:34',NULL),(12,5,0.00,1849.00,5790.50,'USD','','{\"name\":\"Prof. Verona Kiehn\",\"number\":\"+12199785308\",\"full_name\":\"Bettye Dickinson\",\"description\":\"Freeda Corkery\"}',NULL,0,'pending',NULL,'2022-05-30 02:37:34','2022-05-30 02:37:34',NULL),(13,6,0.00,3519.00,13300.80,'USD','','{\"name\":\"Miss Mariela Cole\",\"number\":\"+17608367012\",\"full_name\":\"Erwin McKenzie PhD\",\"description\":\"Ewald Waters\"}',NULL,0,'processing',NULL,'2022-05-30 02:37:34','2022-05-30 02:37:34',NULL),(14,6,0.00,1767.00,9781.80,'USD','','{\"name\":\"Miss Mariela Cole\",\"number\":\"+17608367012\",\"full_name\":\"Erwin McKenzie PhD\",\"description\":\"Ewald Waters\"}',NULL,0,'processing',NULL,'2022-05-30 02:37:34','2022-05-30 02:37:34',NULL),(15,6,0.00,2232.00,8014.80,'USD','','{\"name\":\"Miss Mariela Cole\",\"number\":\"+17608367012\",\"full_name\":\"Erwin McKenzie PhD\",\"description\":\"Ewald Waters\"}',NULL,0,'completed',NULL,'2022-05-30 02:37:34','2022-05-30 02:37:34',NULL),(16,6,0.00,1483.00,5782.80,'USD','','{\"name\":\"Miss Mariela Cole\",\"number\":\"+17608367012\",\"full_name\":\"Erwin McKenzie PhD\",\"description\":\"Ewald Waters\"}',NULL,0,'processing',NULL,'2022-05-30 02:37:34','2022-05-30 02:37:34',NULL),(17,7,0.00,1286.00,7133.60,'USD','','{\"name\":\"Makenzie Kris\",\"number\":\"+12628096537\",\"full_name\":\"Jovani Schimmel\",\"description\":\"Christophe Hansen\"}',NULL,0,'processing',NULL,'2022-05-30 02:37:35','2022-05-30 02:37:35',NULL),(18,7,0.00,1466.00,5847.60,'USD','','{\"name\":\"Makenzie Kris\",\"number\":\"+12628096537\",\"full_name\":\"Jovani Schimmel\",\"description\":\"Christophe Hansen\"}',NULL,0,'processing',NULL,'2022-05-30 02:37:35','2022-05-30 02:37:35',NULL),(19,7,0.00,6.00,4381.60,'USD','','{\"name\":\"Makenzie Kris\",\"number\":\"+12628096537\",\"full_name\":\"Jovani Schimmel\",\"description\":\"Christophe Hansen\"}',NULL,0,'pending',NULL,'2022-05-30 02:37:35','2022-05-30 02:37:35',NULL),(20,8,0.00,186.00,1769.60,'USD','','{\"name\":\"Enola Kihn\",\"number\":\"+13517813816\",\"full_name\":\"Ms. Brandi Hirthe\",\"description\":\"Leif Cremin\"}',NULL,0,'pending',NULL,'2022-05-30 02:37:35','2022-05-30 02:37:35',NULL),(21,8,0.00,298.00,1583.60,'USD','','{\"name\":\"Enola Kihn\",\"number\":\"+13517813816\",\"full_name\":\"Ms. Brandi Hirthe\",\"description\":\"Leif Cremin\"}',NULL,0,'pending',NULL,'2022-05-30 02:37:35','2022-05-30 02:37:35',NULL),(22,8,0.00,162.00,1285.60,'USD','','{\"name\":\"Enola Kihn\",\"number\":\"+13517813816\",\"full_name\":\"Ms. Brandi Hirthe\",\"description\":\"Leif Cremin\"}',NULL,0,'completed',NULL,'2022-05-30 02:37:35','2022-05-30 02:37:35',NULL);
/*!40000 ALTER TABLE `mp_customer_withdrawals` ENABLE KEYS */;
UNLOCK TABLES;

--
-- Table structure for table `mp_stores`
--

DROP TABLE IF EXISTS `mp_stores`;
/*!40101 SET @saved_cs_client     = @@character_set_client */;
/*!50503 SET character_set_client = utf8mb4 */;
CREATE TABLE `mp_stores` (
  `id` bigint unsigned NOT NULL AUTO_INCREMENT,
  `name` varchar(255) COLLATE utf8mb4_unicode_ci NOT NULL,
  `email` varchar(60) COLLATE utf8mb4_unicode_ci DEFAULT NULL,
  `phone` varchar(20) COLLATE utf8mb4_unicode_ci DEFAULT NULL,
  `address` varchar(255) COLLATE utf8mb4_unicode_ci DEFAULT NULL,
  `country` varchar(120) COLLATE utf8mb4_unicode_ci DEFAULT NULL,
  `state` varchar(120) COLLATE utf8mb4_unicode_ci DEFAULT NULL,
  `city` varchar(120) COLLATE utf8mb4_unicode_ci DEFAULT NULL,
  `customer_id` int unsigned DEFAULT NULL,
  `logo` varchar(255) COLLATE utf8mb4_unicode_ci DEFAULT NULL,
  `description` varchar(400) COLLATE utf8mb4_unicode_ci DEFAULT NULL,
  `content` longtext COLLATE utf8mb4_unicode_ci,
  `status` varchar(60) COLLATE utf8mb4_unicode_ci NOT NULL DEFAULT 'published',
  `vendor_verified_at` datetime DEFAULT NULL,
  `created_at` timestamp NULL DEFAULT NULL,
  `updated_at` timestamp NULL DEFAULT NULL,
  PRIMARY KEY (`id`)
) ENGINE=InnoDB AUTO_INCREMENT=9 DEFAULT CHARSET=utf8mb4 COLLATE=utf8mb4_unicode_ci;
/*!40101 SET character_set_client = @saved_cs_client */;

--
-- Dumping data for table `mp_stores`
--

LOCK TABLES `mp_stores` WRITE;
/*!40000 ALTER TABLE `mp_stores` DISABLE KEYS */;
INSERT INTO `mp_stores` VALUES (1,'GoPro','bertha.windler@example.com','+12069909797','21304 Bednar Trail','PM','Maine','South Doratown',1,'stores/1.png','Provident et molestiae aut fuga vero iusto necessitatibus. Harum distinctio magnam rem atque voluptas ipsa. Nemo voluptas minima non incidunt quis sed. Et praesentium est aut assumenda rerum dignissimos. Delectus autem praesentium facilis nemo eum nobis eligendi quaerat. Necessitatibus numquam magnam culpa. Enim incidunt qui itaque fugiat.','<p>I have seen many people underestimating the power of their wallets. To them, they are just a functional item they use to carry. As a result, they often end up with the wallets which are not really suitable for them.</p>\n\n<p>You should pay more attention when you choose your wallets. There are a lot of them on the market with the different designs and styles. When you choose carefully, you would be able to buy a wallet that is catered to your needs. Not to mention that it will help to enhance your style significantly.</p>\n\n<p style=\"text-align:center\"><img alt=\"f4\" src=\"/storage/news/1.jpg\" /></p>\n\n<p><br />\n&nbsp;</p>\n\n<p><strong><em>For all of the reason above, here are 7 expert tips to help you pick up the right men&rsquo;s wallet for you:</em></strong></p>\n\n<h4><strong>Number 1: Choose A Neat Wallet</strong></h4>\n\n<p>The wallet is an essential accessory that you should go simple. Simplicity is the best in this case. A simple and neat wallet with the plain color and even&nbsp;<strong>minimalist style</strong>&nbsp;is versatile. It can be used for both formal and casual events. In addition, that wallet will go well with most of the clothes in your wardrobe.</p>\n\n<p>Keep in mind that a wallet will tell other people about your personality and your fashion sense as much as other clothes you put on. Hence, don&rsquo;t go cheesy on your wallet or else people will think that you have a funny and particular style.</p>\n\n<p style=\"text-align:center\"><img alt=\"f5\" src=\"/storage/news/2.jpg\" /></p>\n\n<p><br />\n&nbsp;</p>\n<hr />\n<h4><strong>Number 2: Choose The Right Size For Your Wallet</strong></h4>\n\n<p>You should avoid having an over-sized wallet. Don&rsquo;t think that you need to buy a big wallet because you have a lot to carry with you. In addition, a fat wallet is very ugly. It will make it harder for you to slide the wallet into your trousers&rsquo; pocket. In addition, it will create a bulge and ruin your look.</p>\n\n<p>Before you go on to buy a new wallet, clean out your wallet and place all the items from your wallet on a table. Throw away things that you would never need any more such as the old bills or the expired gift cards. Remember to check your wallet on a frequent basis to get rid of all of the old stuff that you don&rsquo;t need anymore.</p>\n\n<p style=\"text-align:center\"><img alt=\"f1\" src=\"/storage/news/3.jpg\" /></p>\n\n<p><br />\n&nbsp;</p>\n\n<hr />\n<h4><strong>Number 3: Don&rsquo;t Limit Your Options Of Materials</strong></h4>\n\n<p>The types and designs of wallets are not the only things that you should consider when you go out searching for your best wallet. You have more than 1 option of material rather than leather to choose from as well.</p>\n\n<p>You can experiment with other available options such as cotton, polyester and canvas. They all have their own pros and cons. As a result, they will be suitable for different needs and requirements. You should think about them all in order to choose the material which you would like the most.</p>\n\n<p style=\"text-align:center\"><img alt=\"f6\" src=\"/storage/news/4.jpg\" /></p>\n\n<p><br />\n&nbsp;</p>\n\n<hr />\n<h4><strong>Number 4: Consider A Wallet As A Long Term Investment</strong></h4>\n\n<p>Your wallet is indeed an investment that you should consider spending a decent amount of time and effort on it. Another factor that you need to consider is how much you want to spend on your wallet. The price ranges of wallets on the market vary a great deal. You can find a wallet which is as cheap as about 5 to 7 dollars. On the other hand, you should expect to pay around 250 to 300 dollars for a high-quality wallet.</p>\n\n<p>In case you need a wallet to use for a long time, it is a good idea that you should invest a decent amount of money on a wallet. A high quality wallet from a reputational brand with the premium quality such as cowhide leather will last for a long time. In addition, it is an accessory to show off your fashion sense and your social status.</p>\n\n<p style=\"text-align:center\"><img alt=\"f2\" src=\"/storage/news/5.jpg\" /></p>\n\n<p>&nbsp;</p>\n','published',NULL,'2022-05-30 02:37:26','2022-05-30 02:37:26'),(2,'Global Office','jcorkery@example.org','+18047251931','8942 Rosenbaum Freeway Suite 457','BJ','California','Port Greggfurt',2,'stores/2.png','Et deleniti quae deserunt numquam est. Et nulla voluptates culpa deserunt. Aut ullam nulla aperiam sunt aperiam saepe qui. Autem consequuntur quisquam quo minus. Minus est quisquam quisquam magni necessitatibus voluptatum recusandae. Totam id sunt corporis. Distinctio minima non quia ut velit. Sit exercitationem minus hic culpa magni quis aut est.','<p>I have seen many people underestimating the power of their wallets. To them, they are just a functional item they use to carry. As a result, they often end up with the wallets which are not really suitable for them.</p>\n\n<p>You should pay more attention when you choose your wallets. There are a lot of them on the market with the different designs and styles. When you choose carefully, you would be able to buy a wallet that is catered to your needs. Not to mention that it will help to enhance your style significantly.</p>\n\n<p style=\"text-align:center\"><img alt=\"f4\" src=\"/storage/news/1.jpg\" /></p>\n\n<p><br />\n&nbsp;</p>\n\n<p><strong><em>For all of the reason above, here are 7 expert tips to help you pick up the right men&rsquo;s wallet for you:</em></strong></p>\n\n<h4><strong>Number 1: Choose A Neat Wallet</strong></h4>\n\n<p>The wallet is an essential accessory that you should go simple. Simplicity is the best in this case. A simple and neat wallet with the plain color and even&nbsp;<strong>minimalist style</strong>&nbsp;is versatile. It can be used for both formal and casual events. In addition, that wallet will go well with most of the clothes in your wardrobe.</p>\n\n<p>Keep in mind that a wallet will tell other people about your personality and your fashion sense as much as other clothes you put on. Hence, don&rsquo;t go cheesy on your wallet or else people will think that you have a funny and particular style.</p>\n\n<p style=\"text-align:center\"><img alt=\"f5\" src=\"/storage/news/2.jpg\" /></p>\n\n<p><br />\n&nbsp;</p>\n<hr />\n<h4><strong>Number 2: Choose The Right Size For Your Wallet</strong></h4>\n\n<p>You should avoid having an over-sized wallet. Don&rsquo;t think that you need to buy a big wallet because you have a lot to carry with you. In addition, a fat wallet is very ugly. It will make it harder for you to slide the wallet into your trousers&rsquo; pocket. In addition, it will create a bulge and ruin your look.</p>\n\n<p>Before you go on to buy a new wallet, clean out your wallet and place all the items from your wallet on a table. Throw away things that you would never need any more such as the old bills or the expired gift cards. Remember to check your wallet on a frequent basis to get rid of all of the old stuff that you don&rsquo;t need anymore.</p>\n\n<p style=\"text-align:center\"><img alt=\"f1\" src=\"/storage/news/3.jpg\" /></p>\n\n<p><br />\n&nbsp;</p>\n\n<hr />\n<h4><strong>Number 3: Don&rsquo;t Limit Your Options Of Materials</strong></h4>\n\n<p>The types and designs of wallets are not the only things that you should consider when you go out searching for your best wallet. You have more than 1 option of material rather than leather to choose from as well.</p>\n\n<p>You can experiment with other available options such as cotton, polyester and canvas. They all have their own pros and cons. As a result, they will be suitable for different needs and requirements. You should think about them all in order to choose the material which you would like the most.</p>\n\n<p style=\"text-align:center\"><img alt=\"f6\" src=\"/storage/news/4.jpg\" /></p>\n\n<p><br />\n&nbsp;</p>\n\n<hr />\n<h4><strong>Number 4: Consider A Wallet As A Long Term Investment</strong></h4>\n\n<p>Your wallet is indeed an investment that you should consider spending a decent amount of time and effort on it. Another factor that you need to consider is how much you want to spend on your wallet. The price ranges of wallets on the market vary a great deal. You can find a wallet which is as cheap as about 5 to 7 dollars. On the other hand, you should expect to pay around 250 to 300 dollars for a high-quality wallet.</p>\n\n<p>In case you need a wallet to use for a long time, it is a good idea that you should invest a decent amount of money on a wallet. A high quality wallet from a reputational brand with the premium quality such as cowhide leather will last for a long time. In addition, it is an accessory to show off your fashion sense and your social status.</p>\n\n<p style=\"text-align:center\"><img alt=\"f2\" src=\"/storage/news/5.jpg\" /></p>\n\n<p>&nbsp;</p>\n','published',NULL,'2022-05-30 02:37:26','2022-05-30 02:37:26'),(3,'Young Shop','breitenberg.ashley@example.org','+12284189227','1625 Monahan Cape','DE','Wisconsin','Funktown',3,'stores/3.png','Ex veritatis possimus culpa voluptas exercitationem consequuntur quos. Illo ab delectus fugiat quam magni in. Aut eius repellendus excepturi ea et exercitationem. Dolore natus reiciendis eligendi et dolores est odit.','<p>I have seen many people underestimating the power of their wallets. To them, they are just a functional item they use to carry. As a result, they often end up with the wallets which are not really suitable for them.</p>\n\n<p>You should pay more attention when you choose your wallets. There are a lot of them on the market with the different designs and styles. When you choose carefully, you would be able to buy a wallet that is catered to your needs. Not to mention that it will help to enhance your style significantly.</p>\n\n<p style=\"text-align:center\"><img alt=\"f4\" src=\"/storage/news/1.jpg\" /></p>\n\n<p><br />\n&nbsp;</p>\n\n<p><strong><em>For all of the reason above, here are 7 expert tips to help you pick up the right men&rsquo;s wallet for you:</em></strong></p>\n\n<h4><strong>Number 1: Choose A Neat Wallet</strong></h4>\n\n<p>The wallet is an essential accessory that you should go simple. Simplicity is the best in this case. A simple and neat wallet with the plain color and even&nbsp;<strong>minimalist style</strong>&nbsp;is versatile. It can be used for both formal and casual events. In addition, that wallet will go well with most of the clothes in your wardrobe.</p>\n\n<p>Keep in mind that a wallet will tell other people about your personality and your fashion sense as much as other clothes you put on. Hence, don&rsquo;t go cheesy on your wallet or else people will think that you have a funny and particular style.</p>\n\n<p style=\"text-align:center\"><img alt=\"f5\" src=\"/storage/news/2.jpg\" /></p>\n\n<p><br />\n&nbsp;</p>\n<hr />\n<h4><strong>Number 2: Choose The Right Size For Your Wallet</strong></h4>\n\n<p>You should avoid having an over-sized wallet. Don&rsquo;t think that you need to buy a big wallet because you have a lot to carry with you. In addition, a fat wallet is very ugly. It will make it harder for you to slide the wallet into your trousers&rsquo; pocket. In addition, it will create a bulge and ruin your look.</p>\n\n<p>Before you go on to buy a new wallet, clean out your wallet and place all the items from your wallet on a table. Throw away things that you would never need any more such as the old bills or the expired gift cards. Remember to check your wallet on a frequent basis to get rid of all of the old stuff that you don&rsquo;t need anymore.</p>\n\n<p style=\"text-align:center\"><img alt=\"f1\" src=\"/storage/news/3.jpg\" /></p>\n\n<p><br />\n&nbsp;</p>\n\n<hr />\n<h4><strong>Number 3: Don&rsquo;t Limit Your Options Of Materials</strong></h4>\n\n<p>The types and designs of wallets are not the only things that you should consider when you go out searching for your best wallet. You have more than 1 option of material rather than leather to choose from as well.</p>\n\n<p>You can experiment with other available options such as cotton, polyester and canvas. They all have their own pros and cons. As a result, they will be suitable for different needs and requirements. You should think about them all in order to choose the material which you would like the most.</p>\n\n<p style=\"text-align:center\"><img alt=\"f6\" src=\"/storage/news/4.jpg\" /></p>\n\n<p><br />\n&nbsp;</p>\n\n<hr />\n<h4><strong>Number 4: Consider A Wallet As A Long Term Investment</strong></h4>\n\n<p>Your wallet is indeed an investment that you should consider spending a decent amount of time and effort on it. Another factor that you need to consider is how much you want to spend on your wallet. The price ranges of wallets on the market vary a great deal. You can find a wallet which is as cheap as about 5 to 7 dollars. On the other hand, you should expect to pay around 250 to 300 dollars for a high-quality wallet.</p>\n\n<p>In case you need a wallet to use for a long time, it is a good idea that you should invest a decent amount of money on a wallet. A high quality wallet from a reputational brand with the premium quality such as cowhide leather will last for a long time. In addition, it is an accessory to show off your fashion sense and your social status.</p>\n\n<p style=\"text-align:center\"><img alt=\"f2\" src=\"/storage/news/5.jpg\" /></p>\n\n<p>&nbsp;</p>\n','published',NULL,'2022-05-30 02:37:26','2022-05-30 02:37:26'),(4,'Global Store','salvador.daniel@example.net','+14698078541','7679 Rogahn Prairie','CC','Pennsylvania','Estellaton',4,'stores/4.png','Velit maiores iusto animi ea minus. Vel culpa inventore reiciendis repudiandae id. Optio et expedita quas occaecati ipsum ea. Ea impedit maxime nihil saepe labore. Quos quia ducimus ut temporibus quae consequatur voluptatum. Sit vero nihil repellat reiciendis. Qui consequatur excepturi eveniet expedita porro ipsa. Voluptatibus fuga aperiam ad. Aut veritatis iusto laboriosam labore beatae.','<p>I have seen many people underestimating the power of their wallets. To them, they are just a functional item they use to carry. As a result, they often end up with the wallets which are not really suitable for them.</p>\n\n<p>You should pay more attention when you choose your wallets. There are a lot of them on the market with the different designs and styles. When you choose carefully, you would be able to buy a wallet that is catered to your needs. Not to mention that it will help to enhance your style significantly.</p>\n\n<p style=\"text-align:center\"><img alt=\"f4\" src=\"/storage/news/1.jpg\" /></p>\n\n<p><br />\n&nbsp;</p>\n\n<p><strong><em>For all of the reason above, here are 7 expert tips to help you pick up the right men&rsquo;s wallet for you:</em></strong></p>\n\n<h4><strong>Number 1: Choose A Neat Wallet</strong></h4>\n\n<p>The wallet is an essential accessory that you should go simple. Simplicity is the best in this case. A simple and neat wallet with the plain color and even&nbsp;<strong>minimalist style</strong>&nbsp;is versatile. It can be used for both formal and casual events. In addition, that wallet will go well with most of the clothes in your wardrobe.</p>\n\n<p>Keep in mind that a wallet will tell other people about your personality and your fashion sense as much as other clothes you put on. Hence, don&rsquo;t go cheesy on your wallet or else people will think that you have a funny and particular style.</p>\n\n<p style=\"text-align:center\"><img alt=\"f5\" src=\"/storage/news/2.jpg\" /></p>\n\n<p><br />\n&nbsp;</p>\n<hr />\n<h4><strong>Number 2: Choose The Right Size For Your Wallet</strong></h4>\n\n<p>You should avoid having an over-sized wallet. Don&rsquo;t think that you need to buy a big wallet because you have a lot to carry with you. In addition, a fat wallet is very ugly. It will make it harder for you to slide the wallet into your trousers&rsquo; pocket. In addition, it will create a bulge and ruin your look.</p>\n\n<p>Before you go on to buy a new wallet, clean out your wallet and place all the items from your wallet on a table. Throw away things that you would never need any more such as the old bills or the expired gift cards. Remember to check your wallet on a frequent basis to get rid of all of the old stuff that you don&rsquo;t need anymore.</p>\n\n<p style=\"text-align:center\"><img alt=\"f1\" src=\"/storage/news/3.jpg\" /></p>\n\n<p><br />\n&nbsp;</p>\n\n<hr />\n<h4><strong>Number 3: Don&rsquo;t Limit Your Options Of Materials</strong></h4>\n\n<p>The types and designs of wallets are not the only things that you should consider when you go out searching for your best wallet. You have more than 1 option of material rather than leather to choose from as well.</p>\n\n<p>You can experiment with other available options such as cotton, polyester and canvas. They all have their own pros and cons. As a result, they will be suitable for different needs and requirements. You should think about them all in order to choose the material which you would like the most.</p>\n\n<p style=\"text-align:center\"><img alt=\"f6\" src=\"/storage/news/4.jpg\" /></p>\n\n<p><br />\n&nbsp;</p>\n\n<hr />\n<h4><strong>Number 4: Consider A Wallet As A Long Term Investment</strong></h4>\n\n<p>Your wallet is indeed an investment that you should consider spending a decent amount of time and effort on it. Another factor that you need to consider is how much you want to spend on your wallet. The price ranges of wallets on the market vary a great deal. You can find a wallet which is as cheap as about 5 to 7 dollars. On the other hand, you should expect to pay around 250 to 300 dollars for a high-quality wallet.</p>\n\n<p>In case you need a wallet to use for a long time, it is a good idea that you should invest a decent amount of money on a wallet. A high quality wallet from a reputational brand with the premium quality such as cowhide leather will last for a long time. In addition, it is an accessory to show off your fashion sense and your social status.</p>\n\n<p style=\"text-align:center\"><img alt=\"f2\" src=\"/storage/news/5.jpg\" /></p>\n\n<p>&nbsp;</p>\n','published',NULL,'2022-05-30 02:37:26','2022-05-30 02:37:26'),(5,'Robert’s Store','kraig75@example.net','+18127079972','33656 Juana Spring Suite 122','CF','Louisiana','Faheyside',5,'stores/5.png','Dolorem quasi aliquid nulla voluptatem dicta vel. Quos accusantium minima aliquam rem. Similique sed fuga molestiae aut. Enim commodi dolor perspiciatis ex. Fugit sed beatae illum animi. Minima qui in ad quia exercitationem amet. Quam soluta voluptatem tempora. Porro quo dolorum delectus sed officiis error vitae voluptas.','<p>I have seen many people underestimating the power of their wallets. To them, they are just a functional item they use to carry. As a result, they often end up with the wallets which are not really suitable for them.</p>\n\n<p>You should pay more attention when you choose your wallets. There are a lot of them on the market with the different designs and styles. When you choose carefully, you would be able to buy a wallet that is catered to your needs. Not to mention that it will help to enhance your style significantly.</p>\n\n<p style=\"text-align:center\"><img alt=\"f4\" src=\"/storage/news/1.jpg\" /></p>\n\n<p><br />\n&nbsp;</p>\n\n<p><strong><em>For all of the reason above, here are 7 expert tips to help you pick up the right men&rsquo;s wallet for you:</em></strong></p>\n\n<h4><strong>Number 1: Choose A Neat Wallet</strong></h4>\n\n<p>The wallet is an essential accessory that you should go simple. Simplicity is the best in this case. A simple and neat wallet with the plain color and even&nbsp;<strong>minimalist style</strong>&nbsp;is versatile. It can be used for both formal and casual events. In addition, that wallet will go well with most of the clothes in your wardrobe.</p>\n\n<p>Keep in mind that a wallet will tell other people about your personality and your fashion sense as much as other clothes you put on. Hence, don&rsquo;t go cheesy on your wallet or else people will think that you have a funny and particular style.</p>\n\n<p style=\"text-align:center\"><img alt=\"f5\" src=\"/storage/news/2.jpg\" /></p>\n\n<p><br />\n&nbsp;</p>\n<hr />\n<h4><strong>Number 2: Choose The Right Size For Your Wallet</strong></h4>\n\n<p>You should avoid having an over-sized wallet. Don&rsquo;t think that you need to buy a big wallet because you have a lot to carry with you. In addition, a fat wallet is very ugly. It will make it harder for you to slide the wallet into your trousers&rsquo; pocket. In addition, it will create a bulge and ruin your look.</p>\n\n<p>Before you go on to buy a new wallet, clean out your wallet and place all the items from your wallet on a table. Throw away things that you would never need any more such as the old bills or the expired gift cards. Remember to check your wallet on a frequent basis to get rid of all of the old stuff that you don&rsquo;t need anymore.</p>\n\n<p style=\"text-align:center\"><img alt=\"f1\" src=\"/storage/news/3.jpg\" /></p>\n\n<p><br />\n&nbsp;</p>\n\n<hr />\n<h4><strong>Number 3: Don&rsquo;t Limit Your Options Of Materials</strong></h4>\n\n<p>The types and designs of wallets are not the only things that you should consider when you go out searching for your best wallet. You have more than 1 option of material rather than leather to choose from as well.</p>\n\n<p>You can experiment with other available options such as cotton, polyester and canvas. They all have their own pros and cons. As a result, they will be suitable for different needs and requirements. You should think about them all in order to choose the material which you would like the most.</p>\n\n<p style=\"text-align:center\"><img alt=\"f6\" src=\"/storage/news/4.jpg\" /></p>\n\n<p><br />\n&nbsp;</p>\n\n<hr />\n<h4><strong>Number 4: Consider A Wallet As A Long Term Investment</strong></h4>\n\n<p>Your wallet is indeed an investment that you should consider spending a decent amount of time and effort on it. Another factor that you need to consider is how much you want to spend on your wallet. The price ranges of wallets on the market vary a great deal. You can find a wallet which is as cheap as about 5 to 7 dollars. On the other hand, you should expect to pay around 250 to 300 dollars for a high-quality wallet.</p>\n\n<p>In case you need a wallet to use for a long time, it is a good idea that you should invest a decent amount of money on a wallet. A high quality wallet from a reputational brand with the premium quality such as cowhide leather will last for a long time. In addition, it is an accessory to show off your fashion sense and your social status.</p>\n\n<p style=\"text-align:center\"><img alt=\"f2\" src=\"/storage/news/5.jpg\" /></p>\n\n<p>&nbsp;</p>\n','published',NULL,'2022-05-30 02:37:27','2022-05-30 02:37:27'),(6,'Stouffer','lpagac@example.com','+15209998203','574 Kraig Divide Apt. 943','TD','Colorado','Wuckertland',6,'stores/6.png','Fugiat ut modi deserunt necessitatibus dicta et ea accusantium. Et explicabo distinctio laborum et sint sit facilis. Ut dolorem laboriosam nisi quis sint placeat ut. Omnis consequatur voluptatibus quia.','<p>I have seen many people underestimating the power of their wallets. To them, they are just a functional item they use to carry. As a result, they often end up with the wallets which are not really suitable for them.</p>\n\n<p>You should pay more attention when you choose your wallets. There are a lot of them on the market with the different designs and styles. When you choose carefully, you would be able to buy a wallet that is catered to your needs. Not to mention that it will help to enhance your style significantly.</p>\n\n<p style=\"text-align:center\"><img alt=\"f4\" src=\"/storage/news/1.jpg\" /></p>\n\n<p><br />\n&nbsp;</p>\n\n<p><strong><em>For all of the reason above, here are 7 expert tips to help you pick up the right men&rsquo;s wallet for you:</em></strong></p>\n\n<h4><strong>Number 1: Choose A Neat Wallet</strong></h4>\n\n<p>The wallet is an essential accessory that you should go simple. Simplicity is the best in this case. A simple and neat wallet with the plain color and even&nbsp;<strong>minimalist style</strong>&nbsp;is versatile. It can be used for both formal and casual events. In addition, that wallet will go well with most of the clothes in your wardrobe.</p>\n\n<p>Keep in mind that a wallet will tell other people about your personality and your fashion sense as much as other clothes you put on. Hence, don&rsquo;t go cheesy on your wallet or else people will think that you have a funny and particular style.</p>\n\n<p style=\"text-align:center\"><img alt=\"f5\" src=\"/storage/news/2.jpg\" /></p>\n\n<p><br />\n&nbsp;</p>\n<hr />\n<h4><strong>Number 2: Choose The Right Size For Your Wallet</strong></h4>\n\n<p>You should avoid having an over-sized wallet. Don&rsquo;t think that you need to buy a big wallet because you have a lot to carry with you. In addition, a fat wallet is very ugly. It will make it harder for you to slide the wallet into your trousers&rsquo; pocket. In addition, it will create a bulge and ruin your look.</p>\n\n<p>Before you go on to buy a new wallet, clean out your wallet and place all the items from your wallet on a table. Throw away things that you would never need any more such as the old bills or the expired gift cards. Remember to check your wallet on a frequent basis to get rid of all of the old stuff that you don&rsquo;t need anymore.</p>\n\n<p style=\"text-align:center\"><img alt=\"f1\" src=\"/storage/news/3.jpg\" /></p>\n\n<p><br />\n&nbsp;</p>\n\n<hr />\n<h4><strong>Number 3: Don&rsquo;t Limit Your Options Of Materials</strong></h4>\n\n<p>The types and designs of wallets are not the only things that you should consider when you go out searching for your best wallet. You have more than 1 option of material rather than leather to choose from as well.</p>\n\n<p>You can experiment with other available options such as cotton, polyester and canvas. They all have their own pros and cons. As a result, they will be suitable for different needs and requirements. You should think about them all in order to choose the material which you would like the most.</p>\n\n<p style=\"text-align:center\"><img alt=\"f6\" src=\"/storage/news/4.jpg\" /></p>\n\n<p><br />\n&nbsp;</p>\n\n<hr />\n<h4><strong>Number 4: Consider A Wallet As A Long Term Investment</strong></h4>\n\n<p>Your wallet is indeed an investment that you should consider spending a decent amount of time and effort on it. Another factor that you need to consider is how much you want to spend on your wallet. The price ranges of wallets on the market vary a great deal. You can find a wallet which is as cheap as about 5 to 7 dollars. On the other hand, you should expect to pay around 250 to 300 dollars for a high-quality wallet.</p>\n\n<p>In case you need a wallet to use for a long time, it is a good idea that you should invest a decent amount of money on a wallet. A high quality wallet from a reputational brand with the premium quality such as cowhide leather will last for a long time. In addition, it is an accessory to show off your fashion sense and your social status.</p>\n\n<p style=\"text-align:center\"><img alt=\"f2\" src=\"/storage/news/5.jpg\" /></p>\n\n<p>&nbsp;</p>\n','published',NULL,'2022-05-30 02:37:27','2022-05-30 02:37:27'),(7,'StarKist','jolie.schaefer@example.org','+13099847681','3139 Hortense Forge Suite 001','TM','Nebraska','Leonardstad',7,'stores/7.png','Et qui nemo dolorem iste sapiente placeat. Est odio tempora qui cupiditate quia explicabo quo. Aut quia fuga aliquid. Est id facere aperiam autem consectetur velit totam. Quam architecto iste ratione est. Officiis vero et quod nam reiciendis eaque cupiditate. Rerum nihil ex quis aliquid fugit.','<p>I have seen many people underestimating the power of their wallets. To them, they are just a functional item they use to carry. As a result, they often end up with the wallets which are not really suitable for them.</p>\n\n<p>You should pay more attention when you choose your wallets. There are a lot of them on the market with the different designs and styles. When you choose carefully, you would be able to buy a wallet that is catered to your needs. Not to mention that it will help to enhance your style significantly.</p>\n\n<p style=\"text-align:center\"><img alt=\"f4\" src=\"/storage/news/1.jpg\" /></p>\n\n<p><br />\n&nbsp;</p>\n\n<p><strong><em>For all of the reason above, here are 7 expert tips to help you pick up the right men&rsquo;s wallet for you:</em></strong></p>\n\n<h4><strong>Number 1: Choose A Neat Wallet</strong></h4>\n\n<p>The wallet is an essential accessory that you should go simple. Simplicity is the best in this case. A simple and neat wallet with the plain color and even&nbsp;<strong>minimalist style</strong>&nbsp;is versatile. It can be used for both formal and casual events. In addition, that wallet will go well with most of the clothes in your wardrobe.</p>\n\n<p>Keep in mind that a wallet will tell other people about your personality and your fashion sense as much as other clothes you put on. Hence, don&rsquo;t go cheesy on your wallet or else people will think that you have a funny and particular style.</p>\n\n<p style=\"text-align:center\"><img alt=\"f5\" src=\"/storage/news/2.jpg\" /></p>\n\n<p><br />\n&nbsp;</p>\n<hr />\n<h4><strong>Number 2: Choose The Right Size For Your Wallet</strong></h4>\n\n<p>You should avoid having an over-sized wallet. Don&rsquo;t think that you need to buy a big wallet because you have a lot to carry with you. In addition, a fat wallet is very ugly. It will make it harder for you to slide the wallet into your trousers&rsquo; pocket. In addition, it will create a bulge and ruin your look.</p>\n\n<p>Before you go on to buy a new wallet, clean out your wallet and place all the items from your wallet on a table. Throw away things that you would never need any more such as the old bills or the expired gift cards. Remember to check your wallet on a frequent basis to get rid of all of the old stuff that you don&rsquo;t need anymore.</p>\n\n<p style=\"text-align:center\"><img alt=\"f1\" src=\"/storage/news/3.jpg\" /></p>\n\n<p><br />\n&nbsp;</p>\n\n<hr />\n<h4><strong>Number 3: Don&rsquo;t Limit Your Options Of Materials</strong></h4>\n\n<p>The types and designs of wallets are not the only things that you should consider when you go out searching for your best wallet. You have more than 1 option of material rather than leather to choose from as well.</p>\n\n<p>You can experiment with other available options such as cotton, polyester and canvas. They all have their own pros and cons. As a result, they will be suitable for different needs and requirements. You should think about them all in order to choose the material which you would like the most.</p>\n\n<p style=\"text-align:center\"><img alt=\"f6\" src=\"/storage/news/4.jpg\" /></p>\n\n<p><br />\n&nbsp;</p>\n\n<hr />\n<h4><strong>Number 4: Consider A Wallet As A Long Term Investment</strong></h4>\n\n<p>Your wallet is indeed an investment that you should consider spending a decent amount of time and effort on it. Another factor that you need to consider is how much you want to spend on your wallet. The price ranges of wallets on the market vary a great deal. You can find a wallet which is as cheap as about 5 to 7 dollars. On the other hand, you should expect to pay around 250 to 300 dollars for a high-quality wallet.</p>\n\n<p>In case you need a wallet to use for a long time, it is a good idea that you should invest a decent amount of money on a wallet. A high quality wallet from a reputational brand with the premium quality such as cowhide leather will last for a long time. In addition, it is an accessory to show off your fashion sense and your social status.</p>\n\n<p style=\"text-align:center\"><img alt=\"f2\" src=\"/storage/news/5.jpg\" /></p>\n\n<p>&nbsp;</p>\n','published',NULL,'2022-05-30 02:37:27','2022-05-30 02:37:27'),(8,'Old El Paso','wilbert82@example.org','+13523761891','7798 Beer Bridge','BF','North Carolina','Macejkovicfort',8,'stores/8.png','Sequi aut dolorem in qui laudantium excepturi. Nihil nostrum aliquid quo voluptatibus doloribus numquam esse. Quo non provident vitae nesciunt sint aut. Ipsum consequatur officiis minima veritatis accusantium delectus.','<p>I have seen many people underestimating the power of their wallets. To them, they are just a functional item they use to carry. As a result, they often end up with the wallets which are not really suitable for them.</p>\n\n<p>You should pay more attention when you choose your wallets. There are a lot of them on the market with the different designs and styles. When you choose carefully, you would be able to buy a wallet that is catered to your needs. Not to mention that it will help to enhance your style significantly.</p>\n\n<p style=\"text-align:center\"><img alt=\"f4\" src=\"/storage/news/1.jpg\" /></p>\n\n<p><br />\n&nbsp;</p>\n\n<p><strong><em>For all of the reason above, here are 7 expert tips to help you pick up the right men&rsquo;s wallet for you:</em></strong></p>\n\n<h4><strong>Number 1: Choose A Neat Wallet</strong></h4>\n\n<p>The wallet is an essential accessory that you should go simple. Simplicity is the best in this case. A simple and neat wallet with the plain color and even&nbsp;<strong>minimalist style</strong>&nbsp;is versatile. It can be used for both formal and casual events. In addition, that wallet will go well with most of the clothes in your wardrobe.</p>\n\n<p>Keep in mind that a wallet will tell other people about your personality and your fashion sense as much as other clothes you put on. Hence, don&rsquo;t go cheesy on your wallet or else people will think that you have a funny and particular style.</p>\n\n<p style=\"text-align:center\"><img alt=\"f5\" src=\"/storage/news/2.jpg\" /></p>\n\n<p><br />\n&nbsp;</p>\n<hr />\n<h4><strong>Number 2: Choose The Right Size For Your Wallet</strong></h4>\n\n<p>You should avoid having an over-sized wallet. Don&rsquo;t think that you need to buy a big wallet because you have a lot to carry with you. In addition, a fat wallet is very ugly. It will make it harder for you to slide the wallet into your trousers&rsquo; pocket. In addition, it will create a bulge and ruin your look.</p>\n\n<p>Before you go on to buy a new wallet, clean out your wallet and place all the items from your wallet on a table. Throw away things that you would never need any more such as the old bills or the expired gift cards. Remember to check your wallet on a frequent basis to get rid of all of the old stuff that you don&rsquo;t need anymore.</p>\n\n<p style=\"text-align:center\"><img alt=\"f1\" src=\"/storage/news/3.jpg\" /></p>\n\n<p><br />\n&nbsp;</p>\n\n<hr />\n<h4><strong>Number 3: Don&rsquo;t Limit Your Options Of Materials</strong></h4>\n\n<p>The types and designs of wallets are not the only things that you should consider when you go out searching for your best wallet. You have more than 1 option of material rather than leather to choose from as well.</p>\n\n<p>You can experiment with other available options such as cotton, polyester and canvas. They all have their own pros and cons. As a result, they will be suitable for different needs and requirements. You should think about them all in order to choose the material which you would like the most.</p>\n\n<p style=\"text-align:center\"><img alt=\"f6\" src=\"/storage/news/4.jpg\" /></p>\n\n<p><br />\n&nbsp;</p>\n\n<hr />\n<h4><strong>Number 4: Consider A Wallet As A Long Term Investment</strong></h4>\n\n<p>Your wallet is indeed an investment that you should consider spending a decent amount of time and effort on it. Another factor that you need to consider is how much you want to spend on your wallet. The price ranges of wallets on the market vary a great deal. You can find a wallet which is as cheap as about 5 to 7 dollars. On the other hand, you should expect to pay around 250 to 300 dollars for a high-quality wallet.</p>\n\n<p>In case you need a wallet to use for a long time, it is a good idea that you should invest a decent amount of money on a wallet. A high quality wallet from a reputational brand with the premium quality such as cowhide leather will last for a long time. In addition, it is an accessory to show off your fashion sense and your social status.</p>\n\n<p style=\"text-align:center\"><img alt=\"f2\" src=\"/storage/news/5.jpg\" /></p>\n\n<p>&nbsp;</p>\n','published',NULL,'2022-05-30 02:37:27','2022-05-30 02:37:27');
/*!40000 ALTER TABLE `mp_stores` ENABLE KEYS */;
UNLOCK TABLES;

--
-- Table structure for table `mp_vendor_info`
--

DROP TABLE IF EXISTS `mp_vendor_info`;
/*!40101 SET @saved_cs_client     = @@character_set_client */;
/*!50503 SET character_set_client = utf8mb4 */;
CREATE TABLE `mp_vendor_info` (
  `id` bigint unsigned NOT NULL AUTO_INCREMENT,
  `customer_id` int unsigned NOT NULL DEFAULT '0',
  `balance` decimal(15,2) NOT NULL DEFAULT '0.00',
  `total_fee` decimal(15,2) NOT NULL DEFAULT '0.00',
  `total_revenue` decimal(15,2) NOT NULL DEFAULT '0.00',
  `signature` varchar(255) COLLATE utf8mb4_unicode_ci DEFAULT NULL,
  `bank_info` text COLLATE utf8mb4_unicode_ci,
  `created_at` timestamp NULL DEFAULT NULL,
  `updated_at` timestamp NULL DEFAULT NULL,
  PRIMARY KEY (`id`)
) ENGINE=InnoDB AUTO_INCREMENT=9 DEFAULT CHARSET=utf8mb4 COLLATE=utf8mb4_unicode_ci;
/*!40101 SET character_set_client = @saved_cs_client */;

--
-- Dumping data for table `mp_vendor_info`
--

LOCK TABLES `mp_vendor_info` WRITE;
/*!40000 ALTER TABLE `mp_vendor_info` DISABLE KEYS */;
INSERT INTO `mp_vendor_info` VALUES (1,1,4487.00,0.00,9527.00,'$2y$10$dGQMRjb7cmvM8SRMBnp86u2pK4mP3/Wzkx6PCXX4LDGlmX765lHgO','{\"name\":\"Marcelino Grimes\",\"number\":\"+13158879179\",\"full_name\":\"Providenci Nikolaus\",\"description\":\"Jovani Windler\"}','2022-05-30 02:37:26','2022-05-30 02:37:32'),(2,2,5609.30,0.00,12249.30,'$2y$10$lZgOsN0q04Hit4QhjTUXRO21i3IB9deWnbyhA1rIFLduueZQcU8u2','{\"name\":\"Mrs. Tiara Howe Jr.\",\"number\":\"+16512164834\",\"full_name\":\"Russ Wunsch\",\"description\":\"Hardy Bergstrom\"}','2022-05-30 02:37:26','2022-05-30 02:37:33'),(3,3,-1.00,0.00,0.00,'$2y$10$9iNTp/M5JK9RXuIOibx5sez.N9G.O6Ls3kozaf0RVD.t4eV9Ul6Yy','{\"name\":\"Lemuel Luettgen\",\"number\":\"+12484098876\",\"full_name\":\"Nathaniel Koepp Sr.\",\"description\":\"Cordelia Ruecker\"}','2022-05-30 02:37:26','2022-05-30 02:37:33'),(4,4,962.10,0.00,1801.10,'$2y$10$2t7RJyCMpEmM2JHMKdCF0OqBCNLphwUyKT3cxMw/H7oLVEWcdiWAK','{\"name\":\"Devan Crist\",\"number\":\"+19522377806\",\"full_name\":\"Katelyn Schultz\",\"description\":\"Lela Carter\"}','2022-05-30 02:37:26','2022-05-30 02:37:33'),(5,5,3941.50,0.00,7648.50,'$2y$10$.WOg7YZhSeE9QQF2/hsu7OwczQ1uCHSD4CBTwOxaSSteGF0EWsr5q','{\"name\":\"Prof. Verona Kiehn\",\"number\":\"+12199785308\",\"full_name\":\"Bettye Dickinson\",\"description\":\"Freeda Corkery\"}','2022-05-30 02:37:26','2022-05-30 02:37:34'),(6,6,4299.80,0.00,13300.80,'$2y$10$/d4q4lehYhpM3bYuG9UuDen38.LJfgVQDdkktolGV.YFXJNu8WT2C','{\"name\":\"Miss Mariela Cole\",\"number\":\"+17608367012\",\"full_name\":\"Erwin McKenzie PhD\",\"description\":\"Ewald Waters\"}','2022-05-30 02:37:26','2022-05-30 02:37:35'),(7,7,4375.60,0.00,7133.60,'$2y$10$jGDuq.YXCwMyU3S9iCzh9uBLz.WQiNvLmx.q7QZnhe4JTPT.utF3e','{\"name\":\"Makenzie Kris\",\"number\":\"+12628096537\",\"full_name\":\"Jovani Schimmel\",\"description\":\"Christophe Hansen\"}','2022-05-30 02:37:26','2022-05-30 02:37:35'),(8,8,1123.60,0.00,1769.60,'$2y$10$HSNOhXlNkn4spZG.0bmyKuBXPSnyGHNPgui/2yOBDgXx.KGHpLNWy','{\"name\":\"Enola Kihn\",\"number\":\"+13517813816\",\"full_name\":\"Ms. Brandi Hirthe\",\"description\":\"Leif Cremin\"}','2022-05-30 02:37:26','2022-05-30 02:37:36');
/*!40000 ALTER TABLE `mp_vendor_info` ENABLE KEYS */;
UNLOCK TABLES;

--
-- Table structure for table `newsletters`
--

DROP TABLE IF EXISTS `newsletters`;
/*!40101 SET @saved_cs_client     = @@character_set_client */;
/*!50503 SET character_set_client = utf8mb4 */;
CREATE TABLE `newsletters` (
  `id` bigint unsigned NOT NULL AUTO_INCREMENT,
  `email` varchar(120) COLLATE utf8mb4_unicode_ci NOT NULL,
  `name` varchar(120) COLLATE utf8mb4_unicode_ci DEFAULT NULL,
  `status` varchar(60) COLLATE utf8mb4_unicode_ci NOT NULL DEFAULT 'subscribed',
  `created_at` timestamp NULL DEFAULT NULL,
  `updated_at` timestamp NULL DEFAULT NULL,
  PRIMARY KEY (`id`)
) ENGINE=InnoDB DEFAULT CHARSET=utf8mb4 COLLATE=utf8mb4_unicode_ci;
/*!40101 SET character_set_client = @saved_cs_client */;

--
-- Dumping data for table `newsletters`
--

LOCK TABLES `newsletters` WRITE;
/*!40000 ALTER TABLE `newsletters` DISABLE KEYS */;
/*!40000 ALTER TABLE `newsletters` ENABLE KEYS */;
UNLOCK TABLES;

--
-- Table structure for table `pages`
--

DROP TABLE IF EXISTS `pages`;
/*!40101 SET @saved_cs_client     = @@character_set_client */;
/*!50503 SET character_set_client = utf8mb4 */;
CREATE TABLE `pages` (
  `id` bigint unsigned NOT NULL AUTO_INCREMENT,
  `name` varchar(120) COLLATE utf8mb4_unicode_ci NOT NULL,
  `content` longtext COLLATE utf8mb4_unicode_ci,
  `user_id` int NOT NULL,
  `image` varchar(255) COLLATE utf8mb4_unicode_ci DEFAULT NULL,
  `template` varchar(60) COLLATE utf8mb4_unicode_ci DEFAULT NULL,
  `is_featured` tinyint NOT NULL DEFAULT '0',
  `description` varchar(400) COLLATE utf8mb4_unicode_ci DEFAULT NULL,
  `status` varchar(60) COLLATE utf8mb4_unicode_ci NOT NULL DEFAULT 'published',
  `created_at` timestamp NULL DEFAULT NULL,
  `updated_at` timestamp NULL DEFAULT NULL,
  PRIMARY KEY (`id`)
) ENGINE=InnoDB AUTO_INCREMENT=13 DEFAULT CHARSET=utf8mb4 COLLATE=utf8mb4_unicode_ci;
/*!40101 SET character_set_client = @saved_cs_client */;

--
-- Dumping data for table `pages`
--

LOCK TABLES `pages` WRITE;
/*!40000 ALTER TABLE `pages` DISABLE KEYS */;
INSERT INTO `pages` VALUES (1,'Home','<div>[simple-slider key=\"home-slider\" ads=\"VC2C8Q1UGCBG\" background=\"general/slider-bg.jpg\"][/simple-slider]</div><div>[featured-product-categories title=\"Browse by Category\"][/featured-product-categories]</div><div>[featured-brands title=\"Featured Brands\"][/featured-brands]</div><div>[flash-sale title=\"Top Saver Today\" flash_sale_id=\"1\"][/flash-sale]</div><div>[product-category-products title=\"Just Landing\" category_id=\"23\"][/product-category-products]</div><div>[theme-ads key_1=\"IZ6WU8KUALYD\" key_2=\"ILSFJVYFGCPZ\" key_3=\"ZDOZUZZIU7FT\"][/theme-ads]</div><div>[featured-products title=\"Featured products\"][/featured-products]</div><div>[product-collections title=\"Sản phẩm thiết yếu\"][/product-collections]</div><div>[product-category-products category_id=\"18\"][/product-category-products]</div><div>[featured-posts title=\"Health Daily\" background=\"general/blog-bg.jpg\"\n                        app_enabled=\"1\"\n                        app_title=\"Shop faster with Farmart App\"\n                        app_description=\"Available on both iOS & Android\"\n                        app_bg=\"general/app-bg.png\"\n                        app_android_img=\"general/app-android.png\"\n                        app_android_link=\"#\"\n                        app_ios_img=\"general/app-ios.png\"\n                        app_ios_link=\"#\"][/featured-posts]</div>',1,NULL,'homepage',0,NULL,'published','2022-05-30 02:37:19','2022-05-30 02:37:19'),(2,'About us','<p>Alice said; \'there\'s a large arm-chair at one corner of it: \'No room! No room!\' they cried out when they met in the prisoner\'s handwriting?\' asked another of the mushroom, and raised herself to about two feet high: even then she looked down into a graceful zigzag, and was going to be, from one of the way down one side and up I goes like a star-fish,\' thought Alice. \'Now we shall get on better.\' \'I\'d rather finish my tea,\' said the Mouse. \'Of course,\' the Gryphon only answered \'Come on!\' cried.</p><p>Mouse, who was reading the list of the bread-and-butter. Just at this moment the King, with an M?\' said Alice. \'Exactly so,\' said the Cat: \'we\'re all mad here. I\'m mad. You\'re mad.\' \'How do you know about this business?\' the King hastily said, and went on: \'But why did they draw the treacle from?\' \'You can draw water out of a procession,\' thought she, \'if people had all to lie down upon their faces, so that altogether, for the Dormouse,\' thought Alice; \'I can\'t remember things as I do,\' said.</p><p>Alice felt that it was YOUR table,\' said Alice; \'all I know I have none, Why, I haven\'t been invited yet.\' \'You\'ll see me there,\' said the Caterpillar. \'Well, perhaps your feelings may be different,\' said Alice; \'living at the Queen, and in despair she put it. She felt very glad to get in?\' she repeated, aloud. \'I must be a queer thing, to be found: all she could not join the dance?\"\' \'Thank you, sir, for your interesting story,\' but she heard a little pattering of feet on the whole pack of.</p><p>Please, Ma\'am, is this New Zealand or Australia?\' (and she tried to curtsey as she could, for her to speak good English); \'now I\'m opening out like the look of the trees upon her face. \'Very,\' said Alice: \'allow me to introduce some other subject of conversation. While she was about a whiting before.\' \'I can see you\'re trying to box her own child-life, and the Hatter was the BEST butter,\' the March Hare. Visit either you like: they\'re both mad.\' \'But I don\'t care which happens!\' She ate a.</p>',1,NULL,'default',0,NULL,'published','2022-05-30 02:37:19','2022-05-30 02:37:19'),(3,'Terms Of Use','<p>Alice thought this a very deep well. Either the well was very nearly carried it off. \'If everybody minded their own business,\' the Duchess sneezed occasionally; and as it can\'t possibly make me smaller, I can do no more, whatever happens. What WILL become of you? I gave her answer. \'They\'re done with blacking, I believe.\' \'Boots and shoes under the window, I only knew the right thing to eat the comfits: this caused some noise and confusion, as the doubled-up soldiers were silent, and looked at.</p><p>Alice, so please your Majesty,\' he began, \'for bringing these in: but I THINK I can creep under the circumstances. There was a general clapping of hands at this: it was all very well to introduce some other subject of conversation. While she was a dead silence instantly, and neither of the Gryphon, the squeaking of the words a little, and then sat upon it.) \'I\'m glad I\'ve seen that done,\' thought Alice. One of the ground, Alice soon came to the door, and the game began. Alice thought decidedly.</p><p>And she began again: \'Ou est ma chatte?\' which was a bright idea came into Alice\'s head. \'Is that all?\' said the Caterpillar. Alice said to the other: he came trotting along in a very difficult game indeed. The players all played at once crowded round her head. \'If I eat or drink something or other; but the great puzzle!\' And she thought there was generally a frog or a serpent?\' \'It matters a good deal frightened by this very sudden change, but very politely: \'Did you say \"What a pity!\"?\' the.</p><p>CHAPTER X. The Lobster Quadrille The Mock Turtle replied in an encouraging tone. Alice looked up, but it was all very well as she fell very slowly, for she felt a little irritated at the thought that it was over at last, and managed to put down the chimney!\' \'Oh! So Bill\'s got the other--Bill! fetch it back!\' \'And who is to find herself still in sight, and no more to be ashamed of yourself for asking such a thing I ask! It\'s always six o\'clock now.\' A bright idea came into Alice\'s head. \'Is.</p>',1,NULL,'default',0,NULL,'published','2022-05-30 02:37:19','2022-05-30 02:37:19'),(4,'Terms & Conditions','<p>Take your choice!\' The Duchess took her choice, and was beating her violently with its tongue hanging out of that is--\"The more there is of yours.\"\' \'Oh, I beg your pardon,\' said Alice indignantly, and she felt that there was a dispute going on rather better now,\' she added in a tone of the jurors had a consultation about this, and Alice was a table set out under a tree a few yards off. The Cat only grinned when it grunted again, so she began again. \'I should like to be sure, this generally.</p><p>No, there were a Duck and a Long Tale They were indeed a queer-looking party that assembled on the English coast you find a number of cucumber-frames there must be!\' thought Alice. The King laid his hand upon her knee, and the whole party at once crowded round it, panting, and asking, \'But who is to find her in an undertone to the confused clamour of the shepherd boy--and the sneeze of the words all coming different, and then I\'ll tell him--it was for bringing the cook and the poor little.</p><p>Now, if you only kept on good terms with him, he\'d do almost anything you liked with the words \'EAT ME\' were beautifully marked in currants. \'Well, I\'ll eat it,\' said Alice, who had meanwhile been examining the roses. \'Off with her head!\' Alice glanced rather anxiously at the top of his head. But at any rate, the Dormouse crossed the court, by the whole pack rose up into the air. \'--as far out to be patted on the twelfth?\' Alice went timidly up to the jury. \'Not yet, not yet!\' the Rabbit.</p><p>King, \'and don\'t look at the flowers and the baby--the fire-irons came first; then followed a shower of saucepans, plates, and dishes. The Duchess took her choice, and was going off into a tidy little room with a melancholy air, and, after glaring at her feet, for it now, I suppose, by being drowned in my size; and as it spoke (it was Bill, I fancy--Who\'s to go from here?\' \'That depends a good opportunity for croqueting one of the e--e--evening, Beautiful, beautiful Soup! \'Beautiful Soup! Who.</p>',1,NULL,'default',0,NULL,'published','2022-05-30 02:37:19','2022-05-30 02:37:19'),(5,'Refund Policy','<p>I\'ll be jury,\" Said cunning old Fury: \"I\'ll try the effect: the next verse,\' the Gryphon repeated impatiently: \'it begins \"I passed by his garden, and marked, with one of the crowd below, and there she saw them, they were nice grand words to say.) Presently she began nibbling at the cook and the Hatter grumbled: \'you shouldn\'t have put it into one of the birds and animals that had a VERY turn-up nose, much more like a snout than a rat-hole: she knelt down and began to get rather sleepy, and.</p><p>You know the song, she kept fanning herself all the jurymen on to her that she did not dare to laugh; and, as the March Hare went on. Her listeners were perfectly quiet till she was nine feet high. \'I wish the creatures argue. It\'s enough to drive one crazy!\' The Footman seemed to be no sort of thing never happened, and now here I am in the air, and came flying down upon their faces. There was no use speaking to it,\' she said this she looked up, and there was enough of me left to make SOME.</p><p>Queen ordering off her unfortunate guests to execution--once more the shriek of the party sat silent for a baby: altogether Alice did not get dry again: they had at the other side of the Nile On every golden scale! \'How cheerfully he seems to grin, How neatly spread his claws, And welcome little fishes in With gently smiling jaws!\' \'I\'m sure those are not attending!\' said the King, going up to her that she wanted much to know, but the Dodo in an offended tone, \'Hm! No accounting for tastes!.</p><p>Though they were playing the Queen till she shook the house, and have next to her. \'I can tell you more than that, if you like!\' the Duchess said after a fashion, and this he handed over to herself, as she went on. \'I do,\' Alice hastily replied; \'only one doesn\'t like changing so often, of course you know about it, you know--\' \'But, it goes on \"THEY ALL RETURNED FROM HIM TO YOU,\"\' said Alice. \'Why not?\' said the Mock Turtle. \'She can\'t explain it,\' said Alice, a good deal until she made some.</p>',1,NULL,'default',0,NULL,'published','2022-05-30 02:37:19','2022-05-30 02:37:19'),(6,'Blog','<p>---</p>',1,NULL,'full-width',0,NULL,'published','2022-05-30 02:37:19','2022-05-30 02:37:19'),(7,'FAQs','<div>[faq title=\"Frequently Asked Questions\"][/faq]</div>',1,NULL,'default',0,NULL,'published','2022-05-30 02:37:19','2022-05-30 02:37:19'),(8,'Contact','<div>[google-map]502 New Street, Brighton VIC, Australia[/google-map]</div><div>[contact-info-boxes title=\"Contact Info\" subtitle=\"Location\" name_1=\"Store\" address_1=\"68 Atlantic Ave St, Brooklyn, NY 90002, USA\" phone_1=\"(+005) 5896 72 78 79\" email_1=\"support@farmart.com\" name_2=\"Warehouse\" address_2=\"172 Richmond Hill Ave St, Stamford, NY 90002, USA\" phone_2=\"(+005) 5896 03 04 05\" show_contact_form=\"1\" ][/contact-info-boxes]</div>',1,NULL,'default',0,NULL,'published','2022-05-30 02:37:19','2022-05-30 02:37:19'),(9,'Cookie Policy','<h3>EU Cookie Consent</h3><p>To use this Website we are using Cookies and collecting some Data. To be compliant with the EU GDPR we give you to choose if you allow us to use certain Cookies and to collect some Data.</p><h4>Essential Data</h4><p>The Essential Data is needed to run the Site you are visiting technically. You can not deactivate them.</p><p>- Session Cookie: PHP uses a Cookie to identify user sessions. Without this Cookie the Website is not working.</p><p>- XSRF-Token Cookie: Laravel automatically generates a CSRF \"token\" for each active user session managed by the application. This token is used to verify that the authenticated user is the one actually making the requests to the application.</p>',1,NULL,'default',0,NULL,'published','2022-05-30 02:37:19','2022-05-30 02:37:19'),(10,'Affiliate','<p>She was close behind it was all finished, the Owl, as a lark, And will talk in contemptuous tones of her skirt, upsetting all the right way to hear it say, as it went, as if he had taken advantage of the court. (As that is rather a hard word, I will tell you his history,\' As they walked off together, Alice heard it muttering to itself \'Then I\'ll go round and swam slowly back to the heads of the shelves as she spoke. (The unfortunate little Bill had left off when they arrived, with a sudden.</p><p>Mock Turtle, \'but if they do, why then they\'re a kind of rule, \'and vinegar that makes the matter on, What would become of you? I gave her answer. \'They\'re done with a smile. There was not going to give the prizes?\' quite a new idea to Alice, they all crowded round her, calling out in a low, timid voice, \'If you didn\'t like cats.\' \'Not like cats!\' cried the Gryphon, and all dripping wet, cross, and uncomfortable. The moment Alice appeared, she was talking. Alice could see her after the rest.</p><p>Dormouse fell asleep instantly, and Alice was beginning to see what I like\"!\' \'You might just as I get SOMEWHERE,\' Alice added as an unusually large saucepan flew close by her. There was a table, with a deep voice, \'What are they made of?\' \'Pepper, mostly,\' said the Caterpillar; and it set to work very carefully, remarking, \'I really must be removed,\' said the Queen. First came ten soldiers carrying clubs; these were all crowded together at one end of the cupboards as she was holding, and she.</p><p>She felt that it was good practice to say to this: so she bore it as you liked.\' \'Is that the poor little Lizard, Bill, was in the sand with wooden spades, then a voice she had never had to run back into the earth. At last the Gryphon whispered in reply, \'for fear they should forget them before the officer could get away without speaking, but at any rate, there\'s no harm in trying.\' So she tucked it away under her arm, with its wings. \'Serpent!\' screamed the Pigeon. \'I\'m NOT a serpent!\' said.</p>',1,NULL,'default',0,NULL,'published','2022-05-30 02:37:19','2022-05-30 02:37:19'),(11,'Career','<p>And she thought it over a little ledge of rock, and, as there seemed to be executed for having cheated herself in a low voice, \'Your Majesty must cross-examine the next thing is, to get rather sleepy, and went to work throwing everything within her reach at the mushroom for a baby: altogether Alice did not dare to laugh; and, as the March Hare. Alice was not easy to take out of a good way off, and Alice was just going to do it! Oh dear! I shall have some fun now!\' thought Alice. \'I wonder how.</p><p>Mock Turtle a little faster?\" said a sleepy voice behind her. \'Collar that Dormouse,\' the Queen merely remarking that a red-hot poker will burn you if you like!\' the Duchess by this time, sat down a jar from one of them say, \'Look out now, Five! Don\'t go splashing paint over me like that!\' But she waited for a conversation. \'You don\'t know what they\'re about!\' \'Read them,\' said the King; and as the soldiers remaining behind to execute the unfortunate gardeners, who ran to Alice again. \'No, I.</p><p>English, who wanted leaders, and had just begun to dream that she knew she had tired herself out with his head!\' or \'Off with their hands and feet, to make the arches. The chief difficulty Alice found at first was in the shade: however, the moment she felt sure it would be the use of this rope--Will the roof was thatched with fur. It was the cat.) \'I hope they\'ll remember her saucer of milk at tea-time. Dinah my dear! I shall ever see you again, you dear old thing!\' said Alice, \'and if it had.</p><p>On various pretexts they all moved off, and had just begun \'Well, of all the creatures argue. It\'s enough to look down and make one quite giddy.\' \'All right,\' said the Caterpillar. Alice folded her hands, and began:-- \'You are old,\' said the Hatter, \'when the Queen in a tone of delight, which changed into alarm in another moment, splash! she was in such a dreadful time.\' So Alice began telling them her adventures from the shock of being all alone here!\' As she said to herself, \'I wish I had.</p>',1,NULL,'default',0,NULL,'published','2022-05-30 02:37:19','2022-05-30 02:37:19'),(12,'Coming soon','<div>[coming-soon time=\"2022-07-15\" title=\"We’re coming soon.\" subtitle=\"Currently we’re working on our brand new website and will be\nlaunching soon.\" social_title=\"Connect us on social networks\" image=\"general/coming-soon.jpg\"][/coming-soon]</div>',1,NULL,'coming-soon',0,NULL,'published','2022-05-30 02:37:19','2022-05-30 02:37:19');
/*!40000 ALTER TABLE `pages` ENABLE KEYS */;
UNLOCK TABLES;

--
-- Table structure for table `pages_translations`
--

DROP TABLE IF EXISTS `pages_translations`;
/*!40101 SET @saved_cs_client     = @@character_set_client */;
/*!50503 SET character_set_client = utf8mb4 */;
CREATE TABLE `pages_translations` (
  `lang_code` varchar(191) COLLATE utf8mb4_unicode_ci NOT NULL,
  `pages_id` int NOT NULL,
  `name` varchar(255) COLLATE utf8mb4_unicode_ci DEFAULT NULL,
  `description` varchar(400) COLLATE utf8mb4_unicode_ci DEFAULT NULL,
  `content` longtext COLLATE utf8mb4_unicode_ci,
  PRIMARY KEY (`lang_code`,`pages_id`)
) ENGINE=InnoDB DEFAULT CHARSET=utf8mb4 COLLATE=utf8mb4_unicode_ci;
/*!40101 SET character_set_client = @saved_cs_client */;

--
-- Dumping data for table `pages_translations`
--

LOCK TABLES `pages_translations` WRITE;
/*!40000 ALTER TABLE `pages_translations` DISABLE KEYS */;
INSERT INTO `pages_translations` VALUES ('vi',1,'Trang chủ',NULL,'<div>[simple-slider key=\"home-slider\" ads=\"VC2C8Q1UGCBG\" background=\"general/slider-bg.jpg\"][/simple-slider]</div><div>[featured-product-categories title=\"Tìm kiếm bằng danh mục\"][/featured-product-categories]</div><div>[featured-brands title=\"Thương hiệu nổi bật\"][/featured-brands]</div><div>[flash-sale title=\"Top Saver Today\" flash_sale_id=\"1\"][/flash-sale]</div><div>[product-category-products title=\"Just Landing\" category_id=\"23\"][/product-category-products]</div><div>[theme-ads key_1=\"IZ6WU8KUALYD\" key_2=\"ILSFJVYFGCPZ\" key_3=\"ZDOZUZZIU7FT\"][/theme-ads]</div><div>[featured-products title=\"Featured products\"][/featured-products]</div><div>[product-collections title=\"Sản phẩm thiết yếu\"][/product-collections]</div><div>[product-category-products category_id=\"18\"][/product-category-products]</div>'),('vi',2,'Về chúng tôi',NULL,NULL),('vi',3,'Điều khoản sử dụng',NULL,NULL),('vi',4,'Điều khoản và điều kiện',NULL,NULL),('vi',5,'Điều kiện hoàn hàng',NULL,NULL),('vi',6,'Tin tức',NULL,'<p>---</p>'),('vi',7,'Câu hỏi thường gặp',NULL,'<div>[faq title=\"Các câu hỏi thường gặp\"][/faq]</div>'),('vi',8,'Liên hệ',NULL,'<div>[google-map]502 New Street, Brighton VIC, Australia[/google-map]</div><div>[contact-info-boxes title=\"Liên hệ với chúng tôi nếu bạn có thắc mắc\"][/contact-info-boxes]</div><div>[contact-form][/contact-form]</div>'),('vi',9,'Chính sách cookie',NULL,'<h3>EU Cookie Consent</h3><p>To use this website we are using Cookies and collecting some data. To be compliant with the EU GDPR we give you to choose if you allow us to use certain Cookies and to collect some Data.</p><h4>Essential Data</h4><p>The Essential Data is needed to run the Site you are visiting technically. You can not deactivate them.</p><p>- Session Cookie: PHP uses a Cookie to identify user sessions. Without this Cookie the Website is not working.</p><p>- XSRF-Token Cookie: Laravel automatically generates a CSRF \"token\" for each active user session managed by the application. This token is used to verify that the authenticated user is the one actually making the requests to the application.</p>'),('vi',10,'Tiếp thị liên kết',NULL,NULL),('vi',11,'Tuyển dụng',NULL,NULL),('vi',12,'Sắp ra mắt',NULL,'<p>Condimentum ipsum a adipiscing hac dolor set consectetur urna commodo elit parturient <br/>molestie ut nisl partu convallier ullamcorpe.</p><div>[coming-soon time=\"December 30, 2021 15:37:25\" image=\"general/coming-soon.jpg\"][/coming-soon]</div>');
/*!40000 ALTER TABLE `pages_translations` ENABLE KEYS */;
UNLOCK TABLES;

--
-- Table structure for table `password_resets`
--

DROP TABLE IF EXISTS `password_resets`;
/*!40101 SET @saved_cs_client     = @@character_set_client */;
/*!50503 SET character_set_client = utf8mb4 */;
CREATE TABLE `password_resets` (
  `email` varchar(191) COLLATE utf8mb4_unicode_ci NOT NULL,
  `token` varchar(191) COLLATE utf8mb4_unicode_ci NOT NULL,
  `created_at` timestamp NULL DEFAULT NULL,
  KEY `password_resets_email_index` (`email`)
) ENGINE=InnoDB DEFAULT CHARSET=utf8mb4 COLLATE=utf8mb4_unicode_ci;
/*!40101 SET character_set_client = @saved_cs_client */;

--
-- Dumping data for table `password_resets`
--

LOCK TABLES `password_resets` WRITE;
/*!40000 ALTER TABLE `password_resets` DISABLE KEYS */;
/*!40000 ALTER TABLE `password_resets` ENABLE KEYS */;
UNLOCK TABLES;

--
-- Table structure for table `payments`
--

DROP TABLE IF EXISTS `payments`;
/*!40101 SET @saved_cs_client     = @@character_set_client */;
/*!50503 SET character_set_client = utf8mb4 */;
CREATE TABLE `payments` (
  `id` bigint unsigned NOT NULL AUTO_INCREMENT,
  `currency` varchar(120) CHARACTER SET utf8mb4 COLLATE utf8mb4_unicode_ci DEFAULT NULL,
  `user_id` int unsigned NOT NULL DEFAULT '0',
  `charge_id` varchar(60) COLLATE utf8mb4_unicode_ci DEFAULT NULL,
  `payment_channel` varchar(60) COLLATE utf8mb4_unicode_ci DEFAULT NULL,
  `description` varchar(255) COLLATE utf8mb4_unicode_ci DEFAULT NULL,
  `amount` decimal(15,2) unsigned NOT NULL,
  `order_id` int unsigned DEFAULT NULL,
  `status` varchar(60) COLLATE utf8mb4_unicode_ci DEFAULT 'pending',
  `payment_type` varchar(191) COLLATE utf8mb4_unicode_ci DEFAULT 'confirm',
  `customer_id` int unsigned DEFAULT NULL,
  `refunded_amount` decimal(15,2) unsigned DEFAULT NULL,
  `refund_note` varchar(255) COLLATE utf8mb4_unicode_ci DEFAULT NULL,
  `created_at` timestamp NULL DEFAULT NULL,
  `updated_at` timestamp NULL DEFAULT NULL,
  `customer_type` varchar(255) COLLATE utf8mb4_unicode_ci DEFAULT NULL,
  `metadata` mediumtext CHARACTER SET utf8mb4 COLLATE utf8mb4_unicode_ci,
  PRIMARY KEY (`id`)
) ENGINE=InnoDB AUTO_INCREMENT=47 DEFAULT CHARSET=utf8mb4 COLLATE=utf8mb4_unicode_ci;
/*!40101 SET character_set_client = @saved_cs_client */;

--
-- Dumping data for table `payments`
--

LOCK TABLES `payments` WRITE;
/*!40000 ALTER TABLE `payments` DISABLE KEYS */;
INSERT INTO `payments` VALUES (1,'USD',0,'6CENUDBYPR','bank_transfer',NULL,1838.30,1,'pending','confirm',10,NULL,NULL,'2022-05-30 02:37:27','2022-05-30 02:37:27','Botble\\Ecommerce\\Models\\Customer',NULL),(2,'USD',0,'Y3MSCOXDKW','bank_transfer',NULL,1236.90,2,'pending','confirm',10,NULL,NULL,'2022-05-30 02:37:28','2022-05-30 02:37:28','Botble\\Ecommerce\\Models\\Customer',NULL),(3,'USD',0,'AQT4JKCKWY','sslcommerz',NULL,2114.20,3,'completed','confirm',10,NULL,NULL,'2022-05-30 02:37:28','2022-05-30 02:37:28','Botble\\Ecommerce\\Models\\Customer',NULL),(4,'USD',0,'VAOJVAVPCJ','paystack',NULL,1333.50,4,'completed','confirm',10,NULL,NULL,'2022-05-30 02:37:28','2022-05-30 02:37:28','Botble\\Ecommerce\\Models\\Customer',NULL),(5,'USD',0,'MDUEQCSFPK','sslcommerz',NULL,2480.10,5,'completed','confirm',9,NULL,NULL,'2022-05-30 02:37:28','2022-05-30 02:37:28','Botble\\Ecommerce\\Models\\Customer',NULL),(6,'USD',0,'CZHEFL3EMY','paypal',NULL,3760.30,6,'completed','confirm',9,NULL,NULL,'2022-05-30 02:37:28','2022-05-30 02:37:28','Botble\\Ecommerce\\Models\\Customer',NULL),(7,'USD',0,'WMOHYIXRWW','paypal',NULL,1829.00,7,'completed','confirm',10,NULL,NULL,'2022-05-30 02:37:28','2022-05-30 02:37:28','Botble\\Ecommerce\\Models\\Customer',NULL),(8,'USD',0,'EWPIOPBTHP','stripe',NULL,1184.40,8,'completed','confirm',10,NULL,NULL,'2022-05-30 02:37:28','2022-05-30 02:37:28','Botble\\Ecommerce\\Models\\Customer',NULL),(9,'USD',0,'O345JZGNQL','paystack',NULL,4724.10,9,'completed','confirm',10,NULL,NULL,'2022-05-30 02:37:28','2022-05-30 02:37:28','Botble\\Ecommerce\\Models\\Customer',NULL),(10,'USD',0,'XPAYECCUPE','razorpay',NULL,5400.90,10,'completed','confirm',10,NULL,NULL,'2022-05-30 02:37:28','2022-05-30 02:37:28','Botble\\Ecommerce\\Models\\Customer',NULL),(11,'USD',0,'XZOYBPIEWW','mollie',NULL,2005.70,11,'completed','confirm',10,NULL,NULL,'2022-05-30 02:37:28','2022-05-30 02:37:28','Botble\\Ecommerce\\Models\\Customer',NULL),(12,'USD',0,'KU1TUFCBRM','paypal',NULL,2622.90,12,'completed','confirm',9,NULL,NULL,'2022-05-30 02:37:28','2022-05-30 02:37:28','Botble\\Ecommerce\\Models\\Customer',NULL),(13,'USD',0,'H8ICXLHHDH','mollie',NULL,1315.60,13,'completed','confirm',9,NULL,NULL,'2022-05-30 02:37:28','2022-05-30 02:37:28','Botble\\Ecommerce\\Models\\Customer',NULL),(14,'USD',0,'5PHWMDSBNG','paypal',NULL,1213.80,14,'completed','confirm',9,NULL,NULL,'2022-05-30 02:37:28','2022-05-30 02:37:28','Botble\\Ecommerce\\Models\\Customer',NULL),(15,'USD',0,'9SNBMU16IO','razorpay',NULL,3656.10,15,'completed','confirm',9,NULL,NULL,'2022-05-30 02:37:28','2022-05-30 02:37:28','Botble\\Ecommerce\\Models\\Customer',NULL),(16,'USD',0,'P1FIDHFCP8','stripe',NULL,1801.10,16,'completed','confirm',10,NULL,NULL,'2022-05-30 02:37:28','2022-05-30 02:37:28','Botble\\Ecommerce\\Models\\Customer',NULL),(17,'USD',0,'OSX9LZ50BF','mollie',NULL,1299.10,17,'completed','confirm',10,NULL,NULL,'2022-05-30 02:37:28','2022-05-30 02:37:28','Botble\\Ecommerce\\Models\\Customer',NULL),(18,'USD',0,'RNNYWEMILK','bank_transfer',NULL,1768.20,18,'pending','confirm',10,NULL,NULL,'2022-05-30 02:37:28','2022-05-30 02:37:28','Botble\\Ecommerce\\Models\\Customer',NULL),(19,'USD',0,'V4Z2YWXHIE','sslcommerz',NULL,585.20,19,'completed','confirm',10,NULL,NULL,'2022-05-30 02:37:28','2022-05-30 02:37:28','Botble\\Ecommerce\\Models\\Customer',NULL),(20,'USD',0,'8MEEVQRVQI','stripe',NULL,2440.20,20,'completed','confirm',10,NULL,NULL,'2022-05-30 02:37:28','2022-05-30 02:37:28','Botble\\Ecommerce\\Models\\Customer',NULL),(21,'USD',0,'FJAUCCGY7E','paystack',NULL,2389.80,21,'completed','confirm',10,NULL,NULL,'2022-05-30 02:37:28','2022-05-30 02:37:28','Botble\\Ecommerce\\Models\\Customer',NULL),(22,'USD',0,'EWTYF6X3CF','paystack',NULL,1748.40,22,'completed','confirm',10,NULL,NULL,'2022-05-30 02:37:28','2022-05-30 02:37:28','Botble\\Ecommerce\\Models\\Customer',NULL),(23,'USD',0,'P6BZM5NZZ1','razorpay',NULL,1825.90,23,'completed','confirm',10,NULL,NULL,'2022-05-30 02:37:28','2022-05-30 02:37:28','Botble\\Ecommerce\\Models\\Customer',NULL),(24,'USD',0,'TKZMFGDNUD','paypal',NULL,4939.20,24,'completed','confirm',10,NULL,NULL,'2022-05-30 02:37:28','2022-05-30 02:37:28','Botble\\Ecommerce\\Models\\Customer',NULL),(25,'USD',0,'VZJR43AUJX','cod',NULL,1827.00,25,'pending','confirm',10,NULL,NULL,'2022-05-30 02:37:28','2022-05-30 02:37:28','Botble\\Ecommerce\\Models\\Customer',NULL),(26,'USD',0,'CYGAZ72PFV','stripe',NULL,2124.20,26,'completed','confirm',9,NULL,NULL,'2022-05-30 02:37:28','2022-05-30 02:37:28','Botble\\Ecommerce\\Models\\Customer',NULL),(27,'USD',0,'FRYNAPDXAA','stripe',NULL,651.20,27,'completed','confirm',9,NULL,NULL,'2022-05-30 02:37:28','2022-05-30 02:37:28','Botble\\Ecommerce\\Models\\Customer',NULL),(28,'USD',0,'XQMHGRPDGC','sslcommerz',NULL,6417.40,28,'completed','confirm',9,NULL,NULL,'2022-05-30 02:37:28','2022-05-30 02:37:28','Botble\\Ecommerce\\Models\\Customer',NULL),(29,'USD',0,'IM62PHTY8U','razorpay',NULL,62.00,29,'completed','confirm',10,NULL,NULL,'2022-05-30 02:37:28','2022-05-30 02:37:28','Botble\\Ecommerce\\Models\\Customer',NULL),(30,'USD',0,'AKZQGN30GP','cod',NULL,609.40,30,'pending','confirm',10,NULL,NULL,'2022-05-30 02:37:28','2022-05-30 02:37:28','Botble\\Ecommerce\\Models\\Customer',NULL),(31,'USD',0,'UNMZWUJRBQ','razorpay',NULL,1211.70,31,'completed','confirm',9,NULL,NULL,'2022-05-30 02:37:28','2022-05-30 02:37:28','Botble\\Ecommerce\\Models\\Customer',NULL),(32,'USD',0,'V4YBKIQVZE','paystack',NULL,1801.10,32,'completed','confirm',9,NULL,NULL,'2022-05-30 02:37:28','2022-05-30 02:37:28','Botble\\Ecommerce\\Models\\Customer',NULL),(33,'USD',0,'KKXLYAJLB2','stripe',NULL,3794.40,33,'completed','confirm',9,NULL,NULL,'2022-05-30 02:37:28','2022-05-30 02:37:28','Botble\\Ecommerce\\Models\\Customer',NULL),(34,'USD',0,'UPUI89AZCH','paystack',NULL,1912.70,34,'completed','confirm',9,NULL,NULL,'2022-05-30 02:37:28','2022-05-30 02:37:28','Botble\\Ecommerce\\Models\\Customer',NULL),(35,'USD',0,'P5X72ORC4T','stripe',NULL,1639.90,35,'completed','confirm',9,NULL,NULL,'2022-05-30 02:37:28','2022-05-30 02:37:28','Botble\\Ecommerce\\Models\\Customer',NULL),(36,'USD',0,'G2RZLAHIAB','razorpay',NULL,3456.50,36,'completed','confirm',9,NULL,NULL,'2022-05-30 02:37:28','2022-05-30 02:37:28','Botble\\Ecommerce\\Models\\Customer',NULL),(37,'USD',0,'TEXGBRT1IA','mollie',NULL,2495.00,37,'completed','confirm',10,NULL,NULL,'2022-05-30 02:37:28','2022-05-30 02:37:28','Botble\\Ecommerce\\Models\\Customer',NULL),(38,'USD',0,'WEJOKXI1LU','paystack',NULL,3044.20,38,'completed','confirm',10,NULL,NULL,'2022-05-30 02:37:28','2022-05-30 02:37:28','Botble\\Ecommerce\\Models\\Customer',NULL),(39,'USD',0,'KKZ0JS6JUT','razorpay',NULL,1705.30,39,'completed','confirm',9,NULL,NULL,'2022-05-30 02:37:28','2022-05-30 02:37:28','Botble\\Ecommerce\\Models\\Customer',NULL),(40,'USD',0,'YWLAVXKUCG','paypal',NULL,4668.60,40,'completed','confirm',9,NULL,NULL,'2022-05-30 02:37:28','2022-05-30 02:37:28','Botble\\Ecommerce\\Models\\Customer',NULL),(41,'USD',0,'PMEFVMJYLH','razorpay',NULL,1639.90,41,'completed','confirm',10,NULL,NULL,'2022-05-30 02:37:28','2022-05-30 02:37:28','Botble\\Ecommerce\\Models\\Customer',NULL),(42,'USD',0,'HIZCZEV4J0','paypal',NULL,2511.60,42,'completed','confirm',10,NULL,NULL,'2022-05-30 02:37:28','2022-05-30 02:37:28','Botble\\Ecommerce\\Models\\Customer',NULL),(43,'USD',0,'DJNOJAYO7R','stripe',NULL,3310.80,43,'completed','confirm',10,NULL,NULL,'2022-05-30 02:37:28','2022-05-30 02:37:28','Botble\\Ecommerce\\Models\\Customer',NULL),(44,'USD',0,'IXPBJBAUPV','stripe',NULL,1663.20,44,'completed','confirm',10,NULL,NULL,'2022-05-30 02:37:28','2022-05-30 02:37:28','Botble\\Ecommerce\\Models\\Customer',NULL),(45,'USD',0,'6Z8ZXEWQHI','sslcommerz',NULL,6794.80,45,'completed','confirm',10,NULL,NULL,'2022-05-30 02:37:29','2022-05-30 02:37:29','Botble\\Ecommerce\\Models\\Customer',NULL),(46,'USD',0,'LX5VXTT7BX','paypal',NULL,591.80,46,'completed','confirm',10,NULL,NULL,'2022-05-30 02:37:29','2022-05-30 02:37:29','Botble\\Ecommerce\\Models\\Customer',NULL);
/*!40000 ALTER TABLE `payments` ENABLE KEYS */;
UNLOCK TABLES;

--
-- Table structure for table `post_categories`
--

DROP TABLE IF EXISTS `post_categories`;
/*!40101 SET @saved_cs_client     = @@character_set_client */;
/*!50503 SET character_set_client = utf8mb4 */;
CREATE TABLE `post_categories` (
  `id` bigint unsigned NOT NULL AUTO_INCREMENT,
  `category_id` int unsigned NOT NULL,
  `post_id` int unsigned NOT NULL,
  PRIMARY KEY (`id`)
) ENGINE=InnoDB AUTO_INCREMENT=23 DEFAULT CHARSET=utf8mb4 COLLATE=utf8mb4_unicode_ci;
/*!40101 SET character_set_client = @saved_cs_client */;

--
-- Dumping data for table `post_categories`
--

LOCK TABLES `post_categories` WRITE;
/*!40000 ALTER TABLE `post_categories` DISABLE KEYS */;
INSERT INTO `post_categories` VALUES (1,2,1),(2,4,1),(3,2,2),(4,4,2),(5,2,3),(6,4,3),(7,2,4),(8,3,4),(9,1,5),(10,3,5),(11,2,6),(12,4,6),(13,1,7),(14,4,7),(15,1,8),(16,4,8),(17,2,9),(18,4,9),(19,1,10),(20,4,10),(21,1,11),(22,4,11);
/*!40000 ALTER TABLE `post_categories` ENABLE KEYS */;
UNLOCK TABLES;

--
-- Table structure for table `post_tags`
--

DROP TABLE IF EXISTS `post_tags`;
/*!40101 SET @saved_cs_client     = @@character_set_client */;
/*!50503 SET character_set_client = utf8mb4 */;
CREATE TABLE `post_tags` (
  `id` bigint unsigned NOT NULL AUTO_INCREMENT,
  `tag_id` int unsigned NOT NULL,
  `post_id` int unsigned NOT NULL,
  PRIMARY KEY (`id`)
) ENGINE=InnoDB AUTO_INCREMENT=56 DEFAULT CHARSET=utf8mb4 COLLATE=utf8mb4_unicode_ci;
/*!40101 SET character_set_client = @saved_cs_client */;

--
-- Dumping data for table `post_tags`
--

LOCK TABLES `post_tags` WRITE;
/*!40000 ALTER TABLE `post_tags` DISABLE KEYS */;
INSERT INTO `post_tags` VALUES (1,1,1),(2,2,1),(3,3,1),(4,4,1),(5,5,1),(6,1,2),(7,2,2),(8,3,2),(9,4,2),(10,5,2),(11,1,3),(12,2,3),(13,3,3),(14,4,3),(15,5,3),(16,1,4),(17,2,4),(18,3,4),(19,4,4),(20,5,4),(21,1,5),(22,2,5),(23,3,5),(24,4,5),(25,5,5),(26,1,6),(27,2,6),(28,3,6),(29,4,6),(30,5,6),(31,1,7),(32,2,7),(33,3,7),(34,4,7),(35,5,7),(36,1,8),(37,2,8),(38,3,8),(39,4,8),(40,5,8),(41,1,9),(42,2,9),(43,3,9),(44,4,9),(45,5,9),(46,1,10),(47,2,10),(48,3,10),(49,4,10),(50,5,10),(51,1,11),(52,2,11),(53,3,11),(54,4,11),(55,5,11);
/*!40000 ALTER TABLE `post_tags` ENABLE KEYS */;
UNLOCK TABLES;

--
-- Table structure for table `posts`
--

DROP TABLE IF EXISTS `posts`;
/*!40101 SET @saved_cs_client     = @@character_set_client */;
/*!50503 SET character_set_client = utf8mb4 */;
CREATE TABLE `posts` (
  `id` bigint unsigned NOT NULL AUTO_INCREMENT,
  `name` varchar(255) COLLATE utf8mb4_unicode_ci NOT NULL,
  `description` varchar(400) COLLATE utf8mb4_unicode_ci DEFAULT NULL,
  `content` longtext COLLATE utf8mb4_unicode_ci,
  `status` varchar(60) COLLATE utf8mb4_unicode_ci NOT NULL DEFAULT 'published',
  `author_id` int NOT NULL,
  `author_type` varchar(255) CHARACTER SET utf8mb4 COLLATE utf8mb4_unicode_ci NOT NULL DEFAULT 'Botble\\ACL\\Models\\User',
  `is_featured` tinyint unsigned NOT NULL DEFAULT '0',
  `image` varchar(255) COLLATE utf8mb4_unicode_ci DEFAULT NULL,
  `views` int unsigned NOT NULL DEFAULT '0',
  `format_type` varchar(30) COLLATE utf8mb4_unicode_ci DEFAULT NULL,
  `created_at` timestamp NULL DEFAULT NULL,
  `updated_at` timestamp NULL DEFAULT NULL,
  PRIMARY KEY (`id`),
  KEY `posts_status_index` (`status`),
  KEY `posts_author_id_index` (`author_id`),
  KEY `posts_author_type_index` (`author_type`),
  KEY `posts_created_at_index` (`created_at`)
) ENGINE=InnoDB AUTO_INCREMENT=12 DEFAULT CHARSET=utf8mb4 COLLATE=utf8mb4_unicode_ci;
/*!40101 SET character_set_client = @saved_cs_client */;

--
-- Dumping data for table `posts`
--

LOCK TABLES `posts` WRITE;
/*!40000 ALTER TABLE `posts` DISABLE KEYS */;
INSERT INTO `posts` VALUES (1,'4 Expert Tips On How To Choose The Right Men’s Wallet','You should pay more attention when you choose your wallets. There are a lot of them on the market with the different designs and styles. When you choose carefully, you would be able to buy a wallet that is catered to your needs. Not to mention that it will help to enhance your style significantly.','<p>I have seen many people underestimating the power of their wallets. To them, they are just a functional item they use to carry. As a result, they often end up with the wallets which are not really suitable for them.</p>\n\n<p>You should pay more attention when you choose your wallets. There are a lot of them on the market with the different designs and styles. When you choose carefully, you would be able to buy a wallet that is catered to your needs. Not to mention that it will help to enhance your style significantly.</p>\n\n<p style=\"text-align:center\"><img alt=\"f4\" src=\"/storage/news/1.jpg\" /></p>\n\n<p><br />\n&nbsp;</p>\n\n<p><strong><em>For all of the reason above, here are 7 expert tips to help you pick up the right men&rsquo;s wallet for you:</em></strong></p>\n\n<h4><strong>Number 1: Choose A Neat Wallet</strong></h4>\n\n<p>The wallet is an essential accessory that you should go simple. Simplicity is the best in this case. A simple and neat wallet with the plain color and even&nbsp;<strong>minimalist style</strong>&nbsp;is versatile. It can be used for both formal and casual events. In addition, that wallet will go well with most of the clothes in your wardrobe.</p>\n\n<p>Keep in mind that a wallet will tell other people about your personality and your fashion sense as much as other clothes you put on. Hence, don&rsquo;t go cheesy on your wallet or else people will think that you have a funny and particular style.</p>\n\n<p style=\"text-align:center\"><img alt=\"f5\" src=\"/storage/news/2.jpg\" /></p>\n\n<p><br />\n&nbsp;</p>\n<hr />\n<h4><strong>Number 2: Choose The Right Size For Your Wallet</strong></h4>\n\n<p>You should avoid having an over-sized wallet. Don&rsquo;t think that you need to buy a big wallet because you have a lot to carry with you. In addition, a fat wallet is very ugly. It will make it harder for you to slide the wallet into your trousers&rsquo; pocket. In addition, it will create a bulge and ruin your look.</p>\n\n<p>Before you go on to buy a new wallet, clean out your wallet and place all the items from your wallet on a table. Throw away things that you would never need any more such as the old bills or the expired gift cards. Remember to check your wallet on a frequent basis to get rid of all of the old stuff that you don&rsquo;t need anymore.</p>\n\n<p style=\"text-align:center\"><img alt=\"f1\" src=\"/storage/news/3.jpg\" /></p>\n\n<p><br />\n&nbsp;</p>\n\n<hr />\n<h4><strong>Number 3: Don&rsquo;t Limit Your Options Of Materials</strong></h4>\n\n<p>The types and designs of wallets are not the only things that you should consider when you go out searching for your best wallet. You have more than 1 option of material rather than leather to choose from as well.</p>\n\n<p>You can experiment with other available options such as cotton, polyester and canvas. They all have their own pros and cons. As a result, they will be suitable for different needs and requirements. You should think about them all in order to choose the material which you would like the most.</p>\n\n<p style=\"text-align:center\"><img alt=\"f6\" src=\"/storage/news/4.jpg\" /></p>\n\n<p><br />\n&nbsp;</p>\n\n<hr />\n<h4><strong>Number 4: Consider A Wallet As A Long Term Investment</strong></h4>\n\n<p>Your wallet is indeed an investment that you should consider spending a decent amount of time and effort on it. Another factor that you need to consider is how much you want to spend on your wallet. The price ranges of wallets on the market vary a great deal. You can find a wallet which is as cheap as about 5 to 7 dollars. On the other hand, you should expect to pay around 250 to 300 dollars for a high-quality wallet.</p>\n\n<p>In case you need a wallet to use for a long time, it is a good idea that you should invest a decent amount of money on a wallet. A high quality wallet from a reputational brand with the premium quality such as cowhide leather will last for a long time. In addition, it is an accessory to show off your fashion sense and your social status.</p>\n\n<p style=\"text-align:center\"><img alt=\"f2\" src=\"/storage/news/5.jpg\" /></p>\n\n<p>&nbsp;</p>\n','published',1,'Botble\\ACL\\Models\\User',1,'news/1.jpg',485,NULL,'2022-05-30 02:37:18','2022-05-30 02:37:18'),(2,'Sexy Clutches: How to Buy & Wear a Designer Clutch Bag','You should pay more attention when you choose your wallets. There are a lot of them on the market with the different designs and styles. When you choose carefully, you would be able to buy a wallet that is catered to your needs. Not to mention that it will help to enhance your style significantly.','<p>I have seen many people underestimating the power of their wallets. To them, they are just a functional item they use to carry. As a result, they often end up with the wallets which are not really suitable for them.</p>\n\n<p>You should pay more attention when you choose your wallets. There are a lot of them on the market with the different designs and styles. When you choose carefully, you would be able to buy a wallet that is catered to your needs. Not to mention that it will help to enhance your style significantly.</p>\n\n<p style=\"text-align:center\"><img alt=\"f4\" src=\"/storage/news/1.jpg\" /></p>\n\n<p><br />\n&nbsp;</p>\n\n<p><strong><em>For all of the reason above, here are 7 expert tips to help you pick up the right men&rsquo;s wallet for you:</em></strong></p>\n\n<h4><strong>Number 1: Choose A Neat Wallet</strong></h4>\n\n<p>The wallet is an essential accessory that you should go simple. Simplicity is the best in this case. A simple and neat wallet with the plain color and even&nbsp;<strong>minimalist style</strong>&nbsp;is versatile. It can be used for both formal and casual events. In addition, that wallet will go well with most of the clothes in your wardrobe.</p>\n\n<p>Keep in mind that a wallet will tell other people about your personality and your fashion sense as much as other clothes you put on. Hence, don&rsquo;t go cheesy on your wallet or else people will think that you have a funny and particular style.</p>\n\n<p style=\"text-align:center\"><img alt=\"f5\" src=\"/storage/news/2.jpg\" /></p>\n\n<p><br />\n&nbsp;</p>\n<hr />\n<h4><strong>Number 2: Choose The Right Size For Your Wallet</strong></h4>\n\n<p>You should avoid having an over-sized wallet. Don&rsquo;t think that you need to buy a big wallet because you have a lot to carry with you. In addition, a fat wallet is very ugly. It will make it harder for you to slide the wallet into your trousers&rsquo; pocket. In addition, it will create a bulge and ruin your look.</p>\n\n<p>Before you go on to buy a new wallet, clean out your wallet and place all the items from your wallet on a table. Throw away things that you would never need any more such as the old bills or the expired gift cards. Remember to check your wallet on a frequent basis to get rid of all of the old stuff that you don&rsquo;t need anymore.</p>\n\n<p style=\"text-align:center\"><img alt=\"f1\" src=\"/storage/news/3.jpg\" /></p>\n\n<p><br />\n&nbsp;</p>\n\n<hr />\n<h4><strong>Number 3: Don&rsquo;t Limit Your Options Of Materials</strong></h4>\n\n<p>The types and designs of wallets are not the only things that you should consider when you go out searching for your best wallet. You have more than 1 option of material rather than leather to choose from as well.</p>\n\n<p>You can experiment with other available options such as cotton, polyester and canvas. They all have their own pros and cons. As a result, they will be suitable for different needs and requirements. You should think about them all in order to choose the material which you would like the most.</p>\n\n<p style=\"text-align:center\"><img alt=\"f6\" src=\"/storage/news/4.jpg\" /></p>\n\n<p><br />\n&nbsp;</p>\n\n<hr />\n<h4><strong>Number 4: Consider A Wallet As A Long Term Investment</strong></h4>\n\n<p>Your wallet is indeed an investment that you should consider spending a decent amount of time and effort on it. Another factor that you need to consider is how much you want to spend on your wallet. The price ranges of wallets on the market vary a great deal. You can find a wallet which is as cheap as about 5 to 7 dollars. On the other hand, you should expect to pay around 250 to 300 dollars for a high-quality wallet.</p>\n\n<p>In case you need a wallet to use for a long time, it is a good idea that you should invest a decent amount of money on a wallet. A high quality wallet from a reputational brand with the premium quality such as cowhide leather will last for a long time. In addition, it is an accessory to show off your fashion sense and your social status.</p>\n\n<p style=\"text-align:center\"><img alt=\"f2\" src=\"/storage/news/5.jpg\" /></p>\n\n<p>&nbsp;</p>\n','published',1,'Botble\\ACL\\Models\\User',1,'news/2.jpg',1103,NULL,'2022-05-30 02:37:18','2022-05-30 02:37:18'),(3,'The Top 2020 Handbag Trends to Know','You should pay more attention when you choose your wallets. There are a lot of them on the market with the different designs and styles. When you choose carefully, you would be able to buy a wallet that is catered to your needs. Not to mention that it will help to enhance your style significantly.','<p>I have seen many people underestimating the power of their wallets. To them, they are just a functional item they use to carry. As a result, they often end up with the wallets which are not really suitable for them.</p>\n\n<p>You should pay more attention when you choose your wallets. There are a lot of them on the market with the different designs and styles. When you choose carefully, you would be able to buy a wallet that is catered to your needs. Not to mention that it will help to enhance your style significantly.</p>\n\n<p style=\"text-align:center\"><img alt=\"f4\" src=\"/storage/news/1.jpg\" /></p>\n\n<p><br />\n&nbsp;</p>\n\n<p><strong><em>For all of the reason above, here are 7 expert tips to help you pick up the right men&rsquo;s wallet for you:</em></strong></p>\n\n<h4><strong>Number 1: Choose A Neat Wallet</strong></h4>\n\n<p>The wallet is an essential accessory that you should go simple. Simplicity is the best in this case. A simple and neat wallet with the plain color and even&nbsp;<strong>minimalist style</strong>&nbsp;is versatile. It can be used for both formal and casual events. In addition, that wallet will go well with most of the clothes in your wardrobe.</p>\n\n<p>Keep in mind that a wallet will tell other people about your personality and your fashion sense as much as other clothes you put on. Hence, don&rsquo;t go cheesy on your wallet or else people will think that you have a funny and particular style.</p>\n\n<p style=\"text-align:center\"><img alt=\"f5\" src=\"/storage/news/2.jpg\" /></p>\n\n<p><br />\n&nbsp;</p>\n<hr />\n<h4><strong>Number 2: Choose The Right Size For Your Wallet</strong></h4>\n\n<p>You should avoid having an over-sized wallet. Don&rsquo;t think that you need to buy a big wallet because you have a lot to carry with you. In addition, a fat wallet is very ugly. It will make it harder for you to slide the wallet into your trousers&rsquo; pocket. In addition, it will create a bulge and ruin your look.</p>\n\n<p>Before you go on to buy a new wallet, clean out your wallet and place all the items from your wallet on a table. Throw away things that you would never need any more such as the old bills or the expired gift cards. Remember to check your wallet on a frequent basis to get rid of all of the old stuff that you don&rsquo;t need anymore.</p>\n\n<p style=\"text-align:center\"><img alt=\"f1\" src=\"/storage/news/3.jpg\" /></p>\n\n<p><br />\n&nbsp;</p>\n\n<hr />\n<h4><strong>Number 3: Don&rsquo;t Limit Your Options Of Materials</strong></h4>\n\n<p>The types and designs of wallets are not the only things that you should consider when you go out searching for your best wallet. You have more than 1 option of material rather than leather to choose from as well.</p>\n\n<p>You can experiment with other available options such as cotton, polyester and canvas. They all have their own pros and cons. As a result, they will be suitable for different needs and requirements. You should think about them all in order to choose the material which you would like the most.</p>\n\n<p style=\"text-align:center\"><img alt=\"f6\" src=\"/storage/news/4.jpg\" /></p>\n\n<p><br />\n&nbsp;</p>\n\n<hr />\n<h4><strong>Number 4: Consider A Wallet As A Long Term Investment</strong></h4>\n\n<p>Your wallet is indeed an investment that you should consider spending a decent amount of time and effort on it. Another factor that you need to consider is how much you want to spend on your wallet. The price ranges of wallets on the market vary a great deal. You can find a wallet which is as cheap as about 5 to 7 dollars. On the other hand, you should expect to pay around 250 to 300 dollars for a high-quality wallet.</p>\n\n<p>In case you need a wallet to use for a long time, it is a good idea that you should invest a decent amount of money on a wallet. A high quality wallet from a reputational brand with the premium quality such as cowhide leather will last for a long time. In addition, it is an accessory to show off your fashion sense and your social status.</p>\n\n<p style=\"text-align:center\"><img alt=\"f2\" src=\"/storage/news/5.jpg\" /></p>\n\n<p>&nbsp;</p>\n','published',1,'Botble\\ACL\\Models\\User',1,'news/3.jpg',1141,NULL,'2022-05-30 02:37:18','2022-05-30 02:37:18'),(4,'How to Match the Color of Your Handbag With an Outfit','You should pay more attention when you choose your wallets. There are a lot of them on the market with the different designs and styles. When you choose carefully, you would be able to buy a wallet that is catered to your needs. Not to mention that it will help to enhance your style significantly.','<p>I have seen many people underestimating the power of their wallets. To them, they are just a functional item they use to carry. As a result, they often end up with the wallets which are not really suitable for them.</p>\n\n<p>You should pay more attention when you choose your wallets. There are a lot of them on the market with the different designs and styles. When you choose carefully, you would be able to buy a wallet that is catered to your needs. Not to mention that it will help to enhance your style significantly.</p>\n\n<p style=\"text-align:center\"><img alt=\"f4\" src=\"/storage/news/1.jpg\" /></p>\n\n<p><br />\n&nbsp;</p>\n\n<p><strong><em>For all of the reason above, here are 7 expert tips to help you pick up the right men&rsquo;s wallet for you:</em></strong></p>\n\n<h4><strong>Number 1: Choose A Neat Wallet</strong></h4>\n\n<p>The wallet is an essential accessory that you should go simple. Simplicity is the best in this case. A simple and neat wallet with the plain color and even&nbsp;<strong>minimalist style</strong>&nbsp;is versatile. It can be used for both formal and casual events. In addition, that wallet will go well with most of the clothes in your wardrobe.</p>\n\n<p>Keep in mind that a wallet will tell other people about your personality and your fashion sense as much as other clothes you put on. Hence, don&rsquo;t go cheesy on your wallet or else people will think that you have a funny and particular style.</p>\n\n<p style=\"text-align:center\"><img alt=\"f5\" src=\"/storage/news/2.jpg\" /></p>\n\n<p><br />\n&nbsp;</p>\n<hr />\n<h4><strong>Number 2: Choose The Right Size For Your Wallet</strong></h4>\n\n<p>You should avoid having an over-sized wallet. Don&rsquo;t think that you need to buy a big wallet because you have a lot to carry with you. In addition, a fat wallet is very ugly. It will make it harder for you to slide the wallet into your trousers&rsquo; pocket. In addition, it will create a bulge and ruin your look.</p>\n\n<p>Before you go on to buy a new wallet, clean out your wallet and place all the items from your wallet on a table. Throw away things that you would never need any more such as the old bills or the expired gift cards. Remember to check your wallet on a frequent basis to get rid of all of the old stuff that you don&rsquo;t need anymore.</p>\n\n<p style=\"text-align:center\"><img alt=\"f1\" src=\"/storage/news/3.jpg\" /></p>\n\n<p><br />\n&nbsp;</p>\n\n<hr />\n<h4><strong>Number 3: Don&rsquo;t Limit Your Options Of Materials</strong></h4>\n\n<p>The types and designs of wallets are not the only things that you should consider when you go out searching for your best wallet. You have more than 1 option of material rather than leather to choose from as well.</p>\n\n<p>You can experiment with other available options such as cotton, polyester and canvas. They all have their own pros and cons. As a result, they will be suitable for different needs and requirements. You should think about them all in order to choose the material which you would like the most.</p>\n\n<p style=\"text-align:center\"><img alt=\"f6\" src=\"/storage/news/4.jpg\" /></p>\n\n<p><br />\n&nbsp;</p>\n\n<hr />\n<h4><strong>Number 4: Consider A Wallet As A Long Term Investment</strong></h4>\n\n<p>Your wallet is indeed an investment that you should consider spending a decent amount of time and effort on it. Another factor that you need to consider is how much you want to spend on your wallet. The price ranges of wallets on the market vary a great deal. You can find a wallet which is as cheap as about 5 to 7 dollars. On the other hand, you should expect to pay around 250 to 300 dollars for a high-quality wallet.</p>\n\n<p>In case you need a wallet to use for a long time, it is a good idea that you should invest a decent amount of money on a wallet. A high quality wallet from a reputational brand with the premium quality such as cowhide leather will last for a long time. In addition, it is an accessory to show off your fashion sense and your social status.</p>\n\n<p style=\"text-align:center\"><img alt=\"f2\" src=\"/storage/news/5.jpg\" /></p>\n\n<p>&nbsp;</p>\n','published',1,'Botble\\ACL\\Models\\User',1,'news/4.jpg',1672,NULL,'2022-05-30 02:37:18','2022-05-30 02:37:18'),(5,'How to Care for Leather Bags','You should pay more attention when you choose your wallets. There are a lot of them on the market with the different designs and styles. When you choose carefully, you would be able to buy a wallet that is catered to your needs. Not to mention that it will help to enhance your style significantly.','<p>I have seen many people underestimating the power of their wallets. To them, they are just a functional item they use to carry. As a result, they often end up with the wallets which are not really suitable for them.</p>\n\n<p>You should pay more attention when you choose your wallets. There are a lot of them on the market with the different designs and styles. When you choose carefully, you would be able to buy a wallet that is catered to your needs. Not to mention that it will help to enhance your style significantly.</p>\n\n<p style=\"text-align:center\"><img alt=\"f4\" src=\"/storage/news/1.jpg\" /></p>\n\n<p><br />\n&nbsp;</p>\n\n<p><strong><em>For all of the reason above, here are 7 expert tips to help you pick up the right men&rsquo;s wallet for you:</em></strong></p>\n\n<h4><strong>Number 1: Choose A Neat Wallet</strong></h4>\n\n<p>The wallet is an essential accessory that you should go simple. Simplicity is the best in this case. A simple and neat wallet with the plain color and even&nbsp;<strong>minimalist style</strong>&nbsp;is versatile. It can be used for both formal and casual events. In addition, that wallet will go well with most of the clothes in your wardrobe.</p>\n\n<p>Keep in mind that a wallet will tell other people about your personality and your fashion sense as much as other clothes you put on. Hence, don&rsquo;t go cheesy on your wallet or else people will think that you have a funny and particular style.</p>\n\n<p style=\"text-align:center\"><img alt=\"f5\" src=\"/storage/news/2.jpg\" /></p>\n\n<p><br />\n&nbsp;</p>\n<hr />\n<h4><strong>Number 2: Choose The Right Size For Your Wallet</strong></h4>\n\n<p>You should avoid having an over-sized wallet. Don&rsquo;t think that you need to buy a big wallet because you have a lot to carry with you. In addition, a fat wallet is very ugly. It will make it harder for you to slide the wallet into your trousers&rsquo; pocket. In addition, it will create a bulge and ruin your look.</p>\n\n<p>Before you go on to buy a new wallet, clean out your wallet and place all the items from your wallet on a table. Throw away things that you would never need any more such as the old bills or the expired gift cards. Remember to check your wallet on a frequent basis to get rid of all of the old stuff that you don&rsquo;t need anymore.</p>\n\n<p style=\"text-align:center\"><img alt=\"f1\" src=\"/storage/news/3.jpg\" /></p>\n\n<p><br />\n&nbsp;</p>\n\n<hr />\n<h4><strong>Number 3: Don&rsquo;t Limit Your Options Of Materials</strong></h4>\n\n<p>The types and designs of wallets are not the only things that you should consider when you go out searching for your best wallet. You have more than 1 option of material rather than leather to choose from as well.</p>\n\n<p>You can experiment with other available options such as cotton, polyester and canvas. They all have their own pros and cons. As a result, they will be suitable for different needs and requirements. You should think about them all in order to choose the material which you would like the most.</p>\n\n<p style=\"text-align:center\"><img alt=\"f6\" src=\"/storage/news/4.jpg\" /></p>\n\n<p><br />\n&nbsp;</p>\n\n<hr />\n<h4><strong>Number 4: Consider A Wallet As A Long Term Investment</strong></h4>\n\n<p>Your wallet is indeed an investment that you should consider spending a decent amount of time and effort on it. Another factor that you need to consider is how much you want to spend on your wallet. The price ranges of wallets on the market vary a great deal. You can find a wallet which is as cheap as about 5 to 7 dollars. On the other hand, you should expect to pay around 250 to 300 dollars for a high-quality wallet.</p>\n\n<p>In case you need a wallet to use for a long time, it is a good idea that you should invest a decent amount of money on a wallet. A high quality wallet from a reputational brand with the premium quality such as cowhide leather will last for a long time. In addition, it is an accessory to show off your fashion sense and your social status.</p>\n\n<p style=\"text-align:center\"><img alt=\"f2\" src=\"/storage/news/5.jpg\" /></p>\n\n<p>&nbsp;</p>\n','published',1,'Botble\\ACL\\Models\\User',1,'news/5.jpg',2181,NULL,'2022-05-30 02:37:18','2022-05-30 02:37:18'),(6,'We\'re Crushing Hard on Summer\'s 10 Biggest Bag Trends','You should pay more attention when you choose your wallets. There are a lot of them on the market with the different designs and styles. When you choose carefully, you would be able to buy a wallet that is catered to your needs. Not to mention that it will help to enhance your style significantly.','<p>I have seen many people underestimating the power of their wallets. To them, they are just a functional item they use to carry. As a result, they often end up with the wallets which are not really suitable for them.</p>\n\n<p>You should pay more attention when you choose your wallets. There are a lot of them on the market with the different designs and styles. When you choose carefully, you would be able to buy a wallet that is catered to your needs. Not to mention that it will help to enhance your style significantly.</p>\n\n<p style=\"text-align:center\"><img alt=\"f4\" src=\"/storage/news/1.jpg\" /></p>\n\n<p><br />\n&nbsp;</p>\n\n<p><strong><em>For all of the reason above, here are 7 expert tips to help you pick up the right men&rsquo;s wallet for you:</em></strong></p>\n\n<h4><strong>Number 1: Choose A Neat Wallet</strong></h4>\n\n<p>The wallet is an essential accessory that you should go simple. Simplicity is the best in this case. A simple and neat wallet with the plain color and even&nbsp;<strong>minimalist style</strong>&nbsp;is versatile. It can be used for both formal and casual events. In addition, that wallet will go well with most of the clothes in your wardrobe.</p>\n\n<p>Keep in mind that a wallet will tell other people about your personality and your fashion sense as much as other clothes you put on. Hence, don&rsquo;t go cheesy on your wallet or else people will think that you have a funny and particular style.</p>\n\n<p style=\"text-align:center\"><img alt=\"f5\" src=\"/storage/news/2.jpg\" /></p>\n\n<p><br />\n&nbsp;</p>\n<hr />\n<h4><strong>Number 2: Choose The Right Size For Your Wallet</strong></h4>\n\n<p>You should avoid having an over-sized wallet. Don&rsquo;t think that you need to buy a big wallet because you have a lot to carry with you. In addition, a fat wallet is very ugly. It will make it harder for you to slide the wallet into your trousers&rsquo; pocket. In addition, it will create a bulge and ruin your look.</p>\n\n<p>Before you go on to buy a new wallet, clean out your wallet and place all the items from your wallet on a table. Throw away things that you would never need any more such as the old bills or the expired gift cards. Remember to check your wallet on a frequent basis to get rid of all of the old stuff that you don&rsquo;t need anymore.</p>\n\n<p style=\"text-align:center\"><img alt=\"f1\" src=\"/storage/news/3.jpg\" /></p>\n\n<p><br />\n&nbsp;</p>\n\n<hr />\n<h4><strong>Number 3: Don&rsquo;t Limit Your Options Of Materials</strong></h4>\n\n<p>The types and designs of wallets are not the only things that you should consider when you go out searching for your best wallet. You have more than 1 option of material rather than leather to choose from as well.</p>\n\n<p>You can experiment with other available options such as cotton, polyester and canvas. They all have their own pros and cons. As a result, they will be suitable for different needs and requirements. You should think about them all in order to choose the material which you would like the most.</p>\n\n<p style=\"text-align:center\"><img alt=\"f6\" src=\"/storage/news/4.jpg\" /></p>\n\n<p><br />\n&nbsp;</p>\n\n<hr />\n<h4><strong>Number 4: Consider A Wallet As A Long Term Investment</strong></h4>\n\n<p>Your wallet is indeed an investment that you should consider spending a decent amount of time and effort on it. Another factor that you need to consider is how much you want to spend on your wallet. The price ranges of wallets on the market vary a great deal. You can find a wallet which is as cheap as about 5 to 7 dollars. On the other hand, you should expect to pay around 250 to 300 dollars for a high-quality wallet.</p>\n\n<p>In case you need a wallet to use for a long time, it is a good idea that you should invest a decent amount of money on a wallet. A high quality wallet from a reputational brand with the premium quality such as cowhide leather will last for a long time. In addition, it is an accessory to show off your fashion sense and your social status.</p>\n\n<p style=\"text-align:center\"><img alt=\"f2\" src=\"/storage/news/5.jpg\" /></p>\n\n<p>&nbsp;</p>\n','published',1,'Botble\\ACL\\Models\\User',1,'news/6.jpg',402,NULL,'2022-05-30 02:37:18','2022-05-30 02:37:18'),(7,'Essential Qualities of Highly Successful Music','You should pay more attention when you choose your wallets. There are a lot of them on the market with the different designs and styles. When you choose carefully, you would be able to buy a wallet that is catered to your needs. Not to mention that it will help to enhance your style significantly.','<p>I have seen many people underestimating the power of their wallets. To them, they are just a functional item they use to carry. As a result, they often end up with the wallets which are not really suitable for them.</p>\n\n<p>You should pay more attention when you choose your wallets. There are a lot of them on the market with the different designs and styles. When you choose carefully, you would be able to buy a wallet that is catered to your needs. Not to mention that it will help to enhance your style significantly.</p>\n\n<p style=\"text-align:center\"><img alt=\"f4\" src=\"/storage/news/1.jpg\" /></p>\n\n<p><br />\n&nbsp;</p>\n\n<p><strong><em>For all of the reason above, here are 7 expert tips to help you pick up the right men&rsquo;s wallet for you:</em></strong></p>\n\n<h4><strong>Number 1: Choose A Neat Wallet</strong></h4>\n\n<p>The wallet is an essential accessory that you should go simple. Simplicity is the best in this case. A simple and neat wallet with the plain color and even&nbsp;<strong>minimalist style</strong>&nbsp;is versatile. It can be used for both formal and casual events. In addition, that wallet will go well with most of the clothes in your wardrobe.</p>\n\n<p>Keep in mind that a wallet will tell other people about your personality and your fashion sense as much as other clothes you put on. Hence, don&rsquo;t go cheesy on your wallet or else people will think that you have a funny and particular style.</p>\n\n<p style=\"text-align:center\"><img alt=\"f5\" src=\"/storage/news/2.jpg\" /></p>\n\n<p><br />\n&nbsp;</p>\n<hr />\n<h4><strong>Number 2: Choose The Right Size For Your Wallet</strong></h4>\n\n<p>You should avoid having an over-sized wallet. Don&rsquo;t think that you need to buy a big wallet because you have a lot to carry with you. In addition, a fat wallet is very ugly. It will make it harder for you to slide the wallet into your trousers&rsquo; pocket. In addition, it will create a bulge and ruin your look.</p>\n\n<p>Before you go on to buy a new wallet, clean out your wallet and place all the items from your wallet on a table. Throw away things that you would never need any more such as the old bills or the expired gift cards. Remember to check your wallet on a frequent basis to get rid of all of the old stuff that you don&rsquo;t need anymore.</p>\n\n<p style=\"text-align:center\"><img alt=\"f1\" src=\"/storage/news/3.jpg\" /></p>\n\n<p><br />\n&nbsp;</p>\n\n<hr />\n<h4><strong>Number 3: Don&rsquo;t Limit Your Options Of Materials</strong></h4>\n\n<p>The types and designs of wallets are not the only things that you should consider when you go out searching for your best wallet. You have more than 1 option of material rather than leather to choose from as well.</p>\n\n<p>You can experiment with other available options such as cotton, polyester and canvas. They all have their own pros and cons. As a result, they will be suitable for different needs and requirements. You should think about them all in order to choose the material which you would like the most.</p>\n\n<p style=\"text-align:center\"><img alt=\"f6\" src=\"/storage/news/4.jpg\" /></p>\n\n<p><br />\n&nbsp;</p>\n\n<hr />\n<h4><strong>Number 4: Consider A Wallet As A Long Term Investment</strong></h4>\n\n<p>Your wallet is indeed an investment that you should consider spending a decent amount of time and effort on it. Another factor that you need to consider is how much you want to spend on your wallet. The price ranges of wallets on the market vary a great deal. You can find a wallet which is as cheap as about 5 to 7 dollars. On the other hand, you should expect to pay around 250 to 300 dollars for a high-quality wallet.</p>\n\n<p>In case you need a wallet to use for a long time, it is a good idea that you should invest a decent amount of money on a wallet. A high quality wallet from a reputational brand with the premium quality such as cowhide leather will last for a long time. In addition, it is an accessory to show off your fashion sense and your social status.</p>\n\n<p style=\"text-align:center\"><img alt=\"f2\" src=\"/storage/news/5.jpg\" /></p>\n\n<p>&nbsp;</p>\n','published',1,'Botble\\ACL\\Models\\User',1,'news/7.jpg',1361,NULL,'2022-05-30 02:37:18','2022-05-30 02:37:18'),(8,'9 Things I Love About Shaving My Head','You should pay more attention when you choose your wallets. There are a lot of them on the market with the different designs and styles. When you choose carefully, you would be able to buy a wallet that is catered to your needs. Not to mention that it will help to enhance your style significantly.','<p>I have seen many people underestimating the power of their wallets. To them, they are just a functional item they use to carry. As a result, they often end up with the wallets which are not really suitable for them.</p>\n\n<p>You should pay more attention when you choose your wallets. There are a lot of them on the market with the different designs and styles. When you choose carefully, you would be able to buy a wallet that is catered to your needs. Not to mention that it will help to enhance your style significantly.</p>\n\n<p style=\"text-align:center\"><img alt=\"f4\" src=\"/storage/news/1.jpg\" /></p>\n\n<p><br />\n&nbsp;</p>\n\n<p><strong><em>For all of the reason above, here are 7 expert tips to help you pick up the right men&rsquo;s wallet for you:</em></strong></p>\n\n<h4><strong>Number 1: Choose A Neat Wallet</strong></h4>\n\n<p>The wallet is an essential accessory that you should go simple. Simplicity is the best in this case. A simple and neat wallet with the plain color and even&nbsp;<strong>minimalist style</strong>&nbsp;is versatile. It can be used for both formal and casual events. In addition, that wallet will go well with most of the clothes in your wardrobe.</p>\n\n<p>Keep in mind that a wallet will tell other people about your personality and your fashion sense as much as other clothes you put on. Hence, don&rsquo;t go cheesy on your wallet or else people will think that you have a funny and particular style.</p>\n\n<p style=\"text-align:center\"><img alt=\"f5\" src=\"/storage/news/2.jpg\" /></p>\n\n<p><br />\n&nbsp;</p>\n<hr />\n<h4><strong>Number 2: Choose The Right Size For Your Wallet</strong></h4>\n\n<p>You should avoid having an over-sized wallet. Don&rsquo;t think that you need to buy a big wallet because you have a lot to carry with you. In addition, a fat wallet is very ugly. It will make it harder for you to slide the wallet into your trousers&rsquo; pocket. In addition, it will create a bulge and ruin your look.</p>\n\n<p>Before you go on to buy a new wallet, clean out your wallet and place all the items from your wallet on a table. Throw away things that you would never need any more such as the old bills or the expired gift cards. Remember to check your wallet on a frequent basis to get rid of all of the old stuff that you don&rsquo;t need anymore.</p>\n\n<p style=\"text-align:center\"><img alt=\"f1\" src=\"/storage/news/3.jpg\" /></p>\n\n<p><br />\n&nbsp;</p>\n\n<hr />\n<h4><strong>Number 3: Don&rsquo;t Limit Your Options Of Materials</strong></h4>\n\n<p>The types and designs of wallets are not the only things that you should consider when you go out searching for your best wallet. You have more than 1 option of material rather than leather to choose from as well.</p>\n\n<p>You can experiment with other available options such as cotton, polyester and canvas. They all have their own pros and cons. As a result, they will be suitable for different needs and requirements. You should think about them all in order to choose the material which you would like the most.</p>\n\n<p style=\"text-align:center\"><img alt=\"f6\" src=\"/storage/news/4.jpg\" /></p>\n\n<p><br />\n&nbsp;</p>\n\n<hr />\n<h4><strong>Number 4: Consider A Wallet As A Long Term Investment</strong></h4>\n\n<p>Your wallet is indeed an investment that you should consider spending a decent amount of time and effort on it. Another factor that you need to consider is how much you want to spend on your wallet. The price ranges of wallets on the market vary a great deal. You can find a wallet which is as cheap as about 5 to 7 dollars. On the other hand, you should expect to pay around 250 to 300 dollars for a high-quality wallet.</p>\n\n<p>In case you need a wallet to use for a long time, it is a good idea that you should invest a decent amount of money on a wallet. A high quality wallet from a reputational brand with the premium quality such as cowhide leather will last for a long time. In addition, it is an accessory to show off your fashion sense and your social status.</p>\n\n<p style=\"text-align:center\"><img alt=\"f2\" src=\"/storage/news/5.jpg\" /></p>\n\n<p>&nbsp;</p>\n','published',1,'Botble\\ACL\\Models\\User',1,'news/8.jpg',1417,NULL,'2022-05-30 02:37:18','2022-05-30 02:37:18'),(9,'Why Teamwork Really Makes The Dream Work','You should pay more attention when you choose your wallets. There are a lot of them on the market with the different designs and styles. When you choose carefully, you would be able to buy a wallet that is catered to your needs. Not to mention that it will help to enhance your style significantly.','<p>I have seen many people underestimating the power of their wallets. To them, they are just a functional item they use to carry. As a result, they often end up with the wallets which are not really suitable for them.</p>\n\n<p>You should pay more attention when you choose your wallets. There are a lot of them on the market with the different designs and styles. When you choose carefully, you would be able to buy a wallet that is catered to your needs. Not to mention that it will help to enhance your style significantly.</p>\n\n<p style=\"text-align:center\"><img alt=\"f4\" src=\"/storage/news/1.jpg\" /></p>\n\n<p><br />\n&nbsp;</p>\n\n<p><strong><em>For all of the reason above, here are 7 expert tips to help you pick up the right men&rsquo;s wallet for you:</em></strong></p>\n\n<h4><strong>Number 1: Choose A Neat Wallet</strong></h4>\n\n<p>The wallet is an essential accessory that you should go simple. Simplicity is the best in this case. A simple and neat wallet with the plain color and even&nbsp;<strong>minimalist style</strong>&nbsp;is versatile. It can be used for both formal and casual events. In addition, that wallet will go well with most of the clothes in your wardrobe.</p>\n\n<p>Keep in mind that a wallet will tell other people about your personality and your fashion sense as much as other clothes you put on. Hence, don&rsquo;t go cheesy on your wallet or else people will think that you have a funny and particular style.</p>\n\n<p style=\"text-align:center\"><img alt=\"f5\" src=\"/storage/news/2.jpg\" /></p>\n\n<p><br />\n&nbsp;</p>\n<hr />\n<h4><strong>Number 2: Choose The Right Size For Your Wallet</strong></h4>\n\n<p>You should avoid having an over-sized wallet. Don&rsquo;t think that you need to buy a big wallet because you have a lot to carry with you. In addition, a fat wallet is very ugly. It will make it harder for you to slide the wallet into your trousers&rsquo; pocket. In addition, it will create a bulge and ruin your look.</p>\n\n<p>Before you go on to buy a new wallet, clean out your wallet and place all the items from your wallet on a table. Throw away things that you would never need any more such as the old bills or the expired gift cards. Remember to check your wallet on a frequent basis to get rid of all of the old stuff that you don&rsquo;t need anymore.</p>\n\n<p style=\"text-align:center\"><img alt=\"f1\" src=\"/storage/news/3.jpg\" /></p>\n\n<p><br />\n&nbsp;</p>\n\n<hr />\n<h4><strong>Number 3: Don&rsquo;t Limit Your Options Of Materials</strong></h4>\n\n<p>The types and designs of wallets are not the only things that you should consider when you go out searching for your best wallet. You have more than 1 option of material rather than leather to choose from as well.</p>\n\n<p>You can experiment with other available options such as cotton, polyester and canvas. They all have their own pros and cons. As a result, they will be suitable for different needs and requirements. You should think about them all in order to choose the material which you would like the most.</p>\n\n<p style=\"text-align:center\"><img alt=\"f6\" src=\"/storage/news/4.jpg\" /></p>\n\n<p><br />\n&nbsp;</p>\n\n<hr />\n<h4><strong>Number 4: Consider A Wallet As A Long Term Investment</strong></h4>\n\n<p>Your wallet is indeed an investment that you should consider spending a decent amount of time and effort on it. Another factor that you need to consider is how much you want to spend on your wallet. The price ranges of wallets on the market vary a great deal. You can find a wallet which is as cheap as about 5 to 7 dollars. On the other hand, you should expect to pay around 250 to 300 dollars for a high-quality wallet.</p>\n\n<p>In case you need a wallet to use for a long time, it is a good idea that you should invest a decent amount of money on a wallet. A high quality wallet from a reputational brand with the premium quality such as cowhide leather will last for a long time. In addition, it is an accessory to show off your fashion sense and your social status.</p>\n\n<p style=\"text-align:center\"><img alt=\"f2\" src=\"/storage/news/5.jpg\" /></p>\n\n<p>&nbsp;</p>\n','published',1,'Botble\\ACL\\Models\\User',1,'news/9.jpg',2478,NULL,'2022-05-30 02:37:18','2022-05-30 02:37:18'),(10,'The World Caters to Average People','You should pay more attention when you choose your wallets. There are a lot of them on the market with the different designs and styles. When you choose carefully, you would be able to buy a wallet that is catered to your needs. Not to mention that it will help to enhance your style significantly.','<p>I have seen many people underestimating the power of their wallets. To them, they are just a functional item they use to carry. As a result, they often end up with the wallets which are not really suitable for them.</p>\n\n<p>You should pay more attention when you choose your wallets. There are a lot of them on the market with the different designs and styles. When you choose carefully, you would be able to buy a wallet that is catered to your needs. Not to mention that it will help to enhance your style significantly.</p>\n\n<p style=\"text-align:center\"><img alt=\"f4\" src=\"/storage/news/1.jpg\" /></p>\n\n<p><br />\n&nbsp;</p>\n\n<p><strong><em>For all of the reason above, here are 7 expert tips to help you pick up the right men&rsquo;s wallet for you:</em></strong></p>\n\n<h4><strong>Number 1: Choose A Neat Wallet</strong></h4>\n\n<p>The wallet is an essential accessory that you should go simple. Simplicity is the best in this case. A simple and neat wallet with the plain color and even&nbsp;<strong>minimalist style</strong>&nbsp;is versatile. It can be used for both formal and casual events. In addition, that wallet will go well with most of the clothes in your wardrobe.</p>\n\n<p>Keep in mind that a wallet will tell other people about your personality and your fashion sense as much as other clothes you put on. Hence, don&rsquo;t go cheesy on your wallet or else people will think that you have a funny and particular style.</p>\n\n<p style=\"text-align:center\"><img alt=\"f5\" src=\"/storage/news/2.jpg\" /></p>\n\n<p><br />\n&nbsp;</p>\n<hr />\n<h4><strong>Number 2: Choose The Right Size For Your Wallet</strong></h4>\n\n<p>You should avoid having an over-sized wallet. Don&rsquo;t think that you need to buy a big wallet because you have a lot to carry with you. In addition, a fat wallet is very ugly. It will make it harder for you to slide the wallet into your trousers&rsquo; pocket. In addition, it will create a bulge and ruin your look.</p>\n\n<p>Before you go on to buy a new wallet, clean out your wallet and place all the items from your wallet on a table. Throw away things that you would never need any more such as the old bills or the expired gift cards. Remember to check your wallet on a frequent basis to get rid of all of the old stuff that you don&rsquo;t need anymore.</p>\n\n<p style=\"text-align:center\"><img alt=\"f1\" src=\"/storage/news/3.jpg\" /></p>\n\n<p><br />\n&nbsp;</p>\n\n<hr />\n<h4><strong>Number 3: Don&rsquo;t Limit Your Options Of Materials</strong></h4>\n\n<p>The types and designs of wallets are not the only things that you should consider when you go out searching for your best wallet. You have more than 1 option of material rather than leather to choose from as well.</p>\n\n<p>You can experiment with other available options such as cotton, polyester and canvas. They all have their own pros and cons. As a result, they will be suitable for different needs and requirements. You should think about them all in order to choose the material which you would like the most.</p>\n\n<p style=\"text-align:center\"><img alt=\"f6\" src=\"/storage/news/4.jpg\" /></p>\n\n<p><br />\n&nbsp;</p>\n\n<hr />\n<h4><strong>Number 4: Consider A Wallet As A Long Term Investment</strong></h4>\n\n<p>Your wallet is indeed an investment that you should consider spending a decent amount of time and effort on it. Another factor that you need to consider is how much you want to spend on your wallet. The price ranges of wallets on the market vary a great deal. You can find a wallet which is as cheap as about 5 to 7 dollars. On the other hand, you should expect to pay around 250 to 300 dollars for a high-quality wallet.</p>\n\n<p>In case you need a wallet to use for a long time, it is a good idea that you should invest a decent amount of money on a wallet. A high quality wallet from a reputational brand with the premium quality such as cowhide leather will last for a long time. In addition, it is an accessory to show off your fashion sense and your social status.</p>\n\n<p style=\"text-align:center\"><img alt=\"f2\" src=\"/storage/news/5.jpg\" /></p>\n\n<p>&nbsp;</p>\n','published',1,'Botble\\ACL\\Models\\User',1,'news/10.jpg',1088,NULL,'2022-05-30 02:37:18','2022-05-30 02:37:18'),(11,'The litigants on the screen are not actors','You should pay more attention when you choose your wallets. There are a lot of them on the market with the different designs and styles. When you choose carefully, you would be able to buy a wallet that is catered to your needs. Not to mention that it will help to enhance your style significantly.','<p>I have seen many people underestimating the power of their wallets. To them, they are just a functional item they use to carry. As a result, they often end up with the wallets which are not really suitable for them.</p>\n\n<p>You should pay more attention when you choose your wallets. There are a lot of them on the market with the different designs and styles. When you choose carefully, you would be able to buy a wallet that is catered to your needs. Not to mention that it will help to enhance your style significantly.</p>\n\n<p style=\"text-align:center\"><img alt=\"f4\" src=\"/storage/news/1.jpg\" /></p>\n\n<p><br />\n&nbsp;</p>\n\n<p><strong><em>For all of the reason above, here are 7 expert tips to help you pick up the right men&rsquo;s wallet for you:</em></strong></p>\n\n<h4><strong>Number 1: Choose A Neat Wallet</strong></h4>\n\n<p>The wallet is an essential accessory that you should go simple. Simplicity is the best in this case. A simple and neat wallet with the plain color and even&nbsp;<strong>minimalist style</strong>&nbsp;is versatile. It can be used for both formal and casual events. In addition, that wallet will go well with most of the clothes in your wardrobe.</p>\n\n<p>Keep in mind that a wallet will tell other people about your personality and your fashion sense as much as other clothes you put on. Hence, don&rsquo;t go cheesy on your wallet or else people will think that you have a funny and particular style.</p>\n\n<p style=\"text-align:center\"><img alt=\"f5\" src=\"/storage/news/2.jpg\" /></p>\n\n<p><br />\n&nbsp;</p>\n<hr />\n<h4><strong>Number 2: Choose The Right Size For Your Wallet</strong></h4>\n\n<p>You should avoid having an over-sized wallet. Don&rsquo;t think that you need to buy a big wallet because you have a lot to carry with you. In addition, a fat wallet is very ugly. It will make it harder for you to slide the wallet into your trousers&rsquo; pocket. In addition, it will create a bulge and ruin your look.</p>\n\n<p>Before you go on to buy a new wallet, clean out your wallet and place all the items from your wallet on a table. Throw away things that you would never need any more such as the old bills or the expired gift cards. Remember to check your wallet on a frequent basis to get rid of all of the old stuff that you don&rsquo;t need anymore.</p>\n\n<p style=\"text-align:center\"><img alt=\"f1\" src=\"/storage/news/3.jpg\" /></p>\n\n<p><br />\n&nbsp;</p>\n\n<hr />\n<h4><strong>Number 3: Don&rsquo;t Limit Your Options Of Materials</strong></h4>\n\n<p>The types and designs of wallets are not the only things that you should consider when you go out searching for your best wallet. You have more than 1 option of material rather than leather to choose from as well.</p>\n\n<p>You can experiment with other available options such as cotton, polyester and canvas. They all have their own pros and cons. As a result, they will be suitable for different needs and requirements. You should think about them all in order to choose the material which you would like the most.</p>\n\n<p style=\"text-align:center\"><img alt=\"f6\" src=\"/storage/news/4.jpg\" /></p>\n\n<p><br />\n&nbsp;</p>\n\n<hr />\n<h4><strong>Number 4: Consider A Wallet As A Long Term Investment</strong></h4>\n\n<p>Your wallet is indeed an investment that you should consider spending a decent amount of time and effort on it. Another factor that you need to consider is how much you want to spend on your wallet. The price ranges of wallets on the market vary a great deal. You can find a wallet which is as cheap as about 5 to 7 dollars. On the other hand, you should expect to pay around 250 to 300 dollars for a high-quality wallet.</p>\n\n<p>In case you need a wallet to use for a long time, it is a good idea that you should invest a decent amount of money on a wallet. A high quality wallet from a reputational brand with the premium quality such as cowhide leather will last for a long time. In addition, it is an accessory to show off your fashion sense and your social status.</p>\n\n<p style=\"text-align:center\"><img alt=\"f2\" src=\"/storage/news/5.jpg\" /></p>\n\n<p>&nbsp;</p>\n','published',1,'Botble\\ACL\\Models\\User',0,'news/11.jpg',2486,NULL,'2022-05-30 02:37:18','2022-05-30 02:37:18');
/*!40000 ALTER TABLE `posts` ENABLE KEYS */;
UNLOCK TABLES;

--
-- Table structure for table `posts_translations`
--

DROP TABLE IF EXISTS `posts_translations`;
/*!40101 SET @saved_cs_client     = @@character_set_client */;
/*!50503 SET character_set_client = utf8mb4 */;
CREATE TABLE `posts_translations` (
  `lang_code` varchar(191) COLLATE utf8mb4_unicode_ci NOT NULL,
  `posts_id` int NOT NULL,
  `name` varchar(255) COLLATE utf8mb4_unicode_ci DEFAULT NULL,
  `description` varchar(400) COLLATE utf8mb4_unicode_ci DEFAULT NULL,
  `content` longtext COLLATE utf8mb4_unicode_ci,
  PRIMARY KEY (`lang_code`,`posts_id`)
) ENGINE=InnoDB DEFAULT CHARSET=utf8mb4 COLLATE=utf8mb4_unicode_ci;
/*!40101 SET character_set_client = @saved_cs_client */;

--
-- Dumping data for table `posts_translations`
--

LOCK TABLES `posts_translations` WRITE;
/*!40000 ALTER TABLE `posts_translations` DISABLE KEYS */;
INSERT INTO `posts_translations` VALUES ('vi',1,'4 Lời khuyên của Chuyên gia về Cách Chọn Ví Nam Phù hợp','Bạn nên chú ý hơn khi chọn ví. Có rất nhiều trong số chúng trên thị trường với các mẫu mã và phong cách khác nhau. Khi bạn lựa chọn cẩn thận, bạn sẽ có thể mua một chiếc ví phù hợp với nhu cầu của bạn. Chưa kể nó sẽ giúp nâng tầm phong cách của bạn một cách đáng kể.','<p>I have seen many people underestimating the power of their wallets. To them, they are just a functional item they use to carry. As a result, they often end up with the wallets which are not really suitable for them.</p>\n\n<p>You should pay more attention when you choose your wallets. There are a lot of them on the market with the different designs and styles. When you choose carefully, you would be able to buy a wallet that is catered to your needs. Not to mention that it will help to enhance your style significantly.</p>\n\n<p style=\"text-align:center\"><img alt=\"f4\" src=\"/storage/news/1.jpg\" /></p>\n\n<p><br />\n&nbsp;</p>\n\n<p><strong><em>For all of the reason above, here are 7 expert tips to help you pick up the right men&rsquo;s wallet for you:</em></strong></p>\n\n<h4><strong>Number 1: Choose A Neat Wallet</strong></h4>\n\n<p>The wallet is an essential accessory that you should go simple. Simplicity is the best in this case. A simple and neat wallet with the plain color and even&nbsp;<strong>minimalist style</strong>&nbsp;is versatile. It can be used for both formal and casual events. In addition, that wallet will go well with most of the clothes in your wardrobe.</p>\n\n<p>Keep in mind that a wallet will tell other people about your personality and your fashion sense as much as other clothes you put on. Hence, don&rsquo;t go cheesy on your wallet or else people will think that you have a funny and particular style.</p>\n\n<p style=\"text-align:center\"><img alt=\"f5\" src=\"/storage/news/2.jpg\" /></p>\n\n<p><br />\n&nbsp;</p>\n<hr />\n<h4><strong>Number 2: Choose The Right Size For Your Wallet</strong></h4>\n\n<p>You should avoid having an over-sized wallet. Don&rsquo;t think that you need to buy a big wallet because you have a lot to carry with you. In addition, a fat wallet is very ugly. It will make it harder for you to slide the wallet into your trousers&rsquo; pocket. In addition, it will create a bulge and ruin your look.</p>\n\n<p>Before you go on to buy a new wallet, clean out your wallet and place all the items from your wallet on a table. Throw away things that you would never need any more such as the old bills or the expired gift cards. Remember to check your wallet on a frequent basis to get rid of all of the old stuff that you don&rsquo;t need anymore.</p>\n\n<p style=\"text-align:center\"><img alt=\"f1\" src=\"/storage/news/3.jpg\" /></p>\n\n<p><br />\n&nbsp;</p>\n\n<hr />\n<h4><strong>Number 3: Don&rsquo;t Limit Your Options Of Materials</strong></h4>\n\n<p>The types and designs of wallets are not the only things that you should consider when you go out searching for your best wallet. You have more than 1 option of material rather than leather to choose from as well.</p>\n\n<p>You can experiment with other available options such as cotton, polyester and canvas. They all have their own pros and cons. As a result, they will be suitable for different needs and requirements. You should think about them all in order to choose the material which you would like the most.</p>\n\n<p style=\"text-align:center\"><img alt=\"f6\" src=\"/storage/news/4.jpg\" /></p>\n\n<p><br />\n&nbsp;</p>\n\n<hr />\n<h4><strong>Number 4: Consider A Wallet As A Long Term Investment</strong></h4>\n\n<p>Your wallet is indeed an investment that you should consider spending a decent amount of time and effort on it. Another factor that you need to consider is how much you want to spend on your wallet. The price ranges of wallets on the market vary a great deal. You can find a wallet which is as cheap as about 5 to 7 dollars. On the other hand, you should expect to pay around 250 to 300 dollars for a high-quality wallet.</p>\n\n<p>In case you need a wallet to use for a long time, it is a good idea that you should invest a decent amount of money on a wallet. A high quality wallet from a reputational brand with the premium quality such as cowhide leather will last for a long time. In addition, it is an accessory to show off your fashion sense and your social status.</p>\n\n<p style=\"text-align:center\"><img alt=\"f2\" src=\"/storage/news/5.jpg\" /></p>\n\n<p>&nbsp;</p>\n'),('vi',2,'Sexy Clutches: Cách Mua & Đeo Túi Clutch Thiết kế','Bạn nên chú ý hơn khi chọn ví. Có rất nhiều trong số chúng trên thị trường với các mẫu mã và phong cách khác nhau. Khi bạn lựa chọn cẩn thận, bạn sẽ có thể mua một chiếc ví phù hợp với nhu cầu của bạn. Chưa kể nó sẽ giúp nâng tầm phong cách của bạn một cách đáng kể.','<p>I have seen many people underestimating the power of their wallets. To them, they are just a functional item they use to carry. As a result, they often end up with the wallets which are not really suitable for them.</p>\n\n<p>You should pay more attention when you choose your wallets. There are a lot of them on the market with the different designs and styles. When you choose carefully, you would be able to buy a wallet that is catered to your needs. Not to mention that it will help to enhance your style significantly.</p>\n\n<p style=\"text-align:center\"><img alt=\"f4\" src=\"/storage/news/1.jpg\" /></p>\n\n<p><br />\n&nbsp;</p>\n\n<p><strong><em>For all of the reason above, here are 7 expert tips to help you pick up the right men&rsquo;s wallet for you:</em></strong></p>\n\n<h4><strong>Number 1: Choose A Neat Wallet</strong></h4>\n\n<p>The wallet is an essential accessory that you should go simple. Simplicity is the best in this case. A simple and neat wallet with the plain color and even&nbsp;<strong>minimalist style</strong>&nbsp;is versatile. It can be used for both formal and casual events. In addition, that wallet will go well with most of the clothes in your wardrobe.</p>\n\n<p>Keep in mind that a wallet will tell other people about your personality and your fashion sense as much as other clothes you put on. Hence, don&rsquo;t go cheesy on your wallet or else people will think that you have a funny and particular style.</p>\n\n<p style=\"text-align:center\"><img alt=\"f5\" src=\"/storage/news/2.jpg\" /></p>\n\n<p><br />\n&nbsp;</p>\n<hr />\n<h4><strong>Number 2: Choose The Right Size For Your Wallet</strong></h4>\n\n<p>You should avoid having an over-sized wallet. Don&rsquo;t think that you need to buy a big wallet because you have a lot to carry with you. In addition, a fat wallet is very ugly. It will make it harder for you to slide the wallet into your trousers&rsquo; pocket. In addition, it will create a bulge and ruin your look.</p>\n\n<p>Before you go on to buy a new wallet, clean out your wallet and place all the items from your wallet on a table. Throw away things that you would never need any more such as the old bills or the expired gift cards. Remember to check your wallet on a frequent basis to get rid of all of the old stuff that you don&rsquo;t need anymore.</p>\n\n<p style=\"text-align:center\"><img alt=\"f1\" src=\"/storage/news/3.jpg\" /></p>\n\n<p><br />\n&nbsp;</p>\n\n<hr />\n<h4><strong>Number 3: Don&rsquo;t Limit Your Options Of Materials</strong></h4>\n\n<p>The types and designs of wallets are not the only things that you should consider when you go out searching for your best wallet. You have more than 1 option of material rather than leather to choose from as well.</p>\n\n<p>You can experiment with other available options such as cotton, polyester and canvas. They all have their own pros and cons. As a result, they will be suitable for different needs and requirements. You should think about them all in order to choose the material which you would like the most.</p>\n\n<p style=\"text-align:center\"><img alt=\"f6\" src=\"/storage/news/4.jpg\" /></p>\n\n<p><br />\n&nbsp;</p>\n\n<hr />\n<h4><strong>Number 4: Consider A Wallet As A Long Term Investment</strong></h4>\n\n<p>Your wallet is indeed an investment that you should consider spending a decent amount of time and effort on it. Another factor that you need to consider is how much you want to spend on your wallet. The price ranges of wallets on the market vary a great deal. You can find a wallet which is as cheap as about 5 to 7 dollars. On the other hand, you should expect to pay around 250 to 300 dollars for a high-quality wallet.</p>\n\n<p>In case you need a wallet to use for a long time, it is a good idea that you should invest a decent amount of money on a wallet. A high quality wallet from a reputational brand with the premium quality such as cowhide leather will last for a long time. In addition, it is an accessory to show off your fashion sense and your social status.</p>\n\n<p style=\"text-align:center\"><img alt=\"f2\" src=\"/storage/news/5.jpg\" /></p>\n\n<p>&nbsp;</p>\n'),('vi',3,'Xu hướng túi xách hàng đầu năm 2020 cần biết','Bạn nên chú ý hơn khi chọn ví. Có rất nhiều trong số chúng trên thị trường với các mẫu mã và phong cách khác nhau. Khi bạn lựa chọn cẩn thận, bạn sẽ có thể mua một chiếc ví phù hợp với nhu cầu của bạn. Chưa kể nó sẽ giúp nâng tầm phong cách của bạn một cách đáng kể.','<p>I have seen many people underestimating the power of their wallets. To them, they are just a functional item they use to carry. As a result, they often end up with the wallets which are not really suitable for them.</p>\n\n<p>You should pay more attention when you choose your wallets. There are a lot of them on the market with the different designs and styles. When you choose carefully, you would be able to buy a wallet that is catered to your needs. Not to mention that it will help to enhance your style significantly.</p>\n\n<p style=\"text-align:center\"><img alt=\"f4\" src=\"/storage/news/1.jpg\" /></p>\n\n<p><br />\n&nbsp;</p>\n\n<p><strong><em>For all of the reason above, here are 7 expert tips to help you pick up the right men&rsquo;s wallet for you:</em></strong></p>\n\n<h4><strong>Number 1: Choose A Neat Wallet</strong></h4>\n\n<p>The wallet is an essential accessory that you should go simple. Simplicity is the best in this case. A simple and neat wallet with the plain color and even&nbsp;<strong>minimalist style</strong>&nbsp;is versatile. It can be used for both formal and casual events. In addition, that wallet will go well with most of the clothes in your wardrobe.</p>\n\n<p>Keep in mind that a wallet will tell other people about your personality and your fashion sense as much as other clothes you put on. Hence, don&rsquo;t go cheesy on your wallet or else people will think that you have a funny and particular style.</p>\n\n<p style=\"text-align:center\"><img alt=\"f5\" src=\"/storage/news/2.jpg\" /></p>\n\n<p><br />\n&nbsp;</p>\n<hr />\n<h4><strong>Number 2: Choose The Right Size For Your Wallet</strong></h4>\n\n<p>You should avoid having an over-sized wallet. Don&rsquo;t think that you need to buy a big wallet because you have a lot to carry with you. In addition, a fat wallet is very ugly. It will make it harder for you to slide the wallet into your trousers&rsquo; pocket. In addition, it will create a bulge and ruin your look.</p>\n\n<p>Before you go on to buy a new wallet, clean out your wallet and place all the items from your wallet on a table. Throw away things that you would never need any more such as the old bills or the expired gift cards. Remember to check your wallet on a frequent basis to get rid of all of the old stuff that you don&rsquo;t need anymore.</p>\n\n<p style=\"text-align:center\"><img alt=\"f1\" src=\"/storage/news/3.jpg\" /></p>\n\n<p><br />\n&nbsp;</p>\n\n<hr />\n<h4><strong>Number 3: Don&rsquo;t Limit Your Options Of Materials</strong></h4>\n\n<p>The types and designs of wallets are not the only things that you should consider when you go out searching for your best wallet. You have more than 1 option of material rather than leather to choose from as well.</p>\n\n<p>You can experiment with other available options such as cotton, polyester and canvas. They all have their own pros and cons. As a result, they will be suitable for different needs and requirements. You should think about them all in order to choose the material which you would like the most.</p>\n\n<p style=\"text-align:center\"><img alt=\"f6\" src=\"/storage/news/4.jpg\" /></p>\n\n<p><br />\n&nbsp;</p>\n\n<hr />\n<h4><strong>Number 4: Consider A Wallet As A Long Term Investment</strong></h4>\n\n<p>Your wallet is indeed an investment that you should consider spending a decent amount of time and effort on it. Another factor that you need to consider is how much you want to spend on your wallet. The price ranges of wallets on the market vary a great deal. You can find a wallet which is as cheap as about 5 to 7 dollars. On the other hand, you should expect to pay around 250 to 300 dollars for a high-quality wallet.</p>\n\n<p>In case you need a wallet to use for a long time, it is a good idea that you should invest a decent amount of money on a wallet. A high quality wallet from a reputational brand with the premium quality such as cowhide leather will last for a long time. In addition, it is an accessory to show off your fashion sense and your social status.</p>\n\n<p style=\"text-align:center\"><img alt=\"f2\" src=\"/storage/news/5.jpg\" /></p>\n\n<p>&nbsp;</p>\n'),('vi',4,'Cách Phối Màu Túi Xách Của Bạn Với Trang Phục','Bạn nên chú ý hơn khi chọn ví. Có rất nhiều trong số chúng trên thị trường với các mẫu mã và phong cách khác nhau. Khi bạn lựa chọn cẩn thận, bạn sẽ có thể mua một chiếc ví phù hợp với nhu cầu của bạn. Chưa kể nó sẽ giúp nâng tầm phong cách của bạn một cách đáng kể.','<p>I have seen many people underestimating the power of their wallets. To them, they are just a functional item they use to carry. As a result, they often end up with the wallets which are not really suitable for them.</p>\n\n<p>You should pay more attention when you choose your wallets. There are a lot of them on the market with the different designs and styles. When you choose carefully, you would be able to buy a wallet that is catered to your needs. Not to mention that it will help to enhance your style significantly.</p>\n\n<p style=\"text-align:center\"><img alt=\"f4\" src=\"/storage/news/1.jpg\" /></p>\n\n<p><br />\n&nbsp;</p>\n\n<p><strong><em>For all of the reason above, here are 7 expert tips to help you pick up the right men&rsquo;s wallet for you:</em></strong></p>\n\n<h4><strong>Number 1: Choose A Neat Wallet</strong></h4>\n\n<p>The wallet is an essential accessory that you should go simple. Simplicity is the best in this case. A simple and neat wallet with the plain color and even&nbsp;<strong>minimalist style</strong>&nbsp;is versatile. It can be used for both formal and casual events. In addition, that wallet will go well with most of the clothes in your wardrobe.</p>\n\n<p>Keep in mind that a wallet will tell other people about your personality and your fashion sense as much as other clothes you put on. Hence, don&rsquo;t go cheesy on your wallet or else people will think that you have a funny and particular style.</p>\n\n<p style=\"text-align:center\"><img alt=\"f5\" src=\"/storage/news/2.jpg\" /></p>\n\n<p><br />\n&nbsp;</p>\n<hr />\n<h4><strong>Number 2: Choose The Right Size For Your Wallet</strong></h4>\n\n<p>You should avoid having an over-sized wallet. Don&rsquo;t think that you need to buy a big wallet because you have a lot to carry with you. In addition, a fat wallet is very ugly. It will make it harder for you to slide the wallet into your trousers&rsquo; pocket. In addition, it will create a bulge and ruin your look.</p>\n\n<p>Before you go on to buy a new wallet, clean out your wallet and place all the items from your wallet on a table. Throw away things that you would never need any more such as the old bills or the expired gift cards. Remember to check your wallet on a frequent basis to get rid of all of the old stuff that you don&rsquo;t need anymore.</p>\n\n<p style=\"text-align:center\"><img alt=\"f1\" src=\"/storage/news/3.jpg\" /></p>\n\n<p><br />\n&nbsp;</p>\n\n<hr />\n<h4><strong>Number 3: Don&rsquo;t Limit Your Options Of Materials</strong></h4>\n\n<p>The types and designs of wallets are not the only things that you should consider when you go out searching for your best wallet. You have more than 1 option of material rather than leather to choose from as well.</p>\n\n<p>You can experiment with other available options such as cotton, polyester and canvas. They all have their own pros and cons. As a result, they will be suitable for different needs and requirements. You should think about them all in order to choose the material which you would like the most.</p>\n\n<p style=\"text-align:center\"><img alt=\"f6\" src=\"/storage/news/4.jpg\" /></p>\n\n<p><br />\n&nbsp;</p>\n\n<hr />\n<h4><strong>Number 4: Consider A Wallet As A Long Term Investment</strong></h4>\n\n<p>Your wallet is indeed an investment that you should consider spending a decent amount of time and effort on it. Another factor that you need to consider is how much you want to spend on your wallet. The price ranges of wallets on the market vary a great deal. You can find a wallet which is as cheap as about 5 to 7 dollars. On the other hand, you should expect to pay around 250 to 300 dollars for a high-quality wallet.</p>\n\n<p>In case you need a wallet to use for a long time, it is a good idea that you should invest a decent amount of money on a wallet. A high quality wallet from a reputational brand with the premium quality such as cowhide leather will last for a long time. In addition, it is an accessory to show off your fashion sense and your social status.</p>\n\n<p style=\"text-align:center\"><img alt=\"f2\" src=\"/storage/news/5.jpg\" /></p>\n\n<p>&nbsp;</p>\n'),('vi',5,'Cách Chăm sóc Túi Da','Bạn nên chú ý hơn khi chọn ví. Có rất nhiều trong số chúng trên thị trường với các mẫu mã và phong cách khác nhau. Khi bạn lựa chọn cẩn thận, bạn sẽ có thể mua một chiếc ví phù hợp với nhu cầu của bạn. Chưa kể nó sẽ giúp nâng tầm phong cách của bạn một cách đáng kể.','<p>I have seen many people underestimating the power of their wallets. To them, they are just a functional item they use to carry. As a result, they often end up with the wallets which are not really suitable for them.</p>\n\n<p>You should pay more attention when you choose your wallets. There are a lot of them on the market with the different designs and styles. When you choose carefully, you would be able to buy a wallet that is catered to your needs. Not to mention that it will help to enhance your style significantly.</p>\n\n<p style=\"text-align:center\"><img alt=\"f4\" src=\"/storage/news/1.jpg\" /></p>\n\n<p><br />\n&nbsp;</p>\n\n<p><strong><em>For all of the reason above, here are 7 expert tips to help you pick up the right men&rsquo;s wallet for you:</em></strong></p>\n\n<h4><strong>Number 1: Choose A Neat Wallet</strong></h4>\n\n<p>The wallet is an essential accessory that you should go simple. Simplicity is the best in this case. A simple and neat wallet with the plain color and even&nbsp;<strong>minimalist style</strong>&nbsp;is versatile. It can be used for both formal and casual events. In addition, that wallet will go well with most of the clothes in your wardrobe.</p>\n\n<p>Keep in mind that a wallet will tell other people about your personality and your fashion sense as much as other clothes you put on. Hence, don&rsquo;t go cheesy on your wallet or else people will think that you have a funny and particular style.</p>\n\n<p style=\"text-align:center\"><img alt=\"f5\" src=\"/storage/news/2.jpg\" /></p>\n\n<p><br />\n&nbsp;</p>\n<hr />\n<h4><strong>Number 2: Choose The Right Size For Your Wallet</strong></h4>\n\n<p>You should avoid having an over-sized wallet. Don&rsquo;t think that you need to buy a big wallet because you have a lot to carry with you. In addition, a fat wallet is very ugly. It will make it harder for you to slide the wallet into your trousers&rsquo; pocket. In addition, it will create a bulge and ruin your look.</p>\n\n<p>Before you go on to buy a new wallet, clean out your wallet and place all the items from your wallet on a table. Throw away things that you would never need any more such as the old bills or the expired gift cards. Remember to check your wallet on a frequent basis to get rid of all of the old stuff that you don&rsquo;t need anymore.</p>\n\n<p style=\"text-align:center\"><img alt=\"f1\" src=\"/storage/news/3.jpg\" /></p>\n\n<p><br />\n&nbsp;</p>\n\n<hr />\n<h4><strong>Number 3: Don&rsquo;t Limit Your Options Of Materials</strong></h4>\n\n<p>The types and designs of wallets are not the only things that you should consider when you go out searching for your best wallet. You have more than 1 option of material rather than leather to choose from as well.</p>\n\n<p>You can experiment with other available options such as cotton, polyester and canvas. They all have their own pros and cons. As a result, they will be suitable for different needs and requirements. You should think about them all in order to choose the material which you would like the most.</p>\n\n<p style=\"text-align:center\"><img alt=\"f6\" src=\"/storage/news/4.jpg\" /></p>\n\n<p><br />\n&nbsp;</p>\n\n<hr />\n<h4><strong>Number 4: Consider A Wallet As A Long Term Investment</strong></h4>\n\n<p>Your wallet is indeed an investment that you should consider spending a decent amount of time and effort on it. Another factor that you need to consider is how much you want to spend on your wallet. The price ranges of wallets on the market vary a great deal. You can find a wallet which is as cheap as about 5 to 7 dollars. On the other hand, you should expect to pay around 250 to 300 dollars for a high-quality wallet.</p>\n\n<p>In case you need a wallet to use for a long time, it is a good idea that you should invest a decent amount of money on a wallet. A high quality wallet from a reputational brand with the premium quality such as cowhide leather will last for a long time. In addition, it is an accessory to show off your fashion sense and your social status.</p>\n\n<p style=\"text-align:center\"><img alt=\"f2\" src=\"/storage/news/5.jpg\" /></p>\n\n<p>&nbsp;</p>\n'),('vi',6,'Chúng tôi đang nghiền ngẫm 10 xu hướng túi lớn nhất của mùa hè','Bạn nên chú ý hơn khi chọn ví. Có rất nhiều trong số chúng trên thị trường với các mẫu mã và phong cách khác nhau. Khi bạn lựa chọn cẩn thận, bạn sẽ có thể mua một chiếc ví phù hợp với nhu cầu của bạn. Chưa kể nó sẽ giúp nâng tầm phong cách của bạn một cách đáng kể.','<p>I have seen many people underestimating the power of their wallets. To them, they are just a functional item they use to carry. As a result, they often end up with the wallets which are not really suitable for them.</p>\n\n<p>You should pay more attention when you choose your wallets. There are a lot of them on the market with the different designs and styles. When you choose carefully, you would be able to buy a wallet that is catered to your needs. Not to mention that it will help to enhance your style significantly.</p>\n\n<p style=\"text-align:center\"><img alt=\"f4\" src=\"/storage/news/1.jpg\" /></p>\n\n<p><br />\n&nbsp;</p>\n\n<p><strong><em>For all of the reason above, here are 7 expert tips to help you pick up the right men&rsquo;s wallet for you:</em></strong></p>\n\n<h4><strong>Number 1: Choose A Neat Wallet</strong></h4>\n\n<p>The wallet is an essential accessory that you should go simple. Simplicity is the best in this case. A simple and neat wallet with the plain color and even&nbsp;<strong>minimalist style</strong>&nbsp;is versatile. It can be used for both formal and casual events. In addition, that wallet will go well with most of the clothes in your wardrobe.</p>\n\n<p>Keep in mind that a wallet will tell other people about your personality and your fashion sense as much as other clothes you put on. Hence, don&rsquo;t go cheesy on your wallet or else people will think that you have a funny and particular style.</p>\n\n<p style=\"text-align:center\"><img alt=\"f5\" src=\"/storage/news/2.jpg\" /></p>\n\n<p><br />\n&nbsp;</p>\n<hr />\n<h4><strong>Number 2: Choose The Right Size For Your Wallet</strong></h4>\n\n<p>You should avoid having an over-sized wallet. Don&rsquo;t think that you need to buy a big wallet because you have a lot to carry with you. In addition, a fat wallet is very ugly. It will make it harder for you to slide the wallet into your trousers&rsquo; pocket. In addition, it will create a bulge and ruin your look.</p>\n\n<p>Before you go on to buy a new wallet, clean out your wallet and place all the items from your wallet on a table. Throw away things that you would never need any more such as the old bills or the expired gift cards. Remember to check your wallet on a frequent basis to get rid of all of the old stuff that you don&rsquo;t need anymore.</p>\n\n<p style=\"text-align:center\"><img alt=\"f1\" src=\"/storage/news/3.jpg\" /></p>\n\n<p><br />\n&nbsp;</p>\n\n<hr />\n<h4><strong>Number 3: Don&rsquo;t Limit Your Options Of Materials</strong></h4>\n\n<p>The types and designs of wallets are not the only things that you should consider when you go out searching for your best wallet. You have more than 1 option of material rather than leather to choose from as well.</p>\n\n<p>You can experiment with other available options such as cotton, polyester and canvas. They all have their own pros and cons. As a result, they will be suitable for different needs and requirements. You should think about them all in order to choose the material which you would like the most.</p>\n\n<p style=\"text-align:center\"><img alt=\"f6\" src=\"/storage/news/4.jpg\" /></p>\n\n<p><br />\n&nbsp;</p>\n\n<hr />\n<h4><strong>Number 4: Consider A Wallet As A Long Term Investment</strong></h4>\n\n<p>Your wallet is indeed an investment that you should consider spending a decent amount of time and effort on it. Another factor that you need to consider is how much you want to spend on your wallet. The price ranges of wallets on the market vary a great deal. You can find a wallet which is as cheap as about 5 to 7 dollars. On the other hand, you should expect to pay around 250 to 300 dollars for a high-quality wallet.</p>\n\n<p>In case you need a wallet to use for a long time, it is a good idea that you should invest a decent amount of money on a wallet. A high quality wallet from a reputational brand with the premium quality such as cowhide leather will last for a long time. In addition, it is an accessory to show off your fashion sense and your social status.</p>\n\n<p style=\"text-align:center\"><img alt=\"f2\" src=\"/storage/news/5.jpg\" /></p>\n\n<p>&nbsp;</p>\n'),('vi',7,'Những phẩm chất cần thiết của âm nhạc thành công cao','Bạn nên chú ý hơn khi chọn ví. Có rất nhiều trong số chúng trên thị trường với các mẫu mã và phong cách khác nhau. Khi bạn lựa chọn cẩn thận, bạn sẽ có thể mua một chiếc ví phù hợp với nhu cầu của bạn. Chưa kể nó sẽ giúp nâng tầm phong cách của bạn một cách đáng kể.','<p>I have seen many people underestimating the power of their wallets. To them, they are just a functional item they use to carry. As a result, they often end up with the wallets which are not really suitable for them.</p>\n\n<p>You should pay more attention when you choose your wallets. There are a lot of them on the market with the different designs and styles. When you choose carefully, you would be able to buy a wallet that is catered to your needs. Not to mention that it will help to enhance your style significantly.</p>\n\n<p style=\"text-align:center\"><img alt=\"f4\" src=\"/storage/news/1.jpg\" /></p>\n\n<p><br />\n&nbsp;</p>\n\n<p><strong><em>For all of the reason above, here are 7 expert tips to help you pick up the right men&rsquo;s wallet for you:</em></strong></p>\n\n<h4><strong>Number 1: Choose A Neat Wallet</strong></h4>\n\n<p>The wallet is an essential accessory that you should go simple. Simplicity is the best in this case. A simple and neat wallet with the plain color and even&nbsp;<strong>minimalist style</strong>&nbsp;is versatile. It can be used for both formal and casual events. In addition, that wallet will go well with most of the clothes in your wardrobe.</p>\n\n<p>Keep in mind that a wallet will tell other people about your personality and your fashion sense as much as other clothes you put on. Hence, don&rsquo;t go cheesy on your wallet or else people will think that you have a funny and particular style.</p>\n\n<p style=\"text-align:center\"><img alt=\"f5\" src=\"/storage/news/2.jpg\" /></p>\n\n<p><br />\n&nbsp;</p>\n<hr />\n<h4><strong>Number 2: Choose The Right Size For Your Wallet</strong></h4>\n\n<p>You should avoid having an over-sized wallet. Don&rsquo;t think that you need to buy a big wallet because you have a lot to carry with you. In addition, a fat wallet is very ugly. It will make it harder for you to slide the wallet into your trousers&rsquo; pocket. In addition, it will create a bulge and ruin your look.</p>\n\n<p>Before you go on to buy a new wallet, clean out your wallet and place all the items from your wallet on a table. Throw away things that you would never need any more such as the old bills or the expired gift cards. Remember to check your wallet on a frequent basis to get rid of all of the old stuff that you don&rsquo;t need anymore.</p>\n\n<p style=\"text-align:center\"><img alt=\"f1\" src=\"/storage/news/3.jpg\" /></p>\n\n<p><br />\n&nbsp;</p>\n\n<hr />\n<h4><strong>Number 3: Don&rsquo;t Limit Your Options Of Materials</strong></h4>\n\n<p>The types and designs of wallets are not the only things that you should consider when you go out searching for your best wallet. You have more than 1 option of material rather than leather to choose from as well.</p>\n\n<p>You can experiment with other available options such as cotton, polyester and canvas. They all have their own pros and cons. As a result, they will be suitable for different needs and requirements. You should think about them all in order to choose the material which you would like the most.</p>\n\n<p style=\"text-align:center\"><img alt=\"f6\" src=\"/storage/news/4.jpg\" /></p>\n\n<p><br />\n&nbsp;</p>\n\n<hr />\n<h4><strong>Number 4: Consider A Wallet As A Long Term Investment</strong></h4>\n\n<p>Your wallet is indeed an investment that you should consider spending a decent amount of time and effort on it. Another factor that you need to consider is how much you want to spend on your wallet. The price ranges of wallets on the market vary a great deal. You can find a wallet which is as cheap as about 5 to 7 dollars. On the other hand, you should expect to pay around 250 to 300 dollars for a high-quality wallet.</p>\n\n<p>In case you need a wallet to use for a long time, it is a good idea that you should invest a decent amount of money on a wallet. A high quality wallet from a reputational brand with the premium quality such as cowhide leather will last for a long time. In addition, it is an accessory to show off your fashion sense and your social status.</p>\n\n<p style=\"text-align:center\"><img alt=\"f2\" src=\"/storage/news/5.jpg\" /></p>\n\n<p>&nbsp;</p>\n'),('vi',8,'9 điều tôi thích khi cạo đầu','Bạn nên chú ý hơn khi chọn ví. Có rất nhiều trong số chúng trên thị trường với các mẫu mã và phong cách khác nhau. Khi bạn lựa chọn cẩn thận, bạn sẽ có thể mua một chiếc ví phù hợp với nhu cầu của bạn. Chưa kể nó sẽ giúp nâng tầm phong cách của bạn một cách đáng kể.','<p>I have seen many people underestimating the power of their wallets. To them, they are just a functional item they use to carry. As a result, they often end up with the wallets which are not really suitable for them.</p>\n\n<p>You should pay more attention when you choose your wallets. There are a lot of them on the market with the different designs and styles. When you choose carefully, you would be able to buy a wallet that is catered to your needs. Not to mention that it will help to enhance your style significantly.</p>\n\n<p style=\"text-align:center\"><img alt=\"f4\" src=\"/storage/news/1.jpg\" /></p>\n\n<p><br />\n&nbsp;</p>\n\n<p><strong><em>For all of the reason above, here are 7 expert tips to help you pick up the right men&rsquo;s wallet for you:</em></strong></p>\n\n<h4><strong>Number 1: Choose A Neat Wallet</strong></h4>\n\n<p>The wallet is an essential accessory that you should go simple. Simplicity is the best in this case. A simple and neat wallet with the plain color and even&nbsp;<strong>minimalist style</strong>&nbsp;is versatile. It can be used for both formal and casual events. In addition, that wallet will go well with most of the clothes in your wardrobe.</p>\n\n<p>Keep in mind that a wallet will tell other people about your personality and your fashion sense as much as other clothes you put on. Hence, don&rsquo;t go cheesy on your wallet or else people will think that you have a funny and particular style.</p>\n\n<p style=\"text-align:center\"><img alt=\"f5\" src=\"/storage/news/2.jpg\" /></p>\n\n<p><br />\n&nbsp;</p>\n<hr />\n<h4><strong>Number 2: Choose The Right Size For Your Wallet</strong></h4>\n\n<p>You should avoid having an over-sized wallet. Don&rsquo;t think that you need to buy a big wallet because you have a lot to carry with you. In addition, a fat wallet is very ugly. It will make it harder for you to slide the wallet into your trousers&rsquo; pocket. In addition, it will create a bulge and ruin your look.</p>\n\n<p>Before you go on to buy a new wallet, clean out your wallet and place all the items from your wallet on a table. Throw away things that you would never need any more such as the old bills or the expired gift cards. Remember to check your wallet on a frequent basis to get rid of all of the old stuff that you don&rsquo;t need anymore.</p>\n\n<p style=\"text-align:center\"><img alt=\"f1\" src=\"/storage/news/3.jpg\" /></p>\n\n<p><br />\n&nbsp;</p>\n\n<hr />\n<h4><strong>Number 3: Don&rsquo;t Limit Your Options Of Materials</strong></h4>\n\n<p>The types and designs of wallets are not the only things that you should consider when you go out searching for your best wallet. You have more than 1 option of material rather than leather to choose from as well.</p>\n\n<p>You can experiment with other available options such as cotton, polyester and canvas. They all have their own pros and cons. As a result, they will be suitable for different needs and requirements. You should think about them all in order to choose the material which you would like the most.</p>\n\n<p style=\"text-align:center\"><img alt=\"f6\" src=\"/storage/news/4.jpg\" /></p>\n\n<p><br />\n&nbsp;</p>\n\n<hr />\n<h4><strong>Number 4: Consider A Wallet As A Long Term Investment</strong></h4>\n\n<p>Your wallet is indeed an investment that you should consider spending a decent amount of time and effort on it. Another factor that you need to consider is how much you want to spend on your wallet. The price ranges of wallets on the market vary a great deal. You can find a wallet which is as cheap as about 5 to 7 dollars. On the other hand, you should expect to pay around 250 to 300 dollars for a high-quality wallet.</p>\n\n<p>In case you need a wallet to use for a long time, it is a good idea that you should invest a decent amount of money on a wallet. A high quality wallet from a reputational brand with the premium quality such as cowhide leather will last for a long time. In addition, it is an accessory to show off your fashion sense and your social status.</p>\n\n<p style=\"text-align:center\"><img alt=\"f2\" src=\"/storage/news/5.jpg\" /></p>\n\n<p>&nbsp;</p>\n'),('vi',9,'Tại sao làm việc theo nhóm thực sự biến giấc mơ thành công','Bạn nên chú ý hơn khi chọn ví. Có rất nhiều trong số chúng trên thị trường với các mẫu mã và phong cách khác nhau. Khi bạn lựa chọn cẩn thận, bạn sẽ có thể mua một chiếc ví phù hợp với nhu cầu của bạn. Chưa kể nó sẽ giúp nâng tầm phong cách của bạn một cách đáng kể.','<p>I have seen many people underestimating the power of their wallets. To them, they are just a functional item they use to carry. As a result, they often end up with the wallets which are not really suitable for them.</p>\n\n<p>You should pay more attention when you choose your wallets. There are a lot of them on the market with the different designs and styles. When you choose carefully, you would be able to buy a wallet that is catered to your needs. Not to mention that it will help to enhance your style significantly.</p>\n\n<p style=\"text-align:center\"><img alt=\"f4\" src=\"/storage/news/1.jpg\" /></p>\n\n<p><br />\n&nbsp;</p>\n\n<p><strong><em>For all of the reason above, here are 7 expert tips to help you pick up the right men&rsquo;s wallet for you:</em></strong></p>\n\n<h4><strong>Number 1: Choose A Neat Wallet</strong></h4>\n\n<p>The wallet is an essential accessory that you should go simple. Simplicity is the best in this case. A simple and neat wallet with the plain color and even&nbsp;<strong>minimalist style</strong>&nbsp;is versatile. It can be used for both formal and casual events. In addition, that wallet will go well with most of the clothes in your wardrobe.</p>\n\n<p>Keep in mind that a wallet will tell other people about your personality and your fashion sense as much as other clothes you put on. Hence, don&rsquo;t go cheesy on your wallet or else people will think that you have a funny and particular style.</p>\n\n<p style=\"text-align:center\"><img alt=\"f5\" src=\"/storage/news/2.jpg\" /></p>\n\n<p><br />\n&nbsp;</p>\n<hr />\n<h4><strong>Number 2: Choose The Right Size For Your Wallet</strong></h4>\n\n<p>You should avoid having an over-sized wallet. Don&rsquo;t think that you need to buy a big wallet because you have a lot to carry with you. In addition, a fat wallet is very ugly. It will make it harder for you to slide the wallet into your trousers&rsquo; pocket. In addition, it will create a bulge and ruin your look.</p>\n\n<p>Before you go on to buy a new wallet, clean out your wallet and place all the items from your wallet on a table. Throw away things that you would never need any more such as the old bills or the expired gift cards. Remember to check your wallet on a frequent basis to get rid of all of the old stuff that you don&rsquo;t need anymore.</p>\n\n<p style=\"text-align:center\"><img alt=\"f1\" src=\"/storage/news/3.jpg\" /></p>\n\n<p><br />\n&nbsp;</p>\n\n<hr />\n<h4><strong>Number 3: Don&rsquo;t Limit Your Options Of Materials</strong></h4>\n\n<p>The types and designs of wallets are not the only things that you should consider when you go out searching for your best wallet. You have more than 1 option of material rather than leather to choose from as well.</p>\n\n<p>You can experiment with other available options such as cotton, polyester and canvas. They all have their own pros and cons. As a result, they will be suitable for different needs and requirements. You should think about them all in order to choose the material which you would like the most.</p>\n\n<p style=\"text-align:center\"><img alt=\"f6\" src=\"/storage/news/4.jpg\" /></p>\n\n<p><br />\n&nbsp;</p>\n\n<hr />\n<h4><strong>Number 4: Consider A Wallet As A Long Term Investment</strong></h4>\n\n<p>Your wallet is indeed an investment that you should consider spending a decent amount of time and effort on it. Another factor that you need to consider is how much you want to spend on your wallet. The price ranges of wallets on the market vary a great deal. You can find a wallet which is as cheap as about 5 to 7 dollars. On the other hand, you should expect to pay around 250 to 300 dollars for a high-quality wallet.</p>\n\n<p>In case you need a wallet to use for a long time, it is a good idea that you should invest a decent amount of money on a wallet. A high quality wallet from a reputational brand with the premium quality such as cowhide leather will last for a long time. In addition, it is an accessory to show off your fashion sense and your social status.</p>\n\n<p style=\"text-align:center\"><img alt=\"f2\" src=\"/storage/news/5.jpg\" /></p>\n\n<p>&nbsp;</p>\n'),('vi',10,'Thế giới phục vụ cho những người trung bình','Bạn nên chú ý hơn khi chọn ví. Có rất nhiều trong số chúng trên thị trường với các mẫu mã và phong cách khác nhau. Khi bạn lựa chọn cẩn thận, bạn sẽ có thể mua một chiếc ví phù hợp với nhu cầu của bạn. Chưa kể nó sẽ giúp nâng tầm phong cách của bạn một cách đáng kể.','<p>I have seen many people underestimating the power of their wallets. To them, they are just a functional item they use to carry. As a result, they often end up with the wallets which are not really suitable for them.</p>\n\n<p>You should pay more attention when you choose your wallets. There are a lot of them on the market with the different designs and styles. When you choose carefully, you would be able to buy a wallet that is catered to your needs. Not to mention that it will help to enhance your style significantly.</p>\n\n<p style=\"text-align:center\"><img alt=\"f4\" src=\"/storage/news/1.jpg\" /></p>\n\n<p><br />\n&nbsp;</p>\n\n<p><strong><em>For all of the reason above, here are 7 expert tips to help you pick up the right men&rsquo;s wallet for you:</em></strong></p>\n\n<h4><strong>Number 1: Choose A Neat Wallet</strong></h4>\n\n<p>The wallet is an essential accessory that you should go simple. Simplicity is the best in this case. A simple and neat wallet with the plain color and even&nbsp;<strong>minimalist style</strong>&nbsp;is versatile. It can be used for both formal and casual events. In addition, that wallet will go well with most of the clothes in your wardrobe.</p>\n\n<p>Keep in mind that a wallet will tell other people about your personality and your fashion sense as much as other clothes you put on. Hence, don&rsquo;t go cheesy on your wallet or else people will think that you have a funny and particular style.</p>\n\n<p style=\"text-align:center\"><img alt=\"f5\" src=\"/storage/news/2.jpg\" /></p>\n\n<p><br />\n&nbsp;</p>\n<hr />\n<h4><strong>Number 2: Choose The Right Size For Your Wallet</strong></h4>\n\n<p>You should avoid having an over-sized wallet. Don&rsquo;t think that you need to buy a big wallet because you have a lot to carry with you. In addition, a fat wallet is very ugly. It will make it harder for you to slide the wallet into your trousers&rsquo; pocket. In addition, it will create a bulge and ruin your look.</p>\n\n<p>Before you go on to buy a new wallet, clean out your wallet and place all the items from your wallet on a table. Throw away things that you would never need any more such as the old bills or the expired gift cards. Remember to check your wallet on a frequent basis to get rid of all of the old stuff that you don&rsquo;t need anymore.</p>\n\n<p style=\"text-align:center\"><img alt=\"f1\" src=\"/storage/news/3.jpg\" /></p>\n\n<p><br />\n&nbsp;</p>\n\n<hr />\n<h4><strong>Number 3: Don&rsquo;t Limit Your Options Of Materials</strong></h4>\n\n<p>The types and designs of wallets are not the only things that you should consider when you go out searching for your best wallet. You have more than 1 option of material rather than leather to choose from as well.</p>\n\n<p>You can experiment with other available options such as cotton, polyester and canvas. They all have their own pros and cons. As a result, they will be suitable for different needs and requirements. You should think about them all in order to choose the material which you would like the most.</p>\n\n<p style=\"text-align:center\"><img alt=\"f6\" src=\"/storage/news/4.jpg\" /></p>\n\n<p><br />\n&nbsp;</p>\n\n<hr />\n<h4><strong>Number 4: Consider A Wallet As A Long Term Investment</strong></h4>\n\n<p>Your wallet is indeed an investment that you should consider spending a decent amount of time and effort on it. Another factor that you need to consider is how much you want to spend on your wallet. The price ranges of wallets on the market vary a great deal. You can find a wallet which is as cheap as about 5 to 7 dollars. On the other hand, you should expect to pay around 250 to 300 dollars for a high-quality wallet.</p>\n\n<p>In case you need a wallet to use for a long time, it is a good idea that you should invest a decent amount of money on a wallet. A high quality wallet from a reputational brand with the premium quality such as cowhide leather will last for a long time. In addition, it is an accessory to show off your fashion sense and your social status.</p>\n\n<p style=\"text-align:center\"><img alt=\"f2\" src=\"/storage/news/5.jpg\" /></p>\n\n<p>&nbsp;</p>\n'),('vi',11,'Các đương sự trên màn hình không phải là diễn viên','Bạn nên chú ý hơn khi chọn ví. Có rất nhiều trong số chúng trên thị trường với các mẫu mã và phong cách khác nhau. Khi bạn lựa chọn cẩn thận, bạn sẽ có thể mua một chiếc ví phù hợp với nhu cầu của bạn. Chưa kể nó sẽ giúp nâng tầm phong cách của bạn một cách đáng kể.','<p>I have seen many people underestimating the power of their wallets. To them, they are just a functional item they use to carry. As a result, they often end up with the wallets which are not really suitable for them.</p>\n\n<p>You should pay more attention when you choose your wallets. There are a lot of them on the market with the different designs and styles. When you choose carefully, you would be able to buy a wallet that is catered to your needs. Not to mention that it will help to enhance your style significantly.</p>\n\n<p style=\"text-align:center\"><img alt=\"f4\" src=\"/storage/news/1.jpg\" /></p>\n\n<p><br />\n&nbsp;</p>\n\n<p><strong><em>For all of the reason above, here are 7 expert tips to help you pick up the right men&rsquo;s wallet for you:</em></strong></p>\n\n<h4><strong>Number 1: Choose A Neat Wallet</strong></h4>\n\n<p>The wallet is an essential accessory that you should go simple. Simplicity is the best in this case. A simple and neat wallet with the plain color and even&nbsp;<strong>minimalist style</strong>&nbsp;is versatile. It can be used for both formal and casual events. In addition, that wallet will go well with most of the clothes in your wardrobe.</p>\n\n<p>Keep in mind that a wallet will tell other people about your personality and your fashion sense as much as other clothes you put on. Hence, don&rsquo;t go cheesy on your wallet or else people will think that you have a funny and particular style.</p>\n\n<p style=\"text-align:center\"><img alt=\"f5\" src=\"/storage/news/2.jpg\" /></p>\n\n<p><br />\n&nbsp;</p>\n<hr />\n<h4><strong>Number 2: Choose The Right Size For Your Wallet</strong></h4>\n\n<p>You should avoid having an over-sized wallet. Don&rsquo;t think that you need to buy a big wallet because you have a lot to carry with you. In addition, a fat wallet is very ugly. It will make it harder for you to slide the wallet into your trousers&rsquo; pocket. In addition, it will create a bulge and ruin your look.</p>\n\n<p>Before you go on to buy a new wallet, clean out your wallet and place all the items from your wallet on a table. Throw away things that you would never need any more such as the old bills or the expired gift cards. Remember to check your wallet on a frequent basis to get rid of all of the old stuff that you don&rsquo;t need anymore.</p>\n\n<p style=\"text-align:center\"><img alt=\"f1\" src=\"/storage/news/3.jpg\" /></p>\n\n<p><br />\n&nbsp;</p>\n\n<hr />\n<h4><strong>Number 3: Don&rsquo;t Limit Your Options Of Materials</strong></h4>\n\n<p>The types and designs of wallets are not the only things that you should consider when you go out searching for your best wallet. You have more than 1 option of material rather than leather to choose from as well.</p>\n\n<p>You can experiment with other available options such as cotton, polyester and canvas. They all have their own pros and cons. As a result, they will be suitable for different needs and requirements. You should think about them all in order to choose the material which you would like the most.</p>\n\n<p style=\"text-align:center\"><img alt=\"f6\" src=\"/storage/news/4.jpg\" /></p>\n\n<p><br />\n&nbsp;</p>\n\n<hr />\n<h4><strong>Number 4: Consider A Wallet As A Long Term Investment</strong></h4>\n\n<p>Your wallet is indeed an investment that you should consider spending a decent amount of time and effort on it. Another factor that you need to consider is how much you want to spend on your wallet. The price ranges of wallets on the market vary a great deal. You can find a wallet which is as cheap as about 5 to 7 dollars. On the other hand, you should expect to pay around 250 to 300 dollars for a high-quality wallet.</p>\n\n<p>In case you need a wallet to use for a long time, it is a good idea that you should invest a decent amount of money on a wallet. A high quality wallet from a reputational brand with the premium quality such as cowhide leather will last for a long time. In addition, it is an accessory to show off your fashion sense and your social status.</p>\n\n<p style=\"text-align:center\"><img alt=\"f2\" src=\"/storage/news/5.jpg\" /></p>\n\n<p>&nbsp;</p>\n');
/*!40000 ALTER TABLE `posts_translations` ENABLE KEYS */;
UNLOCK TABLES;

--
-- Table structure for table `revisions`
--

DROP TABLE IF EXISTS `revisions`;
/*!40101 SET @saved_cs_client     = @@character_set_client */;
/*!50503 SET character_set_client = utf8mb4 */;
CREATE TABLE `revisions` (
  `id` bigint unsigned NOT NULL AUTO_INCREMENT,
  `revisionable_type` varchar(191) COLLATE utf8mb4_unicode_ci NOT NULL,
  `revisionable_id` int NOT NULL,
  `user_id` int DEFAULT NULL,
  `key` varchar(191) COLLATE utf8mb4_unicode_ci NOT NULL,
  `old_value` text COLLATE utf8mb4_unicode_ci,
  `new_value` text COLLATE utf8mb4_unicode_ci,
  `created_at` timestamp NULL DEFAULT NULL,
  `updated_at` timestamp NULL DEFAULT NULL,
  PRIMARY KEY (`id`),
  KEY `revisions_revisionable_id_revisionable_type_index` (`revisionable_id`,`revisionable_type`)
) ENGINE=InnoDB DEFAULT CHARSET=utf8mb4 COLLATE=utf8mb4_unicode_ci;
/*!40101 SET character_set_client = @saved_cs_client */;

--
-- Dumping data for table `revisions`
--

LOCK TABLES `revisions` WRITE;
/*!40000 ALTER TABLE `revisions` DISABLE KEYS */;
/*!40000 ALTER TABLE `revisions` ENABLE KEYS */;
UNLOCK TABLES;

--
-- Table structure for table `role_users`
--

DROP TABLE IF EXISTS `role_users`;
/*!40101 SET @saved_cs_client     = @@character_set_client */;
/*!50503 SET character_set_client = utf8mb4 */;
CREATE TABLE `role_users` (
  `id` bigint unsigned NOT NULL AUTO_INCREMENT,
  `user_id` int unsigned NOT NULL,
  `role_id` int unsigned NOT NULL,
  `created_at` timestamp NULL DEFAULT NULL,
  `updated_at` timestamp NULL DEFAULT NULL,
  PRIMARY KEY (`id`),
  KEY `role_users_user_id_index` (`user_id`),
  KEY `role_users_role_id_index` (`role_id`)
) ENGINE=InnoDB DEFAULT CHARSET=utf8mb4 COLLATE=utf8mb4_unicode_ci;
/*!40101 SET character_set_client = @saved_cs_client */;

--
-- Dumping data for table `role_users`
--

LOCK TABLES `role_users` WRITE;
/*!40000 ALTER TABLE `role_users` DISABLE KEYS */;
/*!40000 ALTER TABLE `role_users` ENABLE KEYS */;
UNLOCK TABLES;

--
-- Table structure for table `roles`
--

DROP TABLE IF EXISTS `roles`;
/*!40101 SET @saved_cs_client     = @@character_set_client */;
/*!50503 SET character_set_client = utf8mb4 */;
CREATE TABLE `roles` (
  `id` bigint unsigned NOT NULL AUTO_INCREMENT,
  `slug` varchar(120) COLLATE utf8mb4_unicode_ci NOT NULL,
  `name` varchar(120) COLLATE utf8mb4_unicode_ci NOT NULL,
  `permissions` text COLLATE utf8mb4_unicode_ci,
  `description` varchar(255) COLLATE utf8mb4_unicode_ci DEFAULT NULL,
  `is_default` tinyint unsigned NOT NULL DEFAULT '0',
  `created_by` int unsigned NOT NULL,
  `updated_by` int unsigned NOT NULL,
  `created_at` timestamp NULL DEFAULT NULL,
  `updated_at` timestamp NULL DEFAULT NULL,
  PRIMARY KEY (`id`),
  UNIQUE KEY `roles_slug_unique` (`slug`),
  KEY `roles_created_by_index` (`created_by`),
  KEY `roles_updated_by_index` (`updated_by`)
) ENGINE=InnoDB DEFAULT CHARSET=utf8mb4 COLLATE=utf8mb4_unicode_ci;
/*!40101 SET character_set_client = @saved_cs_client */;

--
-- Dumping data for table `roles`
--

LOCK TABLES `roles` WRITE;
/*!40000 ALTER TABLE `roles` DISABLE KEYS */;
/*!40000 ALTER TABLE `roles` ENABLE KEYS */;
UNLOCK TABLES;

--
-- Table structure for table `settings`
--

DROP TABLE IF EXISTS `settings`;
/*!40101 SET @saved_cs_client     = @@character_set_client */;
/*!50503 SET character_set_client = utf8mb4 */;
CREATE TABLE `settings` (
  `id` bigint unsigned NOT NULL AUTO_INCREMENT,
  `key` varchar(191) COLLATE utf8mb4_unicode_ci NOT NULL,
  `value` text COLLATE utf8mb4_unicode_ci,
  `created_at` timestamp NULL DEFAULT NULL,
  `updated_at` timestamp NULL DEFAULT NULL,
  PRIMARY KEY (`id`),
  UNIQUE KEY `settings_key_unique` (`key`)
) ENGINE=InnoDB AUTO_INCREMENT=174 DEFAULT CHARSET=utf8mb4 COLLATE=utf8mb4_unicode_ci;
/*!40101 SET character_set_client = @saved_cs_client */;

--
-- Dumping data for table `settings`
--

LOCK TABLES `settings` WRITE;
/*!40000 ALTER TABLE `settings` DISABLE KEYS */;
INSERT INTO `settings` VALUES (1,'theme','farmart',NULL,NULL),(2,'activated_plugins','[\"language\",\"language-advanced\",\"ecommerce\",\"marketplace\",\"ads\",\"analytics\",\"audit-log\",\"backup\",\"blog\",\"captcha\",\"contact\",\"cookie-consent\",\"faq\",\"location\",\"newsletter\",\"payment\",\"paystack\",\"razorpay\",\"simple-slider\",\"social-login\",\"sslcommerz\",\"translation\",\"mollie\"]',NULL,NULL),(3,'payment_cod_status','1',NULL,NULL),(4,'payment_bank_transfer_status','1',NULL,NULL),(5,'simple_slider_using_assets','0',NULL,NULL),(6,'permalink-botble-blog-models-post','blog',NULL,NULL),(7,'permalink-botble-blog-models-category','blog',NULL,NULL),(8,'payment_cod_description','Please pay money directly to the postman, if you choose cash on delivery method (COD).',NULL,NULL),(9,'payment_bank_transfer_description','Please send money to our bank account: ACB - 69270 213 19.',NULL,NULL),(10,'plugins_ecommerce_customer_new_order_status','0',NULL,NULL),(11,'plugins_ecommerce_admin_new_order_status','0',NULL,NULL),(12,'admin_email','[]',NULL,NULL),(13,'time_zone','UTC',NULL,NULL),(14,'locale_direction','ltr',NULL,NULL),(15,'enable_send_error_reporting_via_email','0',NULL,NULL),(16,'login_screen_backgrounds','[]',NULL,NULL),(17,'admin_title','Your App',NULL,NULL),(18,'rich_editor','ckeditor',NULL,NULL),(19,'enable_change_admin_theme','0',NULL,NULL),(20,'enable_cache','0',NULL,NULL),(21,'cache_time','10',NULL,NULL),(22,'cache_admin_menu_enable','0',NULL,NULL),(23,'google_site_verification','',NULL,NULL),(24,'cache_time_site_map','3600',NULL,NULL),(25,'show_admin_bar','1',NULL,NULL),(26,'redirect_404_to_homepage','0',NULL,NULL),(27,'enable_faq_schema','0',NULL,NULL),(28,'blacklist_keywords','',NULL,NULL),(29,'blacklist_email_domains','',NULL,NULL),(30,'enable_math_captcha_for_contact_form','1',NULL,NULL),(31,'google_analytics','',NULL,NULL),(32,'analytics_view_id','',NULL,NULL),(33,'analytics_service_account_credentials','',NULL,NULL),(34,'newsletter_mailchimp_api_key','',NULL,NULL),(35,'newsletter_mailchimp_list_id','',NULL,NULL),(36,'newsletter_sendgrid_api_key','',NULL,NULL),(37,'newsletter_sendgrid_list_id','',NULL,NULL),(38,'enable_captcha','0',NULL,NULL),(39,'captcha_type','v2',NULL,NULL),(40,'captcha_hide_badge','0',NULL,NULL),(41,'captcha_site_key','',NULL,NULL),(42,'captcha_secret','',NULL,NULL),(43,'locale','en',NULL,NULL),(44,'default_admin_theme','default',NULL,NULL),(45,'admin_locale_direction','ltr',NULL,NULL),(46,'email_driver','log',NULL,NULL),(47,'email_port','587',NULL,NULL),(48,'email_host','smtp.mailgun.org',NULL,NULL),(49,'email_username','',NULL,NULL),(50,'email_password','',NULL,NULL),(51,'email_encryption','tls',NULL,NULL),(52,'email_mail_gun_domain','',NULL,NULL),(53,'email_mail_gun_secret','',NULL,NULL),(54,'email_mail_gun_endpoint','api.mailgun.net',NULL,NULL),(55,'email_ses_key','',NULL,NULL),(56,'email_ses_secret','',NULL,NULL),(57,'email_ses_region','us-east-1',NULL,NULL),(58,'email_postmark_token','',NULL,NULL),(59,'email_sendmail_path','/usr/sbin/sendmail -bs',NULL,NULL),(60,'email_log_channel','daily',NULL,NULL),(61,'email_from_name','Example',NULL,NULL),(62,'email_from_address','hello@example.com',NULL,NULL),(63,'using_queue_to_send_mail','0',NULL,NULL),(64,'plugins_ecommerce_welcome_status','0',NULL,NULL),(65,'plugins_ecommerce_customer_cancel_order_status','1',NULL,NULL),(66,'plugins_ecommerce_customer_delivery_order_status','1',NULL,NULL),(67,'plugins_ecommerce_order_confirm_status','1',NULL,NULL),(68,'plugins_ecommerce_order_confirm_payment_status','1',NULL,NULL),(69,'plugins_ecommerce_order_recover_status','1',NULL,NULL),(70,'themes_farmart_contact-seller_status','1',NULL,NULL),(71,'plugins_contact_notice_status','1',NULL,NULL),(72,'plugins_newsletter_subscriber_email_status','1',NULL,NULL),(73,'plugins_newsletter_admin_email_status','1',NULL,NULL),(74,'plugins_marketplace_store_new_order_status','1',NULL,NULL),(75,'plugins_marketplace_verify_vendor_status','1',NULL,NULL),(76,'plugins_marketplace_vendor-account-approved_status','1',NULL,NULL),(77,'plugins_marketplace_pending-product-approval_status','1',NULL,NULL),(78,'plugins_marketplace_product-approved_status','1',NULL,NULL),(79,'plugins_marketplace_withdrawal-approved_status','1',NULL,NULL),(122,'language_hide_default','1',NULL,NULL),(123,'language_switcher_display','dropdown',NULL,NULL),(124,'language_display','all',NULL,NULL),(125,'language_hide_languages','[]',NULL,NULL),(127,'media_random_hash','2df17e69363e431923bb1a37992c2115',NULL,NULL),(136,'ecommerce_store_name','Farmart',NULL,NULL),(137,'ecommerce_store_phone','1800979769',NULL,NULL),(138,'ecommerce_store_address','502 New Street',NULL,NULL),(139,'ecommerce_store_state','Brighton VIC',NULL,NULL),(140,'ecommerce_store_city','Brighton VIC',NULL,NULL),(141,'ecommerce_store_country','AU',NULL,NULL),(142,'admin_favicon','general/favicon.png',NULL,NULL),(143,'admin_logo','general/logo-light.png',NULL,NULL),(144,'theme-farmart-site_title','Farmart - Laravel Ecommerce system',NULL,NULL),(145,'theme-farmart-copyright','© 2022 Farmart. All Rights Reserved.',NULL,NULL),(146,'theme-farmart-favicon','general/favicon.png',NULL,NULL),(147,'theme-farmart-logo','general/logo.png',NULL,NULL),(148,'theme-farmart-seo_og_image','general/open-graph-image.png',NULL,NULL),(149,'theme-farmart-image-placeholder','general/placeholder.png',NULL,NULL),(150,'theme-farmart-address','502 New Street, Brighton VIC, Australia',NULL,NULL),(151,'theme-farmart-hotline','8 800 332 65-66',NULL,NULL),(152,'theme-farmart-email','contact@fartmart.co',NULL,NULL),(153,'theme-farmart-working_time','Mon - Fri: 7:00 am - 18:00PM',NULL,NULL),(154,'theme-farmart-payment_methods_image','general/footer-payments.png',NULL,NULL),(155,'theme-farmart-homepage_id','1',NULL,NULL),(156,'theme-farmart-blog_page_id','6',NULL,NULL),(157,'theme-farmart-cookie_consent_message','Your experience on this site will be improved by allowing cookies ',NULL,NULL),(158,'theme-farmart-cookie_consent_learn_more_url','http://farmart.test/cookie-policy',NULL,NULL),(159,'theme-farmart-cookie_consent_learn_more_text','Cookie Policy',NULL,NULL),(160,'theme-farmart-number_of_products_per_page','40',NULL,NULL),(161,'theme-farmart-number_of_cross_sale_product','6',NULL,NULL),(162,'theme-farmart-logo_in_the_checkout_page','general/logo.png',NULL,NULL),(163,'theme-farmart-logo_in_invoices','general/logo.png',NULL,NULL),(164,'theme-farmart-logo_vendor_dashboard','general/logo.png',NULL,NULL),(165,'theme-farmart-404_page_image','general/404.png',NULL,NULL),(167,'theme-farmart-social_links','[[{\"key\":\"social-name\",\"value\":\"Facebook\"},{\"key\":\"social-icon\",\"value\":\"general\\/facebook.png\"},{\"key\":\"social-url\",\"value\":\"https:\\/\\/www.facebook.com\\/\"}],[{\"key\":\"social-name\",\"value\":\"Twitter\"},{\"key\":\"social-icon\",\"value\":\"general\\/twitter.png\"},{\"key\":\"social-url\",\"value\":\"https:\\/\\/www.twitter.com\\/\"}],[{\"key\":\"social-name\",\"value\":\"Instagram\"},{\"key\":\"social-icon\",\"value\":\"general\\/instagram.png\"},{\"key\":\"social-url\",\"value\":\"https:\\/\\/www.instagram.com\\/\"}],[{\"key\":\"social-name\",\"value\":\"Pinterest\"},{\"key\":\"social-icon\",\"value\":\"general\\/pinterest.png\"},{\"key\":\"social-url\",\"value\":\"https:\\/\\/www.pinterest.com\\/\"}],[{\"key\":\"social-name\",\"value\":\"Youtube\"},{\"key\":\"social-icon\",\"value\":\"general\\/youtube.png\"},{\"key\":\"social-url\",\"value\":\"https:\\/\\/www.youtube.com\\/\"}]]',NULL,NULL),(168,'theme-farmart-vi-copyright','© 2022 Farmart. Tất cả quyền đã được bảo hộ.',NULL,NULL),(169,'theme-farmart-vi-homepage_id','1',NULL,NULL),(170,'theme-farmart-vi-blog_page_id','6',NULL,NULL),(171,'theme-farmart-vi-cookie_consent_message','Trải nghiệm của bạn trên trang web này sẽ được cải thiện bằng cách cho phép cookie ',NULL,NULL),(172,'theme-farmart-vi-cookie_consent_learn_more_url','http://farmart.test/cookie-policy',NULL,NULL),(173,'theme-farmart-vi-cookie_consent_learn_more_text','Chính sách cookie',NULL,NULL);
/*!40000 ALTER TABLE `settings` ENABLE KEYS */;
UNLOCK TABLES;

--
-- Table structure for table `simple_slider_items`
--

DROP TABLE IF EXISTS `simple_slider_items`;
/*!40101 SET @saved_cs_client     = @@character_set_client */;
/*!50503 SET character_set_client = utf8mb4 */;
CREATE TABLE `simple_slider_items` (
  `id` bigint unsigned NOT NULL AUTO_INCREMENT,
  `simple_slider_id` int unsigned NOT NULL,
  `title` varchar(255) COLLATE utf8mb4_unicode_ci DEFAULT NULL,
  `image` varchar(255) COLLATE utf8mb4_unicode_ci NOT NULL,
  `link` varchar(255) COLLATE utf8mb4_unicode_ci DEFAULT NULL,
  `description` text COLLATE utf8mb4_unicode_ci,
  `order` int unsigned NOT NULL DEFAULT '0',
  `created_at` timestamp NULL DEFAULT NULL,
  `updated_at` timestamp NULL DEFAULT NULL,
  PRIMARY KEY (`id`)
) ENGINE=InnoDB AUTO_INCREMENT=5 DEFAULT CHARSET=utf8mb4 COLLATE=utf8mb4_unicode_ci;
/*!40101 SET character_set_client = @saved_cs_client */;

--
-- Dumping data for table `simple_slider_items`
--

LOCK TABLES `simple_slider_items` WRITE;
/*!40000 ALTER TABLE `simple_slider_items` DISABLE KEYS */;
INSERT INTO `simple_slider_items` VALUES (1,1,'Slider 1','sliders/01.jpg','/products',NULL,1,'2022-05-30 02:37:19','2022-05-30 02:37:19'),(2,1,'Slider 2','sliders/02.jpg','/products',NULL,2,'2022-05-30 02:37:19','2022-05-30 02:37:19'),(3,2,'Slider 1','sliders/01.jpg','/products',NULL,1,'2022-05-30 02:37:19','2022-05-30 02:37:19'),(4,2,'Slider 2','sliders/02.jpg','/products',NULL,2,'2022-05-30 02:37:19','2022-05-30 02:37:19');
/*!40000 ALTER TABLE `simple_slider_items` ENABLE KEYS */;
UNLOCK TABLES;

--
-- Table structure for table `simple_sliders`
--

DROP TABLE IF EXISTS `simple_sliders`;
/*!40101 SET @saved_cs_client     = @@character_set_client */;
/*!50503 SET character_set_client = utf8mb4 */;
CREATE TABLE `simple_sliders` (
  `id` bigint unsigned NOT NULL AUTO_INCREMENT,
  `name` varchar(120) COLLATE utf8mb4_unicode_ci NOT NULL,
  `key` varchar(120) COLLATE utf8mb4_unicode_ci NOT NULL,
  `description` varchar(255) COLLATE utf8mb4_unicode_ci DEFAULT NULL,
  `status` varchar(60) COLLATE utf8mb4_unicode_ci NOT NULL DEFAULT 'published',
  `created_at` timestamp NULL DEFAULT NULL,
  `updated_at` timestamp NULL DEFAULT NULL,
  PRIMARY KEY (`id`)
) ENGINE=InnoDB AUTO_INCREMENT=3 DEFAULT CHARSET=utf8mb4 COLLATE=utf8mb4_unicode_ci;
/*!40101 SET character_set_client = @saved_cs_client */;

--
-- Dumping data for table `simple_sliders`
--

LOCK TABLES `simple_sliders` WRITE;
/*!40000 ALTER TABLE `simple_sliders` DISABLE KEYS */;
INSERT INTO `simple_sliders` VALUES (1,'Home slider','home-slider','The main slider on homepage','published','2022-05-30 02:37:19','2022-05-30 02:37:19'),(2,'Slider trang chủ','slider-trang-chu','Slider chính trên trang chủ','published','2022-05-30 02:37:19','2022-05-30 02:37:19');
/*!40000 ALTER TABLE `simple_sliders` ENABLE KEYS */;
UNLOCK TABLES;

--
-- Table structure for table `slugs`
--

DROP TABLE IF EXISTS `slugs`;
/*!40101 SET @saved_cs_client     = @@character_set_client */;
/*!50503 SET character_set_client = utf8mb4 */;
CREATE TABLE `slugs` (
  `id` bigint unsigned NOT NULL AUTO_INCREMENT,
  `key` varchar(255) COLLATE utf8mb4_unicode_ci NOT NULL,
  `reference_id` int unsigned NOT NULL,
  `reference_type` varchar(255) COLLATE utf8mb4_unicode_ci NOT NULL,
  `prefix` varchar(120) COLLATE utf8mb4_unicode_ci DEFAULT '',
  `created_at` timestamp NULL DEFAULT NULL,
  `updated_at` timestamp NULL DEFAULT NULL,
  PRIMARY KEY (`id`)
) ENGINE=InnoDB AUTO_INCREMENT=200 DEFAULT CHARSET=utf8mb4 COLLATE=utf8mb4_unicode_ci;
/*!40101 SET character_set_client = @saved_cs_client */;

--
-- Dumping data for table `slugs`
--

LOCK TABLES `slugs` WRITE;
/*!40000 ALTER TABLE `slugs` DISABLE KEYS */;
INSERT INTO `slugs` VALUES (1,'foodpound',1,'Botble\\Ecommerce\\Models\\Brand','brands','2022-05-30 02:36:42','2022-05-30 02:36:42'),(2,'itea-jsc',2,'Botble\\Ecommerce\\Models\\Brand','brands','2022-05-30 02:36:42','2022-05-30 02:36:42'),(3,'soda-brand',3,'Botble\\Ecommerce\\Models\\Brand','brands','2022-05-30 02:36:42','2022-05-30 02:36:42'),(4,'farmart',4,'Botble\\Ecommerce\\Models\\Brand','brands','2022-05-30 02:36:42','2022-05-30 02:36:42'),(5,'soda-brand',5,'Botble\\Ecommerce\\Models\\Brand','brands','2022-05-30 02:36:42','2022-05-30 02:36:42'),(6,'fruits-vegetables',1,'Botble\\Ecommerce\\Models\\ProductCategory','product-categories','2022-05-30 02:36:43','2022-05-30 02:36:43'),(7,'fruits',2,'Botble\\Ecommerce\\Models\\ProductCategory','product-categories','2022-05-30 02:36:43','2022-05-30 02:36:43'),(8,'apples',3,'Botble\\Ecommerce\\Models\\ProductCategory','product-categories','2022-05-30 02:36:43','2022-05-30 02:36:43'),(9,'bananas',4,'Botble\\Ecommerce\\Models\\ProductCategory','product-categories','2022-05-30 02:36:43','2022-05-30 02:36:43'),(10,'berries',5,'Botble\\Ecommerce\\Models\\ProductCategory','product-categories','2022-05-30 02:36:43','2022-05-30 02:36:43'),(11,'oranges-easy-peelers',6,'Botble\\Ecommerce\\Models\\ProductCategory','product-categories','2022-05-30 02:36:43','2022-05-30 02:36:43'),(12,'grapes',7,'Botble\\Ecommerce\\Models\\ProductCategory','product-categories','2022-05-30 02:36:43','2022-05-30 02:36:43'),(13,'lemons-limes',8,'Botble\\Ecommerce\\Models\\ProductCategory','product-categories','2022-05-30 02:36:43','2022-05-30 02:36:43'),(14,'peaches-nectarines',9,'Botble\\Ecommerce\\Models\\ProductCategory','product-categories','2022-05-30 02:36:43','2022-05-30 02:36:43'),(15,'pears',10,'Botble\\Ecommerce\\Models\\ProductCategory','product-categories','2022-05-30 02:36:43','2022-05-30 02:36:43'),(16,'melon',11,'Botble\\Ecommerce\\Models\\ProductCategory','product-categories','2022-05-30 02:36:43','2022-05-30 02:36:43'),(17,'avocados',12,'Botble\\Ecommerce\\Models\\ProductCategory','product-categories','2022-05-30 02:36:43','2022-05-30 02:36:43'),(18,'plums-apricots',13,'Botble\\Ecommerce\\Models\\ProductCategory','product-categories','2022-05-30 02:36:43','2022-05-30 02:36:43'),(19,'vegetables',14,'Botble\\Ecommerce\\Models\\ProductCategory','product-categories','2022-05-30 02:36:43','2022-05-30 02:36:43'),(20,'potatoes',15,'Botble\\Ecommerce\\Models\\ProductCategory','product-categories','2022-05-30 02:36:43','2022-05-30 02:36:43'),(21,'carrots-root-vegetables',16,'Botble\\Ecommerce\\Models\\ProductCategory','product-categories','2022-05-30 02:36:43','2022-05-30 02:36:43'),(22,'broccoli-cauliflower',17,'Botble\\Ecommerce\\Models\\ProductCategory','product-categories','2022-05-30 02:36:43','2022-05-30 02:36:43'),(23,'cabbage-spinach-greens',18,'Botble\\Ecommerce\\Models\\ProductCategory','product-categories','2022-05-30 02:36:43','2022-05-30 02:36:43'),(24,'onions-leeks-garlic',19,'Botble\\Ecommerce\\Models\\ProductCategory','product-categories','2022-05-30 02:36:43','2022-05-30 02:36:43'),(25,'mushrooms',20,'Botble\\Ecommerce\\Models\\ProductCategory','product-categories','2022-05-30 02:36:43','2022-05-30 02:36:43'),(26,'tomatoes',21,'Botble\\Ecommerce\\Models\\ProductCategory','product-categories','2022-05-30 02:36:43','2022-05-30 02:36:43'),(27,'beans-peas-sweetcorn',22,'Botble\\Ecommerce\\Models\\ProductCategory','product-categories','2022-05-30 02:36:43','2022-05-30 02:36:43'),(28,'freshly-drink-orange-juice',23,'Botble\\Ecommerce\\Models\\ProductCategory','product-categories','2022-05-30 02:36:43','2022-05-30 02:36:43'),(29,'breads-sweets',24,'Botble\\Ecommerce\\Models\\ProductCategory','product-categories','2022-05-30 02:36:43','2022-05-30 02:36:43'),(30,'crisps-snacks-nuts',25,'Botble\\Ecommerce\\Models\\ProductCategory','product-categories','2022-05-30 02:36:43','2022-05-30 02:36:43'),(31,'crisps-popcorn',26,'Botble\\Ecommerce\\Models\\ProductCategory','product-categories','2022-05-30 02:36:43','2022-05-30 02:36:43'),(32,'nuts-seeds',27,'Botble\\Ecommerce\\Models\\ProductCategory','product-categories','2022-05-30 02:36:43','2022-05-30 02:36:43'),(33,'lighter-options',28,'Botble\\Ecommerce\\Models\\ProductCategory','product-categories','2022-05-30 02:36:43','2022-05-30 02:36:43'),(34,'cereal-bars',29,'Botble\\Ecommerce\\Models\\ProductCategory','product-categories','2022-05-30 02:36:43','2022-05-30 02:36:43'),(35,'breadsticks-pretzels',30,'Botble\\Ecommerce\\Models\\ProductCategory','product-categories','2022-05-30 02:36:43','2022-05-30 02:36:43'),(36,'fruit-snacking',31,'Botble\\Ecommerce\\Models\\ProductCategory','product-categories','2022-05-30 02:36:43','2022-05-30 02:36:43'),(37,'rice-corn-cakes',32,'Botble\\Ecommerce\\Models\\ProductCategory','product-categories','2022-05-30 02:36:43','2022-05-30 02:36:43'),(38,'protein-energy-snacks',33,'Botble\\Ecommerce\\Models\\ProductCategory','product-categories','2022-05-30 02:36:43','2022-05-30 02:36:43'),(39,'toddler-snacks',34,'Botble\\Ecommerce\\Models\\ProductCategory','product-categories','2022-05-30 02:36:43','2022-05-30 02:36:43'),(40,'meat-snacks',35,'Botble\\Ecommerce\\Models\\ProductCategory','product-categories','2022-05-30 02:36:43','2022-05-30 02:36:43'),(41,'beans',36,'Botble\\Ecommerce\\Models\\ProductCategory','product-categories','2022-05-30 02:36:43','2022-05-30 02:36:43'),(42,'lentils',37,'Botble\\Ecommerce\\Models\\ProductCategory','product-categories','2022-05-30 02:36:43','2022-05-30 02:36:43'),(43,'chickpeas',38,'Botble\\Ecommerce\\Models\\ProductCategory','product-categories','2022-05-30 02:36:43','2022-05-30 02:36:43'),(44,'tins-cans',39,'Botble\\Ecommerce\\Models\\ProductCategory','product-categories','2022-05-30 02:36:43','2022-05-30 02:36:43'),(45,'tomatoes',40,'Botble\\Ecommerce\\Models\\ProductCategory','product-categories','2022-05-30 02:36:43','2022-05-30 02:36:43'),(46,'baked-beans-spaghetti',41,'Botble\\Ecommerce\\Models\\ProductCategory','product-categories','2022-05-30 02:36:43','2022-05-30 02:36:43'),(47,'fish',42,'Botble\\Ecommerce\\Models\\ProductCategory','product-categories','2022-05-30 02:36:43','2022-05-30 02:36:43'),(48,'beans-pulses',43,'Botble\\Ecommerce\\Models\\ProductCategory','product-categories','2022-05-30 02:36:43','2022-05-30 02:36:43'),(49,'fruit',44,'Botble\\Ecommerce\\Models\\ProductCategory','product-categories','2022-05-30 02:36:43','2022-05-30 02:36:43'),(50,'coconut-milk-cream',45,'Botble\\Ecommerce\\Models\\ProductCategory','product-categories','2022-05-30 02:36:43','2022-05-30 02:36:43'),(51,'lighter-options',46,'Botble\\Ecommerce\\Models\\ProductCategory','product-categories','2022-05-30 02:36:43','2022-05-30 02:36:43'),(52,'olives',47,'Botble\\Ecommerce\\Models\\ProductCategory','product-categories','2022-05-30 02:36:43','2022-05-30 02:36:43'),(53,'sweetcorn',48,'Botble\\Ecommerce\\Models\\ProductCategory','product-categories','2022-05-30 02:36:43','2022-05-30 02:36:43'),(54,'carrots',49,'Botble\\Ecommerce\\Models\\ProductCategory','product-categories','2022-05-30 02:36:43','2022-05-30 02:36:43'),(55,'peas',50,'Botble\\Ecommerce\\Models\\ProductCategory','product-categories','2022-05-30 02:36:43','2022-05-30 02:36:43'),(56,'mixed-vegetables',51,'Botble\\Ecommerce\\Models\\ProductCategory','product-categories','2022-05-30 02:36:43','2022-05-30 02:36:43'),(57,'frozen-seafoods',52,'Botble\\Ecommerce\\Models\\ProductCategory','product-categories','2022-05-30 02:36:43','2022-05-30 02:36:43'),(58,'raw-meats',53,'Botble\\Ecommerce\\Models\\ProductCategory','product-categories','2022-05-30 02:36:43','2022-05-30 02:36:43'),(59,'wines-alcohol-drinks',54,'Botble\\Ecommerce\\Models\\ProductCategory','product-categories','2022-05-30 02:36:43','2022-05-30 02:36:43'),(60,'ready-meals',55,'Botble\\Ecommerce\\Models\\ProductCategory','product-categories','2022-05-30 02:36:43','2022-05-30 02:36:43'),(61,'meals-for-1',56,'Botble\\Ecommerce\\Models\\ProductCategory','product-categories','2022-05-30 02:36:43','2022-05-30 02:36:43'),(62,'meals-for-2',57,'Botble\\Ecommerce\\Models\\ProductCategory','product-categories','2022-05-30 02:36:43','2022-05-30 02:36:43'),(63,'indian',58,'Botble\\Ecommerce\\Models\\ProductCategory','product-categories','2022-05-30 02:36:43','2022-05-30 02:36:43'),(64,'italian',59,'Botble\\Ecommerce\\Models\\ProductCategory','product-categories','2022-05-30 02:36:43','2022-05-30 02:36:43'),(65,'chinese',60,'Botble\\Ecommerce\\Models\\ProductCategory','product-categories','2022-05-30 02:36:43','2022-05-30 02:36:43'),(66,'traditional-british',61,'Botble\\Ecommerce\\Models\\ProductCategory','product-categories','2022-05-30 02:36:43','2022-05-30 02:36:43'),(67,'thai-oriental',62,'Botble\\Ecommerce\\Models\\ProductCategory','product-categories','2022-05-30 02:36:43','2022-05-30 02:36:43'),(68,'mediterranean-moroccan',63,'Botble\\Ecommerce\\Models\\ProductCategory','product-categories','2022-05-30 02:36:43','2022-05-30 02:36:43'),(69,'mexican-caribbean',64,'Botble\\Ecommerce\\Models\\ProductCategory','product-categories','2022-05-30 02:36:43','2022-05-30 02:36:43'),(70,'lighter-meals',65,'Botble\\Ecommerce\\Models\\ProductCategory','product-categories','2022-05-30 02:36:43','2022-05-30 02:36:43'),(71,'lunch-veg-pots',66,'Botble\\Ecommerce\\Models\\ProductCategory','product-categories','2022-05-30 02:36:43','2022-05-30 02:36:43'),(72,'salad-herbs',67,'Botble\\Ecommerce\\Models\\ProductCategory','product-categories','2022-05-30 02:36:43','2022-05-30 02:36:43'),(73,'salad-bags',68,'Botble\\Ecommerce\\Models\\ProductCategory','product-categories','2022-05-30 02:36:43','2022-05-30 02:36:43'),(74,'cucumber',69,'Botble\\Ecommerce\\Models\\ProductCategory','product-categories','2022-05-30 02:36:43','2022-05-30 02:36:43'),(75,'tomatoes',70,'Botble\\Ecommerce\\Models\\ProductCategory','product-categories','2022-05-30 02:36:43','2022-05-30 02:36:43'),(76,'lettuce',71,'Botble\\Ecommerce\\Models\\ProductCategory','product-categories','2022-05-30 02:36:43','2022-05-30 02:36:43'),(77,'lunch-salad-bowls',72,'Botble\\Ecommerce\\Models\\ProductCategory','product-categories','2022-05-30 02:36:43','2022-05-30 02:36:43'),(78,'lunch-salad-bowls',73,'Botble\\Ecommerce\\Models\\ProductCategory','product-categories','2022-05-30 02:36:43','2022-05-30 02:36:43'),(79,'fresh-herbs',74,'Botble\\Ecommerce\\Models\\ProductCategory','product-categories','2022-05-30 02:36:43','2022-05-30 02:36:43'),(80,'avocados',75,'Botble\\Ecommerce\\Models\\ProductCategory','product-categories','2022-05-30 02:36:43','2022-05-30 02:36:43'),(81,'peppers',76,'Botble\\Ecommerce\\Models\\ProductCategory','product-categories','2022-05-30 02:36:43','2022-05-30 02:36:43'),(82,'coleslaw-potato-salad',77,'Botble\\Ecommerce\\Models\\ProductCategory','product-categories','2022-05-30 02:36:43','2022-05-30 02:36:43'),(83,'spring-onions',78,'Botble\\Ecommerce\\Models\\ProductCategory','product-categories','2022-05-30 02:36:43','2022-05-30 02:36:43'),(84,'chilli-ginger-garlic',79,'Botble\\Ecommerce\\Models\\ProductCategory','product-categories','2022-05-30 02:36:43','2022-05-30 02:36:43'),(85,'tea-coffee',80,'Botble\\Ecommerce\\Models\\ProductCategory','product-categories','2022-05-30 02:36:43','2022-05-30 02:36:43'),(86,'milks-and-dairies',81,'Botble\\Ecommerce\\Models\\ProductCategory','product-categories','2022-05-30 02:36:43','2022-05-30 02:36:43'),(87,'pet-foods',82,'Botble\\Ecommerce\\Models\\ProductCategory','product-categories','2022-05-30 02:36:43','2022-05-30 02:36:43'),(88,'food-cupboard',83,'Botble\\Ecommerce\\Models\\ProductCategory','product-categories','2022-05-30 02:36:43','2022-05-30 02:36:43'),(89,'dual-camera-20mp',1,'Botble\\Ecommerce\\Models\\Product','products','2022-05-30 02:37:09','2022-05-30 02:37:09'),(90,'smart-watches',2,'Botble\\Ecommerce\\Models\\Product','products','2022-05-30 02:37:09','2022-05-30 02:37:09'),(91,'beat-headphone',3,'Botble\\Ecommerce\\Models\\Product','products','2022-05-30 02:37:09','2022-05-30 02:37:09'),(92,'red-black-headphone',4,'Botble\\Ecommerce\\Models\\Product','products','2022-05-30 02:37:09','2022-05-30 02:37:09'),(93,'smart-watch-external',5,'Botble\\Ecommerce\\Models\\Product','products','2022-05-30 02:37:09','2022-05-30 02:37:09'),(94,'nikon-hd-camera',6,'Botble\\Ecommerce\\Models\\Product','products','2022-05-30 02:37:09','2022-05-30 02:37:09'),(95,'audio-equipment',7,'Botble\\Ecommerce\\Models\\Product','products','2022-05-30 02:37:09','2022-05-30 02:37:09'),(96,'smart-televisions',8,'Botble\\Ecommerce\\Models\\Product','products','2022-05-30 02:37:09','2022-05-30 02:37:09'),(97,'samsung-smart-phone',9,'Botble\\Ecommerce\\Models\\Product','products','2022-05-30 02:37:09','2022-05-30 02:37:09'),(98,'herschel-leather-duffle-bag-in-brown-color',10,'Botble\\Ecommerce\\Models\\Product','products','2022-05-30 02:37:09','2022-05-30 02:37:09'),(99,'xbox-one-wireless-controller-black-color',11,'Botble\\Ecommerce\\Models\\Product','products','2022-05-30 02:37:09','2022-05-30 02:37:09'),(100,'epsion-plaster-printer',12,'Botble\\Ecommerce\\Models\\Product','products','2022-05-30 02:37:09','2022-05-30 02:37:09'),(101,'sound-intone-i65-earphone-white-version',13,'Botble\\Ecommerce\\Models\\Product','products','2022-05-30 02:37:09','2022-05-30 02:37:09'),(102,'bo-play-mini-bluetooth-speaker',14,'Botble\\Ecommerce\\Models\\Product','products','2022-05-30 02:37:09','2022-05-30 02:37:09'),(103,'apple-macbook-air-retina-133-inch-laptop',15,'Botble\\Ecommerce\\Models\\Product','products','2022-05-30 02:37:09','2022-05-30 02:37:09'),(104,'apple-macbook-air-retina-12-inch-laptop',16,'Botble\\Ecommerce\\Models\\Product','products','2022-05-30 02:37:09','2022-05-30 02:37:09'),(105,'samsung-gear-vr-virtual-reality-headset',17,'Botble\\Ecommerce\\Models\\Product','products','2022-05-30 02:37:09','2022-05-30 02:37:09'),(106,'aveeno-moisturizing-body-shower-450ml',18,'Botble\\Ecommerce\\Models\\Product','products','2022-05-30 02:37:09','2022-05-30 02:37:09'),(107,'nyx-beauty-couton-pallete-makeup-12',19,'Botble\\Ecommerce\\Models\\Product','products','2022-05-30 02:37:09','2022-05-30 02:37:09'),(108,'nyx-beauty-couton-pallete-makeup-12',20,'Botble\\Ecommerce\\Models\\Product','products','2022-05-30 02:37:09','2022-05-30 02:37:09'),(109,'mvmth-classical-leather-watch-in-black',21,'Botble\\Ecommerce\\Models\\Product','products','2022-05-30 02:37:09','2022-05-30 02:37:09'),(110,'baxter-care-hair-kit-for-bearded-mens',22,'Botble\\Ecommerce\\Models\\Product','products','2022-05-30 02:37:09','2022-05-30 02:37:09'),(111,'ciate-palemore-lipstick-bold-red-color',23,'Botble\\Ecommerce\\Models\\Product','products','2022-05-30 02:37:09','2022-05-30 02:37:09'),(112,'vimto-squash-remix-apple-15-litres',24,'Botble\\Ecommerce\\Models\\Product','products','2022-05-30 02:37:09','2022-05-30 02:37:09'),(113,'crock-pot-slow-cooker',25,'Botble\\Ecommerce\\Models\\Product','products','2022-05-30 02:37:09','2022-05-30 02:37:09'),(114,'taylors-of-harrogate-yorkshire-coffee',26,'Botble\\Ecommerce\\Models\\Product','products','2022-05-30 02:37:09','2022-05-30 02:37:09'),(115,'soft-mochi-galeto-ice-cream',27,'Botble\\Ecommerce\\Models\\Product','products','2022-05-30 02:37:09','2022-05-30 02:37:09'),(116,'naked-noodle-egg-noodles-singapore',28,'Botble\\Ecommerce\\Models\\Product','products','2022-05-30 02:37:09','2022-05-30 02:37:09'),(117,'saute-pan-silver',29,'Botble\\Ecommerce\\Models\\Product','products','2022-05-30 02:37:09','2022-05-30 02:37:09'),(118,'bar-s-classic-bun-length-franks',30,'Botble\\Ecommerce\\Models\\Product','products','2022-05-30 02:37:09','2022-05-30 02:37:09'),(119,'broccoli-crowns',31,'Botble\\Ecommerce\\Models\\Product','products','2022-05-30 02:37:09','2022-05-30 02:37:09'),(120,'slimming-world-vegan-mac-greens',32,'Botble\\Ecommerce\\Models\\Product','products','2022-05-30 02:37:09','2022-05-30 02:37:09'),(121,'haagen-dazs-salted-caramel',33,'Botble\\Ecommerce\\Models\\Product','products','2022-05-30 02:37:09','2022-05-30 02:37:09'),(122,'iceland-3-solo-exotic-burst',34,'Botble\\Ecommerce\\Models\\Product','products','2022-05-30 02:37:09','2022-05-30 02:37:09'),(123,'extreme-budweiser-light-can',35,'Botble\\Ecommerce\\Models\\Product','products','2022-05-30 02:37:09','2022-05-30 02:37:09'),(124,'iceland-macaroni-cheese-traybake',36,'Botble\\Ecommerce\\Models\\Product','products','2022-05-30 02:37:09','2022-05-30 02:37:09'),(125,'dolmio-bolognese-pasta-sauce',37,'Botble\\Ecommerce\\Models\\Product','products','2022-05-30 02:37:09','2022-05-30 02:37:09'),(126,'sitema-bakeit-plastic-box',38,'Botble\\Ecommerce\\Models\\Product','products','2022-05-30 02:37:09','2022-05-30 02:37:09'),(127,'wayfair-basics-dinner-plate-storage',39,'Botble\\Ecommerce\\Models\\Product','products','2022-05-30 02:37:09','2022-05-30 02:37:09'),(128,'miko-the-panda-water-bottle',40,'Botble\\Ecommerce\\Models\\Product','products','2022-05-30 02:37:09','2022-05-30 02:37:09'),(129,'sesame-seed-bread',41,'Botble\\Ecommerce\\Models\\Product','products','2022-05-30 02:37:09','2022-05-30 02:37:09'),(130,'morrisons-the-best-beef',42,'Botble\\Ecommerce\\Models\\Product','products','2022-05-30 02:37:09','2022-05-30 02:37:09'),(131,'avocado-hass-large',43,'Botble\\Ecommerce\\Models\\Product','products','2022-05-30 02:37:09','2022-05-30 02:37:09'),(132,'italia-beef-lasagne',44,'Botble\\Ecommerce\\Models\\Product','products','2022-05-30 02:37:09','2022-05-30 02:37:09'),(133,'maxwell-house-classic-roast-mocha',45,'Botble\\Ecommerce\\Models\\Product','products','2022-05-30 02:37:09','2022-05-30 02:37:09'),(134,'bottled-pure-water-500ml',46,'Botble\\Ecommerce\\Models\\Product','products','2022-05-30 02:37:09','2022-05-30 02:37:09'),(135,'famart-farmhouse-soft-white',47,'Botble\\Ecommerce\\Models\\Product','products','2022-05-30 02:37:09','2022-05-30 02:37:09'),(136,'coca-cola-original-taste',48,'Botble\\Ecommerce\\Models\\Product','products','2022-05-30 02:37:09','2022-05-30 02:37:09'),(137,'casillero-diablo-cabernet-sauvignon',49,'Botble\\Ecommerce\\Models\\Product','products','2022-05-30 02:37:09','2022-05-30 02:37:09'),(138,'arla-organic-free-range-milk',50,'Botble\\Ecommerce\\Models\\Product','products','2022-05-30 02:37:09','2022-05-30 02:37:09'),(139,'aptamil-follow-on-baby-milk',51,'Botble\\Ecommerce\\Models\\Product','products','2022-05-30 02:37:09','2022-05-30 02:37:09'),(140,'cuisinart-chefs-classic-hard-anodized',52,'Botble\\Ecommerce\\Models\\Product','products','2022-05-30 02:37:09','2022-05-30 02:37:09'),(141,'corn-yellow-sweet',53,'Botble\\Ecommerce\\Models\\Product','products','2022-05-30 02:37:09','2022-05-30 02:37:09'),(142,'hobnobs-the-nobbly-biscuit',54,'Botble\\Ecommerce\\Models\\Product','products','2022-05-30 02:37:09','2022-05-30 02:37:09'),(143,'honest-organic-still-lemonade',55,'Botble\\Ecommerce\\Models\\Product','products','2022-05-30 02:37:09','2022-05-30 02:37:09'),(144,'ice-becks-beer-350ml-x-24-pieces',56,'Botble\\Ecommerce\\Models\\Product','products','2022-05-30 02:37:09','2022-05-30 02:37:09'),(145,'iceland-6-hot-cross-buns',57,'Botble\\Ecommerce\\Models\\Product','products','2022-05-30 02:37:09','2022-05-30 02:37:09'),(146,'iceland-luxury-4-panini-rolls',58,'Botble\\Ecommerce\\Models\\Product','products','2022-05-30 02:37:09','2022-05-30 02:37:09'),(147,'iceland-soft-scoop-vanilla',59,'Botble\\Ecommerce\\Models\\Product','products','2022-05-30 02:37:09','2022-05-30 02:37:09'),(148,'iceland-spaghetti-bolognese',60,'Botble\\Ecommerce\\Models\\Product','products','2022-05-30 02:37:09','2022-05-30 02:37:09'),(149,'kelloggs-coco-pops-cereal',61,'Botble\\Ecommerce\\Models\\Product','products','2022-05-30 02:37:09','2022-05-30 02:37:09'),(150,'kit-kat-chunky-milk-chocolate',62,'Botble\\Ecommerce\\Models\\Product','products','2022-05-30 02:37:09','2022-05-30 02:37:09'),(151,'large-green-bell-pepper',63,'Botble\\Ecommerce\\Models\\Product','products','2022-05-30 02:37:09','2022-05-30 02:37:09'),(152,'pice-94w-beasley-journal',64,'Botble\\Ecommerce\\Models\\Product','products','2022-05-30 02:37:10','2022-05-30 02:37:10'),(153,'province-piece-glass-drinking-glass',65,'Botble\\Ecommerce\\Models\\Product','products','2022-05-30 02:37:10','2022-05-30 02:37:10'),(154,'electronic',1,'Botble\\Ecommerce\\Models\\ProductTag','product-tags','2022-05-30 02:37:15','2022-05-30 02:37:15'),(155,'mobile',2,'Botble\\Ecommerce\\Models\\ProductTag','product-tags','2022-05-30 02:37:15','2022-05-30 02:37:15'),(156,'iphone',3,'Botble\\Ecommerce\\Models\\ProductTag','product-tags','2022-05-30 02:37:15','2022-05-30 02:37:15'),(157,'printer',4,'Botble\\Ecommerce\\Models\\ProductTag','product-tags','2022-05-30 02:37:15','2022-05-30 02:37:15'),(158,'office',5,'Botble\\Ecommerce\\Models\\ProductTag','product-tags','2022-05-30 02:37:15','2022-05-30 02:37:15'),(159,'it',6,'Botble\\Ecommerce\\Models\\ProductTag','product-tags','2022-05-30 02:37:15','2022-05-30 02:37:15'),(160,'ecommerce',1,'Botble\\Blog\\Models\\Category','blog','2022-05-30 02:37:18','2022-05-30 02:37:20'),(161,'fashion',2,'Botble\\Blog\\Models\\Category','blog','2022-05-30 02:37:18','2022-05-30 02:37:20'),(162,'electronic',3,'Botble\\Blog\\Models\\Category','blog','2022-05-30 02:37:18','2022-05-30 02:37:20'),(163,'commercial',4,'Botble\\Blog\\Models\\Category','blog','2022-05-30 02:37:18','2022-05-30 02:37:20'),(164,'general',1,'Botble\\Blog\\Models\\Tag','tag','2022-05-30 02:37:18','2022-05-30 02:37:18'),(165,'design',2,'Botble\\Blog\\Models\\Tag','tag','2022-05-30 02:37:18','2022-05-30 02:37:18'),(166,'fashion',3,'Botble\\Blog\\Models\\Tag','tag','2022-05-30 02:37:18','2022-05-30 02:37:18'),(167,'branding',4,'Botble\\Blog\\Models\\Tag','tag','2022-05-30 02:37:18','2022-05-30 02:37:18'),(168,'modern',5,'Botble\\Blog\\Models\\Tag','tag','2022-05-30 02:37:18','2022-05-30 02:37:18'),(169,'4-expert-tips-on-how-to-choose-the-right-mens-wallet',1,'Botble\\Blog\\Models\\Post','blog','2022-05-30 02:37:18','2022-05-30 02:37:20'),(170,'sexy-clutches-how-to-buy-wear-a-designer-clutch-bag',2,'Botble\\Blog\\Models\\Post','blog','2022-05-30 02:37:18','2022-05-30 02:37:20'),(171,'the-top-2020-handbag-trends-to-know',3,'Botble\\Blog\\Models\\Post','blog','2022-05-30 02:37:18','2022-05-30 02:37:20'),(172,'how-to-match-the-color-of-your-handbag-with-an-outfit',4,'Botble\\Blog\\Models\\Post','blog','2022-05-30 02:37:18','2022-05-30 02:37:20'),(173,'how-to-care-for-leather-bags',5,'Botble\\Blog\\Models\\Post','blog','2022-05-30 02:37:18','2022-05-30 02:37:20'),(174,'were-crushing-hard-on-summers-10-biggest-bag-trends',6,'Botble\\Blog\\Models\\Post','blog','2022-05-30 02:37:18','2022-05-30 02:37:20'),(175,'essential-qualities-of-highly-successful-music',7,'Botble\\Blog\\Models\\Post','blog','2022-05-30 02:37:18','2022-05-30 02:37:20'),(176,'9-things-i-love-about-shaving-my-head',8,'Botble\\Blog\\Models\\Post','blog','2022-05-30 02:37:18','2022-05-30 02:37:20'),(177,'why-teamwork-really-makes-the-dream-work',9,'Botble\\Blog\\Models\\Post','blog','2022-05-30 02:37:18','2022-05-30 02:37:20'),(178,'the-world-caters-to-average-people',10,'Botble\\Blog\\Models\\Post','blog','2022-05-30 02:37:18','2022-05-30 02:37:20'),(179,'the-litigants-on-the-screen-are-not-actors',11,'Botble\\Blog\\Models\\Post','blog','2022-05-30 02:37:18','2022-05-30 02:37:20'),(180,'home',1,'Botble\\Page\\Models\\Page','','2022-05-30 02:37:19','2022-05-30 02:37:19'),(181,'about-us',2,'Botble\\Page\\Models\\Page','','2022-05-30 02:37:19','2022-05-30 02:37:19'),(182,'terms-of-use',3,'Botble\\Page\\Models\\Page','','2022-05-30 02:37:19','2022-05-30 02:37:19'),(183,'terms-conditions',4,'Botble\\Page\\Models\\Page','','2022-05-30 02:37:19','2022-05-30 02:37:19'),(184,'refund-policy',5,'Botble\\Page\\Models\\Page','','2022-05-30 02:37:19','2022-05-30 02:37:19'),(185,'blog',6,'Botble\\Page\\Models\\Page','','2022-05-30 02:37:19','2022-05-30 02:37:19'),(186,'faqs',7,'Botble\\Page\\Models\\Page','','2022-05-30 02:37:19','2022-05-30 02:37:19'),(187,'contact',8,'Botble\\Page\\Models\\Page','','2022-05-30 02:37:19','2022-05-30 02:37:19'),(188,'cookie-policy',9,'Botble\\Page\\Models\\Page','','2022-05-30 02:37:19','2022-05-30 02:37:19'),(189,'affiliate',10,'Botble\\Page\\Models\\Page','','2022-05-30 02:37:19','2022-05-30 02:37:19'),(190,'career',11,'Botble\\Page\\Models\\Page','','2022-05-30 02:37:19','2022-05-30 02:37:19'),(191,'coming-soon',12,'Botble\\Page\\Models\\Page','','2022-05-30 02:37:19','2022-05-30 02:37:19'),(192,'gopro',1,'Botble\\Marketplace\\Models\\Store','stores','2022-05-30 02:37:26','2022-05-30 02:37:26'),(193,'global-office',2,'Botble\\Marketplace\\Models\\Store','stores','2022-05-30 02:37:26','2022-05-30 02:37:26'),(194,'young-shop',3,'Botble\\Marketplace\\Models\\Store','stores','2022-05-30 02:37:26','2022-05-30 02:37:26'),(195,'global-store',4,'Botble\\Marketplace\\Models\\Store','stores','2022-05-30 02:37:27','2022-05-30 02:37:27'),(196,'roberts-store',5,'Botble\\Marketplace\\Models\\Store','stores','2022-05-30 02:37:27','2022-05-30 02:37:27'),(197,'stouffer',6,'Botble\\Marketplace\\Models\\Store','stores','2022-05-30 02:37:27','2022-05-30 02:37:27'),(198,'starkist',7,'Botble\\Marketplace\\Models\\Store','stores','2022-05-30 02:37:27','2022-05-30 02:37:27'),(199,'old-el-paso',8,'Botble\\Marketplace\\Models\\Store','stores','2022-05-30 02:37:27','2022-05-30 02:37:27');
/*!40000 ALTER TABLE `slugs` ENABLE KEYS */;
UNLOCK TABLES;

--
-- Table structure for table `states`
--

DROP TABLE IF EXISTS `states`;
/*!40101 SET @saved_cs_client     = @@character_set_client */;
/*!50503 SET character_set_client = utf8mb4 */;
CREATE TABLE `states` (
  `id` bigint unsigned NOT NULL AUTO_INCREMENT,
  `name` varchar(120) COLLATE utf8mb4_unicode_ci NOT NULL,
  `abbreviation` varchar(2) COLLATE utf8mb4_unicode_ci DEFAULT NULL,
  `country_id` int unsigned DEFAULT NULL,
  `order` tinyint NOT NULL DEFAULT '0',
  `is_default` tinyint unsigned NOT NULL DEFAULT '0',
  `status` varchar(60) COLLATE utf8mb4_unicode_ci NOT NULL DEFAULT 'published',
  `created_at` timestamp NULL DEFAULT NULL,
  `updated_at` timestamp NULL DEFAULT NULL,
  PRIMARY KEY (`id`)
) ENGINE=InnoDB DEFAULT CHARSET=utf8mb4 COLLATE=utf8mb4_unicode_ci;
/*!40101 SET character_set_client = @saved_cs_client */;

--
-- Dumping data for table `states`
--

LOCK TABLES `states` WRITE;
/*!40000 ALTER TABLE `states` DISABLE KEYS */;
/*!40000 ALTER TABLE `states` ENABLE KEYS */;
UNLOCK TABLES;

--
-- Table structure for table `states_backup`
--

DROP TABLE IF EXISTS `states_backup`;
/*!40101 SET @saved_cs_client     = @@character_set_client */;
/*!50503 SET character_set_client = utf8mb4 */;
CREATE TABLE `states_backup` (
  `id` bigint unsigned NOT NULL AUTO_INCREMENT,
  `name` varchar(120) COLLATE utf8mb4_unicode_ci NOT NULL,
  `abbreviation` varchar(2) COLLATE utf8mb4_unicode_ci DEFAULT NULL,
  `country_id` int unsigned DEFAULT NULL,
  `order` tinyint NOT NULL DEFAULT '0',
  `is_default` tinyint unsigned NOT NULL DEFAULT '0',
  `status` varchar(60) COLLATE utf8mb4_unicode_ci NOT NULL DEFAULT 'published',
  `created_at` timestamp NULL DEFAULT NULL,
  `updated_at` timestamp NULL DEFAULT NULL,
  PRIMARY KEY (`id`)
) ENGINE=InnoDB DEFAULT CHARSET=utf8mb4 COLLATE=utf8mb4_unicode_ci;
/*!40101 SET character_set_client = @saved_cs_client */;

--
-- Dumping data for table `states_backup`
--

LOCK TABLES `states_backup` WRITE;
/*!40000 ALTER TABLE `states_backup` DISABLE KEYS */;
/*!40000 ALTER TABLE `states_backup` ENABLE KEYS */;
UNLOCK TABLES;

--
-- Table structure for table `states_translations`
--

DROP TABLE IF EXISTS `states_translations`;
/*!40101 SET @saved_cs_client     = @@character_set_client */;
/*!50503 SET character_set_client = utf8mb4 */;
CREATE TABLE `states_translations` (
  `lang_code` varchar(191) COLLATE utf8mb4_unicode_ci NOT NULL,
  `states_id` int NOT NULL,
  `name` varchar(120) COLLATE utf8mb4_unicode_ci DEFAULT NULL,
  `abbreviation` varchar(2) COLLATE utf8mb4_unicode_ci DEFAULT NULL,
  PRIMARY KEY (`lang_code`,`states_id`)
) ENGINE=InnoDB DEFAULT CHARSET=utf8mb4 COLLATE=utf8mb4_unicode_ci;
/*!40101 SET character_set_client = @saved_cs_client */;

--
-- Dumping data for table `states_translations`
--

LOCK TABLES `states_translations` WRITE;
/*!40000 ALTER TABLE `states_translations` DISABLE KEYS */;
/*!40000 ALTER TABLE `states_translations` ENABLE KEYS */;
UNLOCK TABLES;

--
-- Table structure for table `tags`
--

DROP TABLE IF EXISTS `tags`;
/*!40101 SET @saved_cs_client     = @@character_set_client */;
/*!50503 SET character_set_client = utf8mb4 */;
CREATE TABLE `tags` (
  `id` bigint unsigned NOT NULL AUTO_INCREMENT,
  `name` varchar(120) COLLATE utf8mb4_unicode_ci NOT NULL,
  `author_id` int NOT NULL,
  `author_type` varchar(255) CHARACTER SET utf8mb4 COLLATE utf8mb4_unicode_ci NOT NULL DEFAULT 'Botble\\ACL\\Models\\User',
  `description` varchar(400) COLLATE utf8mb4_unicode_ci DEFAULT '',
  `status` varchar(60) COLLATE utf8mb4_unicode_ci NOT NULL DEFAULT 'published',
  `created_at` timestamp NULL DEFAULT NULL,
  `updated_at` timestamp NULL DEFAULT NULL,
  PRIMARY KEY (`id`)
) ENGINE=InnoDB AUTO_INCREMENT=6 DEFAULT CHARSET=utf8mb4 COLLATE=utf8mb4_unicode_ci;
/*!40101 SET character_set_client = @saved_cs_client */;

--
-- Dumping data for table `tags`
--

LOCK TABLES `tags` WRITE;
/*!40000 ALTER TABLE `tags` DISABLE KEYS */;
INSERT INTO `tags` VALUES (1,'General',1,'Botble\\ACL\\Models\\User','','published','2022-05-30 02:37:18','2022-05-30 02:37:18'),(2,'Design',1,'Botble\\ACL\\Models\\User','','published','2022-05-30 02:37:18','2022-05-30 02:37:18'),(3,'Fashion',1,'Botble\\ACL\\Models\\User','','published','2022-05-30 02:37:18','2022-05-30 02:37:18'),(4,'Branding',1,'Botble\\ACL\\Models\\User','','published','2022-05-30 02:37:18','2022-05-30 02:37:18'),(5,'Modern',1,'Botble\\ACL\\Models\\User','','published','2022-05-30 02:37:18','2022-05-30 02:37:18');
/*!40000 ALTER TABLE `tags` ENABLE KEYS */;
UNLOCK TABLES;

--
-- Table structure for table `tags_translations`
--

DROP TABLE IF EXISTS `tags_translations`;
/*!40101 SET @saved_cs_client     = @@character_set_client */;
/*!50503 SET character_set_client = utf8mb4 */;
CREATE TABLE `tags_translations` (
  `lang_code` varchar(191) COLLATE utf8mb4_unicode_ci NOT NULL,
  `tags_id` int NOT NULL,
  `name` varchar(255) COLLATE utf8mb4_unicode_ci DEFAULT NULL,
  `description` varchar(400) COLLATE utf8mb4_unicode_ci DEFAULT NULL,
  PRIMARY KEY (`lang_code`,`tags_id`)
) ENGINE=InnoDB DEFAULT CHARSET=utf8mb4 COLLATE=utf8mb4_unicode_ci;
/*!40101 SET character_set_client = @saved_cs_client */;

--
-- Dumping data for table `tags_translations`
--

LOCK TABLES `tags_translations` WRITE;
/*!40000 ALTER TABLE `tags_translations` DISABLE KEYS */;
INSERT INTO `tags_translations` VALUES ('vi',1,'Chung',NULL),('vi',2,'Thiết kế',NULL),('vi',3,'Thời trang',NULL),('vi',4,'Thương hiệu',NULL),('vi',5,'Hiện đại',NULL);
/*!40000 ALTER TABLE `tags_translations` ENABLE KEYS */;
UNLOCK TABLES;

--
-- Table structure for table `translations`
--

DROP TABLE IF EXISTS `translations`;
/*!40101 SET @saved_cs_client     = @@character_set_client */;
/*!50503 SET character_set_client = utf8mb4 */;
CREATE TABLE `translations` (
  `id` bigint unsigned NOT NULL AUTO_INCREMENT,
  `status` int NOT NULL DEFAULT '0',
  `locale` varchar(191) COLLATE utf8mb4_unicode_ci NOT NULL,
  `group` varchar(191) COLLATE utf8mb4_unicode_ci NOT NULL,
  `key` varchar(191) COLLATE utf8mb4_unicode_ci NOT NULL,
  `value` text COLLATE utf8mb4_unicode_ci,
  `created_at` timestamp NULL DEFAULT NULL,
  `updated_at` timestamp NULL DEFAULT NULL,
  PRIMARY KEY (`id`)
) ENGINE=InnoDB AUTO_INCREMENT=4382 DEFAULT CHARSET=utf8mb4 COLLATE=utf8mb4_unicode_ci;
/*!40101 SET character_set_client = @saved_cs_client */;

--
-- Dumping data for table `translations`
--

LOCK TABLES `translations` WRITE;
/*!40000 ALTER TABLE `translations` DISABLE KEYS */;
INSERT INTO `translations` VALUES (1,1,'en','auth','failed','These credentials do not match our records.','2022-05-30 02:37:37','2022-05-30 02:37:37'),(2,1,'en','auth','password','The provided password is incorrect.','2022-05-30 02:37:37','2022-05-30 02:37:37'),(3,1,'en','auth','throttle','Too many login attempts. Please try again in :seconds seconds.','2022-05-30 02:37:37','2022-05-30 02:37:37'),(4,1,'en','pagination','previous','&laquo; Previous','2022-05-30 02:37:37','2022-05-30 02:37:37'),(5,1,'en','pagination','next','Next &raquo;','2022-05-30 02:37:37','2022-05-30 02:37:37'),(6,1,'en','passwords','reset','Your password has been reset!','2022-05-30 02:37:37','2022-05-30 02:37:37'),(7,1,'en','passwords','sent','We have emailed your password reset link!','2022-05-30 02:37:37','2022-05-30 02:37:37'),(8,1,'en','passwords','throttled','Please wait before retrying.','2022-05-30 02:37:37','2022-05-30 02:37:37'),(9,1,'en','passwords','token','This password reset token is invalid.','2022-05-30 02:37:37','2022-05-30 02:37:37'),(10,1,'en','passwords','user','We can\'t find a user with that email address.','2022-05-30 02:37:37','2022-05-30 02:37:37'),(11,1,'en','validation','accepted','The :attribute must be accepted.','2022-05-30 02:37:37','2022-05-30 02:37:37'),(12,1,'en','validation','accepted_if','The :attribute must be accepted when :other is :value.','2022-05-30 02:37:37','2022-05-30 02:37:37'),(13,1,'en','validation','active_url','The :attribute is not a valid URL.','2022-05-30 02:37:37','2022-05-30 02:37:37'),(14,1,'en','validation','after','The :attribute must be a date after :date.','2022-05-30 02:37:37','2022-05-30 02:37:37'),(15,1,'en','validation','after_or_equal','The :attribute must be a date after or equal to :date.','2022-05-30 02:37:37','2022-05-30 02:37:37'),(16,1,'en','validation','alpha','The :attribute must only contain letters.','2022-05-30 02:37:37','2022-05-30 02:37:37'),(17,1,'en','validation','alpha_dash','The :attribute must only contain letters, numbers, dashes and underscores.','2022-05-30 02:37:37','2022-05-30 02:37:37'),(18,1,'en','validation','alpha_num','The :attribute must only contain letters and numbers.','2022-05-30 02:37:37','2022-05-30 02:37:37'),(19,1,'en','validation','array','The :attribute must be an array.','2022-05-30 02:37:37','2022-05-30 02:37:37'),(20,1,'en','validation','before','The :attribute must be a date before :date.','2022-05-30 02:37:37','2022-05-30 02:37:37'),(21,1,'en','validation','before_or_equal','The :attribute must be a date before or equal to :date.','2022-05-30 02:37:37','2022-05-30 02:37:37'),(22,1,'en','validation','between.numeric','The :attribute must be between :min and :max.','2022-05-30 02:37:37','2022-05-30 02:37:37'),(23,1,'en','validation','between.file','The :attribute must be between :min and :max kilobytes.','2022-05-30 02:37:37','2022-05-30 02:37:37'),(24,1,'en','validation','between.string','The :attribute must be between :min and :max characters.','2022-05-30 02:37:37','2022-05-30 02:37:37'),(25,1,'en','validation','between.array','The :attribute must have between :min and :max items.','2022-05-30 02:37:37','2022-05-30 02:37:37'),(26,1,'en','validation','boolean','The :attribute field must be true or false.','2022-05-30 02:37:37','2022-05-30 02:37:37'),(27,1,'en','validation','confirmed','The :attribute confirmation does not match.','2022-05-30 02:37:37','2022-05-30 02:37:37'),(28,1,'en','validation','current_password','The password is incorrect.','2022-05-30 02:37:37','2022-05-30 02:37:37'),(29,1,'en','validation','date','The :attribute is not a valid date.','2022-05-30 02:37:37','2022-05-30 02:37:37'),(30,1,'en','validation','date_equals','The :attribute must be a date equal to :date.','2022-05-30 02:37:37','2022-05-30 02:37:37'),(31,1,'en','validation','date_format','The :attribute does not match the format :format.','2022-05-30 02:37:37','2022-05-30 02:37:37'),(32,1,'en','validation','declined','The :attribute must be declined.','2022-05-30 02:37:37','2022-05-30 02:37:37'),(33,1,'en','validation','declined_if','The :attribute must be declined when :other is :value.','2022-05-30 02:37:37','2022-05-30 02:37:37'),(34,1,'en','validation','different','The :attribute and :other must be different.','2022-05-30 02:37:37','2022-05-30 02:37:37'),(35,1,'en','validation','digits','The :attribute must be :digits digits.','2022-05-30 02:37:37','2022-05-30 02:37:37'),(36,1,'en','validation','digits_between','The :attribute must be between :min and :max digits.','2022-05-30 02:37:37','2022-05-30 02:37:37'),(37,1,'en','validation','dimensions','The :attribute has invalid image dimensions.','2022-05-30 02:37:37','2022-05-30 02:37:37'),(38,1,'en','validation','distinct','The :attribute field has a duplicate value.','2022-05-30 02:37:37','2022-05-30 02:37:37'),(39,1,'en','validation','email','The :attribute must be a valid email address.','2022-05-30 02:37:37','2022-05-30 02:37:37'),(40,1,'en','validation','ends_with','The :attribute must end with one of the following: :values.','2022-05-30 02:37:37','2022-05-30 02:37:37'),(41,1,'en','validation','enum','The selected :attribute is invalid.','2022-05-30 02:37:37','2022-05-30 02:37:37'),(42,1,'en','validation','exists','The selected :attribute is invalid.','2022-05-30 02:37:37','2022-05-30 02:37:37'),(43,1,'en','validation','file','The :attribute must be a file.','2022-05-30 02:37:37','2022-05-30 02:37:37'),(44,1,'en','validation','filled','The :attribute field must have a value.','2022-05-30 02:37:37','2022-05-30 02:37:37'),(45,1,'en','validation','gt.numeric','The :attribute must be greater than :value.','2022-05-30 02:37:37','2022-05-30 02:37:37'),(46,1,'en','validation','gt.file','The :attribute must be greater than :value kilobytes.','2022-05-30 02:37:37','2022-05-30 02:37:37'),(47,1,'en','validation','gt.string','The :attribute must be greater than :value characters.','2022-05-30 02:37:37','2022-05-30 02:37:37'),(48,1,'en','validation','gt.array','The :attribute must have more than :value items.','2022-05-30 02:37:37','2022-05-30 02:37:37'),(49,1,'en','validation','gte.numeric','The :attribute must be greater than or equal to :value.','2022-05-30 02:37:37','2022-05-30 02:37:37'),(50,1,'en','validation','gte.file','The :attribute must be greater than or equal to :value kilobytes.','2022-05-30 02:37:37','2022-05-30 02:37:37'),(51,1,'en','validation','gte.string','The :attribute must be greater than or equal to :value characters.','2022-05-30 02:37:37','2022-05-30 02:37:37'),(52,1,'en','validation','gte.array','The :attribute must have :value items or more.','2022-05-30 02:37:37','2022-05-30 02:37:37'),(53,1,'en','validation','image','The :attribute must be an image.','2022-05-30 02:37:37','2022-05-30 02:37:37'),(54,1,'en','validation','in','The selected :attribute is invalid.','2022-05-30 02:37:37','2022-05-30 02:37:37'),(55,1,'en','validation','in_array','The :attribute field does not exist in :other.','2022-05-30 02:37:37','2022-05-30 02:37:37'),(56,1,'en','validation','integer','The :attribute must be an integer.','2022-05-30 02:37:37','2022-05-30 02:37:37'),(57,1,'en','validation','ip','The :attribute must be a valid IP address.','2022-05-30 02:37:37','2022-05-30 02:37:37'),(58,1,'en','validation','ipv4','The :attribute must be a valid IPv4 address.','2022-05-30 02:37:37','2022-05-30 02:37:37'),(59,1,'en','validation','ipv6','The :attribute must be a valid IPv6 address.','2022-05-30 02:37:37','2022-05-30 02:37:37'),(60,1,'en','validation','json','The :attribute must be a valid JSON string.','2022-05-30 02:37:37','2022-05-30 02:37:37'),(61,1,'en','validation','lt.numeric','The :attribute must be less than :value.','2022-05-30 02:37:37','2022-05-30 02:37:37'),(62,1,'en','validation','lt.file','The :attribute must be less than :value kilobytes.','2022-05-30 02:37:37','2022-05-30 02:37:37'),(63,1,'en','validation','lt.string','The :attribute must be less than :value characters.','2022-05-30 02:37:37','2022-05-30 02:37:37'),(64,1,'en','validation','lt.array','The :attribute must have less than :value items.','2022-05-30 02:37:37','2022-05-30 02:37:37'),(65,1,'en','validation','lte.numeric','The :attribute must be less than or equal to :value.','2022-05-30 02:37:37','2022-05-30 02:37:37'),(66,1,'en','validation','lte.file','The :attribute must be less than or equal to :value kilobytes.','2022-05-30 02:37:37','2022-05-30 02:37:37'),(67,1,'en','validation','lte.string','The :attribute must be less than or equal to :value characters.','2022-05-30 02:37:37','2022-05-30 02:37:37'),(68,1,'en','validation','lte.array','The :attribute must not have more than :value items.','2022-05-30 02:37:37','2022-05-30 02:37:37'),(69,1,'en','validation','mac_address','The :attribute must be a valid MAC address.','2022-05-30 02:37:37','2022-05-30 02:37:37'),(70,1,'en','validation','max.numeric','The :attribute must not be greater than :max.','2022-05-30 02:37:37','2022-05-30 02:37:37'),(71,1,'en','validation','max.file','The :attribute must not be greater than :max kilobytes.','2022-05-30 02:37:37','2022-05-30 02:37:37'),(72,1,'en','validation','max.string','The :attribute must not be greater than :max characters.','2022-05-30 02:37:37','2022-05-30 02:37:37'),(73,1,'en','validation','max.array','The :attribute must not have more than :max items.','2022-05-30 02:37:37','2022-05-30 02:37:37'),(74,1,'en','validation','mimes','The :attribute must be a file of type: :values.','2022-05-30 02:37:37','2022-05-30 02:37:37'),(75,1,'en','validation','mimetypes','The :attribute must be a file of type: :values.','2022-05-30 02:37:37','2022-05-30 02:37:37'),(76,1,'en','validation','min.numeric','The :attribute must be at least :min.','2022-05-30 02:37:37','2022-05-30 02:37:37'),(77,1,'en','validation','min.file','The :attribute must be at least :min kilobytes.','2022-05-30 02:37:37','2022-05-30 02:37:37'),(78,1,'en','validation','min.string','The :attribute must be at least :min characters.','2022-05-30 02:37:37','2022-05-30 02:37:37'),(79,1,'en','validation','min.array','The :attribute must have at least :min items.','2022-05-30 02:37:37','2022-05-30 02:37:37'),(80,1,'en','validation','multiple_of','The :attribute must be a multiple of :value.','2022-05-30 02:37:37','2022-05-30 02:37:37'),(81,1,'en','validation','not_in','The selected :attribute is invalid.','2022-05-30 02:37:37','2022-05-30 02:37:37'),(82,1,'en','validation','not_regex','The :attribute format is invalid.','2022-05-30 02:37:37','2022-05-30 02:37:37'),(83,1,'en','validation','numeric','The :attribute must be a number.','2022-05-30 02:37:37','2022-05-30 02:37:37'),(84,1,'en','validation','password','The password is incorrect.','2022-05-30 02:37:37','2022-05-30 02:37:37'),(85,1,'en','validation','present','The :attribute field must be present.','2022-05-30 02:37:37','2022-05-30 02:37:37'),(86,1,'en','validation','prohibited','The :attribute field is prohibited.','2022-05-30 02:37:37','2022-05-30 02:37:37'),(87,1,'en','validation','prohibited_if','The :attribute field is prohibited when :other is :value.','2022-05-30 02:37:37','2022-05-30 02:37:37'),(88,1,'en','validation','prohibited_unless','The :attribute field is prohibited unless :other is in :values.','2022-05-30 02:37:37','2022-05-30 02:37:37'),(89,1,'en','validation','prohibits','The :attribute field prohibits :other from being present.','2022-05-30 02:37:37','2022-05-30 02:37:37'),(90,1,'en','validation','regex','The :attribute format is invalid.','2022-05-30 02:37:37','2022-05-30 02:37:37'),(91,1,'en','validation','required','The :attribute field is required.','2022-05-30 02:37:37','2022-05-30 02:37:37'),(92,1,'en','validation','required_array_keys','The :attribute field must contain entries for: :values.','2022-05-30 02:37:37','2022-05-30 02:37:37'),(93,1,'en','validation','required_if','The :attribute field is required when :other is :value.','2022-05-30 02:37:37','2022-05-30 02:37:37'),(94,1,'en','validation','required_unless','The :attribute field is required unless :other is in :values.','2022-05-30 02:37:37','2022-05-30 02:37:37'),(95,1,'en','validation','required_with','The :attribute field is required when :values is present.','2022-05-30 02:37:37','2022-05-30 02:37:37'),(96,1,'en','validation','required_with_all','The :attribute field is required when :values are present.','2022-05-30 02:37:37','2022-05-30 02:37:37'),(97,1,'en','validation','required_without','The :attribute field is required when :values is not present.','2022-05-30 02:37:37','2022-05-30 02:37:37'),(98,1,'en','validation','required_without_all','The :attribute field is required when none of :values are present.','2022-05-30 02:37:37','2022-05-30 02:37:37'),(99,1,'en','validation','same','The :attribute and :other must match.','2022-05-30 02:37:37','2022-05-30 02:37:37'),(100,1,'en','validation','size.numeric','The :attribute must be :size.','2022-05-30 02:37:37','2022-05-30 02:37:37'),(101,1,'en','validation','size.file','The :attribute must be :size kilobytes.','2022-05-30 02:37:37','2022-05-30 02:37:37'),(102,1,'en','validation','size.string','The :attribute must be :size characters.','2022-05-30 02:37:37','2022-05-30 02:37:37'),(103,1,'en','validation','size.array','The :attribute must contain :size items.','2022-05-30 02:37:37','2022-05-30 02:37:37'),(104,1,'en','validation','starts_with','The :attribute must start with one of the following: :values.','2022-05-30 02:37:37','2022-05-30 02:37:37'),(105,1,'en','validation','string','The :attribute must be a string.','2022-05-30 02:37:37','2022-05-30 02:37:37'),(106,1,'en','validation','timezone','The :attribute must be a valid timezone.','2022-05-30 02:37:37','2022-05-30 02:37:37'),(107,1,'en','validation','unique','The :attribute has already been taken.','2022-05-30 02:37:37','2022-05-30 02:37:37'),(108,1,'en','validation','uploaded','The :attribute failed to upload.','2022-05-30 02:37:37','2022-05-30 02:37:37'),(109,1,'en','validation','url','The :attribute must be a valid URL.','2022-05-30 02:37:37','2022-05-30 02:37:37'),(110,1,'en','validation','uuid','The :attribute must be a valid UUID.','2022-05-30 02:37:37','2022-05-30 02:37:37'),(111,1,'en','validation','custom.attribute-name.rule-name','custom-message','2022-05-30 02:37:37','2022-05-30 02:37:37'),(112,1,'en','core/acl/api','api_clients','API Clients','2022-05-30 02:37:37','2022-05-30 02:37:37'),(113,1,'en','core/acl/api','create_new_client','Create new client','2022-05-30 02:37:37','2022-05-30 02:37:37'),(114,1,'en','core/acl/api','create_new_client_success','Create new client successfully!','2022-05-30 02:37:37','2022-05-30 02:37:37'),(115,1,'en','core/acl/api','edit_client','Edit client \":name\"','2022-05-30 02:37:37','2022-05-30 02:37:37'),(116,1,'en','core/acl/api','edit_client_success','Updated client successfully!','2022-05-30 02:37:37','2022-05-30 02:37:37'),(117,1,'en','core/acl/api','delete_success','Deleted client successfully!','2022-05-30 02:37:37','2022-05-30 02:37:37'),(118,1,'en','core/acl/api','confirm_delete_title','Confirm delete client \":name\"','2022-05-30 02:37:37','2022-05-30 02:37:37'),(119,1,'en','core/acl/api','confirm_delete_description','Do you really want to delete client \":name\"?','2022-05-30 02:37:37','2022-05-30 02:37:37'),(120,1,'en','core/acl/api','cancel_delete','No','2022-05-30 02:37:37','2022-05-30 02:37:37'),(121,1,'en','core/acl/api','continue_delete','Yes, let\'s delete it!','2022-05-30 02:37:37','2022-05-30 02:37:37'),(122,1,'en','core/acl/api','name','Name','2022-05-30 02:37:37','2022-05-30 02:37:37'),(123,1,'en','core/acl/api','cancel','Cancel','2022-05-30 02:37:37','2022-05-30 02:37:37'),(124,1,'en','core/acl/api','save','Save','2022-05-30 02:37:37','2022-05-30 02:37:37'),(125,1,'en','core/acl/api','edit','Edit','2022-05-30 02:37:37','2022-05-30 02:37:37'),(126,1,'en','core/acl/api','delete','Delete','2022-05-30 02:37:37','2022-05-30 02:37:37'),(127,1,'en','core/acl/api','client_id','Client ID','2022-05-30 02:37:37','2022-05-30 02:37:37'),(128,1,'en','core/acl/api','secret','Secret','2022-05-30 02:37:37','2022-05-30 02:37:37'),(129,1,'en','core/acl/auth','login.username','Email/Username','2022-05-30 02:37:37','2022-05-30 02:37:37'),(130,1,'en','core/acl/auth','login.email','Email','2022-05-30 02:37:37','2022-05-30 02:37:37'),(131,1,'en','core/acl/auth','login.password','Password','2022-05-30 02:37:37','2022-05-30 02:37:37'),(132,1,'en','core/acl/auth','login.title','User Login','2022-05-30 02:37:37','2022-05-30 02:37:37'),(133,1,'en','core/acl/auth','login.remember','Remember me?','2022-05-30 02:37:37','2022-05-30 02:37:37'),(134,1,'en','core/acl/auth','login.login','Sign in','2022-05-30 02:37:37','2022-05-30 02:37:37'),(135,1,'en','core/acl/auth','login.placeholder.username','Please enter your username','2022-05-30 02:37:37','2022-05-30 02:37:37'),(136,1,'en','core/acl/auth','login.placeholder.email','Please enter your email','2022-05-30 02:37:37','2022-05-30 02:37:37'),(137,1,'en','core/acl/auth','login.success','Login successfully!','2022-05-30 02:37:37','2022-05-30 02:37:37'),(138,1,'en','core/acl/auth','login.fail','Wrong username or password.','2022-05-30 02:37:37','2022-05-30 02:37:37'),(139,1,'en','core/acl/auth','login.not_active','Your account has not been activated yet!','2022-05-30 02:37:37','2022-05-30 02:37:37'),(140,1,'en','core/acl/auth','login.banned','This account is banned.','2022-05-30 02:37:37','2022-05-30 02:37:37'),(141,1,'en','core/acl/auth','login.logout_success','Logout successfully!','2022-05-30 02:37:37','2022-05-30 02:37:37'),(142,1,'en','core/acl/auth','login.dont_have_account','You don\'t have account on this system, please contact administrator for more information!','2022-05-30 02:37:37','2022-05-30 02:37:37'),(143,1,'en','core/acl/auth','forgot_password.title','Forgot Password','2022-05-30 02:37:37','2022-05-30 02:37:37'),(144,1,'en','core/acl/auth','forgot_password.message','<p>Have you forgotten your password?</p><p>Please enter your email account. System will send a email with active link to reset your password.</p>','2022-05-30 02:37:37','2022-05-30 02:37:37'),(145,1,'en','core/acl/auth','forgot_password.submit','Submit','2022-05-30 02:37:37','2022-05-30 02:37:37'),(146,1,'en','core/acl/auth','reset.new_password','New password','2022-05-30 02:37:37','2022-05-30 02:37:37'),(147,1,'en','core/acl/auth','reset.password_confirmation','Confirm new password','2022-05-30 02:37:37','2022-05-30 02:37:37'),(148,1,'en','core/acl/auth','reset.email','Email','2022-05-30 02:37:37','2022-05-30 02:37:37'),(149,1,'en','core/acl/auth','reset.title','Reset your password','2022-05-30 02:37:37','2022-05-30 02:37:37'),(150,1,'en','core/acl/auth','reset.update','Update','2022-05-30 02:37:37','2022-05-30 02:37:37'),(151,1,'en','core/acl/auth','reset.wrong_token','This link is invalid or expired. Please try using reset form again.','2022-05-30 02:37:37','2022-05-30 02:37:37'),(152,1,'en','core/acl/auth','reset.user_not_found','This username is not exist.','2022-05-30 02:37:37','2022-05-30 02:37:37'),(153,1,'en','core/acl/auth','reset.success','Reset password successfully!','2022-05-30 02:37:37','2022-05-30 02:37:37'),(154,1,'en','core/acl/auth','reset.fail','Token is invalid, the reset password link has been expired!','2022-05-30 02:37:37','2022-05-30 02:37:37'),(155,1,'en','core/acl/auth','reset.reset.title','Email reset password','2022-05-30 02:37:37','2022-05-30 02:37:37'),(156,1,'en','core/acl/auth','reset.send.success','A email was sent to your email account. Please check and complete this action.','2022-05-30 02:37:37','2022-05-30 02:37:37'),(157,1,'en','core/acl/auth','reset.send.fail','Can not send email in this time. Please try again later.','2022-05-30 02:37:37','2022-05-30 02:37:37'),(158,1,'en','core/acl/auth','reset.new-password','New password','2022-05-30 02:37:37','2022-05-30 02:37:37'),(159,1,'en','core/acl/auth','email.reminder.title','Email reset password','2022-05-30 02:37:37','2022-05-30 02:37:37'),(160,1,'en','core/acl/auth','password_confirmation','Password confirm','2022-05-30 02:37:37','2022-05-30 02:37:37'),(161,1,'en','core/acl/auth','failed','Failed','2022-05-30 02:37:37','2022-05-30 02:37:37'),(162,1,'en','core/acl/auth','throttle','Throttle','2022-05-30 02:37:37','2022-05-30 02:37:37'),(163,1,'en','core/acl/auth','not_member','Not a member yet?','2022-05-30 02:37:37','2022-05-30 02:37:37'),(164,1,'en','core/acl/auth','register_now','Register now','2022-05-30 02:37:37','2022-05-30 02:37:37'),(165,1,'en','core/acl/auth','lost_your_password','Lost your password?','2022-05-30 02:37:37','2022-05-30 02:37:37'),(166,1,'en','core/acl/auth','login_title','Admin','2022-05-30 02:37:37','2022-05-30 02:37:37'),(167,1,'en','core/acl/auth','login_via_social','Login with social networks','2022-05-30 02:37:37','2022-05-30 02:37:37'),(168,1,'en','core/acl/auth','back_to_login','Back to login page','2022-05-30 02:37:37','2022-05-30 02:37:37'),(169,1,'en','core/acl/auth','sign_in_below','Sign In Below','2022-05-30 02:37:37','2022-05-30 02:37:37'),(170,1,'en','core/acl/auth','languages','Languages','2022-05-30 02:37:37','2022-05-30 02:37:37'),(171,1,'en','core/acl/auth','reset_password','Reset Password','2022-05-30 02:37:37','2022-05-30 02:37:37'),(172,1,'en','core/acl/auth','settings.email.title','ACL','2022-05-30 02:37:37','2022-05-30 02:37:37'),(173,1,'en','core/acl/auth','settings.email.description','ACL email configuration','2022-05-30 02:37:37','2022-05-30 02:37:37'),(174,1,'en','core/acl/permissions','notices.role_in_use','Cannot delete this role, it is still in use!','2022-05-30 02:37:37','2022-05-30 02:37:37'),(175,1,'en','core/acl/permissions','notices.role_delete_belong_user','You are not able to delete this role; it belongs to someone else!','2022-05-30 02:37:37','2022-05-30 02:37:37'),(176,1,'en','core/acl/permissions','notices.role_edit_belong_user','You are not able to edit this role; it belongs to someone else!','2022-05-30 02:37:37','2022-05-30 02:37:37'),(177,1,'en','core/acl/permissions','notices.delete_global_role','You are not allowed to delete global roles!','2022-05-30 02:37:37','2022-05-30 02:37:37'),(178,1,'en','core/acl/permissions','notices.delete_success','The selected role was deleted successfully!','2022-05-30 02:37:37','2022-05-30 02:37:37'),(179,1,'en','core/acl/permissions','notices.modified_success','The selected role was modified successfully!','2022-05-30 02:37:37','2022-05-30 02:37:37'),(180,1,'en','core/acl/permissions','notices.create_success','The new role was successfully created','2022-05-30 02:37:37','2022-05-30 02:37:37'),(181,1,'en','core/acl/permissions','notices.duplicated_success','The selected role was duplicated successfully','2022-05-30 02:37:37','2022-05-30 02:37:37'),(182,1,'en','core/acl/permissions','notices.no_select','Please select at least one record to take this action!','2022-05-30 02:37:37','2022-05-30 02:37:37'),(183,1,'en','core/acl/permissions','notices.not_found','Role not found','2022-05-30 02:37:37','2022-05-30 02:37:37'),(184,1,'en','core/acl/permissions','name','Name','2022-05-30 02:37:37','2022-05-30 02:37:37'),(185,1,'en','core/acl/permissions','current_role','Current Role','2022-05-30 02:37:37','2022-05-30 02:37:37'),(186,1,'en','core/acl/permissions','no_role_assigned','No role assigned','2022-05-30 02:37:37','2022-05-30 02:37:37'),(187,1,'en','core/acl/permissions','role_assigned','Assigned Role','2022-05-30 02:37:37','2022-05-30 02:37:37'),(188,1,'en','core/acl/permissions','create_role','Create New Role','2022-05-30 02:37:37','2022-05-30 02:37:37'),(189,1,'en','core/acl/permissions','role_name','Name','2022-05-30 02:37:38','2022-05-30 02:37:38'),(190,1,'en','core/acl/permissions','role_description','Description','2022-05-30 02:37:38','2022-05-30 02:37:38'),(191,1,'en','core/acl/permissions','permission_flags','Permission Flags','2022-05-30 02:37:38','2022-05-30 02:37:38'),(192,1,'en','core/acl/permissions','cancel','Cancel','2022-05-30 02:37:38','2022-05-30 02:37:38'),(193,1,'en','core/acl/permissions','reset','Reset','2022-05-30 02:37:38','2022-05-30 02:37:38'),(194,1,'en','core/acl/permissions','save','Save','2022-05-30 02:37:38','2022-05-30 02:37:38'),(195,1,'en','core/acl/permissions','global_role_msg','This is a global role and cannot be modified.  You can use the Duplicate button to make a copy of this role that you can then modify.','2022-05-30 02:37:38','2022-05-30 02:37:38'),(196,1,'en','core/acl/permissions','details','Details','2022-05-30 02:37:38','2022-05-30 02:37:38'),(197,1,'en','core/acl/permissions','duplicate','Duplicate','2022-05-30 02:37:38','2022-05-30 02:37:38'),(198,1,'en','core/acl/permissions','all','All Permissions','2022-05-30 02:37:38','2022-05-30 02:37:38'),(199,1,'en','core/acl/permissions','list_role','List Roles','2022-05-30 02:37:38','2022-05-30 02:37:38'),(200,1,'en','core/acl/permissions','created_on','Created On','2022-05-30 02:37:38','2022-05-30 02:37:38'),(201,1,'en','core/acl/permissions','created_by','Created By','2022-05-30 02:37:38','2022-05-30 02:37:38'),(202,1,'en','core/acl/permissions','actions','Actions','2022-05-30 02:37:38','2022-05-30 02:37:38'),(203,1,'en','core/acl/permissions','role_in_use','Cannot delete this role, it is still in use!','2022-05-30 02:37:38','2022-05-30 02:37:38'),(204,1,'en','core/acl/permissions','role_delete_belong_user','You are not able to delete this role; it belongs to someone else!','2022-05-30 02:37:38','2022-05-30 02:37:38'),(205,1,'en','core/acl/permissions','delete_global_role','Can not delete global role','2022-05-30 02:37:38','2022-05-30 02:37:38'),(206,1,'en','core/acl/permissions','delete_success','Delete role successfully','2022-05-30 02:37:38','2022-05-30 02:37:38'),(207,1,'en','core/acl/permissions','no_select','Please select at least one role to take this action!','2022-05-30 02:37:38','2022-05-30 02:37:38'),(208,1,'en','core/acl/permissions','not_found','No role found!','2022-05-30 02:37:38','2022-05-30 02:37:38'),(209,1,'en','core/acl/permissions','role_edit_belong_user','You are not able to edit this role; it belongs to someone else!','2022-05-30 02:37:38','2022-05-30 02:37:38'),(210,1,'en','core/acl/permissions','modified_success','Modified successfully','2022-05-30 02:37:38','2022-05-30 02:37:38'),(211,1,'en','core/acl/permissions','create_success','Create successfully','2022-05-30 02:37:38','2022-05-30 02:37:38'),(212,1,'en','core/acl/permissions','duplicated_success','Duplicated successfully','2022-05-30 02:37:38','2022-05-30 02:37:38'),(213,1,'en','core/acl/permissions','options','Options','2022-05-30 02:37:38','2022-05-30 02:37:38'),(214,1,'en','core/acl/permissions','access_denied_message','You are not allowed to do this action','2022-05-30 02:37:38','2022-05-30 02:37:38'),(215,1,'en','core/acl/permissions','roles','Roles','2022-05-30 02:37:38','2022-05-30 02:37:38'),(216,1,'en','core/acl/permissions','role_permission','Roles and Permissions','2022-05-30 02:37:38','2022-05-30 02:37:38'),(217,1,'en','core/acl/permissions','user_management','User Management','2022-05-30 02:37:38','2022-05-30 02:37:38'),(218,1,'en','core/acl/permissions','super_user_management','Super User Management','2022-05-30 02:37:38','2022-05-30 02:37:38'),(219,1,'en','core/acl/permissions','action_unauthorized','This action is unauthorized.','2022-05-30 02:37:38','2022-05-30 02:37:38'),(220,1,'en','core/acl/reminders','password','Passwords must be at least six characters and match the confirmation.','2022-05-30 02:37:38','2022-05-30 02:37:38'),(221,1,'en','core/acl/reminders','user','We can\'t find a user with that e-mail address.','2022-05-30 02:37:38','2022-05-30 02:37:38'),(222,1,'en','core/acl/reminders','token','This password reset token is invalid.','2022-05-30 02:37:38','2022-05-30 02:37:38'),(223,1,'en','core/acl/reminders','sent','Password reminder sent!','2022-05-30 02:37:38','2022-05-30 02:37:38'),(224,1,'en','core/acl/reminders','reset','Password has been reset!','2022-05-30 02:37:38','2022-05-30 02:37:38'),(225,1,'en','core/acl/users','delete_user_logged_in','Can\'t delete this user. This user is logged on!','2022-05-30 02:37:38','2022-05-30 02:37:38'),(226,1,'en','core/acl/users','no_select','Please select at least one record to take this action!','2022-05-30 02:37:38','2022-05-30 02:37:38'),(227,1,'en','core/acl/users','lock_user_logged_in','Can\'t lock this user. This user is logged on!','2022-05-30 02:37:38','2022-05-30 02:37:38'),(228,1,'en','core/acl/users','update_success','Update status successfully!','2022-05-30 02:37:38','2022-05-30 02:37:38'),(229,1,'en','core/acl/users','save_setting_failed','Something went wrong when save your setting','2022-05-30 02:37:38','2022-05-30 02:37:38'),(230,1,'en','core/acl/users','not_found','User not found','2022-05-30 02:37:38','2022-05-30 02:37:38'),(231,1,'en','core/acl/users','email_exist','That email address already belongs to an existing account','2022-05-30 02:37:38','2022-05-30 02:37:38'),(232,1,'en','core/acl/users','username_exist','That username address already belongs to an existing account','2022-05-30 02:37:38','2022-05-30 02:37:38'),(233,1,'en','core/acl/users','update_profile_success','Your profile changes were successfully saved','2022-05-30 02:37:38','2022-05-30 02:37:38'),(234,1,'en','core/acl/users','password_update_success','Password successfully changed','2022-05-30 02:37:38','2022-05-30 02:37:38'),(235,1,'en','core/acl/users','current_password_not_valid','Current password is not valid','2022-05-30 02:37:38','2022-05-30 02:37:38'),(236,1,'en','core/acl/users','user_exist_in','User is already a member','2022-05-30 02:37:38','2022-05-30 02:37:38'),(237,1,'en','core/acl/users','email','Email','2022-05-30 02:37:38','2022-05-30 02:37:38'),(238,1,'en','core/acl/users','role','Role','2022-05-30 02:37:38','2022-05-30 02:37:38'),(239,1,'en','core/acl/users','username','Username','2022-05-30 02:37:38','2022-05-30 02:37:38'),(240,1,'en','core/acl/users','last_name','Last Name','2022-05-30 02:37:38','2022-05-30 02:37:38'),(241,1,'en','core/acl/users','first_name','First Name','2022-05-30 02:37:38','2022-05-30 02:37:38'),(242,1,'en','core/acl/users','message','Message','2022-05-30 02:37:38','2022-05-30 02:37:38'),(243,1,'en','core/acl/users','cancel_btn','Cancel','2022-05-30 02:37:38','2022-05-30 02:37:38'),(244,1,'en','core/acl/users','change_password','Change password','2022-05-30 02:37:38','2022-05-30 02:37:38'),(245,1,'en','core/acl/users','current_password','Current password','2022-05-30 02:37:38','2022-05-30 02:37:38'),(246,1,'en','core/acl/users','new_password','New Password','2022-05-30 02:37:38','2022-05-30 02:37:38'),(247,1,'en','core/acl/users','confirm_new_password','Confirm New Password','2022-05-30 02:37:38','2022-05-30 02:37:38'),(248,1,'en','core/acl/users','password','Password','2022-05-30 02:37:38','2022-05-30 02:37:38'),(249,1,'en','core/acl/users','save','Save','2022-05-30 02:37:38','2022-05-30 02:37:38'),(250,1,'en','core/acl/users','cannot_delete','User could not be deleted','2022-05-30 02:37:38','2022-05-30 02:37:38'),(251,1,'en','core/acl/users','deleted','User deleted','2022-05-30 02:37:38','2022-05-30 02:37:38'),(252,1,'en','core/acl/users','last_login','Last Login','2022-05-30 02:37:38','2022-05-30 02:37:38'),(253,1,'en','core/acl/users','error_update_profile_image','Error when update profile image','2022-05-30 02:37:38','2022-05-30 02:37:38'),(254,1,'en','core/acl/users','email_reminder_template','<h3>Hello :name</h3><p>The system has received a request to restore the password for your account, to complete this task please click the link below.</p><p><a href=\":link\">Reset password now</a></p><p>If not you ask recover password, please ignore this email.</p><p>This email is valid for 60 minutes after receiving the email.</p>','2022-05-30 02:37:38','2022-05-30 02:37:38'),(255,1,'en','core/acl/users','change_profile_image','Change Profile Image','2022-05-30 02:37:38','2022-05-30 02:37:38'),(256,1,'en','core/acl/users','new_image','New Image','2022-05-30 02:37:38','2022-05-30 02:37:38'),(257,1,'en','core/acl/users','loading','Loading','2022-05-30 02:37:38','2022-05-30 02:37:38'),(258,1,'en','core/acl/users','close','Close','2022-05-30 02:37:38','2022-05-30 02:37:38'),(259,1,'en','core/acl/users','update','Update','2022-05-30 02:37:38','2022-05-30 02:37:38'),(260,1,'en','core/acl/users','read_image_failed','Failed to read the image file','2022-05-30 02:37:38','2022-05-30 02:37:38'),(261,1,'en','core/acl/users','users','Users','2022-05-30 02:37:38','2022-05-30 02:37:38'),(262,1,'en','core/acl/users','update_avatar_success','Update profile image successfully!','2022-05-30 02:37:38','2022-05-30 02:37:38'),(263,1,'en','core/acl/users','info.title','User profile','2022-05-30 02:37:38','2022-05-30 02:37:38'),(264,1,'en','core/acl/users','info.first_name','First Name','2022-05-30 02:37:38','2022-05-30 02:37:38'),(265,1,'en','core/acl/users','info.last_name','Last Name','2022-05-30 02:37:38','2022-05-30 02:37:38'),(266,1,'en','core/acl/users','info.email','Email','2022-05-30 02:37:38','2022-05-30 02:37:38'),(267,1,'en','core/acl/users','info.second_email','Secondary Email','2022-05-30 02:37:38','2022-05-30 02:37:38'),(268,1,'en','core/acl/users','info.address','Address','2022-05-30 02:37:38','2022-05-30 02:37:38'),(269,1,'en','core/acl/users','info.second_address','Secondary Address','2022-05-30 02:37:38','2022-05-30 02:37:38'),(270,1,'en','core/acl/users','info.birth_day','Date of birth','2022-05-30 02:37:38','2022-05-30 02:37:38'),(271,1,'en','core/acl/users','info.job','Job Position','2022-05-30 02:37:38','2022-05-30 02:37:38'),(272,1,'en','core/acl/users','info.mobile_number','Mobile Number','2022-05-30 02:37:38','2022-05-30 02:37:38'),(273,1,'en','core/acl/users','info.second_mobile_number','Secondary Phone','2022-05-30 02:37:38','2022-05-30 02:37:38'),(274,1,'en','core/acl/users','info.interes','Interests','2022-05-30 02:37:38','2022-05-30 02:37:38'),(275,1,'en','core/acl/users','info.about','About','2022-05-30 02:37:38','2022-05-30 02:37:38'),(276,1,'en','core/acl/users','gender.title','Gender','2022-05-30 02:37:38','2022-05-30 02:37:38'),(277,1,'en','core/acl/users','gender.male','Male','2022-05-30 02:37:38','2022-05-30 02:37:38'),(278,1,'en','core/acl/users','gender.female','Female','2022-05-30 02:37:38','2022-05-30 02:37:38'),(279,1,'en','core/acl/users','total_users','Total users','2022-05-30 02:37:38','2022-05-30 02:37:38'),(280,1,'en','core/acl/users','statuses.activated','Activated','2022-05-30 02:37:38','2022-05-30 02:37:38'),(281,1,'en','core/acl/users','statuses.deactivated','Deactivated','2022-05-30 02:37:38','2022-05-30 02:37:38'),(282,1,'en','core/acl/users','make_super','Make super','2022-05-30 02:37:38','2022-05-30 02:37:38'),(283,1,'en','core/acl/users','remove_super','Remove super','2022-05-30 02:37:38','2022-05-30 02:37:38'),(284,1,'en','core/acl/users','is_super','Is super?','2022-05-30 02:37:38','2022-05-30 02:37:38'),(285,1,'en','core/acl/users','email_placeholder','Ex: example@gmail.com','2022-05-30 02:37:38','2022-05-30 02:37:38'),(286,1,'en','core/acl/users','password_confirmation','Re-type password','2022-05-30 02:37:38','2022-05-30 02:37:38'),(287,1,'en','core/acl/users','select_role','Select role','2022-05-30 02:37:38','2022-05-30 02:37:38'),(288,1,'en','core/acl/users','create_new_user','Create a new user','2022-05-30 02:37:38','2022-05-30 02:37:38'),(289,1,'en','core/acl/users','cannot_delete_super_user','Permission denied. Cannot delete a super user!','2022-05-30 02:37:38','2022-05-30 02:37:38'),(290,1,'en','core/acl/users','assigned_role','Assigned Role','2022-05-30 02:37:38','2022-05-30 02:37:38'),(291,1,'en','core/acl/users','no_role_assigned','No role assigned','2022-05-30 02:37:38','2022-05-30 02:37:38'),(292,1,'en','core/acl/users','view_user_profile','View user\'s profile','2022-05-30 02:37:38','2022-05-30 02:37:38'),(293,1,'vi','core/acl/auth','login.username','Tên truy cập','2022-05-30 02:37:38','2022-05-30 02:37:38'),(294,1,'vi','core/acl/auth','login.password','Mật khẩu','2022-05-30 02:37:38','2022-05-30 02:37:38'),(295,1,'vi','core/acl/auth','login.title','Đăng nhập vào quản trị','2022-05-30 02:37:38','2022-05-30 02:37:38'),(296,1,'vi','core/acl/auth','login.remember','Nhớ mật khẩu?','2022-05-30 02:37:38','2022-05-30 02:37:38'),(297,1,'vi','core/acl/auth','login.login','Đăng nhập','2022-05-30 02:37:38','2022-05-30 02:37:38'),(298,1,'vi','core/acl/auth','login.placeholder.username','Vui lòng nhập tên truy cập','2022-05-30 02:37:38','2022-05-30 02:37:38'),(299,1,'vi','core/acl/auth','login.placeholder.email','Vui lòng nhập email','2022-05-30 02:37:38','2022-05-30 02:37:38'),(300,1,'vi','core/acl/auth','login.success','Đăng nhập thành công!','2022-05-30 02:37:38','2022-05-30 02:37:38'),(301,1,'vi','core/acl/auth','login.fail','Sai tên truy cập hoặc mật khẩu.','2022-05-30 02:37:38','2022-05-30 02:37:38'),(302,1,'vi','core/acl/auth','login.not_active','Tài khoản của bạn chưa được kích hoạt!','2022-05-30 02:37:38','2022-05-30 02:37:38'),(303,1,'vi','core/acl/auth','login.banned','Tài khoản này đã bị khóa.','2022-05-30 02:37:38','2022-05-30 02:37:38'),(304,1,'vi','core/acl/auth','login.logout_success','Đăng xuất thành công!','2022-05-30 02:37:38','2022-05-30 02:37:38'),(305,1,'vi','core/acl/auth','login.dont_have_account','Bạn không có tài khoản trong hệ thống, vui lòng liên hệ quản trị viên!','2022-05-30 02:37:38','2022-05-30 02:37:38'),(306,1,'vi','core/acl/auth','login.email','Email','2022-05-30 02:37:38','2022-05-30 02:37:38'),(307,1,'vi','core/acl/auth','forgot_password.title','Quên mật khẩu','2022-05-30 02:37:38','2022-05-30 02:37:38'),(308,1,'vi','core/acl/auth','forgot_password.message','<p>Quên mật khẩu?</p><p>Vui lòng nhập email đăng nhập tài khoản của bạn để hệ thống gửi liên kết khôi phục mật khẩu.</p>','2022-05-30 02:37:38','2022-05-30 02:37:38'),(309,1,'vi','core/acl/auth','forgot_password.submit','Hoàn tất','2022-05-30 02:37:38','2022-05-30 02:37:38'),(310,1,'vi','core/acl/auth','reset.new_password','Mật khẩu mới','2022-05-30 02:37:38','2022-05-30 02:37:38'),(311,1,'vi','core/acl/auth','reset.title','Khôi phục mật khẩu','2022-05-30 02:37:38','2022-05-30 02:37:38'),(312,1,'vi','core/acl/auth','reset.update','Cập nhật','2022-05-30 02:37:38','2022-05-30 02:37:38'),(313,1,'vi','core/acl/auth','reset.wrong_token','Liên kết này không chính xác hoặc đã hết hiệu lực, vui lòng yêu cầu khôi phục mật khẩu lại!','2022-05-30 02:37:38','2022-05-30 02:37:38'),(314,1,'vi','core/acl/auth','reset.user_not_found','Tên đăng nhập không tồn tại.','2022-05-30 02:37:38','2022-05-30 02:37:38'),(315,1,'vi','core/acl/auth','reset.success','Khôi phục mật khẩu thành công!','2022-05-30 02:37:38','2022-05-30 02:37:38'),(316,1,'vi','core/acl/auth','reset.fail','Token không hợp lệ hoặc liên kết khôi phục mật khẩu đã hết thời gian hiệu lực!','2022-05-30 02:37:38','2022-05-30 02:37:38'),(317,1,'vi','core/acl/auth','reset.reset.title','Email khôi phục mật khẩu','2022-05-30 02:37:38','2022-05-30 02:37:38'),(318,1,'vi','core/acl/auth','reset.send.success','Một email khôi phục mật khẩu đã được gửi tới email của bạn, vui lòng kiểm tra và hoàn tất yêu cầu.','2022-05-30 02:37:38','2022-05-30 02:37:38'),(319,1,'vi','core/acl/auth','reset.send.fail','Không thể gửi email trong lúc này. Vui lòng thực hiện lại sau.','2022-05-30 02:37:38','2022-05-30 02:37:38'),(320,1,'vi','core/acl/auth','reset.new-password','Mật khẩu mới','2022-05-30 02:37:38','2022-05-30 02:37:38'),(321,1,'vi','core/acl/auth','reset.email','Email','2022-05-30 02:37:38','2022-05-30 02:37:38'),(322,1,'vi','core/acl/auth','email.reminder.title','Email khôi phục mật khẩu','2022-05-30 02:37:38','2022-05-30 02:37:38'),(323,1,'vi','core/acl/auth','failed','Không thành công','2022-05-30 02:37:38','2022-05-30 02:37:38'),(324,1,'vi','core/acl/auth','throttle','Throttle','2022-05-30 02:37:38','2022-05-30 02:37:38'),(325,1,'vi','core/acl/auth','back_to_login','Quay lại trang đăng nhập','2022-05-30 02:37:38','2022-05-30 02:37:38'),(326,1,'vi','core/acl/auth','login_title','Đăng nhập vào quản trị','2022-05-30 02:37:38','2022-05-30 02:37:38'),(327,1,'vi','core/acl/auth','login_via_social','Đăng nhập thông qua mạng xã hội','2022-05-30 02:37:38','2022-05-30 02:37:38'),(328,1,'vi','core/acl/auth','lost_your_password','Quên mật khẩu?','2022-05-30 02:37:38','2022-05-30 02:37:38'),(329,1,'vi','core/acl/auth','not_member','Chưa là thành viên?','2022-05-30 02:37:38','2022-05-30 02:37:38'),(330,1,'vi','core/acl/auth','register_now','Đăng ký ngay','2022-05-30 02:37:38','2022-05-30 02:37:38'),(331,1,'vi','core/acl/permissions','notices.role_in_use','Không thể xóa quyền người dùng này vì nó đang được sử dụng!','2022-05-30 02:37:38','2022-05-30 02:37:38'),(332,1,'vi','core/acl/permissions','notices.role_delete_belong_user','Không thể xóa quyền hạn này vì nó thuộc về người khác!','2022-05-30 02:37:38','2022-05-30 02:37:38'),(333,1,'vi','core/acl/permissions','notices.role_edit_belong_user','Bạn không được phép sửa quyền này vì nó thuộc về người khác','2022-05-30 02:37:38','2022-05-30 02:37:38'),(334,1,'vi','core/acl/permissions','notices.delete_global_role','Bạn không thể xóa quyền người dùng hệ thống!','2022-05-30 02:37:38','2022-05-30 02:37:38'),(335,1,'vi','core/acl/permissions','notices.delete_success','Quyền người dùng đã được xóa!','2022-05-30 02:37:38','2022-05-30 02:37:38'),(336,1,'vi','core/acl/permissions','notices.modified_success','Quyền người dùng đã được cập nhật thành công!','2022-05-30 02:37:38','2022-05-30 02:37:38'),(337,1,'vi','core/acl/permissions','notices.create_success','Quyền người dùng mới đã được tạo thành công!','2022-05-30 02:37:38','2022-05-30 02:37:38'),(338,1,'vi','core/acl/permissions','notices.duplicated_success','Quyền người dùng đã được sao chép thành công!','2022-05-30 02:37:38','2022-05-30 02:37:38'),(339,1,'vi','core/acl/permissions','notices.no_select','Hãy chọn ít nhất một quyền người dùng để thực hiện hành động này!','2022-05-30 02:37:38','2022-05-30 02:37:38'),(340,1,'vi','core/acl/permissions','notices.not_found','Không tìm thấy quyền người dùng này','2022-05-30 02:37:38','2022-05-30 02:37:38'),(341,1,'vi','core/acl/permissions','name','Tên','2022-05-30 02:37:38','2022-05-30 02:37:38'),(342,1,'vi','core/acl/permissions','current_role','Quyền hiện tại','2022-05-30 02:37:38','2022-05-30 02:37:38'),(343,1,'vi','core/acl/permissions','no_role_assigned','Không có quyền hạn nào','2022-05-30 02:37:38','2022-05-30 02:37:38'),(344,1,'vi','core/acl/permissions','role_assigned','Quyền đã được gán','2022-05-30 02:37:38','2022-05-30 02:37:38'),(345,1,'vi','core/acl/permissions','create_role','Tạo quyền mới','2022-05-30 02:37:38','2022-05-30 02:37:38'),(346,1,'vi','core/acl/permissions','role_name','Tên','2022-05-30 02:37:38','2022-05-30 02:37:38'),(347,1,'vi','core/acl/permissions','role_description','Mô tả','2022-05-30 02:37:38','2022-05-30 02:37:38'),(348,1,'vi','core/acl/permissions','permission_flags','Cờ đánh dấu quyền hạn','2022-05-30 02:37:38','2022-05-30 02:37:38'),(349,1,'vi','core/acl/permissions','cancel','Hủy bỏ','2022-05-30 02:37:38','2022-05-30 02:37:38'),(350,1,'vi','core/acl/permissions','reset','Làm lại','2022-05-30 02:37:38','2022-05-30 02:37:38'),(351,1,'vi','core/acl/permissions','save','Lưu','2022-05-30 02:37:38','2022-05-30 02:37:38'),(352,1,'vi','core/acl/permissions','global_role_msg','Đây là một phân quyền toàn cục và không thể thay đổi.  Bạn có thể sử dụng nút \"Nhân bản\" để tạo một bản sao chép cho phân quyền này và chỉnh sửa.','2022-05-30 02:37:38','2022-05-30 02:37:38'),(353,1,'vi','core/acl/permissions','details','Chi tiết','2022-05-30 02:37:38','2022-05-30 02:37:38'),(354,1,'vi','core/acl/permissions','duplicate','Nhân bản','2022-05-30 02:37:38','2022-05-30 02:37:38'),(355,1,'vi','core/acl/permissions','all','Tất cả phân quyền','2022-05-30 02:37:38','2022-05-30 02:37:38'),(356,1,'vi','core/acl/permissions','list_role','Danh sách quyền','2022-05-30 02:37:38','2022-05-30 02:37:38'),(357,1,'vi','core/acl/permissions','created_on','Ngày tạo','2022-05-30 02:37:38','2022-05-30 02:37:38'),(358,1,'vi','core/acl/permissions','created_by','Được tạo bởi','2022-05-30 02:37:38','2022-05-30 02:37:38'),(359,1,'vi','core/acl/permissions','actions','Tác vụ','2022-05-30 02:37:38','2022-05-30 02:37:38'),(360,1,'vi','core/acl/permissions','create_success','Tạo thành công!','2022-05-30 02:37:38','2022-05-30 02:37:38'),(361,1,'vi','core/acl/permissions','delete_global_role','Không thể xóa quyền hệ thống','2022-05-30 02:37:38','2022-05-30 02:37:38'),(362,1,'vi','core/acl/permissions','delete_success','Xóa quyền thành công','2022-05-30 02:37:38','2022-05-30 02:37:38'),(363,1,'vi','core/acl/permissions','duplicated_success','Nhân bản thành công','2022-05-30 02:37:38','2022-05-30 02:37:38'),(364,1,'vi','core/acl/permissions','modified_success','Sửa thành công','2022-05-30 02:37:38','2022-05-30 02:37:38'),(365,1,'vi','core/acl/permissions','no_select','Hãy chọn ít nhất một quyền để thực hiện hành động này!','2022-05-30 02:37:38','2022-05-30 02:37:38'),(366,1,'vi','core/acl/permissions','not_found','Không tìm thấy quyền thành viên nào!','2022-05-30 02:37:38','2022-05-30 02:37:38'),(367,1,'vi','core/acl/permissions','options','Tùy chọn','2022-05-30 02:37:38','2022-05-30 02:37:38'),(368,1,'vi','core/acl/permissions','role_delete_belong_user','Không thể xóa quyền hạn này vì nó thuộc về người khác!','2022-05-30 02:37:38','2022-05-30 02:37:38'),(369,1,'vi','core/acl/permissions','role_edit_belong_user','Bạn không được phép sửa quyền này vì nó thuộc về người khác','2022-05-30 02:37:38','2022-05-30 02:37:38'),(370,1,'vi','core/acl/permissions','role_in_use','Không thể xóa quyền người dùng này vì nó đang được sử dụng!','2022-05-30 02:37:38','2022-05-30 02:37:38'),(371,1,'vi','core/acl/permissions','access_denied_message','Bạn không có quyền sử dụng chức năng này!','2022-05-30 02:37:38','2022-05-30 02:37:38'),(372,1,'vi','core/acl/permissions','roles','Quyền','2022-05-30 02:37:38','2022-05-30 02:37:38'),(373,1,'vi','core/acl/permissions','role_permission','Nhóm và phân quyền','2022-05-30 02:37:38','2022-05-30 02:37:38'),(374,1,'vi','core/acl/permissions','user_management','Quản lý người dùng hệ thống','2022-05-30 02:37:38','2022-05-30 02:37:38'),(375,1,'vi','core/acl/permissions','super_user_management','Quản lý người dùng cấp cao','2022-05-30 02:37:38','2022-05-30 02:37:38'),(376,1,'vi','core/acl/reminders','password','Mật khẩu phải ít nhất 6 kí tự và trùng khớp với mật khẩu xác nhận.','2022-05-30 02:37:38','2022-05-30 02:37:38'),(377,1,'vi','core/acl/reminders','user','Hệ thống không thể tìm thấy tài khoản với email này.','2022-05-30 02:37:38','2022-05-30 02:37:38'),(378,1,'vi','core/acl/reminders','token','Mã khôi phục mật khẩu này không hợp lệ.','2022-05-30 02:37:38','2022-05-30 02:37:38'),(379,1,'vi','core/acl/reminders','sent','Liên kết khôi phục mật khẩu đã được gửi!','2022-05-30 02:37:38','2022-05-30 02:37:38'),(380,1,'vi','core/acl/reminders','reset','Mật khẩu đã được thay đổi!','2022-05-30 02:37:38','2022-05-30 02:37:38'),(381,1,'vi','core/acl/users','delete_user_logged_in','Không thể xóa người dùng đang đăng nhập hệ thống!','2022-05-30 02:37:38','2022-05-30 02:37:38'),(382,1,'vi','core/acl/users','no_select','Hãy chọn ít nhất một trường để thực hiện hành động này!','2022-05-30 02:37:38','2022-05-30 02:37:38'),(383,1,'vi','core/acl/users','lock_user_logged_in','Không thể khóa người dùng đang đăng nhập hệ thống!','2022-05-30 02:37:38','2022-05-30 02:37:38'),(384,1,'vi','core/acl/users','update_success','Cập nhật trạng thái thành công!','2022-05-30 02:37:38','2022-05-30 02:37:38'),(385,1,'vi','core/acl/users','save_setting_failed','Có lỗi xảy ra trong quá trình lưu cài đặt của người dùng','2022-05-30 02:37:38','2022-05-30 02:37:38'),(386,1,'vi','core/acl/users','not_found','Không tìm thấy người dùng','2022-05-30 02:37:38','2022-05-30 02:37:38'),(387,1,'vi','core/acl/users','email_exist','Email này đã được sử dụng bởi người dùng khác trong hệ thống','2022-05-30 02:37:38','2022-05-30 02:37:38'),(388,1,'vi','core/acl/users','username_exist','Tên đăng nhập này đã được sử dụng bởi người dùng khác trong hệ thống','2022-05-30 02:37:38','2022-05-30 02:37:38'),(389,1,'vi','core/acl/users','update_profile_success','Thông tin tài khoản của bạn đã được cập nhật thành công','2022-05-30 02:37:38','2022-05-30 02:37:38'),(390,1,'vi','core/acl/users','password_update_success','Cập nhật mật khẩu thành công','2022-05-30 02:37:38','2022-05-30 02:37:38'),(391,1,'vi','core/acl/users','current_password_not_valid','Mật khẩu hiện tại không chính xác','2022-05-30 02:37:38','2022-05-30 02:37:38'),(392,1,'vi','core/acl/users','user_exist_in','Người dùng đã là thành viên','2022-05-30 02:37:38','2022-05-30 02:37:38'),(393,1,'vi','core/acl/users','email','Email','2022-05-30 02:37:38','2022-05-30 02:37:38'),(394,1,'vi','core/acl/users','username','Tên đăng nhập','2022-05-30 02:37:38','2022-05-30 02:37:38'),(395,1,'vi','core/acl/users','role','Phân quyền','2022-05-30 02:37:38','2022-05-30 02:37:38'),(396,1,'vi','core/acl/users','first_name','Họ','2022-05-30 02:37:38','2022-05-30 02:37:38'),(397,1,'vi','core/acl/users','last_name','Tên','2022-05-30 02:37:38','2022-05-30 02:37:38'),(398,1,'vi','core/acl/users','message','Thông điệp','2022-05-30 02:37:38','2022-05-30 02:37:38'),(399,1,'vi','core/acl/users','cancel_btn','Hủy bỏ','2022-05-30 02:37:38','2022-05-30 02:37:38'),(400,1,'vi','core/acl/users','password','Mật khẩu','2022-05-30 02:37:38','2022-05-30 02:37:38'),(401,1,'vi','core/acl/users','new_password','Mật khẩu mới','2022-05-30 02:37:38','2022-05-30 02:37:38'),(402,1,'vi','core/acl/users','save','Lưu','2022-05-30 02:37:38','2022-05-30 02:37:38'),(403,1,'vi','core/acl/users','confirm_new_password','Xác nhận mật khẩu mới','2022-05-30 02:37:38','2022-05-30 02:37:38'),(404,1,'vi','core/acl/users','deleted','Xóa thành viên thành công','2022-05-30 02:37:38','2022-05-30 02:37:38'),(405,1,'vi','core/acl/users','cannot_delete','Không thể xóa thành viên','2022-05-30 02:37:38','2022-05-30 02:37:38'),(406,1,'vi','core/acl/users','last_login','Lần cuối đăng nhập','2022-05-30 02:37:38','2022-05-30 02:37:38'),(407,1,'vi','core/acl/users','error_update_profile_image','Có lỗi trong quá trình đổi ảnh đại diện','2022-05-30 02:37:38','2022-05-30 02:37:38'),(408,1,'vi','core/acl/users','email_reminder_template','<h3>Xin chào :name</h3><p>Hệ thống vừa nhận được yêu cầu khôi phục mật khẩu cho tài khoản của bạn, để hoàn tất tác vụ này vui lòng click vào đường link bên dưới.</p><p><a href=\":link\">Khôi phục mật khẩu</a></p><p>Nếu không phải bạn yêu cầu khôi phục mật khẩu, vui lòng bỏ qua email này.</p><p>Email này có giá trị trong vòng 60 phút kể từ lúc nhận được email.</p>','2022-05-30 02:37:38','2022-05-30 02:37:38'),(409,1,'vi','core/acl/users','change_profile_image','Thay đổi ảnh đại diện','2022-05-30 02:37:38','2022-05-30 02:37:38'),(410,1,'vi','core/acl/users','new_image','Ảnh mới','2022-05-30 02:37:38','2022-05-30 02:37:38'),(411,1,'vi','core/acl/users','loading','Đang tải','2022-05-30 02:37:38','2022-05-30 02:37:38'),(412,1,'vi','core/acl/users','close','Đóng','2022-05-30 02:37:38','2022-05-30 02:37:38'),(413,1,'vi','core/acl/users','update','Cập nhật','2022-05-30 02:37:38','2022-05-30 02:37:38'),(414,1,'vi','core/acl/users','read_image_failed','Không đọc được nội dung của hình ảnh','2022-05-30 02:37:38','2022-05-30 02:37:38'),(415,1,'vi','core/acl/users','update_avatar_success','Cập nhật ảnh đại diện thành công!','2022-05-30 02:37:38','2022-05-30 02:37:38'),(416,1,'vi','core/acl/users','users','Quản trị viên','2022-05-30 02:37:38','2022-05-30 02:37:38'),(417,1,'vi','core/acl/users','info.title','Thông tin người dùng','2022-05-30 02:37:38','2022-05-30 02:37:38'),(418,1,'vi','core/acl/users','info.first_name','Họ','2022-05-30 02:37:38','2022-05-30 02:37:38'),(419,1,'vi','core/acl/users','info.last_name','Tên','2022-05-30 02:37:38','2022-05-30 02:37:38'),(420,1,'vi','core/acl/users','info.email','Email','2022-05-30 02:37:38','2022-05-30 02:37:38'),(421,1,'vi','core/acl/users','info.second_email','Email dự phòng','2022-05-30 02:37:38','2022-05-30 02:37:38'),(422,1,'vi','core/acl/users','info.address','Địa chỉ','2022-05-30 02:37:38','2022-05-30 02:37:38'),(423,1,'vi','core/acl/users','info.second_address','Địa chỉ dự phòng','2022-05-30 02:37:38','2022-05-30 02:37:38'),(424,1,'vi','core/acl/users','info.birth_day','Ngày sinh','2022-05-30 02:37:39','2022-05-30 02:37:39'),(425,1,'vi','core/acl/users','info.job','Nghề nghiệp','2022-05-30 02:37:39','2022-05-30 02:37:39'),(426,1,'vi','core/acl/users','info.mobile_number','Số điện thoại di động','2022-05-30 02:37:39','2022-05-30 02:37:39'),(427,1,'vi','core/acl/users','info.second_mobile_number','Số điện thoại dự phòng','2022-05-30 02:37:39','2022-05-30 02:37:39'),(428,1,'vi','core/acl/users','info.interes','Sở thích','2022-05-30 02:37:39','2022-05-30 02:37:39'),(429,1,'vi','core/acl/users','info.about','Giới thiệu','2022-05-30 02:37:39','2022-05-30 02:37:39'),(430,1,'vi','core/acl/users','gender.title','Giới tính','2022-05-30 02:37:39','2022-05-30 02:37:39'),(431,1,'vi','core/acl/users','gender.male','nam','2022-05-30 02:37:39','2022-05-30 02:37:39'),(432,1,'vi','core/acl/users','gender.female','nữ','2022-05-30 02:37:39','2022-05-30 02:37:39'),(433,1,'vi','core/acl/users','change_password','Thay đổi mật khẩu','2022-05-30 02:37:39','2022-05-30 02:37:39'),(434,1,'vi','core/acl/users','current_password','Mật khẩu hiện tại','2022-05-30 02:37:39','2022-05-30 02:37:39'),(435,1,'en','core/base/base','yes','Yes','2022-05-30 02:37:39','2022-05-30 02:37:39'),(436,1,'en','core/base/base','no','No','2022-05-30 02:37:39','2022-05-30 02:37:39'),(437,1,'en','core/base/base','is_default','Is default?','2022-05-30 02:37:39','2022-05-30 02:37:39'),(438,1,'en','core/base/base','proc_close_disabled_error','Function proc_close() is disabled. Please contact your hosting provider to enable\n    it. Or you can add to .env: CAN_EXECUTE_COMMAND=false to disable this feature.','2022-05-30 02:37:39','2022-05-30 02:37:39'),(439,1,'en','core/base/base','email_template.header','Email template header','2022-05-30 02:37:39','2022-05-30 02:37:39'),(440,1,'en','core/base/base','email_template.footer','Email template footer','2022-05-30 02:37:39','2022-05-30 02:37:39'),(441,1,'en','core/base/base','email_template.site_title','Site title','2022-05-30 02:37:39','2022-05-30 02:37:39'),(442,1,'en','core/base/base','email_template.site_url','Site URL','2022-05-30 02:37:39','2022-05-30 02:37:39'),(443,1,'en','core/base/base','email_template.site_logo','Site Logo','2022-05-30 02:37:39','2022-05-30 02:37:39'),(444,1,'en','core/base/base','email_template.date_time','Current date time','2022-05-30 02:37:39','2022-05-30 02:37:39'),(445,1,'en','core/base/base','email_template.date_year','Current year','2022-05-30 02:37:39','2022-05-30 02:37:39'),(446,1,'en','core/base/base','email_template.site_admin_email','Site admin email','2022-05-30 02:37:39','2022-05-30 02:37:39'),(447,1,'en','core/base/base','change_image','Change image','2022-05-30 02:37:39','2022-05-30 02:37:39'),(448,1,'en','core/base/base','delete_image','Delete image','2022-05-30 02:37:39','2022-05-30 02:37:39'),(449,1,'en','core/base/base','preview_image','Preview image','2022-05-30 02:37:39','2022-05-30 02:37:39'),(450,1,'en','core/base/base','image','Image','2022-05-30 02:37:39','2022-05-30 02:37:39'),(451,1,'en','core/base/base','using_button','Using button','2022-05-30 02:37:39','2022-05-30 02:37:39'),(452,1,'en','core/base/base','select_image','Select image','2022-05-30 02:37:39','2022-05-30 02:37:39'),(453,1,'en','core/base/base','to_add_more_image','to add more images','2022-05-30 02:37:39','2022-05-30 02:37:39'),(454,1,'en','core/base/base','add_image','Add image','2022-05-30 02:37:39','2022-05-30 02:37:39'),(455,1,'en','core/base/base','tools','Tools','2022-05-30 02:37:39','2022-05-30 02:37:39'),(456,1,'en','core/base/cache','cache_management','Cache management','2022-05-30 02:37:39','2022-05-30 02:37:39'),(457,1,'en','core/base/cache','cache_commands','Clear cache commands','2022-05-30 02:37:39','2022-05-30 02:37:39'),(458,1,'en','core/base/cache','commands.clear_cms_cache.title','Clear all CMS cache','2022-05-30 02:37:39','2022-05-30 02:37:39'),(459,1,'en','core/base/cache','commands.clear_cms_cache.description','Clear CMS caching: database caching, static blocks... Run this command when you don\'t see the changes after updating data.','2022-05-30 02:37:39','2022-05-30 02:37:39'),(460,1,'en','core/base/cache','commands.clear_cms_cache.success_msg','Cache cleaned','2022-05-30 02:37:39','2022-05-30 02:37:39'),(461,1,'en','core/base/cache','commands.refresh_compiled_views.title','Refresh compiled views','2022-05-30 02:37:39','2022-05-30 02:37:39'),(462,1,'en','core/base/cache','commands.refresh_compiled_views.description','Clear compiled views to make views up to date.','2022-05-30 02:37:39','2022-05-30 02:37:39'),(463,1,'en','core/base/cache','commands.refresh_compiled_views.success_msg','Cache view refreshed','2022-05-30 02:37:39','2022-05-30 02:37:39'),(464,1,'en','core/base/cache','commands.clear_config_cache.title','Clear config cache','2022-05-30 02:37:39','2022-05-30 02:37:39'),(465,1,'en','core/base/cache','commands.clear_config_cache.description','You might need to refresh the config caching when you change something on production environment.','2022-05-30 02:37:39','2022-05-30 02:37:39'),(466,1,'en','core/base/cache','commands.clear_config_cache.success_msg','Config cache cleaned','2022-05-30 02:37:39','2022-05-30 02:37:39'),(467,1,'en','core/base/cache','commands.clear_route_cache.title','Clear route cache','2022-05-30 02:37:39','2022-05-30 02:37:39'),(468,1,'en','core/base/cache','commands.clear_route_cache.description','Clear cache routing.','2022-05-30 02:37:39','2022-05-30 02:37:39'),(469,1,'en','core/base/cache','commands.clear_route_cache.success_msg','The route cache has been cleaned','2022-05-30 02:37:39','2022-05-30 02:37:39'),(470,1,'en','core/base/cache','commands.clear_log.title','Clear log','2022-05-30 02:37:39','2022-05-30 02:37:39'),(471,1,'en','core/base/cache','commands.clear_log.description','Clear system log files','2022-05-30 02:37:39','2022-05-30 02:37:39'),(472,1,'en','core/base/cache','commands.clear_log.success_msg','The system log has been cleaned','2022-05-30 02:37:39','2022-05-30 02:37:39'),(473,1,'en','core/base/enums','statuses.draft','Draft','2022-05-30 02:37:39','2022-05-30 02:37:39'),(474,1,'en','core/base/enums','statuses.pending','Pending','2022-05-30 02:37:39','2022-05-30 02:37:39'),(475,1,'en','core/base/enums','statuses.published','Published','2022-05-30 02:37:39','2022-05-30 02:37:39'),(476,1,'en','core/base/errors','401_title','Permission Denied','2022-05-30 02:37:39','2022-05-30 02:37:39'),(477,1,'en','core/base/errors','401_msg','<li>You have not been granted access to the section by the administrator.</li>\n	                <li>You may have the wrong account type.</li>\n	                <li>You are not authorized to view the requested resource.</li>\n	                <li>Your subscription may have expired.</li>','2022-05-30 02:37:39','2022-05-30 02:37:39'),(478,1,'en','core/base/errors','404_title','Page could not be found','2022-05-30 02:37:39','2022-05-30 02:37:39'),(479,1,'en','core/base/errors','404_msg','<li>The page you requested does not exist.</li>\n	                <li>The link you clicked is no longer.</li>\n	                <li>The page may have moved to a new location.</li>\n	                <li>An error may have occurred.</li>\n	                <li>You are not authorized to view the requested resource.</li>','2022-05-30 02:37:39','2022-05-30 02:37:39'),(480,1,'en','core/base/errors','500_title','Page could not be loaded','2022-05-30 02:37:39','2022-05-30 02:37:39'),(481,1,'en','core/base/errors','500_msg','<li>The page you requested does not exist.</li>\n	                <li>The link you clicked is no longer.</li>\n	                <li>The page may have moved to a new location.</li>\n	                <li>An error may have occurred.</li>\n	                <li>You are not authorized to view the requested resource.</li>','2022-05-30 02:37:39','2022-05-30 02:37:39'),(482,1,'en','core/base/errors','reasons','This may have occurred because of several reasons','2022-05-30 02:37:39','2022-05-30 02:37:39'),(483,1,'en','core/base/errors','try_again','Please try again in a few minutes, or alternatively return to the homepage by <a href=\"http://farmart.test/admin\">clicking here</a>.','2022-05-30 02:37:39','2022-05-30 02:37:39'),(484,1,'en','core/base/errors','not_found','Not Found','2022-05-30 02:37:39','2022-05-30 02:37:39'),(485,1,'en','core/base/forms','choose_image','Choose image','2022-05-30 02:37:39','2022-05-30 02:37:39'),(486,1,'en','core/base/forms','actions','Actions','2022-05-30 02:37:39','2022-05-30 02:37:39'),(487,1,'en','core/base/forms','save','Save','2022-05-30 02:37:39','2022-05-30 02:37:39'),(488,1,'en','core/base/forms','save_and_continue','Save & Edit','2022-05-30 02:37:39','2022-05-30 02:37:39'),(489,1,'en','core/base/forms','image','Image','2022-05-30 02:37:39','2022-05-30 02:37:39'),(490,1,'en','core/base/forms','image_placeholder','Insert path of image or click upload button','2022-05-30 02:37:39','2022-05-30 02:37:39'),(491,1,'en','core/base/forms','create','Create','2022-05-30 02:37:39','2022-05-30 02:37:39'),(492,1,'en','core/base/forms','edit','Edit','2022-05-30 02:37:39','2022-05-30 02:37:39'),(493,1,'en','core/base/forms','permalink','Permalink','2022-05-30 02:37:39','2022-05-30 02:37:39'),(494,1,'en','core/base/forms','ok','OK','2022-05-30 02:37:39','2022-05-30 02:37:39'),(495,1,'en','core/base/forms','cancel','Cancel','2022-05-30 02:37:39','2022-05-30 02:37:39'),(496,1,'en','core/base/forms','character_remain','character(s) remain','2022-05-30 02:37:39','2022-05-30 02:37:39'),(497,1,'en','core/base/forms','template','Template','2022-05-30 02:37:39','2022-05-30 02:37:39'),(498,1,'en','core/base/forms','choose_file','Choose file','2022-05-30 02:37:39','2022-05-30 02:37:39'),(499,1,'en','core/base/forms','file','File','2022-05-30 02:37:39','2022-05-30 02:37:39'),(500,1,'en','core/base/forms','content','Content','2022-05-30 02:37:39','2022-05-30 02:37:39'),(501,1,'en','core/base/forms','description','Description','2022-05-30 02:37:39','2022-05-30 02:37:39'),(502,1,'en','core/base/forms','name','Name','2022-05-30 02:37:39','2022-05-30 02:37:39'),(503,1,'en','core/base/forms','slug','Slug','2022-05-30 02:37:39','2022-05-30 02:37:39'),(504,1,'en','core/base/forms','title','Title','2022-05-30 02:37:39','2022-05-30 02:37:39'),(505,1,'en','core/base/forms','value','Value','2022-05-30 02:37:39','2022-05-30 02:37:39'),(506,1,'en','core/base/forms','name_placeholder','Name','2022-05-30 02:37:39','2022-05-30 02:37:39'),(507,1,'en','core/base/forms','alias_placeholder','Alias','2022-05-30 02:37:39','2022-05-30 02:37:39'),(508,1,'en','core/base/forms','description_placeholder','Short description','2022-05-30 02:37:39','2022-05-30 02:37:39'),(509,1,'en','core/base/forms','parent','Parent','2022-05-30 02:37:39','2022-05-30 02:37:39'),(510,1,'en','core/base/forms','icon','Icon','2022-05-30 02:37:39','2022-05-30 02:37:39'),(511,1,'en','core/base/forms','icon_placeholder','Ex: fa fa-home','2022-05-30 02:37:39','2022-05-30 02:37:39'),(512,1,'en','core/base/forms','order_by','Order by','2022-05-30 02:37:39','2022-05-30 02:37:39'),(513,1,'en','core/base/forms','order_by_placeholder','Order by','2022-05-30 02:37:39','2022-05-30 02:37:39'),(514,1,'en','core/base/forms','is_featured','Is featured?','2022-05-30 02:37:39','2022-05-30 02:37:39'),(515,1,'en','core/base/forms','is_default','Is default?','2022-05-30 02:37:39','2022-05-30 02:37:39'),(516,1,'en','core/base/forms','update','Update','2022-05-30 02:37:39','2022-05-30 02:37:39'),(517,1,'en','core/base/forms','publish','Publish','2022-05-30 02:37:39','2022-05-30 02:37:39'),(518,1,'en','core/base/forms','remove_image','Remove image','2022-05-30 02:37:39','2022-05-30 02:37:39'),(519,1,'en','core/base/forms','remove_file','Remove file','2022-05-30 02:37:39','2022-05-30 02:37:39'),(520,1,'en','core/base/forms','order','Order','2022-05-30 02:37:39','2022-05-30 02:37:39'),(521,1,'en','core/base/forms','alias','Alias','2022-05-30 02:37:39','2022-05-30 02:37:39'),(522,1,'en','core/base/forms','basic_information','Basic information','2022-05-30 02:37:39','2022-05-30 02:37:39'),(523,1,'en','core/base/forms','short_code','Shortcode','2022-05-30 02:37:39','2022-05-30 02:37:39'),(524,1,'en','core/base/forms','add_short_code','Add a shortcode','2022-05-30 02:37:39','2022-05-30 02:37:39'),(525,1,'en','core/base/forms','add','Add','2022-05-30 02:37:39','2022-05-30 02:37:39'),(526,1,'en','core/base/forms','link','Link','2022-05-30 02:37:39','2022-05-30 02:37:39'),(527,1,'en','core/base/forms','show_hide_editor','Show/Hide Editor','2022-05-30 02:37:39','2022-05-30 02:37:39'),(528,1,'en','core/base/forms','basic_info_title','Basic information','2022-05-30 02:37:39','2022-05-30 02:37:39'),(529,1,'en','core/base/forms','expand_all','Expand all','2022-05-30 02:37:39','2022-05-30 02:37:39'),(530,1,'en','core/base/forms','collapse_all','Collapse all','2022-05-30 02:37:39','2022-05-30 02:37:39'),(531,1,'en','core/base/forms','view_new_tab','Open in new tab','2022-05-30 02:37:39','2022-05-30 02:37:39'),(532,1,'en','core/base/layouts','platform_admin','Platform Administration','2022-05-30 02:37:39','2022-05-30 02:37:39'),(533,1,'en','core/base/layouts','dashboard','Dashboard','2022-05-30 02:37:39','2022-05-30 02:37:39'),(534,1,'en','core/base/layouts','widgets','Widgets','2022-05-30 02:37:39','2022-05-30 02:37:39'),(535,1,'en','core/base/layouts','plugins','Plugins','2022-05-30 02:37:39','2022-05-30 02:37:39'),(536,1,'en','core/base/layouts','settings','Settings','2022-05-30 02:37:39','2022-05-30 02:37:39'),(537,1,'en','core/base/layouts','setting_general','General','2022-05-30 02:37:39','2022-05-30 02:37:39'),(538,1,'en','core/base/layouts','setting_email','Email','2022-05-30 02:37:39','2022-05-30 02:37:39'),(539,1,'en','core/base/layouts','system_information','System information','2022-05-30 02:37:39','2022-05-30 02:37:39'),(540,1,'en','core/base/layouts','theme','Theme','2022-05-30 02:37:39','2022-05-30 02:37:39'),(541,1,'en','core/base/layouts','copyright','Copyright :year &copy; :company. Version: <span>:version</span>','2022-05-30 02:37:39','2022-05-30 02:37:39'),(542,1,'en','core/base/layouts','profile','Profile','2022-05-30 02:37:39','2022-05-30 02:37:39'),(543,1,'en','core/base/layouts','logout','Logout','2022-05-30 02:37:39','2022-05-30 02:37:39'),(544,1,'en','core/base/layouts','no_search_result','No results found, please try with different keywords.','2022-05-30 02:37:39','2022-05-30 02:37:39'),(545,1,'en','core/base/layouts','home','Home','2022-05-30 02:37:39','2022-05-30 02:37:39'),(546,1,'en','core/base/layouts','search','Search','2022-05-30 02:37:39','2022-05-30 02:37:39'),(547,1,'en','core/base/layouts','add_new','Add new','2022-05-30 02:37:39','2022-05-30 02:37:39'),(548,1,'en','core/base/layouts','n_a','N/A','2022-05-30 02:37:39','2022-05-30 02:37:39'),(549,1,'en','core/base/layouts','page_loaded_time','Page loaded in','2022-05-30 02:37:39','2022-05-30 02:37:39'),(550,1,'en','core/base/layouts','view_website','View website','2022-05-30 02:37:39','2022-05-30 02:37:39'),(551,1,'en','core/base/mail','send-fail','Send email failed','2022-05-30 02:37:39','2022-05-30 02:37:39'),(552,1,'en','core/base/notices','create_success_message','Created successfully','2022-05-30 02:37:39','2022-05-30 02:37:39'),(553,1,'en','core/base/notices','update_success_message','Updated successfully','2022-05-30 02:37:39','2022-05-30 02:37:39'),(554,1,'en','core/base/notices','delete_success_message','Deleted successfully','2022-05-30 02:37:39','2022-05-30 02:37:39'),(555,1,'en','core/base/notices','success_header','Success!','2022-05-30 02:37:39','2022-05-30 02:37:39'),(556,1,'en','core/base/notices','error_header','Error!','2022-05-30 02:37:39','2022-05-30 02:37:39'),(557,1,'en','core/base/notices','no_select','Please select at least one record to perform this action!','2022-05-30 02:37:39','2022-05-30 02:37:39'),(558,1,'en','core/base/notices','processing_request','We are processing your request.','2022-05-30 02:37:39','2022-05-30 02:37:39'),(559,1,'en','core/base/notices','error','Error!','2022-05-30 02:37:39','2022-05-30 02:37:39'),(560,1,'en','core/base/notices','success','Success!','2022-05-30 02:37:39','2022-05-30 02:37:39'),(561,1,'en','core/base/notices','info','Info!','2022-05-30 02:37:39','2022-05-30 02:37:39'),(562,1,'en','core/base/notices','enum.validate_message','The :attribute value you have entered is invalid.','2022-05-30 02:37:39','2022-05-30 02:37:39'),(563,1,'en','core/base/system','no_select','Please select at least one record to take this action!','2022-05-30 02:37:39','2022-05-30 02:37:39'),(564,1,'en','core/base/system','cannot_find_user','Unable to find specified user','2022-05-30 02:37:39','2022-05-30 02:37:39'),(565,1,'en','core/base/system','supper_revoked','Super user access revoked','2022-05-30 02:37:39','2022-05-30 02:37:39'),(566,1,'en','core/base/system','cannot_revoke_yourself','Can not revoke supper user access permission yourself!','2022-05-30 02:37:39','2022-05-30 02:37:39'),(567,1,'en','core/base/system','cant_remove_supper','You don\'t has permission to remove this super user','2022-05-30 02:37:39','2022-05-30 02:37:39'),(568,1,'en','core/base/system','cant_find_user_with_email','Unable to find user with specified email address','2022-05-30 02:37:39','2022-05-30 02:37:39'),(569,1,'en','core/base/system','supper_granted','Super user access granted','2022-05-30 02:37:39','2022-05-30 02:37:39'),(570,1,'en','core/base/system','delete_log_success','Delete log file successfully!','2022-05-30 02:37:39','2022-05-30 02:37:39'),(571,1,'en','core/base/system','get_member_success','Member list retrieved successfully','2022-05-30 02:37:39','2022-05-30 02:37:39'),(572,1,'en','core/base/system','error_occur','The following errors occurred','2022-05-30 02:37:39','2022-05-30 02:37:39'),(573,1,'en','core/base/system','user_management','User Management','2022-05-30 02:37:39','2022-05-30 02:37:39'),(574,1,'en','core/base/system','user_management_description','Manage users.','2022-05-30 02:37:39','2022-05-30 02:37:39'),(575,1,'en','core/base/system','role_and_permission','Roles and Permissions','2022-05-30 02:37:39','2022-05-30 02:37:39'),(576,1,'en','core/base/system','role_and_permission_description','Manage the available roles.','2022-05-30 02:37:39','2022-05-30 02:37:39'),(577,1,'en','core/base/system','user.list_super','List Super Users','2022-05-30 02:37:39','2022-05-30 02:37:39'),(578,1,'en','core/base/system','user.email','Email','2022-05-30 02:37:39','2022-05-30 02:37:39'),(579,1,'en','core/base/system','user.last_login','Last Login','2022-05-30 02:37:39','2022-05-30 02:37:39'),(580,1,'en','core/base/system','user.username','Username','2022-05-30 02:37:39','2022-05-30 02:37:39'),(581,1,'en','core/base/system','user.add_user','Add Super User','2022-05-30 02:37:39','2022-05-30 02:37:39'),(582,1,'en','core/base/system','user.cancel','Cancel','2022-05-30 02:37:39','2022-05-30 02:37:39'),(583,1,'en','core/base/system','user.create','Create','2022-05-30 02:37:39','2022-05-30 02:37:39'),(584,1,'en','core/base/system','options.features','Feature Access Control','2022-05-30 02:37:39','2022-05-30 02:37:39'),(585,1,'en','core/base/system','options.feature_description','Manage the available.','2022-05-30 02:37:39','2022-05-30 02:37:39'),(586,1,'en','core/base/system','options.manage_super','Super User Management','2022-05-30 02:37:39','2022-05-30 02:37:39'),(587,1,'en','core/base/system','options.manage_super_description','Add/remove super users.','2022-05-30 02:37:39','2022-05-30 02:37:39'),(588,1,'en','core/base/system','options.info','System information','2022-05-30 02:37:39','2022-05-30 02:37:39'),(589,1,'en','core/base/system','options.info_description','All information about current system configuration.','2022-05-30 02:37:39','2022-05-30 02:37:39'),(590,1,'en','core/base/system','info.title','System information','2022-05-30 02:37:39','2022-05-30 02:37:39'),(591,1,'en','core/base/system','info.cache','Cache','2022-05-30 02:37:39','2022-05-30 02:37:39'),(592,1,'en','core/base/system','info.locale','Active locale','2022-05-30 02:37:39','2022-05-30 02:37:39'),(593,1,'en','core/base/system','info.environment','Environment','2022-05-30 02:37:39','2022-05-30 02:37:39'),(594,1,'en','core/base/system','disabled_in_demo_mode','You cannot do it in demo mode!','2022-05-30 02:37:39','2022-05-30 02:37:39'),(595,1,'en','core/base/system','report_description','Please share this information for troubleshooting','2022-05-30 02:37:39','2022-05-30 02:37:39'),(596,1,'en','core/base/system','get_system_report','Get System Report','2022-05-30 02:37:39','2022-05-30 02:37:39'),(597,1,'en','core/base/system','system_environment','System Environment','2022-05-30 02:37:39','2022-05-30 02:37:39'),(598,1,'en','core/base/system','framework_version','Framework Version','2022-05-30 02:37:39','2022-05-30 02:37:39'),(599,1,'en','core/base/system','timezone','Timezone','2022-05-30 02:37:39','2022-05-30 02:37:39'),(600,1,'en','core/base/system','debug_mode','Debug Mode','2022-05-30 02:37:39','2022-05-30 02:37:39'),(601,1,'en','core/base/system','storage_dir_writable','Storage Dir Writable','2022-05-30 02:37:39','2022-05-30 02:37:39'),(602,1,'en','core/base/system','cache_dir_writable','Cache Dir Writable','2022-05-30 02:37:39','2022-05-30 02:37:39'),(603,1,'en','core/base/system','app_size','App Size','2022-05-30 02:37:39','2022-05-30 02:37:39'),(604,1,'en','core/base/system','server_environment','Server Environment','2022-05-30 02:37:39','2022-05-30 02:37:39'),(605,1,'en','core/base/system','php_version','PHP Version','2022-05-30 02:37:39','2022-05-30 02:37:39'),(606,1,'en','core/base/system','php_version_error','PHP must be >= :version','2022-05-30 02:37:39','2022-05-30 02:37:39'),(607,1,'en','core/base/system','server_software','Server Software','2022-05-30 02:37:39','2022-05-30 02:37:39'),(608,1,'en','core/base/system','server_os','Server OS','2022-05-30 02:37:39','2022-05-30 02:37:39'),(609,1,'en','core/base/system','database','Database','2022-05-30 02:37:39','2022-05-30 02:37:39'),(610,1,'en','core/base/system','ssl_installed','SSL Installed','2022-05-30 02:37:39','2022-05-30 02:37:39'),(611,1,'en','core/base/system','cache_driver','Cache Driver','2022-05-30 02:37:39','2022-05-30 02:37:39'),(612,1,'en','core/base/system','session_driver','Session Driver','2022-05-30 02:37:39','2022-05-30 02:37:39'),(613,1,'en','core/base/system','queue_connection','Queue Connection','2022-05-30 02:37:39','2022-05-30 02:37:39'),(614,1,'en','core/base/system','mbstring_ext','Mbstring Ext','2022-05-30 02:37:39','2022-05-30 02:37:39'),(615,1,'en','core/base/system','openssl_ext','OpenSSL Ext','2022-05-30 02:37:39','2022-05-30 02:37:39'),(616,1,'en','core/base/system','pdo_ext','PDO Ext','2022-05-30 02:37:39','2022-05-30 02:37:39'),(617,1,'en','core/base/system','curl_ext','CURL Ext','2022-05-30 02:37:39','2022-05-30 02:37:39'),(618,1,'en','core/base/system','exif_ext','Exif Ext','2022-05-30 02:37:39','2022-05-30 02:37:39'),(619,1,'en','core/base/system','file_info_ext','File info Ext','2022-05-30 02:37:39','2022-05-30 02:37:39'),(620,1,'en','core/base/system','tokenizer_ext','Tokenizer Ext','2022-05-30 02:37:39','2022-05-30 02:37:39'),(621,1,'en','core/base/system','extra_stats','Extra Stats','2022-05-30 02:37:39','2022-05-30 02:37:39'),(622,1,'en','core/base/system','installed_packages','Installed packages and their version numbers','2022-05-30 02:37:39','2022-05-30 02:37:39'),(623,1,'en','core/base/system','extra_information','Extra Information','2022-05-30 02:37:39','2022-05-30 02:37:39'),(624,1,'en','core/base/system','copy_report','Copy Report','2022-05-30 02:37:39','2022-05-30 02:37:39'),(625,1,'en','core/base/system','package_name','Package Name','2022-05-30 02:37:39','2022-05-30 02:37:39'),(626,1,'en','core/base/system','dependency_name','Dependency Name','2022-05-30 02:37:39','2022-05-30 02:37:39'),(627,1,'en','core/base/system','version','Version','2022-05-30 02:37:39','2022-05-30 02:37:39'),(628,1,'en','core/base/system','cms_version','CMS Version','2022-05-30 02:37:39','2022-05-30 02:37:39'),(629,1,'en','core/base/system','imagick_or_gd_ext','Imagick/GD Ext','2022-05-30 02:37:39','2022-05-30 02:37:39'),(630,1,'en','core/base/system','updater','System Updater','2022-05-30 02:37:39','2022-05-30 02:37:39'),(631,1,'en','core/base/system','zip','Zip Ext','2022-05-30 02:37:39','2022-05-30 02:37:39'),(632,1,'en','core/base/system','memory_limit','Memory limit','2022-05-30 02:37:39','2022-05-30 02:37:39'),(633,1,'en','core/base/system','max_execution_time','Max execution time (s)','2022-05-30 02:37:39','2022-05-30 02:37:39'),(634,1,'en','core/base/tables','id','ID','2022-05-30 02:37:39','2022-05-30 02:37:39'),(635,1,'en','core/base/tables','name','Name','2022-05-30 02:37:39','2022-05-30 02:37:39'),(636,1,'en','core/base/tables','slug','Slug','2022-05-30 02:37:39','2022-05-30 02:37:39'),(637,1,'en','core/base/tables','title','Title','2022-05-30 02:37:39','2022-05-30 02:37:39'),(638,1,'en','core/base/tables','order_by','Order By','2022-05-30 02:37:39','2022-05-30 02:37:39'),(639,1,'en','core/base/tables','order','Order','2022-05-30 02:37:39','2022-05-30 02:37:39'),(640,1,'en','core/base/tables','status','Status','2022-05-30 02:37:39','2022-05-30 02:37:39'),(641,1,'en','core/base/tables','created_at','Created At','2022-05-30 02:37:39','2022-05-30 02:37:39'),(642,1,'en','core/base/tables','updated_at','Updated At','2022-05-30 02:37:39','2022-05-30 02:37:39'),(643,1,'en','core/base/tables','description','Description','2022-05-30 02:37:39','2022-05-30 02:37:39'),(644,1,'en','core/base/tables','operations','Operations','2022-05-30 02:37:39','2022-05-30 02:37:39'),(645,1,'en','core/base/tables','url','URL','2022-05-30 02:37:39','2022-05-30 02:37:39'),(646,1,'en','core/base/tables','author','Author','2022-05-30 02:37:39','2022-05-30 02:37:39'),(647,1,'en','core/base/tables','notes','Notes','2022-05-30 02:37:39','2022-05-30 02:37:39'),(648,1,'en','core/base/tables','column','Column','2022-05-30 02:37:39','2022-05-30 02:37:39'),(649,1,'en','core/base/tables','origin','Origin','2022-05-30 02:37:39','2022-05-30 02:37:39'),(650,1,'en','core/base/tables','after_change','After changes','2022-05-30 02:37:39','2022-05-30 02:37:39'),(651,1,'en','core/base/tables','views','Views','2022-05-30 02:37:39','2022-05-30 02:37:39'),(652,1,'en','core/base/tables','browser','Browser','2022-05-30 02:37:39','2022-05-30 02:37:39'),(653,1,'en','core/base/tables','session','Session','2022-05-30 02:37:39','2022-05-30 02:37:39'),(654,1,'en','core/base/tables','activated','activated','2022-05-30 02:37:39','2022-05-30 02:37:39'),(655,1,'en','core/base/tables','deactivated','deactivated','2022-05-30 02:37:39','2022-05-30 02:37:39'),(656,1,'en','core/base/tables','is_featured','Is featured','2022-05-30 02:37:39','2022-05-30 02:37:39'),(657,1,'en','core/base/tables','edit','Edit','2022-05-30 02:37:39','2022-05-30 02:37:39'),(658,1,'en','core/base/tables','delete','Delete','2022-05-30 02:37:39','2022-05-30 02:37:39'),(659,1,'en','core/base/tables','restore','Restore','2022-05-30 02:37:39','2022-05-30 02:37:39'),(660,1,'en','core/base/tables','activate','Activate','2022-05-30 02:37:39','2022-05-30 02:37:39'),(661,1,'en','core/base/tables','deactivate','Deactivate','2022-05-30 02:37:39','2022-05-30 02:37:39'),(662,1,'en','core/base/tables','excel','Excel','2022-05-30 02:37:39','2022-05-30 02:37:39'),(663,1,'en','core/base/tables','export','Export','2022-05-30 02:37:39','2022-05-30 02:37:39'),(664,1,'en','core/base/tables','csv','CSV','2022-05-30 02:37:39','2022-05-30 02:37:39'),(665,1,'en','core/base/tables','pdf','PDF','2022-05-30 02:37:39','2022-05-30 02:37:39'),(666,1,'en','core/base/tables','print','Print','2022-05-30 02:37:39','2022-05-30 02:37:39'),(667,1,'en','core/base/tables','reset','Reset','2022-05-30 02:37:39','2022-05-30 02:37:39'),(668,1,'en','core/base/tables','reload','Reload','2022-05-30 02:37:39','2022-05-30 02:37:39'),(669,1,'en','core/base/tables','display','Display','2022-05-30 02:37:39','2022-05-30 02:37:39'),(670,1,'en','core/base/tables','all','All','2022-05-30 02:37:39','2022-05-30 02:37:39'),(671,1,'en','core/base/tables','add_new','Add New','2022-05-30 02:37:39','2022-05-30 02:37:39'),(672,1,'en','core/base/tables','action','Actions','2022-05-30 02:37:39','2022-05-30 02:37:39'),(673,1,'en','core/base/tables','delete_entry','Delete','2022-05-30 02:37:39','2022-05-30 02:37:39'),(674,1,'en','core/base/tables','view','View Detail','2022-05-30 02:37:39','2022-05-30 02:37:39'),(675,1,'en','core/base/tables','save','Save','2022-05-30 02:37:39','2022-05-30 02:37:39'),(676,1,'en','core/base/tables','show_from','Show from','2022-05-30 02:37:39','2022-05-30 02:37:39'),(677,1,'en','core/base/tables','to','to','2022-05-30 02:37:39','2022-05-30 02:37:39'),(678,1,'en','core/base/tables','in','in','2022-05-30 02:37:39','2022-05-30 02:37:39'),(679,1,'en','core/base/tables','records','records','2022-05-30 02:37:39','2022-05-30 02:37:39'),(680,1,'en','core/base/tables','no_data','No data to display','2022-05-30 02:37:39','2022-05-30 02:37:39'),(681,1,'en','core/base/tables','no_record','No record','2022-05-30 02:37:39','2022-05-30 02:37:39'),(682,1,'en','core/base/tables','confirm_delete','Confirm delete','2022-05-30 02:37:39','2022-05-30 02:37:39'),(683,1,'en','core/base/tables','confirm_delete_msg','Do you really want to delete this record?','2022-05-30 02:37:39','2022-05-30 02:37:39'),(684,1,'en','core/base/tables','confirm_delete_many_msg','Do you really want to delete selected record(s)?','2022-05-30 02:37:40','2022-05-30 02:37:40'),(685,1,'en','core/base/tables','cancel','Cancel','2022-05-30 02:37:40','2022-05-30 02:37:40'),(686,1,'en','core/base/tables','template','Template','2022-05-30 02:37:40','2022-05-30 02:37:40'),(687,1,'en','core/base/tables','email','Email','2022-05-30 02:37:40','2022-05-30 02:37:40'),(688,1,'en','core/base/tables','last_login','Last login','2022-05-30 02:37:40','2022-05-30 02:37:40'),(689,1,'en','core/base/tables','shortcode','Shortcode','2022-05-30 02:37:40','2022-05-30 02:37:40'),(690,1,'en','core/base/tables','image','Image','2022-05-30 02:37:40','2022-05-30 02:37:40'),(691,1,'en','core/base/tables','bulk_changes','Bulk changes','2022-05-30 02:37:40','2022-05-30 02:37:40'),(692,1,'en','core/base/tables','submit','Submit','2022-05-30 02:37:40','2022-05-30 02:37:40'),(693,1,'en','core/base/tables','please_select_record','Please select at least one record to perform this action!','2022-05-30 02:37:40','2022-05-30 02:37:40'),(694,1,'en','core/base/tabs','detail','Detail','2022-05-30 02:37:40','2022-05-30 02:37:40'),(695,1,'en','core/base/tabs','file','Files','2022-05-30 02:37:40','2022-05-30 02:37:40'),(696,1,'en','core/base/tabs','record_note','Record Note','2022-05-30 02:37:40','2022-05-30 02:37:40'),(697,1,'en','core/base/tabs','revision','Revision History','2022-05-30 02:37:40','2022-05-30 02:37:40'),(698,1,'vi','core/base/cache','cache_management','Quản lý bộ nhớ đệm','2022-05-30 02:37:40','2022-05-30 02:37:40'),(699,1,'vi','core/base/cache','cache_commands','Các lệnh xoá bộ nhớ đệm cơ bản','2022-05-30 02:37:40','2022-05-30 02:37:40'),(700,1,'vi','core/base/cache','commands.clear_cms_cache.title','Xóa tất cả bộ đệm hiện có của ứng dụng','2022-05-30 02:37:40','2022-05-30 02:37:40'),(701,1,'vi','core/base/cache','commands.clear_cms_cache.description','Xóa các bộ nhớ đệm của ứng dụng: cơ sở dữ liệu, nội dung tĩnh... Chạy lệnh này khi bạn thử cập nhật dữ liệu nhưng giao diện không thay đổi','2022-05-30 02:37:40','2022-05-30 02:37:40'),(702,1,'vi','core/base/cache','commands.clear_cms_cache.success_msg','Bộ đệm đã được xóa','2022-05-30 02:37:40','2022-05-30 02:37:40'),(703,1,'vi','core/base/cache','commands.refresh_compiled_views.title','Làm mới bộ đệm giao diện','2022-05-30 02:37:40','2022-05-30 02:37:40'),(704,1,'vi','core/base/cache','commands.refresh_compiled_views.description','Làm mới bộ đệm giao diện giúp phần giao diện luôn mới nhất','2022-05-30 02:37:40','2022-05-30 02:37:40'),(705,1,'vi','core/base/cache','commands.refresh_compiled_views.success_msg','Bộ đệm giao diện đã được làm mới','2022-05-30 02:37:40','2022-05-30 02:37:40'),(706,1,'vi','core/base/cache','commands.clear_config_cache.title','Xóa bộ nhớ đệm của phần cấu hình','2022-05-30 02:37:40','2022-05-30 02:37:40'),(707,1,'vi','core/base/cache','commands.clear_config_cache.description','Bạn cần làm mới bộ đệm cấu hình khi bạn tạo ra sự thay đổi nào đó ở môi trường thành phẩm.','2022-05-30 02:37:40','2022-05-30 02:37:40'),(708,1,'vi','core/base/cache','commands.clear_config_cache.success_msg','Bộ đệm cấu hình đã được xóa','2022-05-30 02:37:40','2022-05-30 02:37:40'),(709,1,'vi','core/base/cache','commands.clear_route_cache.title','Xoá cache đường dẫn','2022-05-30 02:37:40','2022-05-30 02:37:40'),(710,1,'vi','core/base/cache','commands.clear_route_cache.description','Cần thực hiện thao tác này khi thấy không xuất hiện đường dẫn mới.','2022-05-30 02:37:40','2022-05-30 02:37:40'),(711,1,'vi','core/base/cache','commands.clear_route_cache.success_msg','Bộ đệm điều hướng đã bị xóa','2022-05-30 02:37:40','2022-05-30 02:37:40'),(712,1,'vi','core/base/cache','commands.clear_log.description','Xoá lịch sử lỗi','2022-05-30 02:37:40','2022-05-30 02:37:40'),(713,1,'vi','core/base/cache','commands.clear_log.success_msg','Lịch sử lỗi đã được làm sạch','2022-05-30 02:37:40','2022-05-30 02:37:40'),(714,1,'vi','core/base/cache','commands.clear_log.title','Xoá lịch sử lỗi','2022-05-30 02:37:40','2022-05-30 02:37:40'),(715,1,'vi','core/base/enums','statuses.draft','Bản nháp','2022-05-30 02:37:40','2022-05-30 02:37:40'),(716,1,'vi','core/base/enums','statuses.pending','Đang chờ xử lý','2022-05-30 02:37:40','2022-05-30 02:37:40'),(717,1,'vi','core/base/errors','401_title','Bạn không có quyền truy cập trang này','2022-05-30 02:37:40','2022-05-30 02:37:40'),(718,1,'vi','core/base/errors','401_msg','<li>Bạn không được cấp quyền truy cập bởi quản trị viên.</li>\n	                <li>Bạn sử dụng sai loại tài khoản.</li>\n	                <li>Bạn không được cấp quyền để có thể truy cập trang này</li>','2022-05-30 02:37:40','2022-05-30 02:37:40'),(719,1,'vi','core/base/errors','404_title','Không tìm thấy trang yêu cầu','2022-05-30 02:37:40','2022-05-30 02:37:40'),(720,1,'vi','core/base/errors','404_msg','<li>Trang bạn yêu cầu không tồn tại.</li>\n	                <li>Liên kết bạn vừa nhấn không còn được sử dụng.</li>\n	                <li>Trang này có thể đã được chuyển sang vị trí khác.</li>\n	                <li>Có thể có lỗi xảy ra.</li>\n	                <li>Bạn không được cấp quyền để có thể truy cập trang này</li>','2022-05-30 02:37:40','2022-05-30 02:37:40'),(721,1,'vi','core/base/errors','500_title','Không thể tải trang','2022-05-30 02:37:40','2022-05-30 02:37:40'),(722,1,'vi','core/base/errors','500_msg','<li>Trang bạn yêu cầu không tồn tại.</li>\n	                <li>Liên kết bạn vừa nhấn không còn được sử dụng.</li>\n	                <li>Trang này có thể đã được chuyển sang vị trí khác.</li>\n	                <li>Có thể có lỗi xảy ra.</li>\n	                <li>Bạn không được cấp quyền để có thể truy cập trang này</li>','2022-05-30 02:37:40','2022-05-30 02:37:40'),(723,1,'vi','core/base/errors','reasons','Điều này có thể xảy ra vì nhiều lý do.','2022-05-30 02:37:40','2022-05-30 02:37:40'),(724,1,'vi','core/base/errors','try_again','Vui lòng thử lại trong vài phút, hoặc quay trở lại trang chủ bằng cách <a href=\"http://cms.local/admin\"> nhấn vào đây </a>.','2022-05-30 02:37:40','2022-05-30 02:37:40'),(725,1,'vi','core/base/forms','choose_image','Chọn ảnh','2022-05-30 02:37:40','2022-05-30 02:37:40'),(726,1,'vi','core/base/forms','actions','Tác vụ','2022-05-30 02:37:40','2022-05-30 02:37:40'),(727,1,'vi','core/base/forms','save','Lưu','2022-05-30 02:37:40','2022-05-30 02:37:40'),(728,1,'vi','core/base/forms','save_and_continue','Lưu & chỉnh sửa','2022-05-30 02:37:40','2022-05-30 02:37:40'),(729,1,'vi','core/base/forms','image','Hình ảnh','2022-05-30 02:37:40','2022-05-30 02:37:40'),(730,1,'vi','core/base/forms','image_placeholder','Chèn đường dẫn hình ảnh hoặc nhấn nút để chọn hình','2022-05-30 02:37:40','2022-05-30 02:37:40'),(731,1,'vi','core/base/forms','create','Tạo mới','2022-05-30 02:37:40','2022-05-30 02:37:40'),(732,1,'vi','core/base/forms','edit','Sửa','2022-05-30 02:37:40','2022-05-30 02:37:40'),(733,1,'vi','core/base/forms','permalink','Đường dẫn','2022-05-30 02:37:40','2022-05-30 02:37:40'),(734,1,'vi','core/base/forms','ok','OK','2022-05-30 02:37:40','2022-05-30 02:37:40'),(735,1,'vi','core/base/forms','cancel','Hủy bỏ','2022-05-30 02:37:40','2022-05-30 02:37:40'),(736,1,'vi','core/base/forms','character_remain','kí tự còn lại','2022-05-30 02:37:40','2022-05-30 02:37:40'),(737,1,'vi','core/base/forms','template','Template','2022-05-30 02:37:40','2022-05-30 02:37:40'),(738,1,'vi','core/base/forms','choose_file','Chọn tập tin','2022-05-30 02:37:40','2022-05-30 02:37:40'),(739,1,'vi','core/base/forms','file','Tập tin','2022-05-30 02:37:40','2022-05-30 02:37:40'),(740,1,'vi','core/base/forms','content','Nội dung','2022-05-30 02:37:40','2022-05-30 02:37:40'),(741,1,'vi','core/base/forms','description','Mô tả','2022-05-30 02:37:40','2022-05-30 02:37:40'),(742,1,'vi','core/base/forms','name','Tên','2022-05-30 02:37:40','2022-05-30 02:37:40'),(743,1,'vi','core/base/forms','name_placeholder','Nhập tên','2022-05-30 02:37:40','2022-05-30 02:37:40'),(744,1,'vi','core/base/forms','description_placeholder','Mô tả ngắn','2022-05-30 02:37:40','2022-05-30 02:37:40'),(745,1,'vi','core/base/forms','parent','Cha','2022-05-30 02:37:40','2022-05-30 02:37:40'),(746,1,'vi','core/base/forms','icon','Biểu tượng','2022-05-30 02:37:40','2022-05-30 02:37:40'),(747,1,'vi','core/base/forms','order_by','Sắp xếp','2022-05-30 02:37:40','2022-05-30 02:37:40'),(748,1,'vi','core/base/forms','order_by_placeholder','Sắp xếp','2022-05-30 02:37:40','2022-05-30 02:37:40'),(749,1,'vi','core/base/forms','slug','Slug','2022-05-30 02:37:40','2022-05-30 02:37:40'),(750,1,'vi','core/base/forms','is_featured','Nổi bật?','2022-05-30 02:37:40','2022-05-30 02:37:40'),(751,1,'vi','core/base/forms','is_default','Mặc định?','2022-05-30 02:37:40','2022-05-30 02:37:40'),(752,1,'vi','core/base/forms','icon_placeholder','Ví dụ: fa fa-home','2022-05-30 02:37:40','2022-05-30 02:37:40'),(753,1,'vi','core/base/forms','update','Cập nhật','2022-05-30 02:37:40','2022-05-30 02:37:40'),(754,1,'vi','core/base/forms','publish','Xuất bản','2022-05-30 02:37:40','2022-05-30 02:37:40'),(755,1,'vi','core/base/forms','remove_image','Xoá ảnh','2022-05-30 02:37:40','2022-05-30 02:37:40'),(756,1,'vi','core/base/forms','add','Thêm','2022-05-30 02:37:40','2022-05-30 02:37:40'),(757,1,'vi','core/base/forms','add_short_code','Thêm shortcode','2022-05-30 02:37:40','2022-05-30 02:37:40'),(758,1,'vi','core/base/forms','alias','Mã thay thế','2022-05-30 02:37:40','2022-05-30 02:37:40'),(759,1,'vi','core/base/forms','alias_placeholder','Mã thay thế','2022-05-30 02:37:40','2022-05-30 02:37:40'),(760,1,'vi','core/base/forms','basic_information','Thông tin cơ bản','2022-05-30 02:37:40','2022-05-30 02:37:40'),(761,1,'vi','core/base/forms','link','Liên kết','2022-05-30 02:37:40','2022-05-30 02:37:40'),(762,1,'vi','core/base/forms','order','Thứ tự','2022-05-30 02:37:40','2022-05-30 02:37:40'),(763,1,'vi','core/base/forms','short_code','Shortcode','2022-05-30 02:37:40','2022-05-30 02:37:40'),(764,1,'vi','core/base/forms','title','Tiêu đề','2022-05-30 02:37:40','2022-05-30 02:37:40'),(765,1,'vi','core/base/forms','value','Giá trị','2022-05-30 02:37:40','2022-05-30 02:37:40'),(766,1,'vi','core/base/forms','show_hide_editor','Ẩn/Hiện trình soạn thảo','2022-05-30 02:37:40','2022-05-30 02:37:40'),(767,1,'vi','core/base/forms','basic_info_title','Thông tin cơ bản','2022-05-30 02:37:40','2022-05-30 02:37:40'),(768,1,'vi','core/base/layouts','platform_admin','Quản trị hệ thống','2022-05-30 02:37:40','2022-05-30 02:37:40'),(769,1,'vi','core/base/layouts','dashboard','Bảng điều khiển','2022-05-30 02:37:40','2022-05-30 02:37:40'),(770,1,'vi','core/base/layouts','widgets','Tiện ích','2022-05-30 02:37:40','2022-05-30 02:37:40'),(771,1,'vi','core/base/layouts','plugins','Tiện ích mở rộng','2022-05-30 02:37:40','2022-05-30 02:37:40'),(772,1,'vi','core/base/layouts','settings','Cài đặt','2022-05-30 02:37:40','2022-05-30 02:37:40'),(773,1,'vi','core/base/layouts','setting_general','Cơ bản','2022-05-30 02:37:40','2022-05-30 02:37:40'),(774,1,'vi','core/base/layouts','system_information','Thông tin hệ thống','2022-05-30 02:37:40','2022-05-30 02:37:40'),(775,1,'vi','core/base/layouts','theme','Giao diện','2022-05-30 02:37:40','2022-05-30 02:37:40'),(776,1,'vi','core/base/layouts','copyright','Bản quyền :year &copy; :company. Phiên bản: <span>:version</span>','2022-05-30 02:37:40','2022-05-30 02:37:40'),(777,1,'vi','core/base/layouts','profile','Thông tin cá nhân','2022-05-30 02:37:40','2022-05-30 02:37:40'),(778,1,'vi','core/base/layouts','logout','Đăng xuất','2022-05-30 02:37:40','2022-05-30 02:37:40'),(779,1,'vi','core/base/layouts','no_search_result','Không có kết quả tìm kiếm, hãy thử lại với từ khóa khác.','2022-05-30 02:37:40','2022-05-30 02:37:40'),(780,1,'vi','core/base/layouts','home','Trang chủ','2022-05-30 02:37:40','2022-05-30 02:37:40'),(781,1,'vi','core/base/layouts','search','Tìm kiếm','2022-05-30 02:37:40','2022-05-30 02:37:40'),(782,1,'vi','core/base/layouts','add_new','Thêm mới','2022-05-30 02:37:40','2022-05-30 02:37:40'),(783,1,'vi','core/base/layouts','n_a','N/A','2022-05-30 02:37:40','2022-05-30 02:37:40'),(784,1,'vi','core/base/layouts','page_loaded_time','Trang tải xong trong','2022-05-30 02:37:40','2022-05-30 02:37:40'),(785,1,'vi','core/base/layouts','view_website','Xem trang ngoài','2022-05-30 02:37:40','2022-05-30 02:37:40'),(786,1,'vi','core/base/layouts','setting_email','Email','2022-05-30 02:37:40','2022-05-30 02:37:40'),(787,1,'vi','core/base/mail','send-fail','Gửi email không thành công','2022-05-30 02:37:40','2022-05-30 02:37:40'),(788,1,'vi','core/base/notices','create_success_message','Tạo thành công','2022-05-30 02:37:40','2022-05-30 02:37:40'),(789,1,'vi','core/base/notices','update_success_message','Cập nhật thành công','2022-05-30 02:37:40','2022-05-30 02:37:40'),(790,1,'vi','core/base/notices','delete_success_message','Xóa thành công','2022-05-30 02:37:40','2022-05-30 02:37:40'),(791,1,'vi','core/base/notices','success_header','Thành công!','2022-05-30 02:37:40','2022-05-30 02:37:40'),(792,1,'vi','core/base/notices','error_header','Lỗi!','2022-05-30 02:37:40','2022-05-30 02:37:40'),(793,1,'vi','core/base/notices','no_select','Chọn ít nhất 1 trường để thực hiện hành động này!','2022-05-30 02:37:40','2022-05-30 02:37:40'),(794,1,'vi','core/base/notices','processing_request','Hệ thống đang xử lý yêu cầu.','2022-05-30 02:37:40','2022-05-30 02:37:40'),(795,1,'vi','core/base/notices','error','Lỗi!','2022-05-30 02:37:40','2022-05-30 02:37:40'),(796,1,'vi','core/base/notices','success','Thành công!','2022-05-30 02:37:40','2022-05-30 02:37:40'),(797,1,'vi','core/base/notices','info','Thông tin!','2022-05-30 02:37:40','2022-05-30 02:37:40'),(798,1,'vi','core/base/system','no_select','Hãy chọn ít nhất 1 trường để thực hiện hành động này!','2022-05-30 02:37:40','2022-05-30 02:37:40'),(799,1,'vi','core/base/system','cannot_find_user','Không thể tải được thông tin người dùng','2022-05-30 02:37:40','2022-05-30 02:37:40'),(800,1,'vi','core/base/system','supper_revoked','Quyền quản trị viên cao nhất đã được gỡ bỏ','2022-05-30 02:37:40','2022-05-30 02:37:40'),(801,1,'vi','core/base/system','cannot_revoke_yourself','Không thể gỡ bỏ quyền quản trị cấp cao của chính bạn!','2022-05-30 02:37:40','2022-05-30 02:37:40'),(802,1,'vi','core/base/system','cant_remove_supper','Bạn không có quyền xóa quản trị viên cấp cao','2022-05-30 02:37:40','2022-05-30 02:37:40'),(803,1,'vi','core/base/system','cant_find_user_with_email','Không thể tìm thấy người dùng với email này','2022-05-30 02:37:40','2022-05-30 02:37:40'),(804,1,'vi','core/base/system','supper_granted','Quyền quản trị cao nhất đã được gán','2022-05-30 02:37:40','2022-05-30 02:37:40'),(805,1,'vi','core/base/system','delete_log_success','Xóa tập tin log thành công!','2022-05-30 02:37:40','2022-05-30 02:37:40'),(806,1,'vi','core/base/system','get_member_success','Hiển thị danh sách thành viên thành công','2022-05-30 02:37:40','2022-05-30 02:37:40'),(807,1,'vi','core/base/system','error_occur','Có lỗi dưới đây','2022-05-30 02:37:40','2022-05-30 02:37:40'),(808,1,'vi','core/base/system','role_and_permission','Phân quyền hệ thống','2022-05-30 02:37:40','2022-05-30 02:37:40'),(809,1,'vi','core/base/system','role_and_permission_description','Quản lý những phân quyền trong hệ thống','2022-05-30 02:37:40','2022-05-30 02:37:40'),(810,1,'vi','core/base/system','user.list_super','Danh sách quản trị viên cấp cao','2022-05-30 02:37:40','2022-05-30 02:37:40'),(811,1,'vi','core/base/system','user.username','Tên đăng nhập','2022-05-30 02:37:40','2022-05-30 02:37:40'),(812,1,'vi','core/base/system','user.email','Email','2022-05-30 02:37:40','2022-05-30 02:37:40'),(813,1,'vi','core/base/system','user.last_login','Đăng nhập lần cuối	','2022-05-30 02:37:40','2022-05-30 02:37:40'),(814,1,'vi','core/base/system','user.add_user','Thêm quản trị viên cấp cao','2022-05-30 02:37:40','2022-05-30 02:37:40'),(815,1,'vi','core/base/system','user.cancel','Hủy bỏ','2022-05-30 02:37:40','2022-05-30 02:37:40'),(816,1,'vi','core/base/system','user.create','Thêm','2022-05-30 02:37:40','2022-05-30 02:37:40'),(817,1,'vi','core/base/system','options.features','Kiểm soát truy cập các tính năng','2022-05-30 02:37:40','2022-05-30 02:37:40'),(818,1,'vi','core/base/system','options.feature_description','Bật/tắt các tính năng.','2022-05-30 02:37:40','2022-05-30 02:37:40'),(819,1,'vi','core/base/system','options.manage_super','Quản lý quản trị viên cấp cao','2022-05-30 02:37:40','2022-05-30 02:37:40'),(820,1,'vi','core/base/system','options.manage_super_description','Thêm/xóa quản trị viên cấp cao','2022-05-30 02:37:40','2022-05-30 02:37:40'),(821,1,'vi','core/base/system','options.info','Thông tin hệ thống','2022-05-30 02:37:40','2022-05-30 02:37:40'),(822,1,'vi','core/base/system','options.info_description','Những thông tin về cấu hình hiện tại của hệ thống.','2022-05-30 02:37:40','2022-05-30 02:37:40'),(823,1,'vi','core/base/system','info.title','Thông tin hệ thống','2022-05-30 02:37:40','2022-05-30 02:37:40'),(824,1,'vi','core/base/system','info.cache','Bộ nhớ đệm','2022-05-30 02:37:40','2022-05-30 02:37:40'),(825,1,'vi','core/base/system','info.environment','Môi trường','2022-05-30 02:37:40','2022-05-30 02:37:40'),(826,1,'vi','core/base/system','info.locale','Ngôn ngữ hệ thống','2022-05-30 02:37:40','2022-05-30 02:37:40'),(827,1,'vi','core/base/system','user_management','Quản lý thành viên','2022-05-30 02:37:40','2022-05-30 02:37:40'),(828,1,'vi','core/base/system','user_management_description','Quản lý người dùng trong hệ thống','2022-05-30 02:37:40','2022-05-30 02:37:40'),(829,1,'vi','core/base/system','app_size','Kích thước ứng dụng','2022-05-30 02:37:40','2022-05-30 02:37:40'),(830,1,'vi','core/base/system','cache_dir_writable','Có thể ghi bộ nhớ đệm','2022-05-30 02:37:40','2022-05-30 02:37:40'),(831,1,'vi','core/base/system','cache_driver','Loại lưu trữ bộ nhớ đệm','2022-05-30 02:37:40','2022-05-30 02:37:40'),(832,1,'vi','core/base/system','copy_report','Sao chép báo cáo','2022-05-30 02:37:40','2022-05-30 02:37:40'),(833,1,'vi','core/base/system','curl_ext','CURL Ext','2022-05-30 02:37:40','2022-05-30 02:37:40'),(834,1,'vi','core/base/system','database','Hệ thống dữ liệu','2022-05-30 02:37:40','2022-05-30 02:37:40'),(835,1,'vi','core/base/system','debug_mode','Chế độ sửa lỗi','2022-05-30 02:37:40','2022-05-30 02:37:40'),(836,1,'vi','core/base/system','dependency_name','Tên gói','2022-05-30 02:37:40','2022-05-30 02:37:40'),(837,1,'vi','core/base/system','exif_ext','Exif Ext','2022-05-30 02:37:40','2022-05-30 02:37:40'),(838,1,'vi','core/base/system','extra_information','Thông tin mở rộng','2022-05-30 02:37:40','2022-05-30 02:37:40'),(839,1,'vi','core/base/system','extra_stats','Thống kê thêm','2022-05-30 02:37:40','2022-05-30 02:37:40'),(840,1,'vi','core/base/system','file_info_ext','File info Ext','2022-05-30 02:37:40','2022-05-30 02:37:40'),(841,1,'vi','core/base/system','framework_version','Phiên bản framework','2022-05-30 02:37:40','2022-05-30 02:37:40'),(842,1,'vi','core/base/system','get_system_report','Lấy thông tin hệ thống','2022-05-30 02:37:40','2022-05-30 02:37:40'),(843,1,'vi','core/base/system','installed_packages','Các gói đã cài đặt và phiên bản','2022-05-30 02:37:40','2022-05-30 02:37:40'),(844,1,'vi','core/base/system','mbstring_ext','Mbstring Ext','2022-05-30 02:37:40','2022-05-30 02:37:40'),(845,1,'vi','core/base/system','openssl_ext','OpenSSL Ext','2022-05-30 02:37:40','2022-05-30 02:37:40'),(846,1,'vi','core/base/system','package_name','Tên gói','2022-05-30 02:37:40','2022-05-30 02:37:40'),(847,1,'vi','core/base/system','pdo_ext','PDO Ext','2022-05-30 02:37:40','2022-05-30 02:37:40'),(848,1,'vi','core/base/system','php_version','Phiên bản PHP','2022-05-30 02:37:40','2022-05-30 02:37:40'),(849,1,'vi','core/base/system','report_description','Vui lòng chia sẻ thông tin này nhằm mục đích điều tra nguyên nhân gây lỗi','2022-05-30 02:37:40','2022-05-30 02:37:40'),(850,1,'vi','core/base/system','server_environment','Môi trường máy chủ','2022-05-30 02:37:40','2022-05-30 02:37:40'),(851,1,'vi','core/base/system','server_os','Hệ điều hành của máy chủ','2022-05-30 02:37:40','2022-05-30 02:37:40'),(852,1,'vi','core/base/system','server_software','Phần mềm','2022-05-30 02:37:41','2022-05-30 02:37:41'),(853,1,'vi','core/base/system','session_driver','Loại lưu trữ phiên làm việc','2022-05-30 02:37:41','2022-05-30 02:37:41'),(854,1,'vi','core/base/system','ssl_installed','Đã cài đặt chứng chỉ SSL','2022-05-30 02:37:41','2022-05-30 02:37:41'),(855,1,'vi','core/base/system','storage_dir_writable','Có thể lưu trữ dữ liệu tạm','2022-05-30 02:37:41','2022-05-30 02:37:41'),(856,1,'vi','core/base/system','system_environment','Môi trường hệ thống','2022-05-30 02:37:41','2022-05-30 02:37:41'),(857,1,'vi','core/base/system','timezone','Múi giờ','2022-05-30 02:37:41','2022-05-30 02:37:41'),(858,1,'vi','core/base/system','tokenizer_ext','Tokenizer Ext','2022-05-30 02:37:41','2022-05-30 02:37:41'),(859,1,'vi','core/base/system','version','Phiên bản','2022-05-30 02:37:41','2022-05-30 02:37:41'),(860,1,'vi','core/base/system','cms_version','Phiên bản CMS','2022-05-30 02:37:41','2022-05-30 02:37:41'),(861,1,'vi','core/base/tables','id','ID','2022-05-30 02:37:41','2022-05-30 02:37:41'),(862,1,'vi','core/base/tables','name','Tên','2022-05-30 02:37:41','2022-05-30 02:37:41'),(863,1,'vi','core/base/tables','order_by','Thứ tự','2022-05-30 02:37:41','2022-05-30 02:37:41'),(864,1,'vi','core/base/tables','status','Trạng thái','2022-05-30 02:37:41','2022-05-30 02:37:41'),(865,1,'vi','core/base/tables','created_at','Ngày tạo','2022-05-30 02:37:41','2022-05-30 02:37:41'),(866,1,'vi','core/base/tables','updated_at','Ngày cập nhật','2022-05-30 02:37:41','2022-05-30 02:37:41'),(867,1,'vi','core/base/tables','operations','Tác vụ','2022-05-30 02:37:41','2022-05-30 02:37:41'),(868,1,'vi','core/base/tables','url','URL','2022-05-30 02:37:41','2022-05-30 02:37:41'),(869,1,'vi','core/base/tables','author','Người tạo','2022-05-30 02:37:41','2022-05-30 02:37:41'),(870,1,'vi','core/base/tables','column','Cột','2022-05-30 02:37:41','2022-05-30 02:37:41'),(871,1,'vi','core/base/tables','origin','Bản cũ','2022-05-30 02:37:41','2022-05-30 02:37:41'),(872,1,'vi','core/base/tables','after_change','Sau khi thay đổi','2022-05-30 02:37:41','2022-05-30 02:37:41'),(873,1,'vi','core/base/tables','notes','Ghi chú','2022-05-30 02:37:41','2022-05-30 02:37:41'),(874,1,'vi','core/base/tables','activated','kích hoạt','2022-05-30 02:37:41','2022-05-30 02:37:41'),(875,1,'vi','core/base/tables','browser','Trình duyệt','2022-05-30 02:37:41','2022-05-30 02:37:41'),(876,1,'vi','core/base/tables','deactivated','hủy kích hoạt','2022-05-30 02:37:41','2022-05-30 02:37:41'),(877,1,'vi','core/base/tables','description','Mô tả','2022-05-30 02:37:41','2022-05-30 02:37:41'),(878,1,'vi','core/base/tables','session','Phiên','2022-05-30 02:37:41','2022-05-30 02:37:41'),(879,1,'vi','core/base/tables','views','Lượt xem','2022-05-30 02:37:41','2022-05-30 02:37:41'),(880,1,'vi','core/base/tables','restore','Khôi phục','2022-05-30 02:37:41','2022-05-30 02:37:41'),(881,1,'vi','core/base/tables','edit','Sửa','2022-05-30 02:37:41','2022-05-30 02:37:41'),(882,1,'vi','core/base/tables','delete','Xóa','2022-05-30 02:37:41','2022-05-30 02:37:41'),(883,1,'vi','core/base/tables','action','Hành động','2022-05-30 02:37:41','2022-05-30 02:37:41'),(884,1,'vi','core/base/tables','activate','Kích hoạt','2022-05-30 02:37:41','2022-05-30 02:37:41'),(885,1,'vi','core/base/tables','add_new','Thêm mới','2022-05-30 02:37:41','2022-05-30 02:37:41'),(886,1,'vi','core/base/tables','all','Tất cả','2022-05-30 02:37:41','2022-05-30 02:37:41'),(887,1,'vi','core/base/tables','cancel','Hủy bỏ','2022-05-30 02:37:41','2022-05-30 02:37:41'),(888,1,'vi','core/base/tables','confirm_delete','Xác nhận xóa','2022-05-30 02:37:41','2022-05-30 02:37:41'),(889,1,'vi','core/base/tables','confirm_delete_msg','Bạn có chắc chắn muốn xóa bản ghi này?','2022-05-30 02:37:41','2022-05-30 02:37:41'),(890,1,'vi','core/base/tables','csv','CSV','2022-05-30 02:37:41','2022-05-30 02:37:41'),(891,1,'vi','core/base/tables','deactivate','Hủy kích hoạt','2022-05-30 02:37:41','2022-05-30 02:37:41'),(892,1,'vi','core/base/tables','delete_entry','Xóa bản ghi','2022-05-30 02:37:41','2022-05-30 02:37:41'),(893,1,'vi','core/base/tables','display','Hiển thị','2022-05-30 02:37:41','2022-05-30 02:37:41'),(894,1,'vi','core/base/tables','excel','Excel','2022-05-30 02:37:41','2022-05-30 02:37:41'),(895,1,'vi','core/base/tables','export','Xuất bản','2022-05-30 02:37:41','2022-05-30 02:37:41'),(896,1,'vi','core/base/tables','in','trong tổng số','2022-05-30 02:37:41','2022-05-30 02:37:41'),(897,1,'vi','core/base/tables','no_data','Không có dữ liệu để hiển thị','2022-05-30 02:37:41','2022-05-30 02:37:41'),(898,1,'vi','core/base/tables','no_record','Không có dữ liệu','2022-05-30 02:37:41','2022-05-30 02:37:41'),(899,1,'vi','core/base/tables','pdf','PDF','2022-05-30 02:37:41','2022-05-30 02:37:41'),(900,1,'vi','core/base/tables','print','In','2022-05-30 02:37:41','2022-05-30 02:37:41'),(901,1,'vi','core/base/tables','records','bản ghi','2022-05-30 02:37:41','2022-05-30 02:37:41'),(902,1,'vi','core/base/tables','reload','Tải lại','2022-05-30 02:37:41','2022-05-30 02:37:41'),(903,1,'vi','core/base/tables','reset','Làm mới','2022-05-30 02:37:41','2022-05-30 02:37:41'),(904,1,'vi','core/base/tables','save','Lưu','2022-05-30 02:37:41','2022-05-30 02:37:41'),(905,1,'vi','core/base/tables','show_from','Hiển thị từ','2022-05-30 02:37:41','2022-05-30 02:37:41'),(906,1,'vi','core/base/tables','template','Giao diện','2022-05-30 02:37:41','2022-05-30 02:37:41'),(907,1,'vi','core/base/tables','to','đến','2022-05-30 02:37:41','2022-05-30 02:37:41'),(908,1,'vi','core/base/tables','view','Xem chi tiết','2022-05-30 02:37:41','2022-05-30 02:37:41'),(909,1,'vi','core/base/tables','email','Email','2022-05-30 02:37:41','2022-05-30 02:37:41'),(910,1,'vi','core/base/tables','image','Hình ảnh','2022-05-30 02:37:41','2022-05-30 02:37:41'),(911,1,'vi','core/base/tables','is_featured','Nổi bật','2022-05-30 02:37:41','2022-05-30 02:37:41'),(912,1,'vi','core/base/tables','last_login','Lần cuối đăng nhập','2022-05-30 02:37:41','2022-05-30 02:37:41'),(913,1,'vi','core/base/tables','order','Thứ tự','2022-05-30 02:37:41','2022-05-30 02:37:41'),(914,1,'vi','core/base/tables','shortcode','Shortcode','2022-05-30 02:37:41','2022-05-30 02:37:41'),(915,1,'vi','core/base/tables','slug','Slug','2022-05-30 02:37:41','2022-05-30 02:37:41'),(916,1,'vi','core/base/tables','title','Tiêu đề','2022-05-30 02:37:41','2022-05-30 02:37:41'),(917,1,'vi','core/base/tabs','detail','Chi tiết','2022-05-30 02:37:41','2022-05-30 02:37:41'),(918,1,'vi','core/base/tabs','file','Tập tin','2022-05-30 02:37:41','2022-05-30 02:37:41'),(919,1,'vi','core/base/tabs','record_note','Ghi chú','2022-05-30 02:37:41','2022-05-30 02:37:41'),(920,1,'vi','core/base/tabs','revision','Lịch sử thay đổi','2022-05-30 02:37:41','2022-05-30 02:37:41'),(921,1,'en','core/dashboard/dashboard','update_position_success','Update widget position successfully!','2022-05-30 02:37:41','2022-05-30 02:37:41'),(922,1,'en','core/dashboard/dashboard','hide_success','Update widget successfully!','2022-05-30 02:37:41','2022-05-30 02:37:41'),(923,1,'en','core/dashboard/dashboard','confirm_hide','Are you sure?','2022-05-30 02:37:41','2022-05-30 02:37:41'),(924,1,'en','core/dashboard/dashboard','hide_message','Do you really want to hide this widget? It will be disappear on Dashboard!','2022-05-30 02:37:41','2022-05-30 02:37:41'),(925,1,'en','core/dashboard/dashboard','confirm_hide_btn','Yes, hide this widget','2022-05-30 02:37:41','2022-05-30 02:37:41'),(926,1,'en','core/dashboard/dashboard','cancel_hide_btn','Cancel','2022-05-30 02:37:41','2022-05-30 02:37:41'),(927,1,'en','core/dashboard/dashboard','collapse_expand','Collapse/Expand','2022-05-30 02:37:41','2022-05-30 02:37:41'),(928,1,'en','core/dashboard/dashboard','hide','Hide','2022-05-30 02:37:41','2022-05-30 02:37:41'),(929,1,'en','core/dashboard/dashboard','reload','Reload','2022-05-30 02:37:41','2022-05-30 02:37:41'),(930,1,'en','core/dashboard/dashboard','save_setting_success','Save widget settings successfully!','2022-05-30 02:37:41','2022-05-30 02:37:41'),(931,1,'en','core/dashboard/dashboard','widget_not_exists','Widget is not exits!','2022-05-30 02:37:41','2022-05-30 02:37:41'),(932,1,'en','core/dashboard/dashboard','manage_widgets','Manage Widgets','2022-05-30 02:37:41','2022-05-30 02:37:41'),(933,1,'en','core/dashboard/dashboard','fullscreen','Full screen','2022-05-30 02:37:41','2022-05-30 02:37:41'),(934,1,'en','core/dashboard/dashboard','title','Dashboard','2022-05-30 02:37:41','2022-05-30 02:37:41'),(935,1,'en','core/dashboard/dashboard','predefined_ranges.today','Today','2022-05-30 02:37:41','2022-05-30 02:37:41'),(936,1,'en','core/dashboard/dashboard','predefined_ranges.yesterday','Yesterday','2022-05-30 02:37:41','2022-05-30 02:37:41'),(937,1,'en','core/dashboard/dashboard','predefined_ranges.this_week','This Week','2022-05-30 02:37:41','2022-05-30 02:37:41'),(938,1,'en','core/dashboard/dashboard','predefined_ranges.last_7_days','Last 7 Days','2022-05-30 02:37:41','2022-05-30 02:37:41'),(939,1,'en','core/dashboard/dashboard','predefined_ranges.this_month','This Month','2022-05-30 02:37:41','2022-05-30 02:37:41'),(940,1,'en','core/dashboard/dashboard','predefined_ranges.last_30_days','Last 30 Days','2022-05-30 02:37:41','2022-05-30 02:37:41'),(941,1,'en','core/dashboard/dashboard','predefined_ranges.this_year','This Year','2022-05-30 02:37:41','2022-05-30 02:37:41'),(942,1,'vi','core/dashboard/dashboard','cancel_hide_btn','Hủy bỏ','2022-05-30 02:37:41','2022-05-30 02:37:41'),(943,1,'vi','core/dashboard/dashboard','collapse_expand','Mở rộng','2022-05-30 02:37:41','2022-05-30 02:37:41'),(944,1,'vi','core/dashboard/dashboard','confirm_hide','Bạn có chắc?','2022-05-30 02:37:41','2022-05-30 02:37:41'),(945,1,'vi','core/dashboard/dashboard','confirm_hide_btn','Vâng, ẩn tiện ích này','2022-05-30 02:37:41','2022-05-30 02:37:41'),(946,1,'vi','core/dashboard/dashboard','hide','Ẩn','2022-05-30 02:37:41','2022-05-30 02:37:41'),(947,1,'vi','core/dashboard/dashboard','hide_message','Bạn có chắc chắn muốn ẩn tiện ích này? Nó sẽ không được hiển thị trên trang chủ nữa!','2022-05-30 02:37:41','2022-05-30 02:37:41'),(948,1,'vi','core/dashboard/dashboard','hide_success','Ẩn tiện ích thành công!','2022-05-30 02:37:41','2022-05-30 02:37:41'),(949,1,'vi','core/dashboard/dashboard','manage_widgets','Quản lý tiện ích','2022-05-30 02:37:41','2022-05-30 02:37:41'),(950,1,'vi','core/dashboard/dashboard','reload','Làm mới','2022-05-30 02:37:41','2022-05-30 02:37:41'),(951,1,'vi','core/dashboard/dashboard','save_setting_success','Lưu tiện ích thành công','2022-05-30 02:37:41','2022-05-30 02:37:41'),(952,1,'vi','core/dashboard/dashboard','update_position_success','Cập nhật vị trí tiện ích thành công!','2022-05-30 02:37:41','2022-05-30 02:37:41'),(953,1,'vi','core/dashboard/dashboard','widget_not_exists','Tiện ích này không tồn tại!','2022-05-30 02:37:41','2022-05-30 02:37:41'),(954,1,'vi','core/dashboard/dashboard','fullscreen','Toàn màn hình','2022-05-30 02:37:41','2022-05-30 02:37:41'),(955,1,'vi','core/dashboard/dashboard','title','Trang quản trị','2022-05-30 02:37:41','2022-05-30 02:37:41'),(956,1,'en','core/media/media','filter','Filter','2022-05-30 02:37:41','2022-05-30 02:37:41'),(957,1,'en','core/media/media','everything','Everything','2022-05-30 02:37:41','2022-05-30 02:37:41'),(958,1,'en','core/media/media','image','Image','2022-05-30 02:37:41','2022-05-30 02:37:41'),(959,1,'en','core/media/media','video','Video','2022-05-30 02:37:41','2022-05-30 02:37:41'),(960,1,'en','core/media/media','document','Document','2022-05-30 02:37:41','2022-05-30 02:37:41'),(961,1,'en','core/media/media','view_in','View in','2022-05-30 02:37:41','2022-05-30 02:37:41'),(962,1,'en','core/media/media','all_media','All media','2022-05-30 02:37:41','2022-05-30 02:37:41'),(963,1,'en','core/media/media','trash','Trash','2022-05-30 02:37:41','2022-05-30 02:37:41'),(964,1,'en','core/media/media','recent','Recent','2022-05-30 02:37:41','2022-05-30 02:37:41'),(965,1,'en','core/media/media','favorites','Favorites','2022-05-30 02:37:41','2022-05-30 02:37:41'),(966,1,'en','core/media/media','upload','Upload','2022-05-30 02:37:41','2022-05-30 02:37:41'),(967,1,'en','core/media/media','create_folder','Create folder','2022-05-30 02:37:41','2022-05-30 02:37:41'),(968,1,'en','core/media/media','refresh','Refresh','2022-05-30 02:37:41','2022-05-30 02:37:41'),(969,1,'en','core/media/media','empty_trash','Empty trash','2022-05-30 02:37:41','2022-05-30 02:37:41'),(970,1,'en','core/media/media','search_file_and_folder','Search in current folder','2022-05-30 02:37:41','2022-05-30 02:37:41'),(971,1,'en','core/media/media','sort','Sort','2022-05-30 02:37:41','2022-05-30 02:37:41'),(972,1,'en','core/media/media','file_name_asc','File name - ASC','2022-05-30 02:37:41','2022-05-30 02:37:41'),(973,1,'en','core/media/media','file_name_desc','File name - DESC','2022-05-30 02:37:41','2022-05-30 02:37:41'),(974,1,'en','core/media/media','uploaded_date_asc','Uploaded date - ASC','2022-05-30 02:37:41','2022-05-30 02:37:41'),(975,1,'en','core/media/media','uploaded_date_desc','Uploaded date - DESC','2022-05-30 02:37:41','2022-05-30 02:37:41'),(976,1,'en','core/media/media','size_asc','Size - ASC','2022-05-30 02:37:41','2022-05-30 02:37:41'),(977,1,'en','core/media/media','size_desc','Size - DESC','2022-05-30 02:37:41','2022-05-30 02:37:41'),(978,1,'en','core/media/media','actions','Actions','2022-05-30 02:37:41','2022-05-30 02:37:41'),(979,1,'en','core/media/media','nothing_is_selected','Nothing is selected','2022-05-30 02:37:41','2022-05-30 02:37:41'),(980,1,'en','core/media/media','insert','Insert','2022-05-30 02:37:41','2022-05-30 02:37:41'),(981,1,'en','core/media/media','folder_name','Folder name','2022-05-30 02:37:41','2022-05-30 02:37:41'),(982,1,'en','core/media/media','create','Create','2022-05-30 02:37:41','2022-05-30 02:37:41'),(983,1,'en','core/media/media','rename','Rename','2022-05-30 02:37:41','2022-05-30 02:37:41'),(984,1,'en','core/media/media','close','Close','2022-05-30 02:37:41','2022-05-30 02:37:41'),(985,1,'en','core/media/media','save_changes','Save changes','2022-05-30 02:37:41','2022-05-30 02:37:41'),(986,1,'en','core/media/media','move_to_trash','Move items to trash','2022-05-30 02:37:41','2022-05-30 02:37:41'),(987,1,'en','core/media/media','confirm_trash','Are you sure you want to move these items to trash?','2022-05-30 02:37:41','2022-05-30 02:37:41'),(988,1,'en','core/media/media','confirm','Confirm','2022-05-30 02:37:41','2022-05-30 02:37:41'),(989,1,'en','core/media/media','confirm_delete','Delete item(s)','2022-05-30 02:37:41','2022-05-30 02:37:41'),(990,1,'en','core/media/media','confirm_delete_description','Your request cannot rollback. Are you sure you wanna delete these items?','2022-05-30 02:37:41','2022-05-30 02:37:41'),(991,1,'en','core/media/media','empty_trash_title','Empty trash','2022-05-30 02:37:41','2022-05-30 02:37:41'),(992,1,'en','core/media/media','empty_trash_description','Your request cannot rollback. Are you sure you wanna remove all items in trash?','2022-05-30 02:37:41','2022-05-30 02:37:41'),(993,1,'en','core/media/media','up_level','Up one level','2022-05-30 02:37:41','2022-05-30 02:37:41'),(994,1,'en','core/media/media','upload_progress','Upload progress','2022-05-30 02:37:41','2022-05-30 02:37:41'),(995,1,'en','core/media/media','folder_created','Folder is created successfully!','2022-05-30 02:37:41','2022-05-30 02:37:41'),(996,1,'en','core/media/media','gallery','Media gallery','2022-05-30 02:37:41','2022-05-30 02:37:41'),(997,1,'en','core/media/media','trash_error','Error when delete selected item(s)','2022-05-30 02:37:41','2022-05-30 02:37:41'),(998,1,'en','core/media/media','trash_success','Moved selected item(s) to trash successfully!','2022-05-30 02:37:41','2022-05-30 02:37:41'),(999,1,'en','core/media/media','restore_error','Error when restore selected item(s)','2022-05-30 02:37:41','2022-05-30 02:37:41'),(1000,1,'en','core/media/media','restore_success','Restore selected item(s) successfully!','2022-05-30 02:37:41','2022-05-30 02:37:41'),(1001,1,'en','core/media/media','copy_success','Copied selected item(s) successfully!','2022-05-30 02:37:41','2022-05-30 02:37:41'),(1002,1,'en','core/media/media','delete_success','Deleted selected item(s) successfully!','2022-05-30 02:37:41','2022-05-30 02:37:41'),(1003,1,'en','core/media/media','favorite_success','Favorite selected item(s) successfully!','2022-05-30 02:37:41','2022-05-30 02:37:41'),(1004,1,'en','core/media/media','remove_favorite_success','Remove selected item(s) from favorites successfully!','2022-05-30 02:37:41','2022-05-30 02:37:41'),(1005,1,'en','core/media/media','rename_error','Error when rename item(s)','2022-05-30 02:37:41','2022-05-30 02:37:41'),(1006,1,'en','core/media/media','rename_success','Rename selected item(s) successfully!','2022-05-30 02:37:41','2022-05-30 02:37:41'),(1007,1,'en','core/media/media','empty_trash_success','Empty trash successfully!','2022-05-30 02:37:41','2022-05-30 02:37:41'),(1008,1,'en','core/media/media','invalid_action','Invalid action!','2022-05-30 02:37:41','2022-05-30 02:37:41'),(1009,1,'en','core/media/media','file_not_exists','File is not exists!','2022-05-30 02:37:41','2022-05-30 02:37:41'),(1010,1,'en','core/media/media','download_file_error','Error when downloading files!','2022-05-30 02:37:41','2022-05-30 02:37:41'),(1011,1,'en','core/media/media','missing_zip_archive_extension','Please enable ZipArchive extension to download file!','2022-05-30 02:37:41','2022-05-30 02:37:41'),(1012,1,'en','core/media/media','can_not_download_file','Can not download this file!','2022-05-30 02:37:41','2022-05-30 02:37:41'),(1013,1,'en','core/media/media','invalid_request','Invalid request!','2022-05-30 02:37:41','2022-05-30 02:37:41'),(1014,1,'en','core/media/media','add_success','Add item successfully!','2022-05-30 02:37:41','2022-05-30 02:37:41'),(1015,1,'en','core/media/media','file_too_big','File too big. Max file upload is :size bytes','2022-05-30 02:37:41','2022-05-30 02:37:41'),(1016,1,'en','core/media/media','can_not_detect_file_type','File type is not allowed or can not detect file type!','2022-05-30 02:37:41','2022-05-30 02:37:41'),(1017,1,'en','core/media/media','upload_failed','The file is NOT uploaded completely. The server allows max upload file size is :size . Please check your file size OR try to upload again in case of having network errors','2022-05-30 02:37:41','2022-05-30 02:37:41'),(1018,1,'en','core/media/media','menu_name','Media','2022-05-30 02:37:41','2022-05-30 02:37:41'),(1019,1,'en','core/media/media','add','Add media','2022-05-30 02:37:41','2022-05-30 02:37:41'),(1020,1,'en','core/media/media','javascript.name','Name','2022-05-30 02:37:41','2022-05-30 02:37:41'),(1021,1,'en','core/media/media','javascript.url','URL','2022-05-30 02:37:41','2022-05-30 02:37:41'),(1022,1,'en','core/media/media','javascript.full_url','Full URL','2022-05-30 02:37:41','2022-05-30 02:37:41'),(1023,1,'en','core/media/media','javascript.size','Size','2022-05-30 02:37:41','2022-05-30 02:37:41'),(1024,1,'en','core/media/media','javascript.mime_type','Type','2022-05-30 02:37:41','2022-05-30 02:37:41'),(1025,1,'en','core/media/media','javascript.created_at','Uploaded at','2022-05-30 02:37:41','2022-05-30 02:37:41'),(1026,1,'en','core/media/media','javascript.updated_at','Modified at','2022-05-30 02:37:41','2022-05-30 02:37:41'),(1027,1,'en','core/media/media','javascript.nothing_selected','Nothing is selected','2022-05-30 02:37:41','2022-05-30 02:37:41'),(1028,1,'en','core/media/media','javascript.visit_link','Open link','2022-05-30 02:37:41','2022-05-30 02:37:41'),(1029,1,'en','core/media/media','javascript.no_item.all_media.icon','fas fa-cloud-upload-alt','2022-05-30 02:37:41','2022-05-30 02:37:41'),(1030,1,'en','core/media/media','javascript.no_item.all_media.title','Drop files and folders here','2022-05-30 02:37:41','2022-05-30 02:37:41'),(1031,1,'en','core/media/media','javascript.no_item.all_media.message','Or use the upload button above','2022-05-30 02:37:41','2022-05-30 02:37:41'),(1032,1,'en','core/media/media','javascript.no_item.trash.icon','fas fa-trash-alt','2022-05-30 02:37:41','2022-05-30 02:37:41'),(1033,1,'en','core/media/media','javascript.no_item.trash.title','There is nothing in your trash currently','2022-05-30 02:37:41','2022-05-30 02:37:41'),(1034,1,'en','core/media/media','javascript.no_item.trash.message','Delete files to move them to trash automatically. Delete files from trash to remove them permanently','2022-05-30 02:37:41','2022-05-30 02:37:41'),(1035,1,'en','core/media/media','javascript.no_item.favorites.icon','fas fa-star','2022-05-30 02:37:42','2022-05-30 02:37:42'),(1036,1,'en','core/media/media','javascript.no_item.favorites.title','You have not added anything to your favorites yet','2022-05-30 02:37:42','2022-05-30 02:37:42'),(1037,1,'en','core/media/media','javascript.no_item.favorites.message','Add files to favorites to easily find them later','2022-05-30 02:37:42','2022-05-30 02:37:42'),(1038,1,'en','core/media/media','javascript.no_item.recent.icon','far fa-clock','2022-05-30 02:37:42','2022-05-30 02:37:42'),(1039,1,'en','core/media/media','javascript.no_item.recent.title','You did not opened anything yet','2022-05-30 02:37:42','2022-05-30 02:37:42'),(1040,1,'en','core/media/media','javascript.no_item.recent.message','All recent files that you opened will be appeared here','2022-05-30 02:37:42','2022-05-30 02:37:42'),(1041,1,'en','core/media/media','javascript.no_item.default.icon','fas fa-sync','2022-05-30 02:37:42','2022-05-30 02:37:42'),(1042,1,'en','core/media/media','javascript.no_item.default.title','No items','2022-05-30 02:37:42','2022-05-30 02:37:42'),(1043,1,'en','core/media/media','javascript.no_item.default.message','This directory has no item','2022-05-30 02:37:42','2022-05-30 02:37:42'),(1044,1,'en','core/media/media','javascript.clipboard.success','These file links has been copied to clipboard','2022-05-30 02:37:42','2022-05-30 02:37:42'),(1045,1,'en','core/media/media','javascript.message.error_header','Error','2022-05-30 02:37:42','2022-05-30 02:37:42'),(1046,1,'en','core/media/media','javascript.message.success_header','Success','2022-05-30 02:37:42','2022-05-30 02:37:42'),(1047,1,'en','core/media/media','javascript.download.error','No files selected or cannot download these files','2022-05-30 02:37:42','2022-05-30 02:37:42'),(1048,1,'en','core/media/media','javascript.actions_list.basic.preview','Preview','2022-05-30 02:37:42','2022-05-30 02:37:42'),(1049,1,'en','core/media/media','javascript.actions_list.file.copy_link','Copy link','2022-05-30 02:37:42','2022-05-30 02:37:42'),(1050,1,'en','core/media/media','javascript.actions_list.file.rename','Rename','2022-05-30 02:37:42','2022-05-30 02:37:42'),(1051,1,'en','core/media/media','javascript.actions_list.file.make_copy','Make a copy','2022-05-30 02:37:42','2022-05-30 02:37:42'),(1052,1,'en','core/media/media','javascript.actions_list.user.favorite','Add to favorite','2022-05-30 02:37:42','2022-05-30 02:37:42'),(1053,1,'en','core/media/media','javascript.actions_list.user.remove_favorite','Remove favorite','2022-05-30 02:37:42','2022-05-30 02:37:42'),(1054,1,'en','core/media/media','javascript.actions_list.other.download','Download','2022-05-30 02:37:42','2022-05-30 02:37:42'),(1055,1,'en','core/media/media','javascript.actions_list.other.trash','Move to trash','2022-05-30 02:37:42','2022-05-30 02:37:42'),(1056,1,'en','core/media/media','javascript.actions_list.other.delete','Delete permanently','2022-05-30 02:37:42','2022-05-30 02:37:42'),(1057,1,'en','core/media/media','javascript.actions_list.other.restore','Restore','2022-05-30 02:37:42','2022-05-30 02:37:42'),(1058,1,'en','core/media/media','name_invalid','The folder name has invalid character(s).','2022-05-30 02:37:42','2022-05-30 02:37:42'),(1059,1,'en','core/media/media','url_invalid','Please provide a valid URL','2022-05-30 02:37:42','2022-05-30 02:37:42'),(1060,1,'en','core/media/media','path_invalid','Please provide a valid path','2022-05-30 02:37:42','2022-05-30 02:37:42'),(1061,1,'en','core/media/media','download_link','Download','2022-05-30 02:37:42','2022-05-30 02:37:42'),(1062,1,'en','core/media/media','url','URL','2022-05-30 02:37:42','2022-05-30 02:37:42'),(1063,1,'en','core/media/media','download_explain','Enter one URL per line.','2022-05-30 02:37:42','2022-05-30 02:37:42'),(1064,1,'en','core/media/media','downloading','Downloading...','2022-05-30 02:37:42','2022-05-30 02:37:42'),(1065,1,'vi','core/media/media','filter','Lọc','2022-05-30 02:37:42','2022-05-30 02:37:42'),(1066,1,'vi','core/media/media','everything','Tất cả','2022-05-30 02:37:42','2022-05-30 02:37:42'),(1067,1,'vi','core/media/media','image','Hình ảnh','2022-05-30 02:37:42','2022-05-30 02:37:42'),(1068,1,'vi','core/media/media','video','Phim','2022-05-30 02:37:42','2022-05-30 02:37:42'),(1069,1,'vi','core/media/media','document','Tài liệu','2022-05-30 02:37:42','2022-05-30 02:37:42'),(1070,1,'vi','core/media/media','view_in','Chế độ xem','2022-05-30 02:37:42','2022-05-30 02:37:42'),(1071,1,'vi','core/media/media','all_media','Tất cả tập tin','2022-05-30 02:37:42','2022-05-30 02:37:42'),(1072,1,'vi','core/media/media','trash','Thùng rác','2022-05-30 02:37:42','2022-05-30 02:37:42'),(1073,1,'vi','core/media/media','recent','Gần đây','2022-05-30 02:37:42','2022-05-30 02:37:42'),(1074,1,'vi','core/media/media','favorites','Được gắn dấu sao','2022-05-30 02:37:42','2022-05-30 02:37:42'),(1075,1,'vi','core/media/media','upload','Tải lên','2022-05-30 02:37:42','2022-05-30 02:37:42'),(1076,1,'vi','core/media/media','create_folder','Tạo thư mục','2022-05-30 02:37:42','2022-05-30 02:37:42'),(1077,1,'vi','core/media/media','refresh','Làm mới','2022-05-30 02:37:42','2022-05-30 02:37:42'),(1078,1,'vi','core/media/media','empty_trash','Dọn thùng rác','2022-05-30 02:37:42','2022-05-30 02:37:42'),(1079,1,'vi','core/media/media','search_file_and_folder','Tìm kiếm tập tin và thư mục','2022-05-30 02:37:42','2022-05-30 02:37:42'),(1080,1,'vi','core/media/media','sort','Sắp xếp','2022-05-30 02:37:42','2022-05-30 02:37:42'),(1081,1,'vi','core/media/media','file_name_asc','Tên tập tin - ASC','2022-05-30 02:37:42','2022-05-30 02:37:42'),(1082,1,'vi','core/media/media','file_name_desc','Tên tập tin - DESC','2022-05-30 02:37:42','2022-05-30 02:37:42'),(1083,1,'vi','core/media/media','uploaded_date_asc','Ngày tải lên - ASC','2022-05-30 02:37:42','2022-05-30 02:37:42'),(1084,1,'vi','core/media/media','uploaded_date_desc','Ngày tải lên - DESC','2022-05-30 02:37:42','2022-05-30 02:37:42'),(1085,1,'vi','core/media/media','size_asc','Kích thước - ASC','2022-05-30 02:37:42','2022-05-30 02:37:42'),(1086,1,'vi','core/media/media','size_desc','Kích thước - DESC','2022-05-30 02:37:42','2022-05-30 02:37:42'),(1087,1,'vi','core/media/media','actions','Hành động','2022-05-30 02:37:42','2022-05-30 02:37:42'),(1088,1,'vi','core/media/media','nothing_is_selected','Không có tập tin nào được chọn','2022-05-30 02:37:42','2022-05-30 02:37:42'),(1089,1,'vi','core/media/media','insert','Chèn','2022-05-30 02:37:42','2022-05-30 02:37:42'),(1090,1,'vi','core/media/media','folder_name','Tên thư mục','2022-05-30 02:37:42','2022-05-30 02:37:42'),(1091,1,'vi','core/media/media','create','Tạo','2022-05-30 02:37:42','2022-05-30 02:37:42'),(1092,1,'vi','core/media/media','rename','Đổi tên','2022-05-30 02:37:42','2022-05-30 02:37:42'),(1093,1,'vi','core/media/media','close','Đóng','2022-05-30 02:37:42','2022-05-30 02:37:42'),(1094,1,'vi','core/media/media','save_changes','Lưu thay đổi','2022-05-30 02:37:42','2022-05-30 02:37:42'),(1095,1,'vi','core/media/media','move_to_trash','Đưa vào thùng rác','2022-05-30 02:37:42','2022-05-30 02:37:42'),(1096,1,'vi','core/media/media','confirm_trash','Bạn có chắc chắn muốn bỏ những tập tin này vào thùng rác?','2022-05-30 02:37:42','2022-05-30 02:37:42'),(1097,1,'vi','core/media/media','confirm','Xác nhận','2022-05-30 02:37:42','2022-05-30 02:37:42'),(1098,1,'vi','core/media/media','confirm_delete','Xóa tập tin','2022-05-30 02:37:42','2022-05-30 02:37:42'),(1099,1,'vi','core/media/media','confirm_delete_description','Hành động này không thể khôi phục. Bạn có chắc chắn muốn xóa các tập tin này?','2022-05-30 02:37:42','2022-05-30 02:37:42'),(1100,1,'vi','core/media/media','empty_trash_title','Dọn sạch thùng rác','2022-05-30 02:37:42','2022-05-30 02:37:42'),(1101,1,'vi','core/media/media','empty_trash_description','Hành động này không thể khôi phục. Bạn có chắc chắn muốn dọn sạch thùng rác?','2022-05-30 02:37:42','2022-05-30 02:37:42'),(1102,1,'vi','core/media/media','up_level','Quay lại một cấp','2022-05-30 02:37:42','2022-05-30 02:37:42'),(1103,1,'vi','core/media/media','upload_progress','Tiến trình tải lên','2022-05-30 02:37:42','2022-05-30 02:37:42'),(1104,1,'vi','core/media/media','folder_created','Tạo thư mục thành công!','2022-05-30 02:37:42','2022-05-30 02:37:42'),(1105,1,'vi','core/media/media','gallery','Thư viện tập tin','2022-05-30 02:37:42','2022-05-30 02:37:42'),(1106,1,'vi','core/media/media','trash_error','Có lỗi khi xóa tập tin/thư mục','2022-05-30 02:37:42','2022-05-30 02:37:42'),(1107,1,'vi','core/media/media','trash_success','Xóa tập tin/thư mục thành công!','2022-05-30 02:37:42','2022-05-30 02:37:42'),(1108,1,'vi','core/media/media','restore_error','Có lỗi trong quá trình khôi phục','2022-05-30 02:37:42','2022-05-30 02:37:42'),(1109,1,'vi','core/media/media','restore_success','Khôi phục thành công!','2022-05-30 02:37:42','2022-05-30 02:37:42'),(1110,1,'vi','core/media/media','copy_success','Sao chép thành công!','2022-05-30 02:37:42','2022-05-30 02:37:42'),(1111,1,'vi','core/media/media','delete_success','Xóa thành công!','2022-05-30 02:37:42','2022-05-30 02:37:42'),(1112,1,'vi','core/media/media','favorite_success','Thêm dấu sao thành công!','2022-05-30 02:37:42','2022-05-30 02:37:42'),(1113,1,'vi','core/media/media','remove_favorite_success','Bỏ dấu sao thành công!','2022-05-30 02:37:42','2022-05-30 02:37:42'),(1114,1,'vi','core/media/media','rename_error','Có lỗi trong quá trình đổi tên','2022-05-30 02:37:42','2022-05-30 02:37:42'),(1115,1,'vi','core/media/media','rename_success','Đổi tên thành công!','2022-05-30 02:37:42','2022-05-30 02:37:42'),(1116,1,'vi','core/media/media','invalid_action','Hành động không hợp lệ!','2022-05-30 02:37:42','2022-05-30 02:37:42'),(1117,1,'vi','core/media/media','file_not_exists','Tập tin không tồn tại!','2022-05-30 02:37:42','2022-05-30 02:37:42'),(1118,1,'vi','core/media/media','download_file_error','Có lỗi trong quá trình tải xuống tập tin!','2022-05-30 02:37:42','2022-05-30 02:37:42'),(1119,1,'vi','core/media/media','missing_zip_archive_extension','Hãy bật ZipArchive extension để tải tập tin!','2022-05-30 02:37:42','2022-05-30 02:37:42'),(1120,1,'vi','core/media/media','can_not_download_file','Không thể tải tập tin!','2022-05-30 02:37:42','2022-05-30 02:37:42'),(1121,1,'vi','core/media/media','invalid_request','Yêu cầu không hợp lệ!','2022-05-30 02:37:42','2022-05-30 02:37:42'),(1122,1,'vi','core/media/media','add_success','Thêm thành công!','2022-05-30 02:37:42','2022-05-30 02:37:42'),(1123,1,'vi','core/media/media','file_too_big','Tập tin quá lớn. Giới hạn tải lên là :size bytes','2022-05-30 02:37:42','2022-05-30 02:37:42'),(1124,1,'vi','core/media/media','can_not_detect_file_type','Loại tập tin không hợp lệ hoặc không thể xác định loại tập tin!','2022-05-30 02:37:42','2022-05-30 02:37:42'),(1125,1,'vi','core/media/media','upload_failed','The file is NOT uploaded completely. The server allows max upload file size is :size . Please check your file size OR try to upload again in case of having network errors','2022-05-30 02:37:42','2022-05-30 02:37:42'),(1126,1,'vi','core/media/media','menu_name','Quản lý tập tin','2022-05-30 02:37:42','2022-05-30 02:37:42'),(1127,1,'vi','core/media/media','add','Thêm tập tin','2022-05-30 02:37:42','2022-05-30 02:37:42'),(1128,1,'vi','core/media/media','javascript.name','Tên','2022-05-30 02:37:42','2022-05-30 02:37:42'),(1129,1,'vi','core/media/media','javascript.url','Đường dẫn','2022-05-30 02:37:42','2022-05-30 02:37:42'),(1130,1,'vi','core/media/media','javascript.full_url','Đường dẫn tuyệt đối','2022-05-30 02:37:42','2022-05-30 02:37:42'),(1131,1,'vi','core/media/media','javascript.size','Kích thước','2022-05-30 02:37:42','2022-05-30 02:37:42'),(1132,1,'vi','core/media/media','javascript.mime_type','Loại','2022-05-30 02:37:42','2022-05-30 02:37:42'),(1133,1,'vi','core/media/media','javascript.created_at','Được tải lên lúc','2022-05-30 02:37:42','2022-05-30 02:37:42'),(1134,1,'vi','core/media/media','javascript.updated_at','Được chỉnh sửa lúc','2022-05-30 02:37:42','2022-05-30 02:37:42'),(1135,1,'vi','core/media/media','javascript.nothing_selected','Bạn chưa chọn tập tin nào','2022-05-30 02:37:42','2022-05-30 02:37:42'),(1136,1,'vi','core/media/media','javascript.visit_link','Mở liên kết','2022-05-30 02:37:42','2022-05-30 02:37:42'),(1137,1,'vi','core/media/media','javascript.no_item.all_media.icon','fas fa-cloud-upload-alt','2022-05-30 02:37:42','2022-05-30 02:37:42'),(1138,1,'vi','core/media/media','javascript.no_item.all_media.title','Bạn có thể kéo thả tập tin vào đây để tải lên','2022-05-30 02:37:42','2022-05-30 02:37:42'),(1139,1,'vi','core/media/media','javascript.no_item.all_media.message','Hoặc có thể bấm nút Tải lên ở phía trên','2022-05-30 02:37:42','2022-05-30 02:37:42'),(1140,1,'vi','core/media/media','javascript.no_item.trash.icon','fas fa-trash-alt','2022-05-30 02:37:42','2022-05-30 02:37:42'),(1141,1,'vi','core/media/media','javascript.no_item.trash.title','Hiện tại không có tập tin nào trong thùng rác','2022-05-30 02:37:42','2022-05-30 02:37:42'),(1142,1,'vi','core/media/media','javascript.no_item.trash.message','Xóa tập tin sẽ đem tập tin lưu vào thùng rác. Xóa tập tin trong thùng rác sẽ xóa vĩnh viễn.','2022-05-30 02:37:42','2022-05-30 02:37:42'),(1143,1,'vi','core/media/media','javascript.no_item.favorites.icon','fas fa-star','2022-05-30 02:37:42','2022-05-30 02:37:42'),(1144,1,'vi','core/media/media','javascript.no_item.favorites.title','Bạn chưa đặt tập tin nào vào mục yêu thích','2022-05-30 02:37:42','2022-05-30 02:37:42'),(1145,1,'vi','core/media/media','javascript.no_item.favorites.message','Thêm tập tin vào mục yêu thích để tìm kiếm chúng dễ dàng sau này.','2022-05-30 02:37:42','2022-05-30 02:37:42'),(1146,1,'vi','core/media/media','javascript.no_item.recent.icon','far fa-clock','2022-05-30 02:37:42','2022-05-30 02:37:42'),(1147,1,'vi','core/media/media','javascript.no_item.recent.title','Bạn chưa mở tập tin nào.','2022-05-30 02:37:42','2022-05-30 02:37:42'),(1148,1,'vi','core/media/media','javascript.no_item.recent.message','Mục này hiển thị các tập tin bạn đã xem gần đây.','2022-05-30 02:37:42','2022-05-30 02:37:42'),(1149,1,'vi','core/media/media','javascript.no_item.default.icon','fas fa-sync','2022-05-30 02:37:42','2022-05-30 02:37:42'),(1150,1,'vi','core/media/media','javascript.no_item.default.title','Thư mục trống','2022-05-30 02:37:42','2022-05-30 02:37:42'),(1151,1,'vi','core/media/media','javascript.no_item.default.message','Thư mục này chưa có tập tin nào','2022-05-30 02:37:42','2022-05-30 02:37:42'),(1152,1,'vi','core/media/media','javascript.clipboard.success','Đường dẫn của các tập tin đã được sao chép vào clipboard','2022-05-30 02:37:42','2022-05-30 02:37:42'),(1153,1,'vi','core/media/media','javascript.message.error_header','Lỗi','2022-05-30 02:37:42','2022-05-30 02:37:42'),(1154,1,'vi','core/media/media','javascript.message.success_header','Thành công','2022-05-30 02:37:42','2022-05-30 02:37:42'),(1155,1,'vi','core/media/media','javascript.download.error','Bạn chưa chọn tập tin nào hoặc tập tin này không cho phép tải về','2022-05-30 02:37:42','2022-05-30 02:37:42'),(1156,1,'vi','core/media/media','javascript.actions_list.basic.preview','Xem trước','2022-05-30 02:37:42','2022-05-30 02:37:42'),(1157,1,'vi','core/media/media','javascript.actions_list.file.copy_link','Sao chép đường dẫn','2022-05-30 02:37:42','2022-05-30 02:37:42'),(1158,1,'vi','core/media/media','javascript.actions_list.file.rename','Đổi tên','2022-05-30 02:37:42','2022-05-30 02:37:42'),(1159,1,'vi','core/media/media','javascript.actions_list.file.make_copy','Nhân bản','2022-05-30 02:37:42','2022-05-30 02:37:42'),(1160,1,'vi','core/media/media','javascript.actions_list.user.favorite','Yêu thích','2022-05-30 02:37:42','2022-05-30 02:37:42'),(1161,1,'vi','core/media/media','javascript.actions_list.user.remove_favorite','Xóa khỏi mục yêu thích','2022-05-30 02:37:42','2022-05-30 02:37:42'),(1162,1,'vi','core/media/media','javascript.actions_list.other.download','Tải xuống','2022-05-30 02:37:42','2022-05-30 02:37:42'),(1163,1,'vi','core/media/media','javascript.actions_list.other.trash','Chuyển vào thùng rác','2022-05-30 02:37:42','2022-05-30 02:37:42'),(1164,1,'vi','core/media/media','javascript.actions_list.other.delete','Xóa hoàn toàn','2022-05-30 02:37:42','2022-05-30 02:37:42'),(1165,1,'vi','core/media/media','javascript.actions_list.other.restore','Khôi phục','2022-05-30 02:37:42','2022-05-30 02:37:42'),(1166,1,'vi','core/media/media','empty_trash_success','Dọn sạch thùng rác thành công','2022-05-30 02:37:42','2022-05-30 02:37:42'),(1167,1,'vi','core/media/media','name_invalid','Tên thư mục chứa ký tự không hợp lệ','2022-05-30 02:37:42','2022-05-30 02:37:42'),(1168,1,'en','core/setting/setting','title','Settings','2022-05-30 02:37:42','2022-05-30 02:37:42'),(1169,1,'en','core/setting/setting','email_setting_title','Email settings','2022-05-30 02:37:42','2022-05-30 02:37:42'),(1170,1,'en','core/setting/setting','general.theme','Theme','2022-05-30 02:37:42','2022-05-30 02:37:42'),(1171,1,'en','core/setting/setting','general.description','Setting site information','2022-05-30 02:37:42','2022-05-30 02:37:42'),(1172,1,'en','core/setting/setting','general.title','General','2022-05-30 02:37:42','2022-05-30 02:37:42'),(1173,1,'en','core/setting/setting','general.general_block','General Information','2022-05-30 02:37:42','2022-05-30 02:37:42'),(1174,1,'en','core/setting/setting','general.rich_editor','Rich Editor','2022-05-30 02:37:42','2022-05-30 02:37:42'),(1175,1,'en','core/setting/setting','general.site_title','Site title','2022-05-30 02:37:42','2022-05-30 02:37:42'),(1176,1,'en','core/setting/setting','general.admin_email','Admin Email','2022-05-30 02:37:42','2022-05-30 02:37:42'),(1177,1,'en','core/setting/setting','general.seo_block','SEO Configuration','2022-05-30 02:37:42','2022-05-30 02:37:42'),(1178,1,'en','core/setting/setting','general.seo_title','SEO Title','2022-05-30 02:37:42','2022-05-30 02:37:42'),(1179,1,'en','core/setting/setting','general.seo_description','SEO Description','2022-05-30 02:37:42','2022-05-30 02:37:42'),(1180,1,'en','core/setting/setting','general.webmaster_tools_block','Google Webmaster Tools','2022-05-30 02:37:42','2022-05-30 02:37:42'),(1181,1,'en','core/setting/setting','general.google_site_verification','Google site verification','2022-05-30 02:37:42','2022-05-30 02:37:42'),(1182,1,'en','core/setting/setting','general.placeholder.site_title','Site Title (maximum 120 characters)','2022-05-30 02:37:42','2022-05-30 02:37:42'),(1183,1,'en','core/setting/setting','general.placeholder.admin_email','Admin Email','2022-05-30 02:37:42','2022-05-30 02:37:42'),(1184,1,'en','core/setting/setting','general.placeholder.seo_title','SEO Title (maximum 120 characters)','2022-05-30 02:37:42','2022-05-30 02:37:42'),(1185,1,'en','core/setting/setting','general.placeholder.seo_description','SEO Description (maximum 120 characters)','2022-05-30 02:37:42','2022-05-30 02:37:42'),(1186,1,'en','core/setting/setting','general.placeholder.google_analytics','Google Analytics','2022-05-30 02:37:42','2022-05-30 02:37:42'),(1187,1,'en','core/setting/setting','general.placeholder.google_site_verification','Google Site Verification','2022-05-30 02:37:42','2022-05-30 02:37:42'),(1188,1,'en','core/setting/setting','general.cache_admin_menu','Cache admin menu?','2022-05-30 02:37:42','2022-05-30 02:37:42'),(1189,1,'en','core/setting/setting','general.enable_send_error_reporting_via_email','Enable to send error reporting via email?','2022-05-30 02:37:42','2022-05-30 02:37:42'),(1190,1,'en','core/setting/setting','general.time_zone','Timezone','2022-05-30 02:37:42','2022-05-30 02:37:42'),(1191,1,'en','core/setting/setting','general.default_admin_theme','Default admin theme','2022-05-30 02:37:42','2022-05-30 02:37:42'),(1192,1,'en','core/setting/setting','general.enable_change_admin_theme','Enable change admin theme?','2022-05-30 02:37:42','2022-05-30 02:37:42'),(1193,1,'en','core/setting/setting','general.enable','Enable','2022-05-30 02:37:42','2022-05-30 02:37:42'),(1194,1,'en','core/setting/setting','general.disable','Disable','2022-05-30 02:37:42','2022-05-30 02:37:42'),(1195,1,'en','core/setting/setting','general.enable_cache','Enable cache?','2022-05-30 02:37:42','2022-05-30 02:37:42'),(1196,1,'en','core/setting/setting','general.cache_time','Cache time (minutes)','2022-05-30 02:37:42','2022-05-30 02:37:42'),(1197,1,'en','core/setting/setting','general.cache_time_site_map','Cache Time Site map','2022-05-30 02:37:42','2022-05-30 02:37:42'),(1198,1,'en','core/setting/setting','general.admin_logo','Admin logo','2022-05-30 02:37:42','2022-05-30 02:37:42'),(1199,1,'en','core/setting/setting','general.admin_favicon','Admin favicon','2022-05-30 02:37:42','2022-05-30 02:37:42'),(1200,1,'en','core/setting/setting','general.admin_title','Admin title','2022-05-30 02:37:42','2022-05-30 02:37:42'),(1201,1,'en','core/setting/setting','general.admin_title_placeholder','Title show to tab of browser','2022-05-30 02:37:42','2022-05-30 02:37:42'),(1202,1,'en','core/setting/setting','general.cache_block','Cache','2022-05-30 02:37:42','2022-05-30 02:37:42'),(1203,1,'en','core/setting/setting','general.admin_appearance_title','Admin appearance','2022-05-30 02:37:42','2022-05-30 02:37:42'),(1204,1,'en','core/setting/setting','general.admin_appearance_description','Setting admin appearance such as editor, language...','2022-05-30 02:37:42','2022-05-30 02:37:42'),(1205,1,'en','core/setting/setting','general.seo_block_description','Setting site title, site meta description, site keyword for optimize SEO','2022-05-30 02:37:42','2022-05-30 02:37:42'),(1206,1,'en','core/setting/setting','general.webmaster_tools_description','Google Webmaster Tools (GWT) is free software that helps you manage the technical side of your website','2022-05-30 02:37:42','2022-05-30 02:37:42'),(1207,1,'en','core/setting/setting','general.cache_description','Config cache for system for optimize speed','2022-05-30 02:37:42','2022-05-30 02:37:42'),(1208,1,'en','core/setting/setting','general.yes','Yes','2022-05-30 02:37:42','2022-05-30 02:37:42'),(1209,1,'en','core/setting/setting','general.no','No','2022-05-30 02:37:42','2022-05-30 02:37:42'),(1210,1,'en','core/setting/setting','general.show_on_front','Your homepage displays','2022-05-30 02:37:42','2022-05-30 02:37:42'),(1211,1,'en','core/setting/setting','general.select','— Select —','2022-05-30 02:37:42','2022-05-30 02:37:42'),(1212,1,'en','core/setting/setting','general.show_site_name','Show site name after page title, separate with \"-\"?','2022-05-30 02:37:42','2022-05-30 02:37:42'),(1213,1,'en','core/setting/setting','general.locale','Site language','2022-05-30 02:37:42','2022-05-30 02:37:42'),(1214,1,'en','core/setting/setting','general.locale_direction','Front site language direction','2022-05-30 02:37:42','2022-05-30 02:37:42'),(1215,1,'en','core/setting/setting','general.admin_locale_direction','Admin language direction','2022-05-30 02:37:42','2022-05-30 02:37:42'),(1216,1,'en','core/setting/setting','general.admin_login_screen_backgrounds','Login screen backgrounds (~1366x768)','2022-05-30 02:37:42','2022-05-30 02:37:42'),(1217,1,'en','core/setting/setting','email.subject','Subject','2022-05-30 02:37:42','2022-05-30 02:37:42'),(1218,1,'en','core/setting/setting','email.content','Content','2022-05-30 02:37:42','2022-05-30 02:37:42'),(1219,1,'en','core/setting/setting','email.title','Setting for email template','2022-05-30 02:37:42','2022-05-30 02:37:42'),(1220,1,'en','core/setting/setting','email.description','Email template using HTML & system variables.','2022-05-30 02:37:42','2022-05-30 02:37:42'),(1221,1,'en','core/setting/setting','email.reset_to_default','Reset to default','2022-05-30 02:37:42','2022-05-30 02:37:42'),(1222,1,'en','core/setting/setting','email.back','Back to settings','2022-05-30 02:37:42','2022-05-30 02:37:42'),(1223,1,'en','core/setting/setting','email.reset_success','Reset back to default successfully','2022-05-30 02:37:42','2022-05-30 02:37:42'),(1224,1,'en','core/setting/setting','email.confirm_reset','Confirm reset email template?','2022-05-30 02:37:42','2022-05-30 02:37:42'),(1225,1,'en','core/setting/setting','email.confirm_message','Do you really want to reset this email template to default?','2022-05-30 02:37:42','2022-05-30 02:37:42'),(1226,1,'en','core/setting/setting','email.continue','Continue','2022-05-30 02:37:42','2022-05-30 02:37:42'),(1227,1,'en','core/setting/setting','email.sender_name','Sender name','2022-05-30 02:37:42','2022-05-30 02:37:42'),(1228,1,'en','core/setting/setting','email.sender_name_placeholder','Name','2022-05-30 02:37:42','2022-05-30 02:37:42'),(1229,1,'en','core/setting/setting','email.sender_email','Sender email','2022-05-30 02:37:42','2022-05-30 02:37:42'),(1230,1,'en','core/setting/setting','email.mailer','Mailer','2022-05-30 02:37:43','2022-05-30 02:37:43'),(1231,1,'en','core/setting/setting','email.port','Port','2022-05-30 02:37:43','2022-05-30 02:37:43'),(1232,1,'en','core/setting/setting','email.port_placeholder','Ex: 587','2022-05-30 02:37:43','2022-05-30 02:37:43'),(1233,1,'en','core/setting/setting','email.host','Host','2022-05-30 02:37:43','2022-05-30 02:37:43'),(1234,1,'en','core/setting/setting','email.host_placeholder','Ex: smtp.gmail.com','2022-05-30 02:37:43','2022-05-30 02:37:43'),(1235,1,'en','core/setting/setting','email.username','Username','2022-05-30 02:37:43','2022-05-30 02:37:43'),(1236,1,'en','core/setting/setting','email.username_placeholder','Username to login to mail server','2022-05-30 02:37:43','2022-05-30 02:37:43'),(1237,1,'en','core/setting/setting','email.password','Password','2022-05-30 02:37:43','2022-05-30 02:37:43'),(1238,1,'en','core/setting/setting','email.password_placeholder','Password to login to mail server','2022-05-30 02:37:43','2022-05-30 02:37:43'),(1239,1,'en','core/setting/setting','email.encryption','Encryption','2022-05-30 02:37:43','2022-05-30 02:37:43'),(1240,1,'en','core/setting/setting','email.mail_gun_domain','Domain','2022-05-30 02:37:43','2022-05-30 02:37:43'),(1241,1,'en','core/setting/setting','email.mail_gun_domain_placeholder','Domain','2022-05-30 02:37:43','2022-05-30 02:37:43'),(1242,1,'en','core/setting/setting','email.mail_gun_secret','Secret','2022-05-30 02:37:43','2022-05-30 02:37:43'),(1243,1,'en','core/setting/setting','email.mail_gun_secret_placeholder','Secret','2022-05-30 02:37:43','2022-05-30 02:37:43'),(1244,1,'en','core/setting/setting','email.mail_gun_endpoint','Endpoint','2022-05-30 02:37:43','2022-05-30 02:37:43'),(1245,1,'en','core/setting/setting','email.mail_gun_endpoint_placeholder','Endpoint','2022-05-30 02:37:43','2022-05-30 02:37:43'),(1246,1,'en','core/setting/setting','email.log_channel','Log channel','2022-05-30 02:37:43','2022-05-30 02:37:43'),(1247,1,'en','core/setting/setting','email.sendmail_path','Sendmail Path','2022-05-30 02:37:43','2022-05-30 02:37:43'),(1248,1,'en','core/setting/setting','email.encryption_placeholder','Encryption: ssl or tls','2022-05-30 02:37:43','2022-05-30 02:37:43'),(1249,1,'en','core/setting/setting','email.ses_key','Key','2022-05-30 02:37:43','2022-05-30 02:37:43'),(1250,1,'en','core/setting/setting','email.ses_key_placeholder','Key','2022-05-30 02:37:43','2022-05-30 02:37:43'),(1251,1,'en','core/setting/setting','email.ses_secret','Secret','2022-05-30 02:37:43','2022-05-30 02:37:43'),(1252,1,'en','core/setting/setting','email.ses_secret_placeholder','Secret','2022-05-30 02:37:43','2022-05-30 02:37:43'),(1253,1,'en','core/setting/setting','email.ses_region','Region','2022-05-30 02:37:43','2022-05-30 02:37:43'),(1254,1,'en','core/setting/setting','email.ses_region_placeholder','Region','2022-05-30 02:37:43','2022-05-30 02:37:43'),(1255,1,'en','core/setting/setting','email.postmark_token','Token','2022-05-30 02:37:43','2022-05-30 02:37:43'),(1256,1,'en','core/setting/setting','email.postmark_token_placeholder','Token','2022-05-30 02:37:43','2022-05-30 02:37:43'),(1257,1,'en','core/setting/setting','email.template_title','Email templates','2022-05-30 02:37:43','2022-05-30 02:37:43'),(1258,1,'en','core/setting/setting','email.template_description','Base templates for all emails','2022-05-30 02:37:43','2022-05-30 02:37:43'),(1259,1,'en','core/setting/setting','email.template_header','Email template header','2022-05-30 02:37:43','2022-05-30 02:37:43'),(1260,1,'en','core/setting/setting','email.template_header_description','Template for header of emails','2022-05-30 02:37:43','2022-05-30 02:37:43'),(1261,1,'en','core/setting/setting','email.template_footer','Email template footer','2022-05-30 02:37:43','2022-05-30 02:37:43'),(1262,1,'en','core/setting/setting','email.template_footer_description','Template for footer of emails','2022-05-30 02:37:43','2022-05-30 02:37:43'),(1263,1,'en','core/setting/setting','email.default','Default','2022-05-30 02:37:43','2022-05-30 02:37:43'),(1264,1,'en','core/setting/setting','email.using_queue_to_send_mail','Using queue job to send emails (Must to setup Queue first https://laravel.com/docs/queues#supervisor-configuration)','2022-05-30 02:37:43','2022-05-30 02:37:43'),(1265,1,'en','core/setting/setting','media.title','Media','2022-05-30 02:37:43','2022-05-30 02:37:43'),(1266,1,'en','core/setting/setting','media.driver','Driver','2022-05-30 02:37:43','2022-05-30 02:37:43'),(1267,1,'en','core/setting/setting','media.description','Settings for media','2022-05-30 02:37:43','2022-05-30 02:37:43'),(1268,1,'en','core/setting/setting','media.aws_access_key_id','AWS Access Key ID','2022-05-30 02:37:43','2022-05-30 02:37:43'),(1269,1,'en','core/setting/setting','media.aws_secret_key','AWS Secret Key','2022-05-30 02:37:43','2022-05-30 02:37:43'),(1270,1,'en','core/setting/setting','media.aws_default_region','AWS Default Region','2022-05-30 02:37:43','2022-05-30 02:37:43'),(1271,1,'en','core/setting/setting','media.aws_bucket','AWS Bucket','2022-05-30 02:37:43','2022-05-30 02:37:43'),(1272,1,'en','core/setting/setting','media.aws_url','AWS URL','2022-05-30 02:37:43','2022-05-30 02:37:43'),(1273,1,'en','core/setting/setting','media.aws_endpoint','AWS Endpoint (Optional)','2022-05-30 02:37:43','2022-05-30 02:37:43'),(1274,1,'en','core/setting/setting','media.do_spaces_access_key_id','DO Spaces Access Key ID','2022-05-30 02:37:43','2022-05-30 02:37:43'),(1275,1,'en','core/setting/setting','media.do_spaces_secret_key','DO Spaces Secret Key','2022-05-30 02:37:43','2022-05-30 02:37:43'),(1276,1,'en','core/setting/setting','media.do_spaces_default_region','DO Spaces Default Region','2022-05-30 02:37:43','2022-05-30 02:37:43'),(1277,1,'en','core/setting/setting','media.do_spaces_bucket','DO Spaces Bucket','2022-05-30 02:37:43','2022-05-30 02:37:43'),(1278,1,'en','core/setting/setting','media.do_spaces_endpoint','DO Spaces Endpoint','2022-05-30 02:37:43','2022-05-30 02:37:43'),(1279,1,'en','core/setting/setting','media.do_spaces_cdn_enabled','Is DO Spaces CDN enabled?','2022-05-30 02:37:43','2022-05-30 02:37:43'),(1280,1,'en','core/setting/setting','media.media_do_spaces_cdn_custom_domain','Do Spaces CDN custom domain','2022-05-30 02:37:43','2022-05-30 02:37:43'),(1281,1,'en','core/setting/setting','media.media_do_spaces_cdn_custom_domain_placeholder','https://your-custom-domain.com','2022-05-30 02:37:43','2022-05-30 02:37:43'),(1282,1,'en','core/setting/setting','media.wasabi_access_key_id','Wasabi Access Key ID','2022-05-30 02:37:43','2022-05-30 02:37:43'),(1283,1,'en','core/setting/setting','media.wasabi_secret_key','Wasabi Secret Key','2022-05-30 02:37:43','2022-05-30 02:37:43'),(1284,1,'en','core/setting/setting','media.wasabi_default_region','Wasabi Default Region','2022-05-30 02:37:43','2022-05-30 02:37:43'),(1285,1,'en','core/setting/setting','media.wasabi_bucket','Wasabi Bucket','2022-05-30 02:37:43','2022-05-30 02:37:43'),(1286,1,'en','core/setting/setting','media.wasabi_root','Wasabi Root','2022-05-30 02:37:43','2022-05-30 02:37:43'),(1287,1,'en','core/setting/setting','media.default_placeholder_image','Default placeholder image','2022-05-30 02:37:43','2022-05-30 02:37:43'),(1288,1,'en','core/setting/setting','media.enable_chunk','Enable chunk size upload?','2022-05-30 02:37:43','2022-05-30 02:37:43'),(1289,1,'en','core/setting/setting','media.chunk_size','Chunk size (Bytes)','2022-05-30 02:37:43','2022-05-30 02:37:43'),(1290,1,'en','core/setting/setting','media.chunk_size_placeholder','Default: 1048576 ~ 1MB','2022-05-30 02:37:43','2022-05-30 02:37:43'),(1291,1,'en','core/setting/setting','media.max_file_size','Chunk max file size (MB)','2022-05-30 02:37:43','2022-05-30 02:37:43'),(1292,1,'en','core/setting/setting','media.max_file_size_placeholder','Default: 1048576 ~ 1GB','2022-05-30 02:37:43','2022-05-30 02:37:43'),(1293,1,'en','core/setting/setting','media.enable_watermark','Enable watermark?','2022-05-30 02:37:43','2022-05-30 02:37:43'),(1294,1,'en','core/setting/setting','media.watermark_source','Watermark image','2022-05-30 02:37:43','2022-05-30 02:37:43'),(1295,1,'en','core/setting/setting','media.watermark_size','Size of watermark (%)','2022-05-30 02:37:43','2022-05-30 02:37:43'),(1296,1,'en','core/setting/setting','media.watermark_size_placeholder','Default: 10 (%)','2022-05-30 02:37:43','2022-05-30 02:37:43'),(1297,1,'en','core/setting/setting','media.watermark_opacity','Watermark Opacity (%)','2022-05-30 02:37:43','2022-05-30 02:37:43'),(1298,1,'en','core/setting/setting','media.watermark_opacity_placeholder','Default: 70 (%)','2022-05-30 02:37:43','2022-05-30 02:37:43'),(1299,1,'en','core/setting/setting','media.watermark_position','Watermark position','2022-05-30 02:37:43','2022-05-30 02:37:43'),(1300,1,'en','core/setting/setting','media.watermark_position_x','Watermark position X','2022-05-30 02:37:43','2022-05-30 02:37:43'),(1301,1,'en','core/setting/setting','media.watermark_position_y','Watermark position Y','2022-05-30 02:37:43','2022-05-30 02:37:43'),(1302,1,'en','core/setting/setting','media.watermark_position_top_left','Top left','2022-05-30 02:37:43','2022-05-30 02:37:43'),(1303,1,'en','core/setting/setting','media.watermark_position_top_right','Top right','2022-05-30 02:37:43','2022-05-30 02:37:43'),(1304,1,'en','core/setting/setting','media.watermark_position_bottom_left','Bottom left','2022-05-30 02:37:43','2022-05-30 02:37:43'),(1305,1,'en','core/setting/setting','media.watermark_position_bottom_right','Bottom right','2022-05-30 02:37:43','2022-05-30 02:37:43'),(1306,1,'en','core/setting/setting','media.watermark_position_center','Center','2022-05-30 02:37:43','2022-05-30 02:37:43'),(1307,1,'en','core/setting/setting','media.turn_off_automatic_url_translation_into_latin','Turn off automatic URL translation into Latin?','2022-05-30 02:37:43','2022-05-30 02:37:43'),(1308,1,'en','core/setting/setting','media.bunnycdn_hostname','Hostname','2022-05-30 02:37:43','2022-05-30 02:37:43'),(1309,1,'en','core/setting/setting','media.bunnycdn_zone','Zone Name (The name of your storage zone)','2022-05-30 02:37:43','2022-05-30 02:37:43'),(1310,1,'en','core/setting/setting','media.bunnycdn_key','FTP & API Access Password (The storage zone API Access Password)','2022-05-30 02:37:43','2022-05-30 02:37:43'),(1311,1,'en','core/setting/setting','media.bunnycdn_region','Region (The storage zone region)','2022-05-30 02:37:43','2022-05-30 02:37:43'),(1312,1,'en','core/setting/setting','media.optional','Optional','2022-05-30 02:37:43','2022-05-30 02:37:43'),(1313,1,'en','core/setting/setting','media.sizes','Media thumbnails sizes','2022-05-30 02:37:43','2022-05-30 02:37:43'),(1314,1,'en','core/setting/setting','media.media_sizes_helper','Set width or height to 0 if you just want to crop by width or height. Need to click on \"Generate thumbnails\" to apply changes.','2022-05-30 02:37:43','2022-05-30 02:37:43'),(1315,1,'en','core/setting/setting','media.width','Width','2022-05-30 02:37:43','2022-05-30 02:37:43'),(1316,1,'en','core/setting/setting','media.height','Height','2022-05-30 02:37:43','2022-05-30 02:37:43'),(1317,1,'en','core/setting/setting','media.default_size_value','Default: :size','2022-05-30 02:37:43','2022-05-30 02:37:43'),(1318,1,'en','core/setting/setting','media.all','All','2022-05-30 02:37:43','2022-05-30 02:37:43'),(1319,1,'en','core/setting/setting','media.media_folders_can_add_watermark','Add watermark for images in folders:','2022-05-30 02:37:43','2022-05-30 02:37:43'),(1320,1,'en','core/setting/setting','license.purchase_code','Purchase code','2022-05-30 02:37:43','2022-05-30 02:37:43'),(1321,1,'en','core/setting/setting','license.buyer','Buyer','2022-05-30 02:37:43','2022-05-30 02:37:43'),(1322,1,'en','core/setting/setting','field_type_not_exists','This field type does not exist','2022-05-30 02:37:43','2022-05-30 02:37:43'),(1323,1,'en','core/setting/setting','save_settings','Save settings','2022-05-30 02:37:43','2022-05-30 02:37:43'),(1324,1,'en','core/setting/setting','template','Template','2022-05-30 02:37:43','2022-05-30 02:37:43'),(1325,1,'en','core/setting/setting','description','Description','2022-05-30 02:37:43','2022-05-30 02:37:43'),(1326,1,'en','core/setting/setting','enable','Enable','2022-05-30 02:37:43','2022-05-30 02:37:43'),(1327,1,'en','core/setting/setting','send','Send','2022-05-30 02:37:43','2022-05-30 02:37:43'),(1328,1,'en','core/setting/setting','test_email_description','To send test email, please make sure you are updated configuration to send mail!','2022-05-30 02:37:43','2022-05-30 02:37:43'),(1329,1,'en','core/setting/setting','test_email_input_placeholder','Enter the email which you want to send test email.','2022-05-30 02:37:43','2022-05-30 02:37:43'),(1330,1,'en','core/setting/setting','test_email_modal_title','Send a test email','2022-05-30 02:37:43','2022-05-30 02:37:43'),(1331,1,'en','core/setting/setting','test_send_mail','Send test mail','2022-05-30 02:37:43','2022-05-30 02:37:43'),(1332,1,'en','core/setting/setting','test_email_send_success','Send email successfully!','2022-05-30 02:37:43','2022-05-30 02:37:43'),(1333,1,'en','core/setting/setting','locale_direction_ltr','Left to Right','2022-05-30 02:37:43','2022-05-30 02:37:43'),(1334,1,'en','core/setting/setting','locale_direction_rtl','Right to Left','2022-05-30 02:37:43','2022-05-30 02:37:43'),(1335,1,'en','core/setting/setting','saving','Saving...','2022-05-30 02:37:43','2022-05-30 02:37:43'),(1336,1,'en','core/setting/setting','emails_warning','You can add up to :count emails','2022-05-30 02:37:43','2022-05-30 02:37:43'),(1337,1,'en','core/setting/setting','email_add_more','Add more','2022-05-30 02:37:43','2022-05-30 02:37:43'),(1338,1,'en','core/setting/setting','generate','Generate','2022-05-30 02:37:43','2022-05-30 02:37:43'),(1339,1,'en','core/setting/setting','generate_thumbnails','Generate thumbnails','2022-05-30 02:37:43','2022-05-30 02:37:43'),(1340,1,'en','core/setting/setting','generate_thumbnails_success','Generate thumbnails successfully. :count files are generated!','2022-05-30 02:37:43','2022-05-30 02:37:43'),(1341,1,'en','core/setting/setting','generate_thumbnails_error','We are unable to regenerate thumbnail for these files :count files!','2022-05-30 02:37:43','2022-05-30 02:37:43'),(1342,1,'en','core/setting/setting','generate_thumbnails_description','Are you sure you want to re-generate thumbnails for all images? It will take time so please DO NOT leave this page, wait until it is finished.','2022-05-30 02:37:43','2022-05-30 02:37:43'),(1343,1,'en','core/setting/setting','enable_chunk_description','Chunk size upload is used to upload large file size.','2022-05-30 02:37:43','2022-05-30 02:37:43'),(1344,1,'en','core/setting/setting','watermark_description','WARNING: Watermark is just added to new uploaded images, it won\'t be added to existing images. Disable watermark won\'t remove watermark from existing images.','2022-05-30 02:37:43','2022-05-30 02:37:43'),(1345,1,'vi','core/setting/setting','title','Cài đặt','2022-05-30 02:37:43','2022-05-30 02:37:43'),(1346,1,'vi','core/setting/setting','general.theme','Giao diện','2022-05-30 02:37:43','2022-05-30 02:37:43'),(1347,1,'vi','core/setting/setting','general.description','Cấu hình những thông tin cài đặt website.','2022-05-30 02:37:43','2022-05-30 02:37:43'),(1348,1,'vi','core/setting/setting','general.title','Thông tin chung','2022-05-30 02:37:43','2022-05-30 02:37:43'),(1349,1,'vi','core/setting/setting','general.general_block','Thông tin chung','2022-05-30 02:37:43','2022-05-30 02:37:43'),(1350,1,'vi','core/setting/setting','general.site_title','Tên trang','2022-05-30 02:37:43','2022-05-30 02:37:43'),(1351,1,'vi','core/setting/setting','general.admin_email','Email quản trị viên','2022-05-30 02:37:43','2022-05-30 02:37:43'),(1352,1,'vi','core/setting/setting','general.seo_block','Cấu hình SEO','2022-05-30 02:37:43','2022-05-30 02:37:43'),(1353,1,'vi','core/setting/setting','general.seo_title','Tiêu đề SEO','2022-05-30 02:37:43','2022-05-30 02:37:43'),(1354,1,'vi','core/setting/setting','general.seo_description','Mô tả SEO','2022-05-30 02:37:43','2022-05-30 02:37:43'),(1355,1,'vi','core/setting/setting','general.webmaster_tools_block','Google Webmaster Tools','2022-05-30 02:37:43','2022-05-30 02:37:43'),(1356,1,'vi','core/setting/setting','general.google_site_verification','Google site verification','2022-05-30 02:37:43','2022-05-30 02:37:43'),(1357,1,'vi','core/setting/setting','general.placeholder.site_title','Tên trang (tối đa 120 kí tự)','2022-05-30 02:37:43','2022-05-30 02:37:43'),(1358,1,'vi','core/setting/setting','general.placeholder.admin_email','Admin Email','2022-05-30 02:37:43','2022-05-30 02:37:43'),(1359,1,'vi','core/setting/setting','general.placeholder.google_analytics','Ví dụ: UA-42767940-2','2022-05-30 02:37:43','2022-05-30 02:37:43'),(1360,1,'vi','core/setting/setting','general.placeholder.google_site_verification','Mã xác nhận trang web dùng cho Google Webmaster Tool','2022-05-30 02:37:43','2022-05-30 02:37:43'),(1361,1,'vi','core/setting/setting','general.placeholder.seo_title','Tiêu đề SEO (tối đa 120 kí tự)','2022-05-30 02:37:43','2022-05-30 02:37:43'),(1362,1,'vi','core/setting/setting','general.placeholder.seo_description','Mô tả SEO (tối đa 120 kí tự)','2022-05-30 02:37:43','2022-05-30 02:37:43'),(1363,1,'vi','core/setting/setting','general.enable_change_admin_theme','Cho phép thay đổi giao diện quản trị?','2022-05-30 02:37:43','2022-05-30 02:37:43'),(1364,1,'vi','core/setting/setting','general.enable','Bật','2022-05-30 02:37:43','2022-05-30 02:37:43'),(1365,1,'vi','core/setting/setting','general.disable','Tắt','2022-05-30 02:37:43','2022-05-30 02:37:43'),(1366,1,'vi','core/setting/setting','general.enable_cache','Bật bộ nhớ đệm?','2022-05-30 02:37:43','2022-05-30 02:37:43'),(1367,1,'vi','core/setting/setting','general.cache_time','Thời gian lưu bộ nhớ đệm (phút)','2022-05-30 02:37:43','2022-05-30 02:37:43'),(1368,1,'vi','core/setting/setting','general.cache_time_site_map','Thời gian lưu sơ đồ trang trong bộ nhớ đệm','2022-05-30 02:37:43','2022-05-30 02:37:43'),(1369,1,'vi','core/setting/setting','general.admin_logo','Logo trang quản trị','2022-05-30 02:37:43','2022-05-30 02:37:43'),(1370,1,'vi','core/setting/setting','general.admin_title','Tiêu đề trang quản trị','2022-05-30 02:37:43','2022-05-30 02:37:43'),(1371,1,'vi','core/setting/setting','general.admin_title_placeholder','Tiêu đề hiển thị trên thẻ trình duyệt','2022-05-30 02:37:43','2022-05-30 02:37:43'),(1372,1,'vi','core/setting/setting','general.rich_editor','Bộ soạn thảo văn bản','2022-05-30 02:37:43','2022-05-30 02:37:43'),(1373,1,'vi','core/setting/setting','general.cache_block','Bộ nhớ đệm','2022-05-30 02:37:43','2022-05-30 02:37:43'),(1374,1,'vi','core/setting/setting','general.yes','Bật','2022-05-30 02:37:43','2022-05-30 02:37:43'),(1375,1,'vi','core/setting/setting','general.no','Tắt','2022-05-30 02:37:43','2022-05-30 02:37:43'),(1376,1,'vi','core/setting/setting','email.subject','Tiêu đề','2022-05-30 02:37:43','2022-05-30 02:37:43'),(1377,1,'vi','core/setting/setting','email.content','Nội dung','2022-05-30 02:37:43','2022-05-30 02:37:43'),(1378,1,'vi','core/setting/setting','email.title','Cấu hình email template','2022-05-30 02:37:43','2022-05-30 02:37:43'),(1379,1,'vi','core/setting/setting','email.description','Cấu trúc file template sử dụng HTML và các biến trong hệ thống.','2022-05-30 02:37:43','2022-05-30 02:37:43'),(1380,1,'vi','core/setting/setting','email.reset_to_default','Khôi phục về mặc định','2022-05-30 02:37:43','2022-05-30 02:37:43'),(1381,1,'vi','core/setting/setting','email.back','Trở lại trang cài đặt','2022-05-30 02:37:43','2022-05-30 02:37:43'),(1382,1,'vi','core/setting/setting','email.reset_success','Khôi phục mặc định thành công','2022-05-30 02:37:43','2022-05-30 02:37:43'),(1383,1,'vi','core/setting/setting','email.confirm_reset','Xác nhận khôi phục mặc định?','2022-05-30 02:37:43','2022-05-30 02:37:43'),(1384,1,'vi','core/setting/setting','email.confirm_message','Bạn có chắc chắn muốn khôi phục về bản mặc định?','2022-05-30 02:37:43','2022-05-30 02:37:43'),(1385,1,'vi','core/setting/setting','email.continue','Tiếp tục','2022-05-30 02:37:43','2022-05-30 02:37:43'),(1386,1,'vi','core/setting/setting','email.sender_name','Tên người gửi','2022-05-30 02:37:43','2022-05-30 02:37:43'),(1387,1,'vi','core/setting/setting','email.sender_name_placeholder','Tên','2022-05-30 02:37:43','2022-05-30 02:37:43'),(1388,1,'vi','core/setting/setting','email.sender_email','Email của người gửi','2022-05-30 02:37:43','2022-05-30 02:37:43'),(1389,1,'vi','core/setting/setting','email.port','Cổng','2022-05-30 02:37:43','2022-05-30 02:37:43'),(1390,1,'vi','core/setting/setting','email.port_placeholder','Ví dụ: 587','2022-05-30 02:37:43','2022-05-30 02:37:43'),(1391,1,'vi','core/setting/setting','email.host','Máy chủ','2022-05-30 02:37:43','2022-05-30 02:37:43'),(1392,1,'vi','core/setting/setting','email.host_placeholder','Ví dụ: smtp.gmail.com','2022-05-30 02:37:43','2022-05-30 02:37:43'),(1393,1,'vi','core/setting/setting','email.username','Tên đăng nhập','2022-05-30 02:37:43','2022-05-30 02:37:43'),(1394,1,'vi','core/setting/setting','email.username_placeholder','Tên đăng nhập vào máy chủ mail','2022-05-30 02:37:43','2022-05-30 02:37:43'),(1395,1,'vi','core/setting/setting','email.password','Mật khẩu','2022-05-30 02:37:43','2022-05-30 02:37:43'),(1396,1,'vi','core/setting/setting','email.password_placeholder','Mật khẩu đăng nhập vào máy chủ mail','2022-05-30 02:37:43','2022-05-30 02:37:43'),(1397,1,'vi','core/setting/setting','email.encryption','Mã hoá','2022-05-30 02:37:43','2022-05-30 02:37:43'),(1398,1,'vi','core/setting/setting','email.mail_gun_domain','Tên miền','2022-05-30 02:37:43','2022-05-30 02:37:43'),(1399,1,'vi','core/setting/setting','email.mail_gun_domain_placeholder','Tên miền','2022-05-30 02:37:43','2022-05-30 02:37:43'),(1400,1,'vi','core/setting/setting','email.mail_gun_secret','Chuỗi bí mật','2022-05-30 02:37:43','2022-05-30 02:37:43'),(1401,1,'vi','core/setting/setting','email.mail_gun_secret_placeholder','Chuỗi bí mật','2022-05-30 02:37:43','2022-05-30 02:37:43'),(1402,1,'vi','core/setting/setting','email.template_title','Mẫu giao diện email','2022-05-30 02:37:43','2022-05-30 02:37:43'),(1403,1,'vi','core/setting/setting','email.template_description','Giao diện mặc định cho tất cả email','2022-05-30 02:37:43','2022-05-30 02:37:43'),(1404,1,'vi','core/setting/setting','email.template_header','Mẫu cho phần trên của email','2022-05-30 02:37:43','2022-05-30 02:37:43'),(1405,1,'vi','core/setting/setting','email.template_header_description','Phần trên của tất cả email','2022-05-30 02:37:43','2022-05-30 02:37:43'),(1406,1,'vi','core/setting/setting','email.template_footer','Mẫu cho phần dưới của email','2022-05-30 02:37:43','2022-05-30 02:37:43'),(1407,1,'vi','core/setting/setting','email.template_footer_description','Phần dưới của tất cả email','2022-05-30 02:37:43','2022-05-30 02:37:43'),(1408,1,'vi','core/setting/setting','save_settings','Lưu cài đặt','2022-05-30 02:37:43','2022-05-30 02:37:43'),(1409,1,'vi','core/setting/setting','template','Mẫu','2022-05-30 02:37:43','2022-05-30 02:37:43'),(1410,1,'vi','core/setting/setting','description','Mô tả','2022-05-30 02:37:43','2022-05-30 02:37:43'),(1411,1,'vi','core/setting/setting','enable','Bật','2022-05-30 02:37:43','2022-05-30 02:37:43'),(1412,1,'vi','core/setting/setting','test_send_mail','Gửi thử nghiệm','2022-05-30 02:37:43','2022-05-30 02:37:43'),(1413,1,'en','core/table/general','operations','Operations','2022-05-30 02:37:43','2022-05-30 02:37:43'),(1414,1,'en','core/table/general','loading_data','Loading data from server','2022-05-30 02:37:43','2022-05-30 02:37:43'),(1415,1,'en','core/table/general','display','Display','2022-05-30 02:37:43','2022-05-30 02:37:43'),(1416,1,'en','core/table/general','all','All','2022-05-30 02:37:43','2022-05-30 02:37:43'),(1417,1,'en','core/table/general','edit_entry','Edit','2022-05-30 02:37:43','2022-05-30 02:37:43'),(1418,1,'en','core/table/general','delete_entry','Delete','2022-05-30 02:37:43','2022-05-30 02:37:43'),(1419,1,'en','core/table/general','show_from','Showing from','2022-05-30 02:37:43','2022-05-30 02:37:43'),(1420,1,'en','core/table/general','to','to','2022-05-30 02:37:43','2022-05-30 02:37:43'),(1421,1,'en','core/table/general','in','in','2022-05-30 02:37:43','2022-05-30 02:37:43'),(1422,1,'en','core/table/general','records','records','2022-05-30 02:37:43','2022-05-30 02:37:43'),(1423,1,'en','core/table/general','no_data','No data to display','2022-05-30 02:37:43','2022-05-30 02:37:43'),(1424,1,'en','core/table/general','no_record','No record','2022-05-30 02:37:43','2022-05-30 02:37:43'),(1425,1,'en','core/table/general','loading','Loading data from server','2022-05-30 02:37:43','2022-05-30 02:37:43'),(1426,1,'en','core/table/general','confirm_delete','Confirm delete','2022-05-30 02:37:43','2022-05-30 02:37:43'),(1427,1,'en','core/table/general','confirm_delete_msg','Do you really want to delete this record?','2022-05-30 02:37:43','2022-05-30 02:37:43'),(1428,1,'en','core/table/general','cancel','Cancel','2022-05-30 02:37:43','2022-05-30 02:37:43'),(1429,1,'en','core/table/general','delete','Delete','2022-05-30 02:37:43','2022-05-30 02:37:43'),(1430,1,'en','core/table/general','close','Close','2022-05-30 02:37:43','2022-05-30 02:37:43'),(1431,1,'en','core/table/general','contains','Contains','2022-05-30 02:37:43','2022-05-30 02:37:43'),(1432,1,'en','core/table/general','is_equal_to','Is equal to','2022-05-30 02:37:43','2022-05-30 02:37:43'),(1433,1,'en','core/table/general','greater_than','Greater than','2022-05-30 02:37:43','2022-05-30 02:37:43'),(1434,1,'en','core/table/general','less_than','Less than','2022-05-30 02:37:43','2022-05-30 02:37:43'),(1435,1,'en','core/table/general','value','Value','2022-05-30 02:37:43','2022-05-30 02:37:43'),(1436,1,'en','core/table/general','select_field','Select field','2022-05-30 02:37:43','2022-05-30 02:37:43'),(1437,1,'en','core/table/general','reset','Reset','2022-05-30 02:37:43','2022-05-30 02:37:43'),(1438,1,'en','core/table/general','add_additional_filter','Add additional filter','2022-05-30 02:37:43','2022-05-30 02:37:43'),(1439,1,'en','core/table/general','apply','Apply','2022-05-30 02:37:43','2022-05-30 02:37:43'),(1440,1,'en','core/table/general','filters','Filters','2022-05-30 02:37:43','2022-05-30 02:37:43'),(1441,1,'en','core/table/general','bulk_change','Bulk changes','2022-05-30 02:37:43','2022-05-30 02:37:43'),(1442,1,'en','core/table/general','select_option','Select option','2022-05-30 02:37:43','2022-05-30 02:37:43'),(1443,1,'en','core/table/general','bulk_actions','Bulk Actions','2022-05-30 02:37:43','2022-05-30 02:37:43'),(1444,1,'en','core/table/general','save_bulk_change_success','Update data for selected record(s) successfully!','2022-05-30 02:37:43','2022-05-30 02:37:43'),(1445,1,'en','core/table/general','please_select_record','Please select at least one record to perform this action!','2022-05-30 02:37:43','2022-05-30 02:37:43'),(1446,1,'en','core/table/general','filtered','(filtered from _MAX_ total records)','2022-05-30 02:37:43','2022-05-30 02:37:43'),(1447,1,'en','core/table/general','search','Search...','2022-05-30 02:37:43','2022-05-30 02:37:43'),(1448,1,'en','core/table/table','operations','Operations','2022-05-30 02:37:43','2022-05-30 02:37:43'),(1449,1,'en','core/table/table','loading_data','Loading data from server','2022-05-30 02:37:43','2022-05-30 02:37:43'),(1450,1,'en','core/table/table','display','Display','2022-05-30 02:37:43','2022-05-30 02:37:43'),(1451,1,'en','core/table/table','all','All','2022-05-30 02:37:43','2022-05-30 02:37:43'),(1452,1,'en','core/table/table','edit_entry','Edit','2022-05-30 02:37:43','2022-05-30 02:37:43'),(1453,1,'en','core/table/table','delete_entry','Delete','2022-05-30 02:37:43','2022-05-30 02:37:43'),(1454,1,'en','core/table/table','show_from','Showing from','2022-05-30 02:37:43','2022-05-30 02:37:43'),(1455,1,'en','core/table/table','to','to','2022-05-30 02:37:43','2022-05-30 02:37:43'),(1456,1,'en','core/table/table','in','in','2022-05-30 02:37:43','2022-05-30 02:37:43'),(1457,1,'en','core/table/table','records','records','2022-05-30 02:37:43','2022-05-30 02:37:43'),(1458,1,'en','core/table/table','no_data','No data to display','2022-05-30 02:37:43','2022-05-30 02:37:43'),(1459,1,'en','core/table/table','no_record','No record','2022-05-30 02:37:43','2022-05-30 02:37:43'),(1460,1,'en','core/table/table','loading','Loading data from server','2022-05-30 02:37:43','2022-05-30 02:37:43'),(1461,1,'en','core/table/table','confirm_delete','Confirm delete','2022-05-30 02:37:43','2022-05-30 02:37:43'),(1462,1,'en','core/table/table','confirm_delete_msg','Do you really want to delete this record?','2022-05-30 02:37:43','2022-05-30 02:37:43'),(1463,1,'en','core/table/table','cancel','Cancel','2022-05-30 02:37:43','2022-05-30 02:37:43'),(1464,1,'en','core/table/table','delete','Delete','2022-05-30 02:37:43','2022-05-30 02:37:43'),(1465,1,'en','core/table/table','close','Close','2022-05-30 02:37:43','2022-05-30 02:37:43'),(1466,1,'en','core/table/table','contains','Contains','2022-05-30 02:37:43','2022-05-30 02:37:43'),(1467,1,'en','core/table/table','is_equal_to','Is equal to','2022-05-30 02:37:43','2022-05-30 02:37:43'),(1468,1,'en','core/table/table','greater_than','Greater than','2022-05-30 02:37:43','2022-05-30 02:37:43'),(1469,1,'en','core/table/table','less_than','Less than','2022-05-30 02:37:43','2022-05-30 02:37:43'),(1470,1,'en','core/table/table','value','Value','2022-05-30 02:37:43','2022-05-30 02:37:43'),(1471,1,'en','core/table/table','select_field','Select field','2022-05-30 02:37:43','2022-05-30 02:37:43'),(1472,1,'en','core/table/table','reset','Reset','2022-05-30 02:37:43','2022-05-30 02:37:43'),(1473,1,'en','core/table/table','add_additional_filter','Add additional filter','2022-05-30 02:37:43','2022-05-30 02:37:43'),(1474,1,'en','core/table/table','apply','Apply','2022-05-30 02:37:43','2022-05-30 02:37:43'),(1475,1,'en','core/table/table','filters','Filters','2022-05-30 02:37:43','2022-05-30 02:37:43'),(1476,1,'en','core/table/table','bulk_change','Bulk changes','2022-05-30 02:37:43','2022-05-30 02:37:43'),(1477,1,'en','core/table/table','select_option','Select option','2022-05-30 02:37:43','2022-05-30 02:37:43'),(1478,1,'en','core/table/table','bulk_actions','Bulk Actions','2022-05-30 02:37:43','2022-05-30 02:37:43'),(1479,1,'en','core/table/table','save_bulk_change_success','Update data for selected record(s) successfully!','2022-05-30 02:37:43','2022-05-30 02:37:43'),(1480,1,'en','core/table/table','please_select_record','Please select at least one record to perform this action!','2022-05-30 02:37:43','2022-05-30 02:37:43'),(1481,1,'en','core/table/table','filtered','(filtered from _MAX_ total records)','2022-05-30 02:37:43','2022-05-30 02:37:43'),(1482,1,'en','core/table/table','search','Search...','2022-05-30 02:37:43','2022-05-30 02:37:43'),(1483,1,'vi','core/table/general','operations','Hành động','2022-05-30 02:37:43','2022-05-30 02:37:43'),(1484,1,'vi','core/table/general','loading_data','Đang tải dữ liệu từ hệ thống','2022-05-30 02:37:43','2022-05-30 02:37:43'),(1485,1,'vi','core/table/general','display','Hiển thị','2022-05-30 02:37:43','2022-05-30 02:37:43'),(1486,1,'vi','core/table/general','all','Tất cả','2022-05-30 02:37:43','2022-05-30 02:37:43'),(1487,1,'vi','core/table/general','edit_entry','Sửa','2022-05-30 02:37:43','2022-05-30 02:37:43'),(1488,1,'vi','core/table/general','delete_entry','Xoá','2022-05-30 02:37:43','2022-05-30 02:37:43'),(1489,1,'vi','core/table/general','show_from','Hiển thị từ','2022-05-30 02:37:43','2022-05-30 02:37:43'),(1490,1,'vi','core/table/general','to','đến','2022-05-30 02:37:43','2022-05-30 02:37:43'),(1491,1,'vi','core/table/general','in','trong tổng số','2022-05-30 02:37:43','2022-05-30 02:37:43'),(1492,1,'vi','core/table/general','records','bản ghi','2022-05-30 02:37:44','2022-05-30 02:37:44'),(1493,1,'vi','core/table/general','no_data','Không có dữ liệu để hiển thị','2022-05-30 02:37:44','2022-05-30 02:37:44'),(1494,1,'vi','core/table/general','no_record','không có bản ghi nào','2022-05-30 02:37:44','2022-05-30 02:37:44'),(1495,1,'vi','core/table/general','loading','Đang tải dữ liệu từ hệ thống','2022-05-30 02:37:44','2022-05-30 02:37:44'),(1496,1,'vi','core/table/general','confirm_delete','Xác nhận xoá','2022-05-30 02:37:44','2022-05-30 02:37:44'),(1497,1,'vi','core/table/general','confirm_delete_msg','Bạn có chắc chắn muốn xoá bản ghi này?','2022-05-30 02:37:44','2022-05-30 02:37:44'),(1498,1,'vi','core/table/general','cancel','Huỷ bỏ','2022-05-30 02:37:44','2022-05-30 02:37:44'),(1499,1,'vi','core/table/general','delete','Xoá','2022-05-30 02:37:44','2022-05-30 02:37:44'),(1500,1,'vi','core/table/general','close','Đóng','2022-05-30 02:37:44','2022-05-30 02:37:44'),(1501,1,'vi','core/table/general','is_equal_to','Bằng với','2022-05-30 02:37:44','2022-05-30 02:37:44'),(1502,1,'vi','core/table/general','greater_than','Lớn hơn','2022-05-30 02:37:44','2022-05-30 02:37:44'),(1503,1,'vi','core/table/general','less_than','Nhỏ hơn','2022-05-30 02:37:44','2022-05-30 02:37:44'),(1504,1,'vi','core/table/general','value','Giá trị','2022-05-30 02:37:44','2022-05-30 02:37:44'),(1505,1,'vi','core/table/general','select_field','Chọn trường','2022-05-30 02:37:44','2022-05-30 02:37:44'),(1506,1,'vi','core/table/general','reset','Làm mới','2022-05-30 02:37:44','2022-05-30 02:37:44'),(1507,1,'vi','core/table/general','add_additional_filter','Thêm bộ lọc','2022-05-30 02:37:44','2022-05-30 02:37:44'),(1508,1,'vi','core/table/general','apply','Áp dụng','2022-05-30 02:37:44','2022-05-30 02:37:44'),(1509,1,'vi','core/table/general','select_option','Lựa chọn','2022-05-30 02:37:44','2022-05-30 02:37:44'),(1510,1,'vi','core/table/general','filters','Lọc dữ liệu','2022-05-30 02:37:44','2022-05-30 02:37:44'),(1511,1,'vi','core/table/general','bulk_change','Thay đổi hàng loạt','2022-05-30 02:37:44','2022-05-30 02:37:44'),(1512,1,'vi','core/table/general','bulk_actions','Hành động','2022-05-30 02:37:44','2022-05-30 02:37:44'),(1513,1,'vi','core/table/general','contains','Bao gồm','2022-05-30 02:37:44','2022-05-30 02:37:44'),(1514,1,'vi','core/table/general','filtered','(đã được lọc từ _MAX_ bản ghi)','2022-05-30 02:37:44','2022-05-30 02:37:44'),(1515,1,'en','packages/menu/menu','name','Menus','2022-05-30 02:37:44','2022-05-30 02:37:44'),(1516,1,'en','packages/menu/menu','key_name','Menu name (key: :key)','2022-05-30 02:37:44','2022-05-30 02:37:44'),(1517,1,'en','packages/menu/menu','basic_info','Basic information','2022-05-30 02:37:44','2022-05-30 02:37:44'),(1518,1,'en','packages/menu/menu','add_to_menu','Add to menu','2022-05-30 02:37:44','2022-05-30 02:37:44'),(1519,1,'en','packages/menu/menu','custom_link','Custom link','2022-05-30 02:37:44','2022-05-30 02:37:44'),(1520,1,'en','packages/menu/menu','add_link','Add link','2022-05-30 02:37:44','2022-05-30 02:37:44'),(1521,1,'en','packages/menu/menu','structure','Menu structure','2022-05-30 02:37:44','2022-05-30 02:37:44'),(1522,1,'en','packages/menu/menu','remove','Remove','2022-05-30 02:37:44','2022-05-30 02:37:44'),(1523,1,'en','packages/menu/menu','cancel','Cancel','2022-05-30 02:37:44','2022-05-30 02:37:44'),(1524,1,'en','packages/menu/menu','title','Title','2022-05-30 02:37:44','2022-05-30 02:37:44'),(1525,1,'en','packages/menu/menu','icon','Icon','2022-05-30 02:37:44','2022-05-30 02:37:44'),(1526,1,'en','packages/menu/menu','url','URL','2022-05-30 02:37:44','2022-05-30 02:37:44'),(1527,1,'en','packages/menu/menu','target','Target','2022-05-30 02:37:44','2022-05-30 02:37:44'),(1528,1,'en','packages/menu/menu','css_class','CSS class','2022-05-30 02:37:44','2022-05-30 02:37:44'),(1529,1,'en','packages/menu/menu','self_open_link','Open link directly','2022-05-30 02:37:44','2022-05-30 02:37:44'),(1530,1,'en','packages/menu/menu','blank_open_link','Open link in new tab','2022-05-30 02:37:44','2022-05-30 02:37:44'),(1531,1,'en','packages/menu/menu','create','Create menu','2022-05-30 02:37:44','2022-05-30 02:37:44'),(1532,1,'en','packages/menu/menu','edit','Edit menu','2022-05-30 02:37:44','2022-05-30 02:37:44'),(1533,1,'en','packages/menu/menu','menu_settings','Menu settings','2022-05-30 02:37:44','2022-05-30 02:37:44'),(1534,1,'en','packages/menu/menu','display_location','Display location','2022-05-30 02:37:44','2022-05-30 02:37:44'),(1535,1,'en','packages/menu/menu','title_placeholder','Title','2022-05-30 02:37:44','2022-05-30 02:37:44'),(1536,1,'en','packages/menu/menu','icon_placeholder','Icon','2022-05-30 02:37:44','2022-05-30 02:37:44'),(1537,1,'en','packages/menu/menu','url_placeholder','URL','2022-05-30 02:37:44','2022-05-30 02:37:44'),(1538,1,'en','packages/menu/menu','css_class_placeholder','CSS class','2022-05-30 02:37:44','2022-05-30 02:37:44'),(1539,1,'vi','packages/menu/menu','name','Menu','2022-05-30 02:37:44','2022-05-30 02:37:44'),(1540,1,'vi','packages/menu/menu','cancel','Hủy bỏ','2022-05-30 02:37:44','2022-05-30 02:37:44'),(1541,1,'vi','packages/menu/menu','add_link','Thêm liên kết','2022-05-30 02:37:44','2022-05-30 02:37:44'),(1542,1,'vi','packages/menu/menu','add_to_menu','Thêm vào trình đơn','2022-05-30 02:37:44','2022-05-30 02:37:44'),(1543,1,'vi','packages/menu/menu','basic_info','Thông tin cơ bản','2022-05-30 02:37:44','2022-05-30 02:37:44'),(1544,1,'vi','packages/menu/menu','blank_open_link','Mở liên kết trong tab mới','2022-05-30 02:37:44','2022-05-30 02:37:44'),(1545,1,'vi','packages/menu/menu','css_class','CSS class','2022-05-30 02:37:44','2022-05-30 02:37:44'),(1546,1,'vi','packages/menu/menu','custom_link','Liên kết tùy chọn','2022-05-30 02:37:44','2022-05-30 02:37:44'),(1547,1,'vi','packages/menu/menu','icon','Biểu tượng','2022-05-30 02:37:44','2022-05-30 02:37:44'),(1548,1,'vi','packages/menu/menu','key_name','Tên menu (key::key)','2022-05-30 02:37:44','2022-05-30 02:37:44'),(1549,1,'vi','packages/menu/menu','remove','Xóa','2022-05-30 02:37:44','2022-05-30 02:37:44'),(1550,1,'vi','packages/menu/menu','self_open_link','Mở liên kết trong tab hiện tại','2022-05-30 02:37:44','2022-05-30 02:37:44'),(1551,1,'vi','packages/menu/menu','structure','Cấu trúc trình đơn','2022-05-30 02:37:44','2022-05-30 02:37:44'),(1552,1,'vi','packages/menu/menu','target','Target','2022-05-30 02:37:44','2022-05-30 02:37:44'),(1553,1,'vi','packages/menu/menu','title','Tiêu đề','2022-05-30 02:37:44','2022-05-30 02:37:44'),(1554,1,'vi','packages/menu/menu','url','URL','2022-05-30 02:37:44','2022-05-30 02:37:44'),(1555,1,'vi','packages/menu/menu','create','Tạo trình đơn','2022-05-30 02:37:44','2022-05-30 02:37:44'),(1556,1,'vi','packages/menu/menu','edit','Sửa trình đơn','2022-05-30 02:37:44','2022-05-30 02:37:44'),(1557,1,'en','packages/page/pages','create','Create new page','2022-05-30 02:37:44','2022-05-30 02:37:44'),(1558,1,'en','packages/page/pages','edit','Edit page','2022-05-30 02:37:44','2022-05-30 02:37:44'),(1559,1,'en','packages/page/pages','form.name','Name','2022-05-30 02:37:44','2022-05-30 02:37:44'),(1560,1,'en','packages/page/pages','form.name_placeholder','Page\'s name (Maximum 120 characters)','2022-05-30 02:37:44','2022-05-30 02:37:44'),(1561,1,'en','packages/page/pages','form.content','Content','2022-05-30 02:37:44','2022-05-30 02:37:44'),(1562,1,'en','packages/page/pages','form.note','Note content','2022-05-30 02:37:44','2022-05-30 02:37:44'),(1563,1,'en','packages/page/pages','notices.no_select','Please select at least one record to take this action!','2022-05-30 02:37:44','2022-05-30 02:37:44'),(1564,1,'en','packages/page/pages','notices.update_success_message','Update successfully','2022-05-30 02:37:44','2022-05-30 02:37:44'),(1565,1,'en','packages/page/pages','cannot_delete','Page could not be deleted','2022-05-30 02:37:44','2022-05-30 02:37:44'),(1566,1,'en','packages/page/pages','deleted','Page deleted','2022-05-30 02:37:44','2022-05-30 02:37:44'),(1567,1,'en','packages/page/pages','pages','Pages','2022-05-30 02:37:44','2022-05-30 02:37:44'),(1568,1,'en','packages/page/pages','menu','Pages','2022-05-30 02:37:44','2022-05-30 02:37:44'),(1569,1,'en','packages/page/pages','menu_name','Pages','2022-05-30 02:37:44','2022-05-30 02:37:44'),(1570,1,'en','packages/page/pages','edit_this_page','Edit this page','2022-05-30 02:37:44','2022-05-30 02:37:44'),(1571,1,'en','packages/page/pages','total_pages','Total pages','2022-05-30 02:37:44','2022-05-30 02:37:44'),(1572,1,'en','packages/page/pages','settings.show_on_front','Your homepage displays','2022-05-30 02:37:44','2022-05-30 02:37:44'),(1573,1,'en','packages/page/pages','settings.select','— Select —','2022-05-30 02:37:44','2022-05-30 02:37:44'),(1574,1,'en','packages/page/pages','front_page','Front Page','2022-05-30 02:37:44','2022-05-30 02:37:44'),(1575,1,'vi','packages/page/pages','create','Thêm trang','2022-05-30 02:37:44','2022-05-30 02:37:44'),(1576,1,'vi','packages/page/pages','edit','Sửa trang','2022-05-30 02:37:44','2022-05-30 02:37:44'),(1577,1,'vi','packages/page/pages','form.name','Tiêu đề trang','2022-05-30 02:37:44','2022-05-30 02:37:44'),(1578,1,'vi','packages/page/pages','form.note','Nội dung ghi chú','2022-05-30 02:37:44','2022-05-30 02:37:44'),(1579,1,'vi','packages/page/pages','form.name_placeholder','Tên trang (tối đa 120 kí tự)','2022-05-30 02:37:44','2022-05-30 02:37:44'),(1580,1,'vi','packages/page/pages','form.content','Nội dung','2022-05-30 02:37:44','2022-05-30 02:37:44'),(1581,1,'vi','packages/page/pages','notices.no_select','Chọn ít nhất 1 trang để thực hiện hành động này!','2022-05-30 02:37:44','2022-05-30 02:37:44'),(1582,1,'vi','packages/page/pages','notices.update_success_message','Cập nhật thành công','2022-05-30 02:37:44','2022-05-30 02:37:44'),(1583,1,'vi','packages/page/pages','deleted','Xóa trang thành công','2022-05-30 02:37:44','2022-05-30 02:37:44'),(1584,1,'vi','packages/page/pages','cannot_delete','Không thể xóa trang','2022-05-30 02:37:44','2022-05-30 02:37:44'),(1585,1,'vi','packages/page/pages','menu','Trang','2022-05-30 02:37:44','2022-05-30 02:37:44'),(1586,1,'vi','packages/page/pages','menu_name','Trang','2022-05-30 02:37:44','2022-05-30 02:37:44'),(1587,1,'vi','packages/page/pages','edit_this_page','Sửa trang này','2022-05-30 02:37:44','2022-05-30 02:37:44'),(1588,1,'vi','packages/page/pages','pages','Trang','2022-05-30 02:37:44','2022-05-30 02:37:44'),(1589,1,'en','packages/plugin-management/plugin','enabled','Enabled','2022-05-30 02:37:44','2022-05-30 02:37:44'),(1590,1,'en','packages/plugin-management/plugin','deactivated','Deactivated','2022-05-30 02:37:44','2022-05-30 02:37:44'),(1591,1,'en','packages/plugin-management/plugin','activated','Activated','2022-05-30 02:37:44','2022-05-30 02:37:44'),(1592,1,'en','packages/plugin-management/plugin','activate','Activate','2022-05-30 02:37:44','2022-05-30 02:37:44'),(1593,1,'en','packages/plugin-management/plugin','deactivate','Deactivate','2022-05-30 02:37:44','2022-05-30 02:37:44'),(1594,1,'en','packages/plugin-management/plugin','author','By','2022-05-30 02:37:44','2022-05-30 02:37:44'),(1595,1,'en','packages/plugin-management/plugin','update_plugin_status_success','Update plugin successfully','2022-05-30 02:37:44','2022-05-30 02:37:44'),(1596,1,'en','packages/plugin-management/plugin','plugins','Plugins','2022-05-30 02:37:44','2022-05-30 02:37:44'),(1597,1,'en','packages/plugin-management/plugin','missing_required_plugins','Please activate plugin(s): :plugins before activate this plugin!','2022-05-30 02:37:44','2022-05-30 02:37:44'),(1598,1,'en','packages/plugin-management/plugin','remove','Remove','2022-05-30 02:37:44','2022-05-30 02:37:44'),(1599,1,'en','packages/plugin-management/plugin','remove_plugin_success','Remove plugin successfully!','2022-05-30 02:37:44','2022-05-30 02:37:44'),(1600,1,'en','packages/plugin-management/plugin','remove_plugin','Remove plugin','2022-05-30 02:37:44','2022-05-30 02:37:44'),(1601,1,'en','packages/plugin-management/plugin','remove_plugin_confirm_message','Do you really want to remove this plugin?','2022-05-30 02:37:44','2022-05-30 02:37:44'),(1602,1,'en','packages/plugin-management/plugin','remove_plugin_confirm_yes','Yes, remove it!','2022-05-30 02:37:44','2022-05-30 02:37:44'),(1603,1,'en','packages/plugin-management/plugin','total_plugins','Total plugins','2022-05-30 02:37:44','2022-05-30 02:37:44'),(1604,1,'en','packages/plugin-management/plugin','invalid_plugin','This plugin is not a valid plugin, please check it again!','2022-05-30 02:37:44','2022-05-30 02:37:44'),(1605,1,'en','packages/plugin-management/plugin','version','Version','2022-05-30 02:37:44','2022-05-30 02:37:44'),(1606,1,'en','packages/plugin-management/plugin','invalid_json','Invalid plugin.json!','2022-05-30 02:37:44','2022-05-30 02:37:44'),(1607,1,'en','packages/plugin-management/plugin','activate_success','Activate plugin successfully!','2022-05-30 02:37:44','2022-05-30 02:37:44'),(1608,1,'en','packages/plugin-management/plugin','activated_already','This plugin is activated already!','2022-05-30 02:37:44','2022-05-30 02:37:44'),(1609,1,'en','packages/plugin-management/plugin','plugin_not_exist','This plugin is not exists.','2022-05-30 02:37:44','2022-05-30 02:37:44'),(1610,1,'en','packages/plugin-management/plugin','missing_json_file','Missing file plugin.json!','2022-05-30 02:37:44','2022-05-30 02:37:44'),(1611,1,'en','packages/plugin-management/plugin','plugin_invalid','Plugin is valid!','2022-05-30 02:37:44','2022-05-30 02:37:44'),(1612,1,'en','packages/plugin-management/plugin','published_assets_success','Publish assets for plugin :name successfully!','2022-05-30 02:37:44','2022-05-30 02:37:44'),(1613,1,'en','packages/plugin-management/plugin','plugin_removed','Plugin has been removed!','2022-05-30 02:37:44','2022-05-30 02:37:44'),(1614,1,'en','packages/plugin-management/plugin','deactivated_success','Deactivate plugin successfully!','2022-05-30 02:37:44','2022-05-30 02:37:44'),(1615,1,'en','packages/plugin-management/plugin','deactivated_already','This plugin is deactivated already!','2022-05-30 02:37:44','2022-05-30 02:37:44'),(1616,1,'en','packages/plugin-management/plugin','folder_is_not_writeable','Cannot write files! Folder :name is not writable. Please chmod to make it writable!','2022-05-30 02:37:44','2022-05-30 02:37:44'),(1617,1,'en','packages/plugin-management/plugin','plugin_is_not_ready','Plugin :name is not ready to use','2022-05-30 02:37:44','2022-05-30 02:37:44'),(1618,1,'vi','packages/plugin-management/plugin','activate','Kích hoạt','2022-05-30 02:37:44','2022-05-30 02:37:44'),(1619,1,'vi','packages/plugin-management/plugin','author','Tác giả','2022-05-30 02:37:44','2022-05-30 02:37:44'),(1620,1,'vi','packages/plugin-management/plugin','version','Phiên bản','2022-05-30 02:37:44','2022-05-30 02:37:44'),(1621,1,'vi','packages/plugin-management/plugin','activated','Đã kích hoạt','2022-05-30 02:37:44','2022-05-30 02:37:44'),(1622,1,'vi','packages/plugin-management/plugin','deactivate','Hủy kích hoạt','2022-05-30 02:37:44','2022-05-30 02:37:44'),(1623,1,'vi','packages/plugin-management/plugin','deactivated','Đã vô hiệu','2022-05-30 02:37:44','2022-05-30 02:37:44'),(1624,1,'vi','packages/plugin-management/plugin','enabled','Kích hoạt','2022-05-30 02:37:44','2022-05-30 02:37:44'),(1625,1,'vi','packages/plugin-management/plugin','invalid_plugin','Gói mở rộng không hợp lệ','2022-05-30 02:37:44','2022-05-30 02:37:44'),(1626,1,'vi','packages/plugin-management/plugin','update_plugin_status_success','Cập nhật trạng thái gói mở rộng thành công','2022-05-30 02:37:44','2022-05-30 02:37:44'),(1627,1,'vi','packages/plugin-management/plugin','missing_required_plugins','Vui lòng kích hoạt các tiện ích mở rộng :plugins trước khi kích hoạt tiện ích này','2022-05-30 02:37:44','2022-05-30 02:37:44'),(1628,1,'vi','packages/plugin-management/plugin','plugins','Tiện ích mở rộng','2022-05-30 02:37:44','2022-05-30 02:37:44'),(1629,1,'en','packages/seo-helper/seo-helper','meta_box_header','Search Engine Optimize','2022-05-30 02:37:44','2022-05-30 02:37:44'),(1630,1,'en','packages/seo-helper/seo-helper','edit_seo_meta','Edit SEO meta','2022-05-30 02:37:44','2022-05-30 02:37:44'),(1631,1,'en','packages/seo-helper/seo-helper','default_description','Setup meta title & description to make your site easy to discovered on search engines such as Google','2022-05-30 02:37:44','2022-05-30 02:37:44'),(1632,1,'en','packages/seo-helper/seo-helper','seo_title','SEO Title','2022-05-30 02:37:44','2022-05-30 02:37:44'),(1633,1,'en','packages/seo-helper/seo-helper','seo_description','SEO description','2022-05-30 02:37:44','2022-05-30 02:37:44'),(1634,1,'vi','packages/seo-helper/seo-helper','meta_box_header','Tối ưu hoá bộ máy tìm kiếm (SEO)','2022-05-30 02:37:44','2022-05-30 02:37:44'),(1635,1,'vi','packages/seo-helper/seo-helper','edit_seo_meta','Chỉnh sửa SEO','2022-05-30 02:37:44','2022-05-30 02:37:44'),(1636,1,'vi','packages/seo-helper/seo-helper','default_description','Thiết lập các thẻ mô tả giúp người dùng dễ dàng tìm thấy trên công cụ tìm kiếm như Google.','2022-05-30 02:37:44','2022-05-30 02:37:44'),(1637,1,'vi','packages/seo-helper/seo-helper','seo_title','Tiêu đề trang','2022-05-30 02:37:44','2022-05-30 02:37:44'),(1638,1,'vi','packages/seo-helper/seo-helper','seo_description','Mô tả trang','2022-05-30 02:37:44','2022-05-30 02:37:44'),(1639,1,'en','packages/slug/slug','permalink_settings','Permalink','2022-05-30 02:37:44','2022-05-30 02:37:44'),(1640,1,'en','packages/slug/slug','settings.title','Permalink settings','2022-05-30 02:37:44','2022-05-30 02:37:44'),(1641,1,'en','packages/slug/slug','settings.description','Manage permalink for all modules.','2022-05-30 02:37:44','2022-05-30 02:37:44'),(1642,1,'en','packages/slug/slug','settings.preview','Preview','2022-05-30 02:37:44','2022-05-30 02:37:44'),(1643,1,'en','packages/slug/slug','settings.turn_off_automatic_url_translation_into_latin','Turn off automatic URL translation into Latin?','2022-05-30 02:37:44','2022-05-30 02:37:44'),(1644,1,'en','packages/slug/slug','preview','Preview','2022-05-30 02:37:44','2022-05-30 02:37:44'),(1645,1,'en','packages/slug/slug','prefix_for','Prefix for :name','2022-05-30 02:37:44','2022-05-30 02:37:44'),(1646,1,'en','packages/theme/theme','name','Themes','2022-05-30 02:37:44','2022-05-30 02:37:44'),(1647,1,'en','packages/theme/theme','theme','Theme','2022-05-30 02:37:44','2022-05-30 02:37:44'),(1648,1,'en','packages/theme/theme','author','Author','2022-05-30 02:37:44','2022-05-30 02:37:44'),(1649,1,'en','packages/theme/theme','version','Version','2022-05-30 02:37:44','2022-05-30 02:37:44'),(1650,1,'en','packages/theme/theme','description','Description','2022-05-30 02:37:44','2022-05-30 02:37:44'),(1651,1,'en','packages/theme/theme','active_success','Activate theme :name successfully!','2022-05-30 02:37:44','2022-05-30 02:37:44'),(1652,1,'en','packages/theme/theme','active','Active','2022-05-30 02:37:44','2022-05-30 02:37:44'),(1653,1,'en','packages/theme/theme','activated','Activated','2022-05-30 02:37:44','2022-05-30 02:37:44'),(1654,1,'en','packages/theme/theme','appearance','Appearance','2022-05-30 02:37:44','2022-05-30 02:37:44'),(1655,1,'en','packages/theme/theme','theme_options','Theme options','2022-05-30 02:37:44','2022-05-30 02:37:44'),(1656,1,'en','packages/theme/theme','save_changes','Save Changes','2022-05-30 02:37:44','2022-05-30 02:37:44'),(1657,1,'en','packages/theme/theme','developer_mode','Developer Mode Enabled','2022-05-30 02:37:44','2022-05-30 02:37:44'),(1658,1,'en','packages/theme/theme','custom_css','Custom CSS','2022-05-30 02:37:44','2022-05-30 02:37:44'),(1659,1,'en','packages/theme/theme','custom_js','Custom JS','2022-05-30 02:37:44','2022-05-30 02:37:44'),(1660,1,'en','packages/theme/theme','custom_header_js','Header JS','2022-05-30 02:37:44','2022-05-30 02:37:44'),(1661,1,'en','packages/theme/theme','custom_header_js_placeholder','JS in header of page, wrap it inside &#x3C;script&#x3E;&#x3C;/script&#x3E;','2022-05-30 02:37:44','2022-05-30 02:37:44'),(1662,1,'en','packages/theme/theme','custom_body_js','Body JS','2022-05-30 02:37:44','2022-05-30 02:37:44'),(1663,1,'en','packages/theme/theme','custom_body_js_placeholder','JS in body of page, wrap it inside &#x3C;script&#x3E;&#x3C;/script&#x3E;','2022-05-30 02:37:44','2022-05-30 02:37:44'),(1664,1,'en','packages/theme/theme','custom_footer_js','Footer JS','2022-05-30 02:37:44','2022-05-30 02:37:44'),(1665,1,'en','packages/theme/theme','custom_footer_js_placeholder','JS in footer of page, wrap it inside &#x3C;script&#x3E;&#x3C;/script&#x3E;','2022-05-30 02:37:44','2022-05-30 02:37:44'),(1666,1,'en','packages/theme/theme','custom_html','Custom HTML','2022-05-30 02:37:44','2022-05-30 02:37:44'),(1667,1,'en','packages/theme/theme','custom_header_html','Header HTML','2022-05-30 02:37:44','2022-05-30 02:37:44'),(1668,1,'en','packages/theme/theme','custom_header_html_placeholder','HTML in header of page, no special tags: script, style, iframe...','2022-05-30 02:37:44','2022-05-30 02:37:44'),(1669,1,'en','packages/theme/theme','custom_body_html','Body HTML','2022-05-30 02:37:44','2022-05-30 02:37:44'),(1670,1,'en','packages/theme/theme','custom_body_html_placeholder','HTML in body of page, no special tags: script, style, iframe...','2022-05-30 02:37:44','2022-05-30 02:37:44'),(1671,1,'en','packages/theme/theme','custom_footer_html','Footer HTML','2022-05-30 02:37:44','2022-05-30 02:37:44'),(1672,1,'en','packages/theme/theme','custom_footer_html_placeholder','HTML in footer of page, no special tags: script, style, iframe...','2022-05-30 02:37:44','2022-05-30 02:37:44'),(1673,1,'en','packages/theme/theme','remove_theme_success','Remove theme successfully!','2022-05-30 02:37:44','2022-05-30 02:37:44'),(1674,1,'en','packages/theme/theme','theme_is_not_existed','This theme is not existed!','2022-05-30 02:37:44','2022-05-30 02:37:44'),(1675,1,'en','packages/theme/theme','remove','Remove','2022-05-30 02:37:44','2022-05-30 02:37:44'),(1676,1,'en','packages/theme/theme','remove_theme','Remove theme','2022-05-30 02:37:44','2022-05-30 02:37:44'),(1677,1,'en','packages/theme/theme','remove_theme_confirm_message','Do you really want to remove this theme?','2022-05-30 02:37:44','2022-05-30 02:37:44'),(1678,1,'en','packages/theme/theme','remove_theme_confirm_yes','Yes, remove it!','2022-05-30 02:37:44','2022-05-30 02:37:44'),(1679,1,'en','packages/theme/theme','total_themes','Total themes','2022-05-30 02:37:44','2022-05-30 02:37:44'),(1680,1,'en','packages/theme/theme','show_admin_bar','Show admin bar (When admin logged in, still show admin bar in website)?','2022-05-30 02:37:44','2022-05-30 02:37:44'),(1681,1,'en','packages/theme/theme','settings.title','Theme','2022-05-30 02:37:44','2022-05-30 02:37:44'),(1682,1,'en','packages/theme/theme','settings.description','Setting for theme','2022-05-30 02:37:44','2022-05-30 02:37:44'),(1683,1,'en','packages/theme/theme','settings.redirect_404_to_homepage','Redirect all not found requests to homepage?','2022-05-30 02:37:44','2022-05-30 02:37:44'),(1684,1,'en','packages/theme/theme','add_new','Add new','2022-05-30 02:37:44','2022-05-30 02:37:44'),(1685,1,'en','packages/theme/theme','theme_activated_already','Theme \":name\" is activated already!','2022-05-30 02:37:44','2022-05-30 02:37:44'),(1686,1,'en','packages/theme/theme','missing_json_file','Missing file theme.json!','2022-05-30 02:37:44','2022-05-30 02:37:44'),(1687,1,'en','packages/theme/theme','theme_invalid','Theme is valid!','2022-05-30 02:37:44','2022-05-30 02:37:44'),(1688,1,'en','packages/theme/theme','published_assets_success','Publish assets for :themes successfully!','2022-05-30 02:37:44','2022-05-30 02:37:44'),(1689,1,'en','packages/theme/theme','cannot_remove_theme','Cannot remove activated theme, please activate another theme before removing \":name\"!','2022-05-30 02:37:44','2022-05-30 02:37:44'),(1690,1,'en','packages/theme/theme','theme_deleted','Theme \":name\" has been destroyed.','2022-05-30 02:37:44','2022-05-30 02:37:44'),(1691,1,'en','packages/theme/theme','removed_assets','Remove assets of a theme :name successfully!','2022-05-30 02:37:44','2022-05-30 02:37:44'),(1692,1,'en','packages/theme/theme','update_custom_css_success','Update custom CSS successfully!','2022-05-30 02:37:44','2022-05-30 02:37:44'),(1693,1,'en','packages/theme/theme','update_custom_js_success','Update custom JS successfully!','2022-05-30 02:37:44','2022-05-30 02:37:44'),(1694,1,'en','packages/theme/theme','go_to_dashboard','Go to dashboard','2022-05-30 02:37:44','2022-05-30 02:37:44'),(1695,1,'en','packages/theme/theme','custom_css_placeholder','Using Ctrl + Space to autocomplete.','2022-05-30 02:37:44','2022-05-30 02:37:44'),(1696,1,'en','packages/theme/theme','theme_option_general','General','2022-05-30 02:37:44','2022-05-30 02:37:44'),(1697,1,'en','packages/theme/theme','theme_option_general_description','General settings','2022-05-30 02:37:44','2022-05-30 02:37:44'),(1698,1,'en','packages/theme/theme','theme_option_seo_open_graph_image','SEO default Open Graph image','2022-05-30 02:37:44','2022-05-30 02:37:44'),(1699,1,'en','packages/theme/theme','theme_option_logo','Logo','2022-05-30 02:37:44','2022-05-30 02:37:44'),(1700,1,'en','packages/theme/theme','theme_option_favicon','Favicon','2022-05-30 02:37:44','2022-05-30 02:37:44'),(1701,1,'en','packages/theme/theme','folder_is_not_writeable','Cannot write files! Folder :name is not writable. Please chmod to make it writable!','2022-05-30 02:37:44','2022-05-30 02:37:44'),(1702,1,'vi','packages/theme/theme','activated','Đã kích hoạt','2022-05-30 02:37:44','2022-05-30 02:37:44'),(1703,1,'vi','packages/theme/theme','active','Kích hoạt','2022-05-30 02:37:44','2022-05-30 02:37:44'),(1704,1,'vi','packages/theme/theme','active_success','Kích hoạt giao diện thành công!','2022-05-30 02:37:44','2022-05-30 02:37:44'),(1705,1,'vi','packages/theme/theme','author','Tác giả','2022-05-30 02:37:44','2022-05-30 02:37:44'),(1706,1,'vi','packages/theme/theme','description','Mô tả','2022-05-30 02:37:44','2022-05-30 02:37:44'),(1707,1,'vi','packages/theme/theme','theme','Giao diện','2022-05-30 02:37:44','2022-05-30 02:37:44'),(1708,1,'vi','packages/theme/theme','theme_options','Tuỳ chọn giao diện','2022-05-30 02:37:44','2022-05-30 02:37:44'),(1709,1,'vi','packages/theme/theme','version','Phiên bản','2022-05-30 02:37:44','2022-05-30 02:37:44'),(1710,1,'vi','packages/theme/theme','save_changes','Lưu thay đổi','2022-05-30 02:37:44','2022-05-30 02:37:44'),(1711,1,'vi','packages/theme/theme','developer_mode','Đang kích hoạt chế độ thử nghiệm','2022-05-30 02:37:44','2022-05-30 02:37:44'),(1712,1,'vi','packages/theme/theme','custom_css','Tuỳ chỉnh CSS','2022-05-30 02:37:44','2022-05-30 02:37:44'),(1713,1,'en','packages/widget/global','name','Widgets','2022-05-30 02:37:44','2022-05-30 02:37:44'),(1714,1,'en','packages/widget/global','create','New widget','2022-05-30 02:37:44','2022-05-30 02:37:44'),(1715,1,'en','packages/widget/global','edit','Edit widget','2022-05-30 02:37:44','2022-05-30 02:37:44'),(1716,1,'en','packages/widget/global','delete','Delete','2022-05-30 02:37:44','2022-05-30 02:37:44'),(1717,1,'en','packages/widget/global','available','Available Widgets','2022-05-30 02:37:44','2022-05-30 02:37:44'),(1718,1,'en','packages/widget/global','instruction','To activate a widget drag it to a sidebar or click on it. To deactivate a widget and delete its settings, drag it back.','2022-05-30 02:37:44','2022-05-30 02:37:44'),(1719,1,'en','packages/widget/global','number_tag_display','Number tags will be display','2022-05-30 02:37:44','2022-05-30 02:37:44'),(1720,1,'en','packages/widget/global','number_post_display','Number posts will be display','2022-05-30 02:37:44','2022-05-30 02:37:44'),(1721,1,'en','packages/widget/global','select_menu','Select Menu','2022-05-30 02:37:44','2022-05-30 02:37:44'),(1722,1,'en','packages/widget/global','widget_text','Text','2022-05-30 02:37:44','2022-05-30 02:37:44'),(1723,1,'en','packages/widget/global','widget_text_description','Arbitrary text or HTML.','2022-05-30 02:37:44','2022-05-30 02:37:44'),(1724,1,'en','packages/widget/global','widget_recent_post','Recent Posts','2022-05-30 02:37:44','2022-05-30 02:37:44'),(1725,1,'en','packages/widget/global','widget_recent_post_description','Recent posts widget.','2022-05-30 02:37:44','2022-05-30 02:37:44'),(1726,1,'en','packages/widget/global','widget_custom_menu','Custom Menu','2022-05-30 02:37:44','2022-05-30 02:37:44'),(1727,1,'en','packages/widget/global','widget_custom_menu_description','Add a custom menu to your widget area.','2022-05-30 02:37:45','2022-05-30 02:37:45'),(1728,1,'en','packages/widget/global','widget_tag','Tags','2022-05-30 02:37:45','2022-05-30 02:37:45'),(1729,1,'en','packages/widget/global','widget_tag_description','Popular tags','2022-05-30 02:37:45','2022-05-30 02:37:45'),(1730,1,'en','packages/widget/global','save_success','Save widget successfully!','2022-05-30 02:37:45','2022-05-30 02:37:45'),(1731,1,'en','packages/widget/global','delete_success','Delete widget successfully!','2022-05-30 02:37:45','2022-05-30 02:37:45'),(1732,1,'en','packages/widget/widget','name','Widgets','2022-05-30 02:37:45','2022-05-30 02:37:45'),(1733,1,'en','packages/widget/widget','create','New widget','2022-05-30 02:37:45','2022-05-30 02:37:45'),(1734,1,'en','packages/widget/widget','edit','Edit widget','2022-05-30 02:37:45','2022-05-30 02:37:45'),(1735,1,'en','packages/widget/widget','delete','Delete','2022-05-30 02:37:45','2022-05-30 02:37:45'),(1736,1,'en','packages/widget/widget','available','Available Widgets','2022-05-30 02:37:45','2022-05-30 02:37:45'),(1737,1,'en','packages/widget/widget','instruction','To activate a widget drag it to a sidebar or click on it. To deactivate a widget and delete its settings, drag it back.','2022-05-30 02:37:45','2022-05-30 02:37:45'),(1738,1,'en','packages/widget/widget','number_tag_display','Number tags will be display','2022-05-30 02:37:45','2022-05-30 02:37:45'),(1739,1,'en','packages/widget/widget','number_post_display','Number posts will be display','2022-05-30 02:37:45','2022-05-30 02:37:45'),(1740,1,'en','packages/widget/widget','select_menu','Select Menu','2022-05-30 02:37:45','2022-05-30 02:37:45'),(1741,1,'en','packages/widget/widget','widget_text','Text','2022-05-30 02:37:45','2022-05-30 02:37:45'),(1742,1,'en','packages/widget/widget','widget_text_description','Arbitrary text or HTML.','2022-05-30 02:37:45','2022-05-30 02:37:45'),(1743,1,'en','packages/widget/widget','widget_recent_post','Recent Posts','2022-05-30 02:37:45','2022-05-30 02:37:45'),(1744,1,'en','packages/widget/widget','widget_recent_post_description','Recent posts widget.','2022-05-30 02:37:45','2022-05-30 02:37:45'),(1745,1,'en','packages/widget/widget','widget_custom_menu','Custom Menu','2022-05-30 02:37:45','2022-05-30 02:37:45'),(1746,1,'en','packages/widget/widget','widget_custom_menu_description','Add a custom menu to your widget area.','2022-05-30 02:37:45','2022-05-30 02:37:45'),(1747,1,'en','packages/widget/widget','widget_tag','Tags','2022-05-30 02:37:45','2022-05-30 02:37:45'),(1748,1,'en','packages/widget/widget','widget_tag_description','Popular tags','2022-05-30 02:37:45','2022-05-30 02:37:45'),(1749,1,'en','packages/widget/widget','save_success','Save widget successfully!','2022-05-30 02:37:45','2022-05-30 02:37:45'),(1750,1,'en','packages/widget/widget','delete_success','Delete widget successfully!','2022-05-30 02:37:45','2022-05-30 02:37:45'),(1751,1,'en','packages/widget/widget','primary_sidebar_name','Primary sidebar','2022-05-30 02:37:45','2022-05-30 02:37:45'),(1752,1,'en','packages/widget/widget','primary_sidebar_description','Primary sidebar section','2022-05-30 02:37:45','2022-05-30 02:37:45'),(1753,1,'vi','packages/widget/global','name','Widgets','2022-05-30 02:37:45','2022-05-30 02:37:45'),(1754,1,'vi','packages/widget/global','create','New widget','2022-05-30 02:37:45','2022-05-30 02:37:45'),(1755,1,'vi','packages/widget/global','edit','Edit widget','2022-05-30 02:37:45','2022-05-30 02:37:45'),(1756,1,'vi','packages/widget/global','available','Tiện ích có sẵn','2022-05-30 02:37:45','2022-05-30 02:37:45'),(1757,1,'vi','packages/widget/global','delete','Xóa','2022-05-30 02:37:45','2022-05-30 02:37:45'),(1758,1,'vi','packages/widget/global','instruction','Để kích hoạt tiện ích, hãy kéo nó vào sidebar hoặc nhấn vào nó. Để hủy kích hoạt tiện ích và xóa các thiết lập của tiện ích, kéo nó quay trở lại.','2022-05-30 02:37:45','2022-05-30 02:37:45'),(1759,1,'vi','packages/widget/global','number_post_display','Số bài viết sẽ hiển thị','2022-05-30 02:37:45','2022-05-30 02:37:45'),(1760,1,'vi','packages/widget/global','number_tag_display','Số thẻ sẽ hiển thị','2022-05-30 02:37:45','2022-05-30 02:37:45'),(1761,1,'vi','packages/widget/global','select_menu','Lựa chọn trình đơn','2022-05-30 02:37:45','2022-05-30 02:37:45'),(1762,1,'vi','packages/widget/global','widget_custom_menu','Menu tùy chỉnh','2022-05-30 02:37:45','2022-05-30 02:37:45'),(1763,1,'vi','packages/widget/global','widget_custom_menu_description','Thêm menu tùy chỉnh vào khu vực tiện ích của bạn','2022-05-30 02:37:45','2022-05-30 02:37:45'),(1764,1,'vi','packages/widget/global','widget_recent_post','Bài viết gần đây','2022-05-30 02:37:45','2022-05-30 02:37:45'),(1765,1,'vi','packages/widget/global','widget_recent_post_description','Tiện ích bài viết gần đây','2022-05-30 02:37:45','2022-05-30 02:37:45'),(1766,1,'vi','packages/widget/global','widget_tag','Thẻ','2022-05-30 02:37:45','2022-05-30 02:37:45'),(1767,1,'vi','packages/widget/global','widget_tag_description','Thẻ phổ biến, sử dụng nhiều','2022-05-30 02:37:45','2022-05-30 02:37:45'),(1768,1,'vi','packages/widget/global','widget_text','Văn bản','2022-05-30 02:37:45','2022-05-30 02:37:45'),(1769,1,'vi','packages/widget/global','widget_text_description','Văn bản tùy ý hoặc HTML.','2022-05-30 02:37:45','2022-05-30 02:37:45'),(1770,1,'vi','packages/widget/global','delete_success','Xoá tiện ích thành công','2022-05-30 02:37:45','2022-05-30 02:37:45'),(1771,1,'vi','packages/widget/global','save_success','Lưu tiện ích thành công!','2022-05-30 02:37:45','2022-05-30 02:37:45'),(1772,1,'en','plugins/ads/ads','name','Ads','2022-05-30 02:37:45','2022-05-30 02:37:45'),(1773,1,'en','plugins/ads/ads','create','New ads','2022-05-30 02:37:45','2022-05-30 02:37:45'),(1774,1,'en','plugins/ads/ads','edit','Edit ads','2022-05-30 02:37:45','2022-05-30 02:37:45'),(1775,1,'en','plugins/ads/ads','location','Location','2022-05-30 02:37:45','2022-05-30 02:37:45'),(1776,1,'en','plugins/ads/ads','url','URL','2022-05-30 02:37:45','2022-05-30 02:37:45'),(1777,1,'en','plugins/ads/ads','expired_at','Expired at','2022-05-30 02:37:45','2022-05-30 02:37:45'),(1778,1,'en','plugins/ads/ads','key','Key','2022-05-30 02:37:45','2022-05-30 02:37:45'),(1779,1,'en','plugins/ads/ads','shortcode','Shortcode','2022-05-30 02:37:45','2022-05-30 02:37:45'),(1780,1,'en','plugins/ads/ads','clicked','Clicked','2022-05-30 02:37:45','2022-05-30 02:37:45'),(1781,1,'en','plugins/ads/ads','not_set','Not set','2022-05-30 02:37:45','2022-05-30 02:37:45'),(1782,1,'en','plugins/ads/ads','adblock_warning','If you are using Adblock browser extension, you need to disable this extension on your site first. It may block your ads if it is enabled on your site! <br /> Tips: Image name SHOULD NOT contain some ads keywords (ad, promotion...)','2022-05-30 02:37:45','2022-05-30 02:37:45'),(1783,1,'en','plugins/analytics/analytics','sessions','Sessions','2022-05-30 02:37:45','2022-05-30 02:37:45'),(1784,1,'en','plugins/analytics/analytics','visitors','Visitors','2022-05-30 02:37:45','2022-05-30 02:37:45'),(1785,1,'en','plugins/analytics/analytics','pageviews','Pageviews','2022-05-30 02:37:45','2022-05-30 02:37:45'),(1786,1,'en','plugins/analytics/analytics','bounce_rate','Bounce Rate','2022-05-30 02:37:45','2022-05-30 02:37:45'),(1787,1,'en','plugins/analytics/analytics','page_session','Pages/Session','2022-05-30 02:37:45','2022-05-30 02:37:45'),(1788,1,'en','plugins/analytics/analytics','avg_duration','Avg. Duration','2022-05-30 02:37:45','2022-05-30 02:37:45'),(1789,1,'en','plugins/analytics/analytics','percent_new_session','Percent new session','2022-05-30 02:37:45','2022-05-30 02:37:45'),(1790,1,'en','plugins/analytics/analytics','new_users','New visitors','2022-05-30 02:37:45','2022-05-30 02:37:45'),(1791,1,'en','plugins/analytics/analytics','visits','visits','2022-05-30 02:37:45','2022-05-30 02:37:45'),(1792,1,'en','plugins/analytics/analytics','views','views','2022-05-30 02:37:45','2022-05-30 02:37:45'),(1793,1,'en','plugins/analytics/analytics','view_id_not_specified','You must provide a valid view id. The document here: <a href=\"https://docs.botble.com/cms/master/plugin-analytics\" target=\"_blank\">https://docs.botble.com/cms/master/plugin-analytics</a>','2022-05-30 02:37:45','2022-05-30 02:37:45'),(1794,1,'en','plugins/analytics/analytics','credential_is_not_valid','Analytics credentials is not valid. The document here: <a href=\"https://docs.botble.com/cms/master/plugin-analytics\" target=\"_blank\">https://docs.botble.com/cms/master/plugin-analytics</a>','2022-05-30 02:37:45','2022-05-30 02:37:45'),(1795,1,'en','plugins/analytics/analytics','start_date_can_not_before_end_date','Start date :start_date cannot be after end date :end_date','2022-05-30 02:37:45','2022-05-30 02:37:45'),(1796,1,'en','plugins/analytics/analytics','wrong_configuration','To view analytics you\'ll need to get a google analytics client id and add it to your settings. <br /> You also need JSON credential data. <br /> The document here: <a href=\"https://docs.botble.com/cms/master/plugin-analytics\" target=\"_blank\">https://docs.botble.com/cms/master/plugin-analytics</a>','2022-05-30 02:37:45','2022-05-30 02:37:45'),(1797,1,'en','plugins/analytics/analytics','settings.title','Google Analytics','2022-05-30 02:37:45','2022-05-30 02:37:45'),(1798,1,'en','plugins/analytics/analytics','settings.description','Config Credentials for Google Analytics','2022-05-30 02:37:45','2022-05-30 02:37:45'),(1799,1,'en','plugins/analytics/analytics','settings.tracking_code','Tracking ID','2022-05-30 02:37:45','2022-05-30 02:37:45'),(1800,1,'en','plugins/analytics/analytics','settings.tracking_code_placeholder','Example: GA-12586526-8','2022-05-30 02:37:45','2022-05-30 02:37:45'),(1801,1,'en','plugins/analytics/analytics','settings.view_id','View ID','2022-05-30 02:37:45','2022-05-30 02:37:45'),(1802,1,'en','plugins/analytics/analytics','settings.view_id_description','Google Analytics View ID','2022-05-30 02:37:45','2022-05-30 02:37:45'),(1803,1,'en','plugins/analytics/analytics','settings.json_credential','Service Account Credentials','2022-05-30 02:37:45','2022-05-30 02:37:45'),(1804,1,'en','plugins/analytics/analytics','settings.json_credential_description','Service Account Credentials','2022-05-30 02:37:45','2022-05-30 02:37:45'),(1805,1,'en','plugins/analytics/analytics','widget_analytics_page','Top Most Visit Pages','2022-05-30 02:37:45','2022-05-30 02:37:45'),(1806,1,'en','plugins/analytics/analytics','widget_analytics_browser','Top Browsers','2022-05-30 02:37:45','2022-05-30 02:37:45'),(1807,1,'en','plugins/analytics/analytics','widget_analytics_referrer','Top Referrers','2022-05-30 02:37:45','2022-05-30 02:37:45'),(1808,1,'en','plugins/analytics/analytics','widget_analytics_general','Site Analytics','2022-05-30 02:37:45','2022-05-30 02:37:45'),(1809,1,'vi','plugins/analytics/analytics','avg_duration','Trung bình','2022-05-30 02:37:45','2022-05-30 02:37:45'),(1810,1,'vi','plugins/analytics/analytics','bounce_rate','Tỉ lệ thoát','2022-05-30 02:37:45','2022-05-30 02:37:45'),(1811,1,'vi','plugins/analytics/analytics','page_session','Trang/Phiên','2022-05-30 02:37:45','2022-05-30 02:37:45'),(1812,1,'vi','plugins/analytics/analytics','pageviews','Lượt xem','2022-05-30 02:37:45','2022-05-30 02:37:45'),(1813,1,'vi','plugins/analytics/analytics','sessions','Phiên','2022-05-30 02:37:45','2022-05-30 02:37:45'),(1814,1,'vi','plugins/analytics/analytics','views','lượt xem','2022-05-30 02:37:45','2022-05-30 02:37:45'),(1815,1,'vi','plugins/analytics/analytics','visitors','Người truy cập','2022-05-30 02:37:45','2022-05-30 02:37:45'),(1816,1,'vi','plugins/analytics/analytics','visits','lượt ghé thăm','2022-05-30 02:37:45','2022-05-30 02:37:45'),(1817,1,'vi','plugins/analytics/analytics','credential_is_not_valid','Thông tin cài đặt không hợp lệ. Tài liệu hướng dẫn tại đây: <a href=\"http://docs.botble.com/cms/:version/analytics\" target=\"_blank\">http://docs.botble.com/cms/:version/analytics</a>','2022-05-30 02:37:45','2022-05-30 02:37:45'),(1818,1,'vi','plugins/analytics/analytics','new_users','Lượt khách mới','2022-05-30 02:37:45','2022-05-30 02:37:45'),(1819,1,'vi','plugins/analytics/analytics','percent_new_session','Tỉ lệ khách mới','2022-05-30 02:37:45','2022-05-30 02:37:45'),(1820,1,'vi','plugins/analytics/analytics','start_date_can_not_before_end_date','Ngày bắt đầu :start_date không thể sau ngày kết thúc :end_date','2022-05-30 02:37:45','2022-05-30 02:37:45'),(1821,1,'vi','plugins/analytics/analytics','view_id_not_specified','Bạn phải cung cấp View ID hợp lê. Tài liệu hướng dẫn tại đây: <a href=\"http://docs.botble.com/cms/:version/analytics\" target=\"_blank\">http://docs.botble.com/cms/:version/analytics</a>','2022-05-30 02:37:45','2022-05-30 02:37:45'),(1822,1,'vi','plugins/analytics/analytics','wrong_configuration','Để xem dữ liệu thống kê Google Analytics, bạn cần lấy thông tin Client ID và thêm nó vào trong phần cài đặt. Bạn cũng cần thông tin xác thực dạng JSON. Tài liệu hướng dẫn tại đây: <a href=\"http://docs.botble.com/cms/:version/analytics\" target=\"_blank\">http://docs.botble.com/cms/:version/analytics</a>','2022-05-30 02:37:45','2022-05-30 02:37:45'),(1823,1,'vi','plugins/analytics/analytics','settings.title','Google Analytics','2022-05-30 02:37:45','2022-05-30 02:37:45'),(1824,1,'vi','plugins/analytics/analytics','settings.description','Config Credentials for Google Analytics','2022-05-30 02:37:45','2022-05-30 02:37:45'),(1825,1,'vi','plugins/analytics/analytics','settings.tracking_code','Tracking Code','2022-05-30 02:37:45','2022-05-30 02:37:45'),(1826,1,'vi','plugins/analytics/analytics','settings.tracking_code_placeholder','Example: GA-12586526-8','2022-05-30 02:37:45','2022-05-30 02:37:45'),(1827,1,'vi','plugins/analytics/analytics','settings.view_id','View ID','2022-05-30 02:37:45','2022-05-30 02:37:45'),(1828,1,'vi','plugins/analytics/analytics','settings.view_id_description','Google Analytics View ID','2022-05-30 02:37:45','2022-05-30 02:37:45'),(1829,1,'vi','plugins/analytics/analytics','settings.json_credential','Service Account Credentials','2022-05-30 02:37:45','2022-05-30 02:37:45'),(1830,1,'vi','plugins/analytics/analytics','settings.json_credential_description','Service Account Credentials','2022-05-30 02:37:45','2022-05-30 02:37:45'),(1831,1,'vi','plugins/analytics/analytics','widget_analytics_browser','Trình duyệt truy cập nhiều','2022-05-30 02:37:45','2022-05-30 02:37:45'),(1832,1,'vi','plugins/analytics/analytics','widget_analytics_general','Thống kê truy cập','2022-05-30 02:37:45','2022-05-30 02:37:45'),(1833,1,'vi','plugins/analytics/analytics','widget_analytics_page','Trang được xem nhiều nhất','2022-05-30 02:37:45','2022-05-30 02:37:45'),(1834,1,'vi','plugins/analytics/analytics','widget_analytics_referrer','Trang giới thiệu nhiều','2022-05-30 02:37:45','2022-05-30 02:37:45'),(1835,1,'en','plugins/audit-log/history','name','Activities Logs','2022-05-30 02:37:45','2022-05-30 02:37:45'),(1836,1,'en','plugins/audit-log/history','created','created','2022-05-30 02:37:45','2022-05-30 02:37:45'),(1837,1,'en','plugins/audit-log/history','updated','updated','2022-05-30 02:37:45','2022-05-30 02:37:45'),(1838,1,'en','plugins/audit-log/history','deleted','deleted','2022-05-30 02:37:45','2022-05-30 02:37:45'),(1839,1,'en','plugins/audit-log/history','logged in','logged in','2022-05-30 02:37:45','2022-05-30 02:37:45'),(1840,1,'en','plugins/audit-log/history','logged out','logged out','2022-05-30 02:37:45','2022-05-30 02:37:45'),(1841,1,'en','plugins/audit-log/history','changed password','changed password','2022-05-30 02:37:45','2022-05-30 02:37:45'),(1842,1,'en','plugins/audit-log/history','updated profile','updated profile','2022-05-30 02:37:45','2022-05-30 02:37:45'),(1843,1,'en','plugins/audit-log/history','attached','attached','2022-05-30 02:37:45','2022-05-30 02:37:45'),(1844,1,'en','plugins/audit-log/history','shared','shared','2022-05-30 02:37:45','2022-05-30 02:37:45'),(1845,1,'en','plugins/audit-log/history','to the system','to the system','2022-05-30 02:37:45','2022-05-30 02:37:45'),(1846,1,'en','plugins/audit-log/history','of the system','of the system','2022-05-30 02:37:45','2022-05-30 02:37:45'),(1847,1,'en','plugins/audit-log/history','menu','menu','2022-05-30 02:37:45','2022-05-30 02:37:45'),(1848,1,'en','plugins/audit-log/history','post','post','2022-05-30 02:37:45','2022-05-30 02:37:45'),(1849,1,'en','plugins/audit-log/history','page','page','2022-05-30 02:37:45','2022-05-30 02:37:45'),(1850,1,'en','plugins/audit-log/history','category','category','2022-05-30 02:37:45','2022-05-30 02:37:45'),(1851,1,'en','plugins/audit-log/history','tag','tag','2022-05-30 02:37:45','2022-05-30 02:37:45'),(1852,1,'en','plugins/audit-log/history','user','user','2022-05-30 02:37:45','2022-05-30 02:37:45'),(1853,1,'en','plugins/audit-log/history','contact','contact','2022-05-30 02:37:45','2022-05-30 02:37:45'),(1854,1,'en','plugins/audit-log/history','backup','backup','2022-05-30 02:37:45','2022-05-30 02:37:45'),(1855,1,'en','plugins/audit-log/history','custom-field','custom field','2022-05-30 02:37:45','2022-05-30 02:37:45'),(1856,1,'en','plugins/audit-log/history','widget_audit_logs','Activities Logs','2022-05-30 02:37:45','2022-05-30 02:37:45'),(1857,1,'en','plugins/audit-log/history','action','Action','2022-05-30 02:37:45','2022-05-30 02:37:45'),(1858,1,'en','plugins/audit-log/history','user_agent','User Agent','2022-05-30 02:37:45','2022-05-30 02:37:45'),(1859,1,'en','plugins/audit-log/history','system','System','2022-05-30 02:37:45','2022-05-30 02:37:45'),(1860,1,'en','plugins/audit-log/history','delete_all','Delete all records','2022-05-30 02:37:45','2022-05-30 02:37:45'),(1861,1,'vi','plugins/audit-log/history','name','Lịch sử hoạt động','2022-05-30 02:37:45','2022-05-30 02:37:45'),(1862,1,'vi','plugins/audit-log/history','created',' đã tạo','2022-05-30 02:37:45','2022-05-30 02:37:45'),(1863,1,'vi','plugins/audit-log/history','updated',' đã cập nhật','2022-05-30 02:37:45','2022-05-30 02:37:45'),(1864,1,'vi','plugins/audit-log/history','deleted',' đã xóa','2022-05-30 02:37:45','2022-05-30 02:37:45'),(1865,1,'vi','plugins/audit-log/history','attached','đính kèm','2022-05-30 02:37:45','2022-05-30 02:37:45'),(1866,1,'vi','plugins/audit-log/history','backup','sao lưu','2022-05-30 02:37:45','2022-05-30 02:37:45'),(1867,1,'vi','plugins/audit-log/history','category','danh mục','2022-05-30 02:37:45','2022-05-30 02:37:45'),(1868,1,'vi','plugins/audit-log/history','changed password','thay đổi mật khẩu','2022-05-30 02:37:45','2022-05-30 02:37:45'),(1869,1,'vi','plugins/audit-log/history','contact','liên hệ','2022-05-30 02:37:45','2022-05-30 02:37:45'),(1870,1,'vi','plugins/audit-log/history','custom-field','khung mở rộng','2022-05-30 02:37:45','2022-05-30 02:37:45'),(1871,1,'vi','plugins/audit-log/history','logged in','đăng nhập','2022-05-30 02:37:45','2022-05-30 02:37:45'),(1872,1,'vi','plugins/audit-log/history','logged out','đăng xuất','2022-05-30 02:37:45','2022-05-30 02:37:45'),(1873,1,'vi','plugins/audit-log/history','menu','trình đơn','2022-05-30 02:37:45','2022-05-30 02:37:45'),(1874,1,'vi','plugins/audit-log/history','of the system','khỏi hệ thống','2022-05-30 02:37:45','2022-05-30 02:37:45'),(1875,1,'vi','plugins/audit-log/history','page','trang','2022-05-30 02:37:45','2022-05-30 02:37:45'),(1876,1,'vi','plugins/audit-log/history','post','bài viết','2022-05-30 02:37:45','2022-05-30 02:37:45'),(1877,1,'vi','plugins/audit-log/history','shared','đã chia sẻ','2022-05-30 02:37:45','2022-05-30 02:37:45'),(1878,1,'vi','plugins/audit-log/history','tag','thẻ','2022-05-30 02:37:45','2022-05-30 02:37:45'),(1879,1,'vi','plugins/audit-log/history','to the system','vào hệ thống','2022-05-30 02:37:45','2022-05-30 02:37:45'),(1880,1,'vi','plugins/audit-log/history','updated profile','cập nhật tài khoản','2022-05-30 02:37:45','2022-05-30 02:37:45'),(1881,1,'vi','plugins/audit-log/history','user','thành viên','2022-05-30 02:37:45','2022-05-30 02:37:45'),(1882,1,'vi','plugins/audit-log/history','widget_audit_logs','Lịch sử hoạt động','2022-05-30 02:37:45','2022-05-30 02:37:45'),(1883,1,'en','plugins/backup/backup','name','Backup','2022-05-30 02:37:45','2022-05-30 02:37:45'),(1884,1,'en','plugins/backup/backup','backup_description','Backup database and uploads folder.','2022-05-30 02:37:45','2022-05-30 02:37:45'),(1885,1,'en','plugins/backup/backup','create_backup_success','Created backup successfully!','2022-05-30 02:37:45','2022-05-30 02:37:45'),(1886,1,'en','plugins/backup/backup','delete_backup_success','Delete backup successfully!','2022-05-30 02:37:45','2022-05-30 02:37:45'),(1887,1,'en','plugins/backup/backup','restore_backup_success','Restore backup successfully!','2022-05-30 02:37:45','2022-05-30 02:37:45'),(1888,1,'en','plugins/backup/backup','generate_btn','Generate backup','2022-05-30 02:37:45','2022-05-30 02:37:45'),(1889,1,'en','plugins/backup/backup','create','Create a backup','2022-05-30 02:37:45','2022-05-30 02:37:45'),(1890,1,'en','plugins/backup/backup','restore','Restore a backup','2022-05-30 02:37:45','2022-05-30 02:37:45'),(1891,1,'en','plugins/backup/backup','create_btn','Create','2022-05-30 02:37:45','2022-05-30 02:37:45'),(1892,1,'en','plugins/backup/backup','restore_btn','Restore','2022-05-30 02:37:45','2022-05-30 02:37:45'),(1893,1,'en','plugins/backup/backup','restore_confirm_msg','Do you really want to restore this revision?','2022-05-30 02:37:45','2022-05-30 02:37:45'),(1894,1,'en','plugins/backup/backup','download_uploads_folder','Download backup of uploads folder','2022-05-30 02:37:45','2022-05-30 02:37:45'),(1895,1,'en','plugins/backup/backup','download_database','Download backup of database','2022-05-30 02:37:45','2022-05-30 02:37:45'),(1896,1,'en','plugins/backup/backup','restore_tooltip','Restore this backup','2022-05-30 02:37:45','2022-05-30 02:37:45'),(1897,1,'en','plugins/backup/backup','demo_alert','Hi guest, if you see demo site is destroyed, please help me <a href=\":link\">go here</a> and restore demo site to the latest revision! Thank you so much!','2022-05-30 02:37:45','2022-05-30 02:37:45'),(1898,1,'en','plugins/backup/backup','menu_name','Backups','2022-05-30 02:37:45','2022-05-30 02:37:45'),(1899,1,'en','plugins/backup/backup','size','Size','2022-05-30 02:37:45','2022-05-30 02:37:45'),(1900,1,'en','plugins/backup/backup','no_backups','There is no backup now!','2022-05-30 02:37:45','2022-05-30 02:37:45'),(1901,1,'en','plugins/backup/backup','proc_open_disabled_error','Function <strong>proc_open()</strong> has been disabled so the system cannot backup the database. Please contact your hosting provider to enable it.','2022-05-30 02:37:45','2022-05-30 02:37:45'),(1902,1,'en','plugins/backup/backup','database_backup_not_existed','Backup database is not existed!','2022-05-30 02:37:46','2022-05-30 02:37:46'),(1903,1,'en','plugins/backup/backup','uploads_folder_backup_not_existed','Backup uploads folder is not existed!','2022-05-30 02:37:46','2022-05-30 02:37:46'),(1904,1,'en','plugins/backup/backup','important_message1','This is a simple backup feature, it is a solution for you if your site has < 1GB data and can be used for quickly backup your site.','2022-05-30 02:37:46','2022-05-30 02:37:46'),(1905,1,'en','plugins/backup/backup','important_message2','If you have more than 1GB images/files in local storage, you should use backup feature of your hosting or VPS.','2022-05-30 02:37:46','2022-05-30 02:37:46'),(1906,1,'en','plugins/backup/backup','important_message3','To backup your database, function <strong>proc_open()</strong> or <strong>system()</strong> must be enabled. Contact your hosting provider to enable it if it is disabled.','2022-05-30 02:37:46','2022-05-30 02:37:46'),(1907,1,'en','plugins/backup/backup','important_message4','It is not a full backup, it is just back up uploaded files and your database.','2022-05-30 02:37:46','2022-05-30 02:37:46'),(1908,1,'en','plugins/backup/backup','cannot_restore_database','Cannot restore database. The database backup is missing!','2022-05-30 02:37:46','2022-05-30 02:37:46'),(1909,1,'vi','plugins/backup/backup','backup_description','Sao lưu cơ sở dữ liệu và thư mục /uploads','2022-05-30 02:37:46','2022-05-30 02:37:46'),(1910,1,'vi','plugins/backup/backup','create','Tạo bản sao lưu','2022-05-30 02:37:46','2022-05-30 02:37:46'),(1911,1,'vi','plugins/backup/backup','create_backup_success','Tạo bản sao lưu thành công!','2022-05-30 02:37:46','2022-05-30 02:37:46'),(1912,1,'vi','plugins/backup/backup','create_btn','Tạo','2022-05-30 02:37:46','2022-05-30 02:37:46'),(1913,1,'vi','plugins/backup/backup','delete_backup_success','Xóa bản sao lưu thành công!','2022-05-30 02:37:46','2022-05-30 02:37:46'),(1914,1,'vi','plugins/backup/backup','generate_btn','Tạo sao lưu','2022-05-30 02:37:46','2022-05-30 02:37:46'),(1915,1,'vi','plugins/backup/backup','name','Sao lưu','2022-05-30 02:37:46','2022-05-30 02:37:46'),(1916,1,'vi','plugins/backup/backup','restore','Khôi phục bản sao lưu','2022-05-30 02:37:46','2022-05-30 02:37:46'),(1917,1,'vi','plugins/backup/backup','restore_backup_success','Khôi phục bản sao lưu thành công','2022-05-30 02:37:46','2022-05-30 02:37:46'),(1918,1,'vi','plugins/backup/backup','restore_btn','Khôi phục','2022-05-30 02:37:46','2022-05-30 02:37:46'),(1919,1,'vi','plugins/backup/backup','restore_confirm_msg','Bạn có chắc chắn muốn khôi phục hệ thống về thời điểm tạo bản sao lưu này?','2022-05-30 02:37:46','2022-05-30 02:37:46'),(1920,1,'vi','plugins/backup/backup','restore_tooltip','Khôi phục bản sao lưu này','2022-05-30 02:37:46','2022-05-30 02:37:46'),(1921,1,'vi','plugins/backup/backup','download_database','Tải về bản sao lưu CSDL','2022-05-30 02:37:46','2022-05-30 02:37:46'),(1922,1,'vi','plugins/backup/backup','download_uploads_folder','Tải về bản sao lưu thư mục uploads','2022-05-30 02:37:46','2022-05-30 02:37:46'),(1923,1,'vi','plugins/backup/backup','menu_name','Sao lưu','2022-05-30 02:37:46','2022-05-30 02:37:46'),(1924,1,'vi','plugins/backup/backup','demo_alert','Chào khách, nếu bạn thấy trang demo bị phá hoại, hãy tới <a href=\":link\">trang sao lưu</a> và khôi phục bản sao lưu cuối cùng. Cảm ơn bạn nhiều!','2022-05-30 02:37:46','2022-05-30 02:37:46'),(1925,1,'en','plugins/blog/base','menu_name','Blog','2022-05-30 02:37:46','2022-05-30 02:37:46'),(1926,1,'en','plugins/blog/base','blog_page','Blog Page','2022-05-30 02:37:46','2022-05-30 02:37:46'),(1927,1,'en','plugins/blog/base','select','-- Select --','2022-05-30 02:37:46','2022-05-30 02:37:46'),(1928,1,'en','plugins/blog/base','blog_page_id','Blog page','2022-05-30 02:37:46','2022-05-30 02:37:46'),(1929,1,'en','plugins/blog/base','number_posts_per_page','Number posts per page','2022-05-30 02:37:46','2022-05-30 02:37:46'),(1930,1,'en','plugins/blog/base','write_some_tags','Write some tags','2022-05-30 02:37:46','2022-05-30 02:37:46'),(1931,1,'en','plugins/blog/base','short_code_name','Blog posts','2022-05-30 02:37:46','2022-05-30 02:37:46'),(1932,1,'en','plugins/blog/base','short_code_description','Add blog posts','2022-05-30 02:37:46','2022-05-30 02:37:46'),(1933,1,'en','plugins/blog/base','number_posts_per_page_in_category','Number of posts per page in a category','2022-05-30 02:37:46','2022-05-30 02:37:46'),(1934,1,'en','plugins/blog/base','number_posts_per_page_in_tag','Number of posts per page in a tag','2022-05-30 02:37:46','2022-05-30 02:37:46'),(1935,1,'en','plugins/blog/categories','create','Create new category','2022-05-30 02:37:46','2022-05-30 02:37:46'),(1936,1,'en','plugins/blog/categories','edit','Edit category','2022-05-30 02:37:46','2022-05-30 02:37:46'),(1937,1,'en','plugins/blog/categories','menu','Categories','2022-05-30 02:37:46','2022-05-30 02:37:46'),(1938,1,'en','plugins/blog/categories','edit_this_category','Edit this category','2022-05-30 02:37:46','2022-05-30 02:37:46'),(1939,1,'en','plugins/blog/categories','menu_name','Categories','2022-05-30 02:37:46','2022-05-30 02:37:46'),(1940,1,'en','plugins/blog/categories','none','None','2022-05-30 02:37:46','2022-05-30 02:37:46'),(1941,1,'en','plugins/blog/categories','total_posts','Total posts: :total','2022-05-30 02:37:46','2022-05-30 02:37:46'),(1942,1,'en','plugins/blog/member','dob','Born :date','2022-05-30 02:37:46','2022-05-30 02:37:46'),(1943,1,'en','plugins/blog/member','draft_posts','Draft Posts','2022-05-30 02:37:46','2022-05-30 02:37:46'),(1944,1,'en','plugins/blog/member','pending_posts','Pending Posts','2022-05-30 02:37:46','2022-05-30 02:37:46'),(1945,1,'en','plugins/blog/member','published_posts','Published Posts','2022-05-30 02:37:46','2022-05-30 02:37:46'),(1946,1,'en','plugins/blog/member','posts','Posts','2022-05-30 02:37:46','2022-05-30 02:37:46'),(1947,1,'en','plugins/blog/member','write_post','Write a post','2022-05-30 02:37:46','2022-05-30 02:37:46'),(1948,1,'en','plugins/blog/posts','create','Create new post','2022-05-30 02:37:46','2022-05-30 02:37:46'),(1949,1,'en','plugins/blog/posts','edit','Edit post','2022-05-30 02:37:46','2022-05-30 02:37:46'),(1950,1,'en','plugins/blog/posts','form.name','Name','2022-05-30 02:37:46','2022-05-30 02:37:46'),(1951,1,'en','plugins/blog/posts','form.name_placeholder','Post\'s name (Maximum :c characters)','2022-05-30 02:37:46','2022-05-30 02:37:46'),(1952,1,'en','plugins/blog/posts','form.description','Description','2022-05-30 02:37:46','2022-05-30 02:37:46'),(1953,1,'en','plugins/blog/posts','form.description_placeholder','Short description for post (Maximum :c characters)','2022-05-30 02:37:46','2022-05-30 02:37:46'),(1954,1,'en','plugins/blog/posts','form.categories','Categories','2022-05-30 02:37:46','2022-05-30 02:37:46'),(1955,1,'en','plugins/blog/posts','form.tags','Tags','2022-05-30 02:37:46','2022-05-30 02:37:46'),(1956,1,'en','plugins/blog/posts','form.tags_placeholder','Tags','2022-05-30 02:37:46','2022-05-30 02:37:46'),(1957,1,'en','plugins/blog/posts','form.content','Content','2022-05-30 02:37:46','2022-05-30 02:37:46'),(1958,1,'en','plugins/blog/posts','form.is_featured','Is featured?','2022-05-30 02:37:46','2022-05-30 02:37:46'),(1959,1,'en','plugins/blog/posts','form.note','Note content','2022-05-30 02:37:46','2022-05-30 02:37:46'),(1960,1,'en','plugins/blog/posts','form.format_type','Format','2022-05-30 02:37:46','2022-05-30 02:37:46'),(1961,1,'en','plugins/blog/posts','cannot_delete','Post could not be deleted','2022-05-30 02:37:46','2022-05-30 02:37:46'),(1962,1,'en','plugins/blog/posts','post_deleted','Post deleted','2022-05-30 02:37:46','2022-05-30 02:37:46'),(1963,1,'en','plugins/blog/posts','posts','Posts','2022-05-30 02:37:46','2022-05-30 02:37:46'),(1964,1,'en','plugins/blog/posts','post','Post','2022-05-30 02:37:46','2022-05-30 02:37:46'),(1965,1,'en','plugins/blog/posts','edit_this_post','Edit this post','2022-05-30 02:37:46','2022-05-30 02:37:46'),(1966,1,'en','plugins/blog/posts','no_new_post_now','There is no new post now!','2022-05-30 02:37:46','2022-05-30 02:37:46'),(1967,1,'en','plugins/blog/posts','menu_name','Posts','2022-05-30 02:37:46','2022-05-30 02:37:46'),(1968,1,'en','plugins/blog/posts','widget_posts_recent','Recent Posts','2022-05-30 02:37:46','2022-05-30 02:37:46'),(1969,1,'en','plugins/blog/posts','categories','Categories','2022-05-30 02:37:46','2022-05-30 02:37:46'),(1970,1,'en','plugins/blog/posts','category','Category','2022-05-30 02:37:46','2022-05-30 02:37:46'),(1971,1,'en','plugins/blog/posts','author','Author','2022-05-30 02:37:46','2022-05-30 02:37:46'),(1972,1,'en','plugins/blog/settings','select','-- Select --','2022-05-30 02:37:46','2022-05-30 02:37:46'),(1973,1,'en','plugins/blog/settings','blog_page_id','Blog page','2022-05-30 02:37:46','2022-05-30 02:37:46'),(1974,1,'en','plugins/blog/tags','form.name','Name','2022-05-30 02:37:46','2022-05-30 02:37:46'),(1975,1,'en','plugins/blog/tags','form.name_placeholder','Tag\'s name (Maximum 120 characters)','2022-05-30 02:37:46','2022-05-30 02:37:46'),(1976,1,'en','plugins/blog/tags','form.description','Description','2022-05-30 02:37:46','2022-05-30 02:37:46'),(1977,1,'en','plugins/blog/tags','form.description_placeholder','Short description for tag (Maximum 400 characters)','2022-05-30 02:37:46','2022-05-30 02:37:46'),(1978,1,'en','plugins/blog/tags','form.categories','Categories','2022-05-30 02:37:46','2022-05-30 02:37:46'),(1979,1,'en','plugins/blog/tags','notices.no_select','Please select at least one tag to take this action!','2022-05-30 02:37:46','2022-05-30 02:37:46'),(1980,1,'en','plugins/blog/tags','create','Create new tag','2022-05-30 02:37:46','2022-05-30 02:37:46'),(1981,1,'en','plugins/blog/tags','edit','Edit tag','2022-05-30 02:37:46','2022-05-30 02:37:46'),(1982,1,'en','plugins/blog/tags','cannot_delete','Tag could not be deleted','2022-05-30 02:37:46','2022-05-30 02:37:46'),(1983,1,'en','plugins/blog/tags','deleted','Tag deleted','2022-05-30 02:37:46','2022-05-30 02:37:46'),(1984,1,'en','plugins/blog/tags','menu','Tags','2022-05-30 02:37:46','2022-05-30 02:37:46'),(1985,1,'en','plugins/blog/tags','edit_this_tag','Edit this tag','2022-05-30 02:37:46','2022-05-30 02:37:46'),(1986,1,'en','plugins/blog/tags','menu_name','Tags','2022-05-30 02:37:46','2022-05-30 02:37:46'),(1987,1,'vi','plugins/blog/base','menu_name','Blog','2022-05-30 02:37:46','2022-05-30 02:37:46'),(1988,1,'vi','plugins/blog/categories','create','Thêm danh mục mới','2022-05-30 02:37:46','2022-05-30 02:37:46'),(1989,1,'vi','plugins/blog/categories','edit','Sửa danh mục','2022-05-30 02:37:46','2022-05-30 02:37:46'),(1990,1,'vi','plugins/blog/categories','menu_name','Danh mục','2022-05-30 02:37:46','2022-05-30 02:37:46'),(1991,1,'vi','plugins/blog/categories','edit_this_category','Sửa danh mục này','2022-05-30 02:37:46','2022-05-30 02:37:46'),(1992,1,'vi','plugins/blog/categories','menu','Danh mục','2022-05-30 02:37:46','2022-05-30 02:37:46'),(1993,1,'vi','plugins/blog/posts','create','Thêm bài viết','2022-05-30 02:37:46','2022-05-30 02:37:46'),(1994,1,'vi','plugins/blog/posts','edit','Sửa bài viết','2022-05-30 02:37:46','2022-05-30 02:37:46'),(1995,1,'vi','plugins/blog/posts','form.name','Tên','2022-05-30 02:37:46','2022-05-30 02:37:46'),(1996,1,'vi','plugins/blog/posts','form.name_placeholder','Tên bài viết (Tối đa 120 kí tự)','2022-05-30 02:37:46','2022-05-30 02:37:46'),(1997,1,'vi','plugins/blog/posts','form.description','Mô tả','2022-05-30 02:37:46','2022-05-30 02:37:46'),(1998,1,'vi','plugins/blog/posts','form.description_placeholder','Mô tả ngắn cho bài viết (Tối đa 400 kí tự)','2022-05-30 02:37:46','2022-05-30 02:37:46'),(1999,1,'vi','plugins/blog/posts','form.categories','Chuyên mục','2022-05-30 02:37:46','2022-05-30 02:37:46'),(2000,1,'vi','plugins/blog/posts','form.tags','Từ khóa','2022-05-30 02:37:46','2022-05-30 02:37:46'),(2001,1,'vi','plugins/blog/posts','form.tags_placeholder','Thêm từ khóa','2022-05-30 02:37:46','2022-05-30 02:37:46'),(2002,1,'vi','plugins/blog/posts','form.content','Nội dung','2022-05-30 02:37:46','2022-05-30 02:37:46'),(2003,1,'vi','plugins/blog/posts','form.note','Nội dung ghi chú','2022-05-30 02:37:46','2022-05-30 02:37:46'),(2004,1,'vi','plugins/blog/posts','form.format_type','Định dạng','2022-05-30 02:37:46','2022-05-30 02:37:46'),(2005,1,'vi','plugins/blog/posts','post_deleted','Xóa bài viết thành công','2022-05-30 02:37:46','2022-05-30 02:37:46'),(2006,1,'vi','plugins/blog/posts','cannot_delete','Không thể xóa bài viết','2022-05-30 02:37:46','2022-05-30 02:37:46'),(2007,1,'vi','plugins/blog/posts','menu_name','Bài viết','2022-05-30 02:37:46','2022-05-30 02:37:46'),(2008,1,'vi','plugins/blog/posts','edit_this_post','Sửa bài viết này','2022-05-30 02:37:46','2022-05-30 02:37:46'),(2009,1,'vi','plugins/blog/posts','no_new_post_now','Hiện tại không có bài viết mới!','2022-05-30 02:37:46','2022-05-30 02:37:46'),(2010,1,'vi','plugins/blog/posts','posts','Bài viết','2022-05-30 02:37:46','2022-05-30 02:37:46'),(2011,1,'vi','plugins/blog/posts','widget_posts_recent','Bài viết gần đây','2022-05-30 02:37:46','2022-05-30 02:37:46'),(2012,1,'vi','plugins/blog/posts','author','Tác giả','2022-05-30 02:37:46','2022-05-30 02:37:46'),(2013,1,'vi','plugins/blog/tags','create','Thêm thẻ mới','2022-05-30 02:37:46','2022-05-30 02:37:46'),(2014,1,'vi','plugins/blog/tags','edit','Sửa thẻ','2022-05-30 02:37:46','2022-05-30 02:37:46'),(2015,1,'vi','plugins/blog/tags','form.name','Tên','2022-05-30 02:37:46','2022-05-30 02:37:46'),(2016,1,'vi','plugins/blog/tags','form.name_placeholder','Tên thẻ (Tối đa 120 kí tự)','2022-05-30 02:37:46','2022-05-30 02:37:46'),(2017,1,'vi','plugins/blog/tags','form.description','Mô tả','2022-05-30 02:37:46','2022-05-30 02:37:46'),(2018,1,'vi','plugins/blog/tags','form.description_placeholder','Mô tả ngắn cho tag (Tối đa 400 kí tự)','2022-05-30 02:37:46','2022-05-30 02:37:46'),(2019,1,'vi','plugins/blog/tags','form.categories','Chuyên mục','2022-05-30 02:37:46','2022-05-30 02:37:46'),(2020,1,'vi','plugins/blog/tags','notices.no_select','Chọn ít nhất 1 bài viết để thực hiện hành động này!','2022-05-30 02:37:46','2022-05-30 02:37:46'),(2021,1,'vi','plugins/blog/tags','cannot_delete','Không thể xóa thẻ','2022-05-30 02:37:46','2022-05-30 02:37:46'),(2022,1,'vi','plugins/blog/tags','deleted','Xóa thẻ thành công','2022-05-30 02:37:46','2022-05-30 02:37:46'),(2023,1,'vi','plugins/blog/tags','menu_name','Thẻ','2022-05-30 02:37:46','2022-05-30 02:37:46'),(2024,1,'vi','plugins/blog/tags','edit_this_tag','Sửa thẻ này','2022-05-30 02:37:46','2022-05-30 02:37:46'),(2025,1,'vi','plugins/blog/tags','menu','Thẻ','2022-05-30 02:37:46','2022-05-30 02:37:46'),(2026,1,'en','plugins/captcha/captcha','settings.title','Captcha','2022-05-30 02:37:46','2022-05-30 02:37:46'),(2027,1,'en','plugins/captcha/captcha','settings.description','Settings for Google Captcha','2022-05-30 02:37:46','2022-05-30 02:37:46'),(2028,1,'en','plugins/captcha/captcha','settings.captcha_site_key','Captcha Site Key','2022-05-30 02:37:46','2022-05-30 02:37:46'),(2029,1,'en','plugins/captcha/captcha','settings.captcha_secret','Captcha Secret','2022-05-30 02:37:46','2022-05-30 02:37:46'),(2030,1,'en','plugins/captcha/captcha','settings.enable_captcha','Enable Captcha?','2022-05-30 02:37:46','2022-05-30 02:37:46'),(2031,1,'en','plugins/captcha/captcha','settings.helper','Go here to get credentials https://www.google.com/recaptcha/admin#list.','2022-05-30 02:37:46','2022-05-30 02:37:46'),(2032,1,'en','plugins/captcha/captcha','settings.hide_badge','Hide recaptcha badge (for v3)','2022-05-30 02:37:47','2022-05-30 02:37:47'),(2033,1,'en','plugins/captcha/captcha','settings.type','Type','2022-05-30 02:37:47','2022-05-30 02:37:47'),(2034,1,'en','plugins/captcha/captcha','settings.v2_description','V2 (Verify requests with a challenge)','2022-05-30 02:37:47','2022-05-30 02:37:47'),(2035,1,'en','plugins/captcha/captcha','settings.v3_description','V3 (Verify requests with a score)','2022-05-30 02:37:47','2022-05-30 02:37:47'),(2036,1,'en','plugins/captcha/captcha','failed_validate','Failed to validate the captcha.','2022-05-30 02:37:47','2022-05-30 02:37:47'),(2037,1,'en','plugins/captcha/captcha','numbers.0','Zero','2022-05-30 02:37:47','2022-05-30 02:37:47'),(2038,1,'en','plugins/captcha/captcha','numbers.1','One','2022-05-30 02:37:47','2022-05-30 02:37:47'),(2039,1,'en','plugins/captcha/captcha','numbers.2','Two','2022-05-30 02:37:47','2022-05-30 02:37:47'),(2040,1,'en','plugins/captcha/captcha','numbers.3','Three','2022-05-30 02:37:47','2022-05-30 02:37:47'),(2041,1,'en','plugins/captcha/captcha','numbers.4','Four','2022-05-30 02:37:47','2022-05-30 02:37:47'),(2042,1,'en','plugins/captcha/captcha','numbers.5','Five','2022-05-30 02:37:47','2022-05-30 02:37:47'),(2043,1,'en','plugins/captcha/captcha','numbers.6','Six','2022-05-30 02:37:47','2022-05-30 02:37:47'),(2044,1,'en','plugins/captcha/captcha','numbers.7','Seven','2022-05-30 02:37:47','2022-05-30 02:37:47'),(2045,1,'en','plugins/captcha/captcha','numbers.8','Eight','2022-05-30 02:37:47','2022-05-30 02:37:47'),(2046,1,'en','plugins/captcha/captcha','numbers.9','Nine','2022-05-30 02:37:47','2022-05-30 02:37:47'),(2047,1,'en','plugins/captcha/captcha','numbers.10','Ten','2022-05-30 02:37:47','2022-05-30 02:37:47'),(2048,1,'en','plugins/captcha/captcha','numbers.11','Eleven','2022-05-30 02:37:47','2022-05-30 02:37:47'),(2049,1,'en','plugins/captcha/captcha','numbers.12','Twelve','2022-05-30 02:37:47','2022-05-30 02:37:47'),(2050,1,'en','plugins/captcha/captcha','operands.+','plus','2022-05-30 02:37:47','2022-05-30 02:37:47'),(2051,1,'en','plugins/captcha/captcha','operands.-','minus','2022-05-30 02:37:47','2022-05-30 02:37:47'),(2052,1,'en','plugins/captcha/captcha','operands.*','times','2022-05-30 02:37:47','2022-05-30 02:37:47'),(2053,1,'en','plugins/captcha/captcha','operands./','divided by','2022-05-30 02:37:47','2022-05-30 02:37:47'),(2054,1,'en','plugins/contact/contact','menu','Contact','2022-05-30 02:37:47','2022-05-30 02:37:47'),(2055,1,'en','plugins/contact/contact','edit','View contact','2022-05-30 02:37:47','2022-05-30 02:37:47'),(2056,1,'en','plugins/contact/contact','tables.phone','Phone','2022-05-30 02:37:47','2022-05-30 02:37:47'),(2057,1,'en','plugins/contact/contact','tables.email','Email','2022-05-30 02:37:47','2022-05-30 02:37:47'),(2058,1,'en','plugins/contact/contact','tables.full_name','Full Name','2022-05-30 02:37:47','2022-05-30 02:37:47'),(2059,1,'en','plugins/contact/contact','tables.time','Time','2022-05-30 02:37:47','2022-05-30 02:37:47'),(2060,1,'en','plugins/contact/contact','tables.address','Address','2022-05-30 02:37:47','2022-05-30 02:37:47'),(2061,1,'en','plugins/contact/contact','tables.subject','Subject','2022-05-30 02:37:47','2022-05-30 02:37:47'),(2062,1,'en','plugins/contact/contact','tables.content','Content','2022-05-30 02:37:47','2022-05-30 02:37:47'),(2063,1,'en','plugins/contact/contact','contact_information','Contact information','2022-05-30 02:37:47','2022-05-30 02:37:47'),(2064,1,'en','plugins/contact/contact','replies','Replies','2022-05-30 02:37:47','2022-05-30 02:37:47'),(2065,1,'en','plugins/contact/contact','email.header','Email','2022-05-30 02:37:47','2022-05-30 02:37:47'),(2066,1,'en','plugins/contact/contact','email.title','New contact from your site','2022-05-30 02:37:47','2022-05-30 02:37:47'),(2067,1,'en','plugins/contact/contact','form.name.required','Name is required','2022-05-30 02:37:47','2022-05-30 02:37:47'),(2068,1,'en','plugins/contact/contact','form.email.required','Email is required','2022-05-30 02:37:47','2022-05-30 02:37:47'),(2069,1,'en','plugins/contact/contact','form.email.email','The email address is not valid','2022-05-30 02:37:47','2022-05-30 02:37:47'),(2070,1,'en','plugins/contact/contact','form.content.required','Content is required','2022-05-30 02:37:47','2022-05-30 02:37:47'),(2071,1,'en','plugins/contact/contact','contact_sent_from','This contact information sent from','2022-05-30 02:37:47','2022-05-30 02:37:47'),(2072,1,'en','plugins/contact/contact','sender','Sender','2022-05-30 02:37:47','2022-05-30 02:37:47'),(2073,1,'en','plugins/contact/contact','sender_email','Email','2022-05-30 02:37:47','2022-05-30 02:37:47'),(2074,1,'en','plugins/contact/contact','sender_address','Address','2022-05-30 02:37:47','2022-05-30 02:37:47'),(2075,1,'en','plugins/contact/contact','sender_phone','Phone','2022-05-30 02:37:47','2022-05-30 02:37:47'),(2076,1,'en','plugins/contact/contact','message_content','Message content','2022-05-30 02:37:47','2022-05-30 02:37:47'),(2077,1,'en','plugins/contact/contact','sent_from','Email sent from','2022-05-30 02:37:47','2022-05-30 02:37:47'),(2078,1,'en','plugins/contact/contact','form_name','Name','2022-05-30 02:37:47','2022-05-30 02:37:47'),(2079,1,'en','plugins/contact/contact','form_email','Email','2022-05-30 02:37:47','2022-05-30 02:37:47'),(2080,1,'en','plugins/contact/contact','form_address','Address','2022-05-30 02:37:47','2022-05-30 02:37:47'),(2081,1,'en','plugins/contact/contact','form_subject','Subject','2022-05-30 02:37:47','2022-05-30 02:37:47'),(2082,1,'en','plugins/contact/contact','form_phone','Phone','2022-05-30 02:37:47','2022-05-30 02:37:47'),(2083,1,'en','plugins/contact/contact','form_message','Message','2022-05-30 02:37:47','2022-05-30 02:37:47'),(2084,1,'en','plugins/contact/contact','required_field','The field with (<span style=\"color: red\">*</span>) is required.','2022-05-30 02:37:47','2022-05-30 02:37:47'),(2085,1,'en','plugins/contact/contact','send_btn','Send message','2022-05-30 02:37:47','2022-05-30 02:37:47'),(2086,1,'en','plugins/contact/contact','new_msg_notice','You have <span class=\"bold\">:count</span> New Messages','2022-05-30 02:37:47','2022-05-30 02:37:47'),(2087,1,'en','plugins/contact/contact','view_all','View all','2022-05-30 02:37:47','2022-05-30 02:37:47'),(2088,1,'en','plugins/contact/contact','statuses.read','Read','2022-05-30 02:37:47','2022-05-30 02:37:47'),(2089,1,'en','plugins/contact/contact','statuses.unread','Unread','2022-05-30 02:37:47','2022-05-30 02:37:47'),(2090,1,'en','plugins/contact/contact','phone','Phone','2022-05-30 02:37:47','2022-05-30 02:37:47'),(2091,1,'en','plugins/contact/contact','address','Address','2022-05-30 02:37:47','2022-05-30 02:37:47'),(2092,1,'en','plugins/contact/contact','message','Message','2022-05-30 02:37:47','2022-05-30 02:37:47'),(2093,1,'en','plugins/contact/contact','settings.email.title','Contact','2022-05-30 02:37:47','2022-05-30 02:37:47'),(2094,1,'en','plugins/contact/contact','settings.email.description','Contact email configuration','2022-05-30 02:37:47','2022-05-30 02:37:47'),(2095,1,'en','plugins/contact/contact','settings.email.templates.notice_title','Send notice to administrator','2022-05-30 02:37:47','2022-05-30 02:37:47'),(2096,1,'en','plugins/contact/contact','settings.email.templates.notice_description','Email template to send notice to administrator when system get new contact','2022-05-30 02:37:47','2022-05-30 02:37:47'),(2097,1,'en','plugins/contact/contact','settings.title','Contact','2022-05-30 02:37:47','2022-05-30 02:37:47'),(2098,1,'en','plugins/contact/contact','settings.description','Settings for contact plugin','2022-05-30 02:37:47','2022-05-30 02:37:47'),(2099,1,'en','plugins/contact/contact','settings.blacklist_keywords','Blacklist keywords','2022-05-30 02:37:47','2022-05-30 02:37:47'),(2100,1,'en','plugins/contact/contact','settings.blacklist_keywords_placeholder','keywords...','2022-05-30 02:37:47','2022-05-30 02:37:47'),(2101,1,'en','plugins/contact/contact','settings.blacklist_keywords_helper','Blacklist contact requests if it includes those keywords in the content field (separate by comma).','2022-05-30 02:37:47','2022-05-30 02:37:47'),(2102,1,'en','plugins/contact/contact','settings.blacklist_email_domains','Blacklist email domains','2022-05-30 02:37:47','2022-05-30 02:37:47'),(2103,1,'en','plugins/contact/contact','settings.blacklist_email_domains_placeholder','domain...','2022-05-30 02:37:47','2022-05-30 02:37:47'),(2104,1,'en','plugins/contact/contact','settings.blacklist_email_domains_helper','Blacklist contact requests if the email domain is in blacklist domains (separate by comma).','2022-05-30 02:37:47','2022-05-30 02:37:47'),(2105,1,'en','plugins/contact/contact','settings.enable_math_captcha','Enable math captcha?','2022-05-30 02:37:47','2022-05-30 02:37:47'),(2106,1,'en','plugins/contact/contact','no_reply','No reply yet!','2022-05-30 02:37:47','2022-05-30 02:37:47'),(2107,1,'en','plugins/contact/contact','reply','Reply','2022-05-30 02:37:47','2022-05-30 02:37:47'),(2108,1,'en','plugins/contact/contact','send','Send','2022-05-30 02:37:47','2022-05-30 02:37:47'),(2109,1,'en','plugins/contact/contact','shortcode_name','Contact form','2022-05-30 02:37:47','2022-05-30 02:37:47'),(2110,1,'en','plugins/contact/contact','shortcode_description','Add a contact form','2022-05-30 02:37:47','2022-05-30 02:37:47'),(2111,1,'en','plugins/contact/contact','shortcode_content_description','Add shortcode [contact-form][/contact-form] to editor?','2022-05-30 02:37:47','2022-05-30 02:37:47'),(2112,1,'en','plugins/contact/contact','message_sent_success','Message sent successfully!','2022-05-30 02:37:47','2022-05-30 02:37:47'),(2113,1,'vi','plugins/contact/contact','menu','Liên hệ','2022-05-30 02:37:47','2022-05-30 02:37:47'),(2114,1,'vi','plugins/contact/contact','edit','Xem liên hệ','2022-05-30 02:37:47','2022-05-30 02:37:47'),(2115,1,'vi','plugins/contact/contact','tables.phone','Điện thoại','2022-05-30 02:37:47','2022-05-30 02:37:47'),(2116,1,'vi','plugins/contact/contact','tables.email','Email','2022-05-30 02:37:47','2022-05-30 02:37:47'),(2117,1,'vi','plugins/contact/contact','tables.full_name','Họ tên','2022-05-30 02:37:47','2022-05-30 02:37:47'),(2118,1,'vi','plugins/contact/contact','tables.time','Thời gian','2022-05-30 02:37:47','2022-05-30 02:37:47'),(2119,1,'vi','plugins/contact/contact','tables.address','Địa địa chỉ','2022-05-30 02:37:47','2022-05-30 02:37:47'),(2120,1,'vi','plugins/contact/contact','tables.subject','Tiêu đề','2022-05-30 02:37:47','2022-05-30 02:37:47'),(2121,1,'vi','plugins/contact/contact','tables.content','Nội dung','2022-05-30 02:37:47','2022-05-30 02:37:47'),(2122,1,'vi','plugins/contact/contact','contact_information','Thông tin liên hệ','2022-05-30 02:37:47','2022-05-30 02:37:47'),(2123,1,'vi','plugins/contact/contact','email.title','Thông tin liên hệ mới','2022-05-30 02:37:47','2022-05-30 02:37:47'),(2124,1,'vi','plugins/contact/contact','email.header','Email','2022-05-30 02:37:47','2022-05-30 02:37:47'),(2125,1,'vi','plugins/contact/contact','contact_sent_from','Liên hệ này được gửi từ','2022-05-30 02:37:47','2022-05-30 02:37:47'),(2126,1,'vi','plugins/contact/contact','form_address','Địa chỉ','2022-05-30 02:37:47','2022-05-30 02:37:47'),(2127,1,'vi','plugins/contact/contact','form_email','Thư điện tử','2022-05-30 02:37:47','2022-05-30 02:37:47'),(2128,1,'vi','plugins/contact/contact','form_message','Thông điệp','2022-05-30 02:37:47','2022-05-30 02:37:47'),(2129,1,'vi','plugins/contact/contact','form_name','Họ tên','2022-05-30 02:37:47','2022-05-30 02:37:47'),(2130,1,'vi','plugins/contact/contact','form_phone','Số điện thoại','2022-05-30 02:37:47','2022-05-30 02:37:47'),(2131,1,'vi','plugins/contact/contact','message_content','Nội dung thông điệp','2022-05-30 02:37:47','2022-05-30 02:37:47'),(2132,1,'vi','plugins/contact/contact','required_field','Những trường có dấu (<span style=\"color: red\">*</span>) là bắt buộc.','2022-05-30 02:37:47','2022-05-30 02:37:47'),(2133,1,'vi','plugins/contact/contact','send_btn','Gửi tin nhắn','2022-05-30 02:37:47','2022-05-30 02:37:47'),(2134,1,'vi','plugins/contact/contact','sender','Người gửi','2022-05-30 02:37:47','2022-05-30 02:37:47'),(2135,1,'vi','plugins/contact/contact','sender_address','Địa chỉ','2022-05-30 02:37:47','2022-05-30 02:37:47'),(2136,1,'vi','plugins/contact/contact','sender_email','Thư điện tử','2022-05-30 02:37:47','2022-05-30 02:37:47'),(2137,1,'vi','plugins/contact/contact','sender_phone','Số điện thoại','2022-05-30 02:37:47','2022-05-30 02:37:47'),(2138,1,'vi','plugins/contact/contact','sent_from','Thư được gửi từ','2022-05-30 02:37:47','2022-05-30 02:37:47'),(2139,1,'vi','plugins/contact/contact','address','Địa chỉ','2022-05-30 02:37:47','2022-05-30 02:37:47'),(2140,1,'vi','plugins/contact/contact','message','Liên hệ','2022-05-30 02:37:47','2022-05-30 02:37:47'),(2141,1,'vi','plugins/contact/contact','new_msg_notice','Bạn có <span class=\"bold\">:count</span> tin nhắn mới','2022-05-30 02:37:47','2022-05-30 02:37:47'),(2142,1,'vi','plugins/contact/contact','phone','Điện thoại','2022-05-30 02:37:47','2022-05-30 02:37:47'),(2143,1,'vi','plugins/contact/contact','statuses.read','Đã đọc','2022-05-30 02:37:47','2022-05-30 02:37:47'),(2144,1,'vi','plugins/contact/contact','statuses.unread','Chưa đọc','2022-05-30 02:37:47','2022-05-30 02:37:47'),(2145,1,'vi','plugins/contact/contact','view_all','Xem tất cả','2022-05-30 02:37:47','2022-05-30 02:37:47'),(2146,1,'vi','plugins/contact/contact','settings.email.title','Liên hệ','2022-05-30 02:37:47','2022-05-30 02:37:47'),(2147,1,'vi','plugins/contact/contact','settings.email.description','Cấu hình thông tin cho mục liên hệ','2022-05-30 02:37:47','2022-05-30 02:37:47'),(2148,1,'vi','plugins/contact/contact','settings.email.templates.notice_title','Thông báo tới admin','2022-05-30 02:37:47','2022-05-30 02:37:47'),(2149,1,'vi','plugins/contact/contact','settings.email.templates.notice_description','Mẫu nội dung email gửi tới admin khi có liên hệ mới','2022-05-30 02:37:47','2022-05-30 02:37:47'),(2150,1,'en','plugins/cookie-consent/cookie-consent','theme_options.name','Cookie Consent','2022-05-30 02:37:47','2022-05-30 02:37:47'),(2151,1,'en','plugins/cookie-consent/cookie-consent','theme_options.description','Cookie consent settings','2022-05-30 02:37:47','2022-05-30 02:37:47'),(2152,1,'en','plugins/cookie-consent/cookie-consent','theme_options.enable','Enable cookie consent?','2022-05-30 02:37:47','2022-05-30 02:37:47'),(2153,1,'en','plugins/cookie-consent/cookie-consent','theme_options.message','Message','2022-05-30 02:37:47','2022-05-30 02:37:47'),(2154,1,'en','plugins/cookie-consent/cookie-consent','theme_options.button_text','Button text','2022-05-30 02:37:47','2022-05-30 02:37:47'),(2155,1,'en','plugins/cookie-consent/cookie-consent','theme_options.max_width','Max width (px)','2022-05-30 02:37:47','2022-05-30 02:37:47'),(2156,1,'en','plugins/cookie-consent/cookie-consent','theme_options.background_color','Background color','2022-05-30 02:37:47','2022-05-30 02:37:47'),(2157,1,'en','plugins/cookie-consent/cookie-consent','theme_options.text_color','Text color','2022-05-30 02:37:47','2022-05-30 02:37:47'),(2158,1,'en','plugins/cookie-consent/cookie-consent','theme_options.learn_more_url','Learn more URL','2022-05-30 02:37:47','2022-05-30 02:37:47'),(2159,1,'en','plugins/cookie-consent/cookie-consent','theme_options.learn_more_text','Learn more text','2022-05-30 02:37:47','2022-05-30 02:37:47'),(2160,1,'en','plugins/cookie-consent/cookie-consent','theme_options.style','Style','2022-05-30 02:37:47','2022-05-30 02:37:47'),(2161,1,'en','plugins/cookie-consent/cookie-consent','theme_options.full_width','Full width','2022-05-30 02:37:47','2022-05-30 02:37:47'),(2162,1,'en','plugins/cookie-consent/cookie-consent','theme_options.minimal','Minimal','2022-05-30 02:37:47','2022-05-30 02:37:47'),(2163,1,'en','plugins/cookie-consent/cookie-consent','message','Your experience on this site will be improved by allowing cookies.','2022-05-30 02:37:47','2022-05-30 02:37:47'),(2164,1,'en','plugins/cookie-consent/cookie-consent','button_text','Allow cookies','2022-05-30 02:37:47','2022-05-30 02:37:47'),(2165,1,'en','plugins/ecommerce/brands','name','Brands','2022-05-30 02:37:47','2022-05-30 02:37:47'),(2166,1,'en','plugins/ecommerce/brands','create','New brand','2022-05-30 02:37:47','2022-05-30 02:37:47'),(2167,1,'en','plugins/ecommerce/brands','edit','Edit brand','2022-05-30 02:37:47','2022-05-30 02:37:47'),(2168,1,'en','plugins/ecommerce/brands','form.name','Name','2022-05-30 02:37:47','2022-05-30 02:37:47'),(2169,1,'en','plugins/ecommerce/brands','form.name_placeholder','Brand\'s name (Maximum 255 characters)','2022-05-30 02:37:47','2022-05-30 02:37:47'),(2170,1,'en','plugins/ecommerce/brands','form.description','Description','2022-05-30 02:37:48','2022-05-30 02:37:48'),(2171,1,'en','plugins/ecommerce/brands','form.description_placeholder','Short description for brand (Maximum 400 characters)','2022-05-30 02:37:48','2022-05-30 02:37:48'),(2172,1,'en','plugins/ecommerce/brands','form.website','Website','2022-05-30 02:37:48','2022-05-30 02:37:48'),(2173,1,'en','plugins/ecommerce/brands','form.logo','Logo','2022-05-30 02:37:48','2022-05-30 02:37:48'),(2174,1,'en','plugins/ecommerce/brands','form.is_featured','Is featured','2022-05-30 02:37:48','2022-05-30 02:37:48'),(2175,1,'en','plugins/ecommerce/brands','logo','Logo','2022-05-30 02:37:48','2022-05-30 02:37:48'),(2176,1,'en','plugins/ecommerce/brands','website','Website','2022-05-30 02:37:48','2022-05-30 02:37:48'),(2177,1,'en','plugins/ecommerce/brands','notices.no_select','Please select at least one record to take this action!','2022-05-30 02:37:48','2022-05-30 02:37:48'),(2178,1,'en','plugins/ecommerce/brands','notices.update_success_message','Update successfully','2022-05-30 02:37:48','2022-05-30 02:37:48'),(2179,1,'en','plugins/ecommerce/brands','cannot_delete','Brand could not be deleted','2022-05-30 02:37:48','2022-05-30 02:37:48'),(2180,1,'en','plugins/ecommerce/brands','brand_deleted','Brand deleted','2022-05-30 02:37:48','2022-05-30 02:37:48'),(2181,1,'en','plugins/ecommerce/brands','menu','Brands','2022-05-30 02:37:48','2022-05-30 02:37:48'),(2182,1,'en','plugins/ecommerce/brands','no_brand','No brand','2022-05-30 02:37:48','2022-05-30 02:37:48'),(2183,1,'en','plugins/ecommerce/brands','intro.title','Manage brands','2022-05-30 02:37:48','2022-05-30 02:37:48'),(2184,1,'en','plugins/ecommerce/brands','intro.description','Manage product brands such as Nike, Adidas, Bitis ...','2022-05-30 02:37:48','2022-05-30 02:37:48'),(2185,1,'en','plugins/ecommerce/brands','intro.button_text','Create brand','2022-05-30 02:37:48','2022-05-30 02:37:48'),(2186,1,'en','plugins/ecommerce/bulk-import','name','Bulk Import','2022-05-30 02:37:48','2022-05-30 02:37:48'),(2187,1,'en','plugins/ecommerce/bulk-import','loading_text','Importing','2022-05-30 02:37:48','2022-05-30 02:37:48'),(2188,1,'en','plugins/ecommerce/bulk-import','imported_successfully','Imported successfully.','2022-05-30 02:37:48','2022-05-30 02:37:48'),(2189,1,'en','plugins/ecommerce/bulk-import','please_choose_the_file_mime','Please choose the file mime :types','2022-05-30 02:37:48','2022-05-30 02:37:48'),(2190,1,'en','plugins/ecommerce/bulk-import','please_choose_the_file','Please choose the file','2022-05-30 02:37:48','2022-05-30 02:37:48'),(2191,1,'en','plugins/ecommerce/bulk-import','start_import','Start Import','2022-05-30 02:37:48','2022-05-30 02:37:48'),(2192,1,'en','plugins/ecommerce/bulk-import','note','Note!','2022-05-30 02:37:48','2022-05-30 02:37:48'),(2193,1,'en','plugins/ecommerce/bulk-import','warning_before_importing','If this is your first time using this feature, please read the documentation or contact the Administrator for access to the correct functionality!','2022-05-30 02:37:48','2022-05-30 02:37:48'),(2194,1,'en','plugins/ecommerce/bulk-import','results','Result: :success successes, :failed failures','2022-05-30 02:37:48','2022-05-30 02:37:48'),(2195,1,'en','plugins/ecommerce/bulk-import','failures','Failures','2022-05-30 02:37:48','2022-05-30 02:37:48'),(2196,1,'en','plugins/ecommerce/bulk-import','tables.import','Import','2022-05-30 02:37:48','2022-05-30 02:37:48'),(2197,1,'en','plugins/ecommerce/bulk-import','template','Template','2022-05-30 02:37:48','2022-05-30 02:37:48'),(2198,1,'en','plugins/ecommerce/bulk-import','rules','Rules','2022-05-30 02:37:48','2022-05-30 02:37:48'),(2199,1,'en','plugins/ecommerce/bulk-import','choose_file_with_mime','Choose file with mime: (:types)','2022-05-30 02:37:48','2022-05-30 02:37:48'),(2200,1,'en','plugins/ecommerce/bulk-import','choose_file','Choose file','2022-05-30 02:37:48','2022-05-30 02:37:48'),(2201,1,'en','plugins/ecommerce/bulk-import','menu','Import products','2022-05-30 02:37:48','2022-05-30 02:37:48'),(2202,1,'en','plugins/ecommerce/bulk-import','download-csv-file','Download CSV template','2022-05-30 02:37:48','2022-05-30 02:37:48'),(2203,1,'en','plugins/ecommerce/bulk-import','download-excel-file','Download Excel template','2022-05-30 02:37:48','2022-05-30 02:37:48'),(2204,1,'en','plugins/ecommerce/bulk-import','downloading','Downloading...','2022-05-30 02:37:48','2022-05-30 02:37:48'),(2205,1,'en','plugins/ecommerce/bulk-import','export.template.input_error','Input error','2022-05-30 02:37:48','2022-05-30 02:37:48'),(2206,1,'en','plugins/ecommerce/bulk-import','export.template.number_not_allowed','Number is not allowed!','2022-05-30 02:37:48','2022-05-30 02:37:48'),(2207,1,'en','plugins/ecommerce/bulk-import','export.template.allowed_input','Allowed input','2022-05-30 02:37:48','2022-05-30 02:37:48'),(2208,1,'en','plugins/ecommerce/bulk-import','export.template.prompt_decimal','Only numbers or decimals are accepted and greater than or equal to :min.','2022-05-30 02:37:48','2022-05-30 02:37:48'),(2209,1,'en','plugins/ecommerce/bulk-import','export.template.prompt_whole_number','Only numbers are accepted and greater than or equal to :min.','2022-05-30 02:37:48','2022-05-30 02:37:48'),(2210,1,'en','plugins/ecommerce/bulk-import','export.template.prompt_list','Please pick a value from the drop-down list.','2022-05-30 02:37:48','2022-05-30 02:37:48'),(2211,1,'en','plugins/ecommerce/bulk-import','export.template.pick_from_list','Pick from list','2022-05-30 02:37:48','2022-05-30 02:37:48'),(2212,1,'en','plugins/ecommerce/bulk-import','export.template.value_not_in_list','Value is not in list.','2022-05-30 02:37:48','2022-05-30 02:37:48'),(2213,1,'en','plugins/ecommerce/bulk-import','import_failed_description','Import failed, please check the errors below!','2022-05-30 02:37:48','2022-05-30 02:37:48'),(2214,1,'en','plugins/ecommerce/currency','currencies','Currencies','2022-05-30 02:37:48','2022-05-30 02:37:48'),(2215,1,'en','plugins/ecommerce/currency','setting_description','List of currencies using on website','2022-05-30 02:37:48','2022-05-30 02:37:48'),(2216,1,'en','plugins/ecommerce/currency','name','Name','2022-05-30 02:37:48','2022-05-30 02:37:48'),(2217,1,'en','plugins/ecommerce/currency','symbol','Symbol','2022-05-30 02:37:48','2022-05-30 02:37:48'),(2218,1,'en','plugins/ecommerce/currency','number_of_decimals','Number of decimals','2022-05-30 02:37:48','2022-05-30 02:37:48'),(2219,1,'en','plugins/ecommerce/currency','exchange_rate','Exchange rate','2022-05-30 02:37:48','2022-05-30 02:37:48'),(2220,1,'en','plugins/ecommerce/currency','is_prefix_symbol','Position of symbol','2022-05-30 02:37:48','2022-05-30 02:37:48'),(2221,1,'en','plugins/ecommerce/currency','is_default','Is default?','2022-05-30 02:37:48','2022-05-30 02:37:48'),(2222,1,'en','plugins/ecommerce/currency','remove','Remove','2022-05-30 02:37:48','2022-05-30 02:37:48'),(2223,1,'en','plugins/ecommerce/currency','new_currency','Add a new currency','2022-05-30 02:37:48','2022-05-30 02:37:48'),(2224,1,'en','plugins/ecommerce/currency','save_settings','Save settings','2022-05-30 02:37:48','2022-05-30 02:37:48'),(2225,1,'en','plugins/ecommerce/currency','before_number','Before number','2022-05-30 02:37:48','2022-05-30 02:37:48'),(2226,1,'en','plugins/ecommerce/currency','after_number','After number','2022-05-30 02:37:48','2022-05-30 02:37:48'),(2227,1,'en','plugins/ecommerce/currency','require_at_least_one_currency','The system requires at least one currency!','2022-05-30 02:37:48','2022-05-30 02:37:48'),(2228,1,'en','plugins/ecommerce/currency','enable_auto_detect_visitor_currency','Enable auto-detect visitor currency?','2022-05-30 02:37:48','2022-05-30 02:37:48'),(2229,1,'en','plugins/ecommerce/customer','name','Customers','2022-05-30 02:37:48','2022-05-30 02:37:48'),(2230,1,'en','plugins/ecommerce/customer','create','Create a customer','2022-05-30 02:37:48','2022-05-30 02:37:48'),(2231,1,'en','plugins/ecommerce/customer','edit','Edit customer \":name\"','2022-05-30 02:37:48','2022-05-30 02:37:48'),(2232,1,'en','plugins/ecommerce/customer','email','Email','2022-05-30 02:37:48','2022-05-30 02:37:48'),(2233,1,'en','plugins/ecommerce/customer','email_placeholder','Ex: example@gmail.com','2022-05-30 02:37:48','2022-05-30 02:37:48'),(2234,1,'en','plugins/ecommerce/customer','password','Password','2022-05-30 02:37:48','2022-05-30 02:37:48'),(2235,1,'en','plugins/ecommerce/customer','change_password','Change password?','2022-05-30 02:37:48','2022-05-30 02:37:48'),(2236,1,'en','plugins/ecommerce/customer','password_confirmation','Password confirmation','2022-05-30 02:37:48','2022-05-30 02:37:48'),(2237,1,'en','plugins/ecommerce/customer','intro.title','Manage customers','2022-05-30 02:37:48','2022-05-30 02:37:48'),(2238,1,'en','plugins/ecommerce/customer','intro.description','When a customer buy your product(s), you will know their order histories.','2022-05-30 02:37:48','2022-05-30 02:37:48'),(2239,1,'en','plugins/ecommerce/customer','intro.button_text','Create customer','2022-05-30 02:37:48','2022-05-30 02:37:48'),(2240,1,'en','plugins/ecommerce/customer','phone','Phone','2022-05-30 02:37:48','2022-05-30 02:37:48'),(2241,1,'en','plugins/ecommerce/customer','phone_placeholder','Phone','2022-05-30 02:37:48','2022-05-30 02:37:48'),(2242,1,'en','plugins/ecommerce/customer','avatar','Avatar','2022-05-30 02:37:48','2022-05-30 02:37:48'),(2243,1,'en','plugins/ecommerce/customer','dob','Date of birth','2022-05-30 02:37:48','2022-05-30 02:37:48'),(2244,1,'en','plugins/ecommerce/customer','statuses.activated','Activated','2022-05-30 02:37:48','2022-05-30 02:37:48'),(2245,1,'en','plugins/ecommerce/customer','statuses.locked','Locked','2022-05-30 02:37:48','2022-05-30 02:37:48'),(2246,1,'en','plugins/ecommerce/customer','email_verified','Email verified?','2022-05-30 02:37:48','2022-05-30 02:37:48'),(2247,1,'en','plugins/ecommerce/discount','name','Discounts','2022-05-30 02:37:48','2022-05-30 02:37:48'),(2248,1,'en','plugins/ecommerce/discount','create','Create discount','2022-05-30 02:37:48','2022-05-30 02:37:48'),(2249,1,'en','plugins/ecommerce/discount','invalid_coupon','This coupon is invalid or expired!','2022-05-30 02:37:48','2022-05-30 02:37:48'),(2250,1,'en','plugins/ecommerce/discount','cannot_use_same_time_with_other_discount_program','Cannot use this coupon in the same time with other discount program!','2022-05-30 02:37:48','2022-05-30 02:37:48'),(2251,1,'en','plugins/ecommerce/discount','not_used','This coupon is not used yet!','2022-05-30 02:37:48','2022-05-30 02:37:48'),(2252,1,'en','plugins/ecommerce/discount','detail','Detail','2022-05-30 02:37:48','2022-05-30 02:37:48'),(2253,1,'en','plugins/ecommerce/discount','used','Used','2022-05-30 02:37:48','2022-05-30 02:37:48'),(2254,1,'en','plugins/ecommerce/discount','intro.title','Manage discount/coupon code','2022-05-30 02:37:48','2022-05-30 02:37:48'),(2255,1,'en','plugins/ecommerce/discount','intro.description','Create coupon code or promotion for your products.','2022-05-30 02:37:48','2022-05-30 02:37:48'),(2256,1,'en','plugins/ecommerce/discount','intro.button_text','Create discount','2022-05-30 02:37:48','2022-05-30 02:37:48'),(2257,1,'en','plugins/ecommerce/discount','expired','Expired','2022-05-30 02:37:48','2022-05-30 02:37:48'),(2258,1,'en','plugins/ecommerce/discount','discount_promotion','Discount promotion','2022-05-30 02:37:48','2022-05-30 02:37:48'),(2259,1,'en','plugins/ecommerce/discount','can','can','2022-05-30 02:37:48','2022-05-30 02:37:48'),(2260,1,'en','plugins/ecommerce/discount','cannot','cannot','2022-05-30 02:37:48','2022-05-30 02:37:48'),(2261,1,'en','plugins/ecommerce/discount','use_with_promotion','be used with promotion','2022-05-30 02:37:48','2022-05-30 02:37:48'),(2262,1,'en','plugins/ecommerce/discount','create_discount_validate_title_required_if','Please enter the name of the promotion','2022-05-30 02:37:48','2022-05-30 02:37:48'),(2263,1,'en','plugins/ecommerce/discount','create_discount_validate_code_required_if','Please enter the promotion code','2022-05-30 02:37:48','2022-05-30 02:37:48'),(2264,1,'en','plugins/ecommerce/discount','create_discount_validate_value_required','Amount must be greater than 0','2022-05-30 02:37:48','2022-05-30 02:37:48'),(2265,1,'en','plugins/ecommerce/discount','create_discount_validate_target_required','No object selected for promotion','2022-05-30 02:37:48','2022-05-30 02:37:48'),(2266,1,'en','plugins/ecommerce/discount','enums.type-options.amount','Amount - Fixed','2022-05-30 02:37:48','2022-05-30 02:37:48'),(2267,1,'en','plugins/ecommerce/discount','enums.type-options.percentage','Discount %','2022-05-30 02:37:48','2022-05-30 02:37:48'),(2268,1,'en','plugins/ecommerce/discount','enums.type-options.shipping','Free shipping','2022-05-30 02:37:48','2022-05-30 02:37:48'),(2269,1,'en','plugins/ecommerce/discount','enums.type-options.same-price','Same price','2022-05-30 02:37:48','2022-05-30 02:37:48'),(2270,1,'en','plugins/ecommerce/discount','discount','Discount','2022-05-30 02:37:48','2022-05-30 02:37:48'),(2271,1,'en','plugins/ecommerce/discount','create_coupon_code','Create coupon code','2022-05-30 02:37:48','2022-05-30 02:37:48'),(2272,1,'en','plugins/ecommerce/discount','create_discount_promotion','Create discount promotion','2022-05-30 02:37:48','2022-05-30 02:37:48'),(2273,1,'en','plugins/ecommerce/discount','generate_coupon_code','Generate coupon code','2022-05-30 02:37:48','2022-05-30 02:37:48'),(2274,1,'en','plugins/ecommerce/discount','customers_will_enter_this_coupon_code_when_they_checkout','Customers will enter this coupon code when they checkout','2022-05-30 02:37:48','2022-05-30 02:37:48'),(2275,1,'en','plugins/ecommerce/discount','select_type_of_discount','Select type of discount','2022-05-30 02:37:48','2022-05-30 02:37:48'),(2276,1,'en','plugins/ecommerce/discount','coupon_code','Coupon code','2022-05-30 02:37:48','2022-05-30 02:37:48'),(2277,1,'en','plugins/ecommerce/discount','promotion','Promotion','2022-05-30 02:37:48','2022-05-30 02:37:48'),(2278,1,'en','plugins/ecommerce/discount','can_be_used_with_promotion','Can be used with promotion','2022-05-30 02:37:48','2022-05-30 02:37:48'),(2279,1,'en','plugins/ecommerce/discount','unlimited_coupon','Unlimited coupon','2022-05-30 02:37:48','2022-05-30 02:37:48'),(2280,1,'en','plugins/ecommerce/discount','enter_number','Enter number','2022-05-30 02:37:48','2022-05-30 02:37:48'),(2281,1,'en','plugins/ecommerce/discount','coupon_type','Coupon type','2022-05-30 02:37:48','2022-05-30 02:37:48'),(2282,1,'en','plugins/ecommerce/discount','percentage_discount','Percentage discount (%)','2022-05-30 02:37:48','2022-05-30 02:37:48'),(2283,1,'en','plugins/ecommerce/discount','free_shipping','Free shipping','2022-05-30 02:37:48','2022-05-30 02:37:48'),(2284,1,'en','plugins/ecommerce/discount','same_price','Same price','2022-05-30 02:37:48','2022-05-30 02:37:48'),(2285,1,'en','plugins/ecommerce/discount','apply_for','apply for','2022-05-30 02:37:48','2022-05-30 02:37:48'),(2286,1,'en','plugins/ecommerce/discount','all_orders','All orders','2022-05-30 02:37:48','2022-05-30 02:37:48'),(2287,1,'en','plugins/ecommerce/discount','order_amount_from','Order amount from','2022-05-30 02:37:48','2022-05-30 02:37:48'),(2288,1,'en','plugins/ecommerce/discount','product_collection','Product collection','2022-05-30 02:37:48','2022-05-30 02:37:48'),(2289,1,'en','plugins/ecommerce/discount','product','Product','2022-05-30 02:37:48','2022-05-30 02:37:48'),(2290,1,'en','plugins/ecommerce/discount','customer','Customer','2022-05-30 02:37:48','2022-05-30 02:37:48'),(2291,1,'en','plugins/ecommerce/discount','variant','Variant','2022-05-30 02:37:48','2022-05-30 02:37:48'),(2292,1,'en','plugins/ecommerce/discount','search_product','Search product','2022-05-30 02:37:48','2022-05-30 02:37:48'),(2293,1,'en','plugins/ecommerce/discount','no_products_found','No products found!','2022-05-30 02:37:48','2022-05-30 02:37:48'),(2294,1,'en','plugins/ecommerce/discount','search_customer','Search customer','2022-05-30 02:37:48','2022-05-30 02:37:48'),(2295,1,'en','plugins/ecommerce/discount','no_customer_found','No customer found!','2022-05-30 02:37:48','2022-05-30 02:37:48'),(2296,1,'en','plugins/ecommerce/discount','one_time_per_order','One time per order','2022-05-30 02:37:48','2022-05-30 02:37:48'),(2297,1,'en','plugins/ecommerce/discount','one_time_per_product_in_cart','One time per product in cart','2022-05-30 02:37:48','2022-05-30 02:37:48'),(2298,1,'en','plugins/ecommerce/discount','number_of_products','Number of products required to apply','2022-05-30 02:37:48','2022-05-30 02:37:48'),(2299,1,'en','plugins/ecommerce/discount','selected_products','Selected products','2022-05-30 02:37:48','2022-05-30 02:37:48'),(2300,1,'en','plugins/ecommerce/discount','selected_customers','Selected customers','2022-05-30 02:37:48','2022-05-30 02:37:48'),(2301,1,'en','plugins/ecommerce/discount','time','Time','2022-05-30 02:37:48','2022-05-30 02:37:48'),(2302,1,'en','plugins/ecommerce/discount','start_date','Start date','2022-05-30 02:37:48','2022-05-30 02:37:48'),(2303,1,'en','plugins/ecommerce/discount','end_date','End date','2022-05-30 02:37:48','2022-05-30 02:37:48'),(2304,1,'en','plugins/ecommerce/discount','never_expired','Never expired','2022-05-30 02:37:48','2022-05-30 02:37:48'),(2305,1,'en','plugins/ecommerce/discount','save','Save','2022-05-30 02:37:48','2022-05-30 02:37:48'),(2306,1,'en','plugins/ecommerce/discount','enter_promotion_name','Enter promotion name','2022-05-30 02:37:48','2022-05-30 02:37:48'),(2307,1,'en','plugins/ecommerce/discount','enter_coupon_name','Enter coupon name','2022-05-30 02:37:48','2022-05-30 02:37:48'),(2308,1,'en','plugins/ecommerce/discount','cancel','Cancel','2022-05-30 02:37:48','2022-05-30 02:37:48'),(2309,1,'en','plugins/ecommerce/discount','is','Is','2022-05-30 02:37:48','2022-05-30 02:37:48'),(2310,1,'en','plugins/ecommerce/discount','when_shipping_fee_less_than','when shipping fee less than','2022-05-30 02:37:48','2022-05-30 02:37:48'),(2311,1,'en','plugins/ecommerce/ecommerce','settings','Settings','2022-05-30 02:37:48','2022-05-30 02:37:48'),(2312,1,'en','plugins/ecommerce/ecommerce','name','Ecommerce','2022-05-30 02:37:48','2022-05-30 02:37:48'),(2313,1,'en','plugins/ecommerce/ecommerce','setting.email.title','E-commerce','2022-05-30 02:37:48','2022-05-30 02:37:48'),(2314,1,'en','plugins/ecommerce/ecommerce','setting.email.description','Ecommerce email config','2022-05-30 02:37:48','2022-05-30 02:37:48'),(2315,1,'en','plugins/ecommerce/ecommerce','setting.email.order_confirm_subject','Subject of order confirmation email','2022-05-30 02:37:48','2022-05-30 02:37:48'),(2316,1,'en','plugins/ecommerce/ecommerce','setting.email.order_confirm_subject_placeholder','The subject of email confirmation send to the customer','2022-05-30 02:37:48','2022-05-30 02:37:48'),(2317,1,'en','plugins/ecommerce/ecommerce','setting.email.order_confirm_content','Content of order confirmation email','2022-05-30 02:37:48','2022-05-30 02:37:48'),(2318,1,'en','plugins/ecommerce/ecommerce','setting.email.order_status_change_subject','Subject of email when changing order\'s status','2022-05-30 02:37:48','2022-05-30 02:37:48'),(2319,1,'en','plugins/ecommerce/ecommerce','setting.email.order_status_change_subject_placeholder','Subject of email when changing order\'s status send to customer','2022-05-30 02:37:48','2022-05-30 02:37:48'),(2320,1,'en','plugins/ecommerce/ecommerce','setting.email.order_status_change_content','Content of email when changing order\'s status','2022-05-30 02:37:48','2022-05-30 02:37:48'),(2321,1,'en','plugins/ecommerce/ecommerce','setting.email.from_email','Email from','2022-05-30 02:37:48','2022-05-30 02:37:48'),(2322,1,'en','plugins/ecommerce/ecommerce','setting.email.from_email_placeholder','Email from address to display in mail. Ex: example@gmail.com','2022-05-30 02:37:48','2022-05-30 02:37:48'),(2323,1,'en','plugins/ecommerce/ecommerce','setting.title','Basic information','2022-05-30 02:37:48','2022-05-30 02:37:48'),(2324,1,'en','plugins/ecommerce/ecommerce','setting.state','State','2022-05-30 02:37:48','2022-05-30 02:37:48'),(2325,1,'en','plugins/ecommerce/ecommerce','setting.city','City','2022-05-30 02:37:48','2022-05-30 02:37:48'),(2326,1,'en','plugins/ecommerce/ecommerce','setting.country','Country','2022-05-30 02:37:48','2022-05-30 02:37:48'),(2327,1,'en','plugins/ecommerce/ecommerce','setting.weight_unit_gram','Gram (g)','2022-05-30 02:37:48','2022-05-30 02:37:48'),(2328,1,'en','plugins/ecommerce/ecommerce','setting.weight_unit_kilogram','Kilogram (kg)','2022-05-30 02:37:48','2022-05-30 02:37:48'),(2329,1,'en','plugins/ecommerce/ecommerce','setting.weight_unit_lb','Pound (lb)','2022-05-30 02:37:48','2022-05-30 02:37:48'),(2330,1,'en','plugins/ecommerce/ecommerce','setting.weight_unit_oz','Ounce (oz)','2022-05-30 02:37:48','2022-05-30 02:37:48'),(2331,1,'en','plugins/ecommerce/ecommerce','setting.height_unit_cm','Centimeter (cm)','2022-05-30 02:37:48','2022-05-30 02:37:48'),(2332,1,'en','plugins/ecommerce/ecommerce','setting.height_unit_m','Meter (m)','2022-05-30 02:37:48','2022-05-30 02:37:48'),(2333,1,'en','plugins/ecommerce/ecommerce','setting.height_unit_inch','Inch','2022-05-30 02:37:48','2022-05-30 02:37:48'),(2334,1,'en','plugins/ecommerce/ecommerce','setting.store_locator_title','Store locators','2022-05-30 02:37:48','2022-05-30 02:37:48'),(2335,1,'en','plugins/ecommerce/ecommerce','setting.store_locator_description','All the lists of your chains, main stores, branches, etc. The locations can be used to track sales and to help us configure tax rates to charge when selling products.','2022-05-30 02:37:48','2022-05-30 02:37:48'),(2336,1,'en','plugins/ecommerce/ecommerce','setting.phone','Phone','2022-05-30 02:37:48','2022-05-30 02:37:48'),(2337,1,'en','plugins/ecommerce/ecommerce','setting.address','Address','2022-05-30 02:37:48','2022-05-30 02:37:48'),(2338,1,'en','plugins/ecommerce/ecommerce','setting.is_primary','Primary?','2022-05-30 02:37:48','2022-05-30 02:37:48'),(2339,1,'en','plugins/ecommerce/ecommerce','setting.add_new','Add new','2022-05-30 02:37:48','2022-05-30 02:37:48'),(2340,1,'en','plugins/ecommerce/ecommerce','setting.or','Or','2022-05-30 02:37:48','2022-05-30 02:37:48'),(2341,1,'en','plugins/ecommerce/ecommerce','setting.change_primary_store','change default store locator','2022-05-30 02:37:48','2022-05-30 02:37:48'),(2342,1,'en','plugins/ecommerce/ecommerce','setting.other_settings','Other settings','2022-05-30 02:37:48','2022-05-30 02:37:48'),(2343,1,'en','plugins/ecommerce/ecommerce','setting.other_settings_description','Settings for cart, review...','2022-05-30 02:37:48','2022-05-30 02:37:48'),(2344,1,'en','plugins/ecommerce/ecommerce','setting.enable_cart','Enable shopping cart?','2022-05-30 02:37:48','2022-05-30 02:37:48'),(2345,1,'en','plugins/ecommerce/ecommerce','setting.enable_tax','Enable tax?','2022-05-30 02:37:48','2022-05-30 02:37:48'),(2346,1,'en','plugins/ecommerce/ecommerce','setting.display_product_price_including_taxes','Display product price including taxes?','2022-05-30 02:37:48','2022-05-30 02:37:48'),(2347,1,'en','plugins/ecommerce/ecommerce','setting.enable_review','Enable review?','2022-05-30 02:37:48','2022-05-30 02:37:48'),(2348,1,'en','plugins/ecommerce/ecommerce','setting.enable_quick_buy_button','Enable quick buy button?','2022-05-30 02:37:48','2022-05-30 02:37:48'),(2349,1,'en','plugins/ecommerce/ecommerce','setting.quick_buy_target','Quick buy target page?','2022-05-30 02:37:48','2022-05-30 02:37:48'),(2350,1,'en','plugins/ecommerce/ecommerce','setting.checkout_page','Checkout page','2022-05-30 02:37:48','2022-05-30 02:37:48'),(2351,1,'en','plugins/ecommerce/ecommerce','setting.cart_page','Cart page','2022-05-30 02:37:48','2022-05-30 02:37:48'),(2352,1,'en','plugins/ecommerce/ecommerce','setting.add_location','Add location','2022-05-30 02:37:48','2022-05-30 02:37:48'),(2353,1,'en','plugins/ecommerce/ecommerce','setting.edit_location','Edit location','2022-05-30 02:37:49','2022-05-30 02:37:49'),(2354,1,'en','plugins/ecommerce/ecommerce','setting.delete_location','Delete location','2022-05-30 02:37:49','2022-05-30 02:37:49'),(2355,1,'en','plugins/ecommerce/ecommerce','setting.change_primary_location','Change primary location','2022-05-30 02:37:49','2022-05-30 02:37:49'),(2356,1,'en','plugins/ecommerce/ecommerce','setting.delete_location_confirmation','Are you sure you want to delete this location? This action cannot be undo.','2022-05-30 02:37:49','2022-05-30 02:37:49'),(2357,1,'en','plugins/ecommerce/ecommerce','setting.save_location','Save location','2022-05-30 02:37:49','2022-05-30 02:37:49'),(2358,1,'en','plugins/ecommerce/ecommerce','setting.accept','Accept','2022-05-30 02:37:49','2022-05-30 02:37:49'),(2359,1,'en','plugins/ecommerce/ecommerce','setting.select_country','Select country...','2022-05-30 02:37:49','2022-05-30 02:37:49'),(2360,1,'en','plugins/ecommerce/ecommerce','setting.zip_code_enabled','Enable Zip Code?','2022-05-30 02:37:49','2022-05-30 02:37:49'),(2361,1,'en','plugins/ecommerce/ecommerce','setting.thousands_separator','Thousands separator','2022-05-30 02:37:49','2022-05-30 02:37:49'),(2362,1,'en','plugins/ecommerce/ecommerce','setting.decimal_separator','Decimal separator','2022-05-30 02:37:49','2022-05-30 02:37:49'),(2363,1,'en','plugins/ecommerce/ecommerce','setting.separator_period','Period (.)','2022-05-30 02:37:49','2022-05-30 02:37:49'),(2364,1,'en','plugins/ecommerce/ecommerce','setting.separator_comma','Comma (,)','2022-05-30 02:37:49','2022-05-30 02:37:49'),(2365,1,'en','plugins/ecommerce/ecommerce','setting.separator_space','Space ( )','2022-05-30 02:37:49','2022-05-30 02:37:49'),(2366,1,'en','plugins/ecommerce/ecommerce','setting.available_countries','Available countries','2022-05-30 02:37:49','2022-05-30 02:37:49'),(2367,1,'en','plugins/ecommerce/ecommerce','setting.all','All','2022-05-30 02:37:49','2022-05-30 02:37:49'),(2368,1,'en','plugins/ecommerce/ecommerce','setting.verify_customer_email','Verify customer\'s email?','2022-05-30 02:37:49','2022-05-30 02:37:49'),(2369,1,'en','plugins/ecommerce/ecommerce','setting.minimum_order_amount','Minimum order amount to place an order (:currency).','2022-05-30 02:37:49','2022-05-30 02:37:49'),(2370,1,'en','plugins/ecommerce/ecommerce','setting.enable_guest_checkout','Enable guest checkout?','2022-05-30 02:37:49','2022-05-30 02:37:49'),(2371,1,'en','plugins/ecommerce/ecommerce','setting.show_number_of_products','Show number of products in the product single','2022-05-30 02:37:49','2022-05-30 02:37:49'),(2372,1,'en','plugins/ecommerce/ecommerce','setting.payment_method_cod_minimum_amount','Minimum order amount - :currency (Optional)','2022-05-30 02:37:49','2022-05-30 02:37:49'),(2373,1,'en','plugins/ecommerce/ecommerce','setting.review.max_file_size','Review max file size (MB)','2022-05-30 02:37:49','2022-05-30 02:37:49'),(2374,1,'en','plugins/ecommerce/ecommerce','setting.review.max_file_number','Review max file number','2022-05-30 02:37:49','2022-05-30 02:37:49'),(2375,1,'en','plugins/ecommerce/ecommerce','setting.using_custom_font_for_invoice','Using custom font for invoice?','2022-05-30 02:37:49','2022-05-30 02:37:49'),(2376,1,'en','plugins/ecommerce/ecommerce','setting.invoice_font_family','Invoice font family (Only work for Latin language)','2022-05-30 02:37:49','2022-05-30 02:37:49'),(2377,1,'en','plugins/ecommerce/ecommerce','setting.enable_invoice_stamp','Enable invoice stamp?','2022-05-30 02:37:49','2022-05-30 02:37:49'),(2378,1,'en','plugins/ecommerce/ecommerce','setting.make_phone_field_at_the_checkout_optional','Make phone field at the checkout optional?','2022-05-30 02:37:49','2022-05-30 02:37:49'),(2379,1,'en','plugins/ecommerce/ecommerce','setting.disable_order_invoice_until_order_confirmed','Disable order invoice until order confirmed?','2022-05-30 02:37:49','2022-05-30 02:37:49'),(2380,1,'en','plugins/ecommerce/ecommerce','setting.vat_number','VAT number','2022-05-30 02:37:49','2022-05-30 02:37:49'),(2381,1,'en','plugins/ecommerce/ecommerce','setting.enable_recaptcha_in_register_page','Enable Recaptcha in the registration page?','2022-05-30 02:37:49','2022-05-30 02:37:49'),(2382,1,'en','plugins/ecommerce/ecommerce','setting.enable_recaptcha_in_register_page_description','Need to setup Captcha in Admin -> Settings -> General first.','2022-05-30 02:37:49','2022-05-30 02:37:49'),(2383,1,'en','plugins/ecommerce/ecommerce','setting.show_out_of_stock_products','Show out of stock products?','2022-05-30 02:37:49','2022-05-30 02:37:49'),(2384,1,'en','plugins/ecommerce/ecommerce','setting.default_tax_rate','Default tax rate','2022-05-30 02:37:49','2022-05-30 02:37:49'),(2385,1,'en','plugins/ecommerce/ecommerce','setting.default_tax_rate_description','Important: it will be applied if no tax selected in product.','2022-05-30 02:37:49','2022-05-30 02:37:49'),(2386,1,'en','plugins/ecommerce/ecommerce','setting.how_to_display_product_variation_images','How to display product variation images?','2022-05-30 02:37:49','2022-05-30 02:37:49'),(2387,1,'en','plugins/ecommerce/ecommerce','setting.only_variation_images','Only variation images','2022-05-30 02:37:49','2022-05-30 02:37:49'),(2388,1,'en','plugins/ecommerce/ecommerce','setting.variation_images_and_main_product_images','Variation images + main product images','2022-05-30 02:37:49','2022-05-30 02:37:49'),(2389,1,'en','plugins/ecommerce/ecommerce','setting.load_countries_states_cities_from_location_plugin','Load countries, states, cities from plugin location?','2022-05-30 02:37:49','2022-05-30 02:37:49'),(2390,1,'en','plugins/ecommerce/ecommerce','setting.enable_wishlist','Enable wishlist?','2022-05-30 02:37:49','2022-05-30 02:37:49'),(2391,1,'en','plugins/ecommerce/ecommerce','setting.enable_compare','Enable compare?','2022-05-30 02:37:49','2022-05-30 02:37:49'),(2392,1,'en','plugins/ecommerce/ecommerce','setting.enable_order_tracking','Enable order tracking?','2022-05-30 02:37:49','2022-05-30 02:37:49'),(2393,1,'en','plugins/ecommerce/ecommerce','setting.recently_viewed.enable','Enable customer recently viewed products?','2022-05-30 02:37:49','2022-05-30 02:37:49'),(2394,1,'en','plugins/ecommerce/ecommerce','setting.recently_viewed.max','Maximum number of customer recently viewed products','2022-05-30 02:37:49','2022-05-30 02:37:49'),(2395,1,'en','plugins/ecommerce/ecommerce','setting.recently_viewed.max_helper','If you set 0, it will save all products.','2022-05-30 02:37:49','2022-05-30 02:37:49'),(2396,1,'en','plugins/ecommerce/ecommerce','store_address','Store address','2022-05-30 02:37:49','2022-05-30 02:37:49'),(2397,1,'en','plugins/ecommerce/ecommerce','store_phone','Store phone','2022-05-30 02:37:49','2022-05-30 02:37:49'),(2398,1,'en','plugins/ecommerce/ecommerce','order_id','Order ID','2022-05-30 02:37:49','2022-05-30 02:37:49'),(2399,1,'en','plugins/ecommerce/ecommerce','order_token','Order token','2022-05-30 02:37:49','2022-05-30 02:37:49'),(2400,1,'en','plugins/ecommerce/ecommerce','customer_name','Customer name','2022-05-30 02:37:49','2022-05-30 02:37:49'),(2401,1,'en','plugins/ecommerce/ecommerce','customer_email','Customer email','2022-05-30 02:37:49','2022-05-30 02:37:49'),(2402,1,'en','plugins/ecommerce/ecommerce','customer_phone','Customer phone','2022-05-30 02:37:49','2022-05-30 02:37:49'),(2403,1,'en','plugins/ecommerce/ecommerce','customer_address','Customer address','2022-05-30 02:37:49','2022-05-30 02:37:49'),(2404,1,'en','plugins/ecommerce/ecommerce','product_list','List products in order','2022-05-30 02:37:49','2022-05-30 02:37:49'),(2405,1,'en','plugins/ecommerce/ecommerce','payment_detail','Payment detail','2022-05-30 02:37:49','2022-05-30 02:37:49'),(2406,1,'en','plugins/ecommerce/ecommerce','shipping_method','Shipping method','2022-05-30 02:37:49','2022-05-30 02:37:49'),(2407,1,'en','plugins/ecommerce/ecommerce','payment_method','Payment method','2022-05-30 02:37:49','2022-05-30 02:37:49'),(2408,1,'en','plugins/ecommerce/ecommerce','standard_and_format','Standard & Format','2022-05-30 02:37:49','2022-05-30 02:37:49'),(2409,1,'en','plugins/ecommerce/ecommerce','standard_and_format_description','Standards and formats are used to calculate things like product prices, shipping weights, and order times.','2022-05-30 02:37:49','2022-05-30 02:37:49'),(2410,1,'en','plugins/ecommerce/ecommerce','change_order_format','Edit order code format (optional)','2022-05-30 02:37:49','2022-05-30 02:37:49'),(2411,1,'en','plugins/ecommerce/ecommerce','change_order_format_description','The default order code starts at: number. You can change the start or end string to create the order code you want, for example \"DH-: number\" or \": number-A\"','2022-05-30 02:37:49','2022-05-30 02:37:49'),(2412,1,'en','plugins/ecommerce/ecommerce','start_with','Start with','2022-05-30 02:37:49','2022-05-30 02:37:49'),(2413,1,'en','plugins/ecommerce/ecommerce','end_with','End with','2022-05-30 02:37:49','2022-05-30 02:37:49'),(2414,1,'en','plugins/ecommerce/ecommerce','order_will_be_shown','Your order code will be shown','2022-05-30 02:37:49','2022-05-30 02:37:49'),(2415,1,'en','plugins/ecommerce/ecommerce','weight_unit','Unit of weight','2022-05-30 02:37:49','2022-05-30 02:37:49'),(2416,1,'en','plugins/ecommerce/ecommerce','height_unit','Unit length / height','2022-05-30 02:37:49','2022-05-30 02:37:49'),(2417,1,'en','plugins/ecommerce/ecommerce','theme_options.name','Ecommerce','2022-05-30 02:37:49','2022-05-30 02:37:49'),(2418,1,'en','plugins/ecommerce/ecommerce','theme_options.description','Theme options for Ecommerce','2022-05-30 02:37:49','2022-05-30 02:37:49'),(2419,1,'en','plugins/ecommerce/ecommerce','theme_options.number_products_per_page','Number of products per page','2022-05-30 02:37:49','2022-05-30 02:37:49'),(2420,1,'en','plugins/ecommerce/ecommerce','theme_options.number_of_cross_sale_product','Number of cross sale products in product detail page','2022-05-30 02:37:49','2022-05-30 02:37:49'),(2421,1,'en','plugins/ecommerce/ecommerce','theme_options.max_price_filter','Maximum price to filter','2022-05-30 02:37:49','2022-05-30 02:37:49'),(2422,1,'en','plugins/ecommerce/ecommerce','theme_options.logo_in_the_checkout_page','Logo in the checkout page (Default is the main logo)','2022-05-30 02:37:49','2022-05-30 02:37:49'),(2423,1,'en','plugins/ecommerce/ecommerce','theme_options.logo_in_invoices','Logo in invoices (Default is the main logo)','2022-05-30 02:37:49','2022-05-30 02:37:49'),(2424,1,'en','plugins/ecommerce/ecommerce','basic_settings','Basic settings','2022-05-30 02:37:49','2022-05-30 02:37:49'),(2425,1,'en','plugins/ecommerce/ecommerce','advanced_settings','Advanced settings','2022-05-30 02:37:49','2022-05-30 02:37:49'),(2426,1,'en','plugins/ecommerce/email','customer_new_order_title','Order confirmation','2022-05-30 02:37:49','2022-05-30 02:37:49'),(2427,1,'en','plugins/ecommerce/email','customer_new_order_description','Send email confirmation to customer when an order placed','2022-05-30 02:37:49','2022-05-30 02:37:49'),(2428,1,'en','plugins/ecommerce/email','order_cancellation_title','Order cancellation','2022-05-30 02:37:49','2022-05-30 02:37:49'),(2429,1,'en','plugins/ecommerce/email','order_cancellation_description','Send to custom when they cancelled order','2022-05-30 02:37:49','2022-05-30 02:37:49'),(2430,1,'en','plugins/ecommerce/email','delivery_confirmation_title','Delivering confirmation','2022-05-30 02:37:49','2022-05-30 02:37:49'),(2431,1,'en','plugins/ecommerce/email','delivery_confirmation_description','Send to customer when order is delivering','2022-05-30 02:37:49','2022-05-30 02:37:49'),(2432,1,'en','plugins/ecommerce/email','admin_new_order_title','Notice about new order','2022-05-30 02:37:49','2022-05-30 02:37:49'),(2433,1,'en','plugins/ecommerce/email','admin_new_order_description','Send to administrators when an order placed','2022-05-30 02:37:49','2022-05-30 02:37:49'),(2434,1,'en','plugins/ecommerce/email','order_confirmation_title','Order confirmation','2022-05-30 02:37:49','2022-05-30 02:37:49'),(2435,1,'en','plugins/ecommerce/email','order_confirmation_description','Send to customer when they order was confirmed by admins','2022-05-30 02:37:49','2022-05-30 02:37:49'),(2436,1,'en','plugins/ecommerce/email','payment_confirmation_title','Payment confirmation','2022-05-30 02:37:49','2022-05-30 02:37:49'),(2437,1,'en','plugins/ecommerce/email','payment_confirmation_description','Send to customer when their payment was confirmed','2022-05-30 02:37:49','2022-05-30 02:37:49'),(2438,1,'en','plugins/ecommerce/email','order_recover_title','Incomplete order','2022-05-30 02:37:49','2022-05-30 02:37:49'),(2439,1,'en','plugins/ecommerce/email','order_recover_description','Send to custom to remind them about incomplete orders','2022-05-30 02:37:49','2022-05-30 02:37:49'),(2440,1,'en','plugins/ecommerce/email','view_order','View order','2022-05-30 02:37:49','2022-05-30 02:37:49'),(2441,1,'en','plugins/ecommerce/email','link_go_to_our_shop','or <a href=\":link\">Go to our shop</a>','2022-05-30 02:37:49','2022-05-30 02:37:49'),(2442,1,'en','plugins/ecommerce/email','order_number','Order number: <strong>:order_id</strong>','2022-05-30 02:37:49','2022-05-30 02:37:49'),(2443,1,'en','plugins/ecommerce/email','order_information','Order information:','2022-05-30 02:37:49','2022-05-30 02:37:49'),(2444,1,'en','plugins/ecommerce/export','products.name','Export products','2022-05-30 02:37:49','2022-05-30 02:37:49'),(2445,1,'en','plugins/ecommerce/export','products.title','Export Products (CSV)','2022-05-30 02:37:49','2022-05-30 02:37:49'),(2446,1,'en','plugins/ecommerce/export','products.total_products','Total products','2022-05-30 02:37:49','2022-05-30 02:37:49'),(2447,1,'en','plugins/ecommerce/export','products.total_variations','Total variations','2022-05-30 02:37:49','2022-05-30 02:37:49'),(2448,1,'en','plugins/ecommerce/export','start_export','Start export','2022-05-30 02:37:49','2022-05-30 02:37:49'),(2449,1,'en','plugins/ecommerce/export','exporting','Exporting...','2022-05-30 02:37:49','2022-05-30 02:37:49'),(2450,1,'en','plugins/ecommerce/export','export','Export','2022-05-30 02:37:49','2022-05-30 02:37:49'),(2451,1,'en','plugins/ecommerce/flash-sale','name','Flash sales','2022-05-30 02:37:49','2022-05-30 02:37:49'),(2452,1,'en','plugins/ecommerce/flash-sale','create','New flash sale','2022-05-30 02:37:49','2022-05-30 02:37:49'),(2453,1,'en','plugins/ecommerce/flash-sale','edit','Edit flash sale','2022-05-30 02:37:49','2022-05-30 02:37:49'),(2454,1,'en','plugins/ecommerce/flash-sale','products','Products','2022-05-30 02:37:49','2022-05-30 02:37:49'),(2455,1,'en','plugins/ecommerce/order','statuses.pending','Pending','2022-05-30 02:37:49','2022-05-30 02:37:49'),(2456,1,'en','plugins/ecommerce/order','statuses.processing','Processing','2022-05-30 02:37:49','2022-05-30 02:37:49'),(2457,1,'en','plugins/ecommerce/order','statuses.completed','Completed','2022-05-30 02:37:49','2022-05-30 02:37:49'),(2458,1,'en','plugins/ecommerce/order','statuses.canceled','Canceled','2022-05-30 02:37:49','2022-05-30 02:37:49'),(2459,1,'en','plugins/ecommerce/order','menu','Orders','2022-05-30 02:37:49','2022-05-30 02:37:49'),(2460,1,'en','plugins/ecommerce/order','create','Create an order','2022-05-30 02:37:49','2022-05-30 02:37:49'),(2461,1,'en','plugins/ecommerce/order','cancel_error','The order is delivering or completed','2022-05-30 02:37:49','2022-05-30 02:37:49'),(2462,1,'en','plugins/ecommerce/order','cancel_success','You do cancel the order successful','2022-05-30 02:37:49','2022-05-30 02:37:49'),(2463,1,'en','plugins/ecommerce/order','incomplete_order','Incomplete orders','2022-05-30 02:37:49','2022-05-30 02:37:49'),(2464,1,'en','plugins/ecommerce/order','order_id','Order ID','2022-05-30 02:37:49','2022-05-30 02:37:49'),(2465,1,'en','plugins/ecommerce/order','product_id','Product ID','2022-05-30 02:37:49','2022-05-30 02:37:49'),(2466,1,'en','plugins/ecommerce/order','customer_label','Customer','2022-05-30 02:37:49','2022-05-30 02:37:49'),(2467,1,'en','plugins/ecommerce/order','tax_amount','Tax Amount','2022-05-30 02:37:49','2022-05-30 02:37:49'),(2468,1,'en','plugins/ecommerce/order','shipping_amount','Shipping amount','2022-05-30 02:37:49','2022-05-30 02:37:49'),(2469,1,'en','plugins/ecommerce/order','payment_method','Payment method','2022-05-30 02:37:49','2022-05-30 02:37:49'),(2470,1,'en','plugins/ecommerce/order','payment_status_label','Payment status','2022-05-30 02:37:49','2022-05-30 02:37:49'),(2471,1,'en','plugins/ecommerce/order','manage_orders','Manage orders','2022-05-30 02:37:49','2022-05-30 02:37:49'),(2472,1,'en','plugins/ecommerce/order','order_intro_description','Once your store has orders, this is where you will process and track those orders.','2022-05-30 02:37:49','2022-05-30 02:37:49'),(2473,1,'en','plugins/ecommerce/order','create_new_order','Create a new order','2022-05-30 02:37:49','2022-05-30 02:37:49'),(2474,1,'en','plugins/ecommerce/order','manage_incomplete_orders','Manage incomplete orders','2022-05-30 02:37:49','2022-05-30 02:37:49'),(2475,1,'en','plugins/ecommerce/order','incomplete_orders_intro_description','Incomplete order is an order created when a customer adds a product to the cart, proceeds to fill out the purchase information but does not complete the checkout process.','2022-05-30 02:37:49','2022-05-30 02:37:49'),(2476,1,'en','plugins/ecommerce/order','invoice_for_order','Invoice for order','2022-05-30 02:37:49','2022-05-30 02:37:49'),(2477,1,'en','plugins/ecommerce/order','created','Created','2022-05-30 02:37:49','2022-05-30 02:37:49'),(2478,1,'en','plugins/ecommerce/order','invoice','Invoice','2022-05-30 02:37:49','2022-05-30 02:37:49'),(2479,1,'en','plugins/ecommerce/order','return','Return','2022-05-30 02:37:49','2022-05-30 02:37:49'),(2480,1,'en','plugins/ecommerce/order','total_refund_amount','Total refund amount','2022-05-30 02:37:49','2022-05-30 02:37:49'),(2481,1,'en','plugins/ecommerce/order','total_amount_can_be_refunded','Total amount can be refunded','2022-05-30 02:37:49','2022-05-30 02:37:49'),(2482,1,'en','plugins/ecommerce/order','refund_reason','Refund reason (optional)','2022-05-30 02:37:49','2022-05-30 02:37:49'),(2483,1,'en','plugins/ecommerce/order','products','product(s)','2022-05-30 02:37:49','2022-05-30 02:37:49'),(2484,1,'en','plugins/ecommerce/order','default','Default','2022-05-30 02:37:49','2022-05-30 02:37:49'),(2485,1,'en','plugins/ecommerce/order','system','System','2022-05-30 02:37:49','2022-05-30 02:37:49'),(2486,1,'en','plugins/ecommerce/order','new_order_from','New order :order_id from :customer','2022-05-30 02:37:49','2022-05-30 02:37:49'),(2487,1,'en','plugins/ecommerce/order','confirmation_email_was_sent_to_customer','The email confirmation was sent to customer','2022-05-30 02:37:49','2022-05-30 02:37:49'),(2488,1,'en','plugins/ecommerce/order','address_name_required','The name field is required.','2022-05-30 02:37:49','2022-05-30 02:37:49'),(2489,1,'en','plugins/ecommerce/order','address_phone_required','The phone field is required.','2022-05-30 02:37:49','2022-05-30 02:37:49'),(2490,1,'en','plugins/ecommerce/order','address_email_required','The email field is required.','2022-05-30 02:37:49','2022-05-30 02:37:49'),(2491,1,'en','plugins/ecommerce/order','address_email_unique','The customer with that email is existed, please choose other email or login with this email!','2022-05-30 02:37:49','2022-05-30 02:37:49'),(2492,1,'en','plugins/ecommerce/order','address_state_required','The state field is required.','2022-05-30 02:37:49','2022-05-30 02:37:49'),(2493,1,'en','plugins/ecommerce/order','address_city_required','The city field is required.','2022-05-30 02:37:49','2022-05-30 02:37:49'),(2494,1,'en','plugins/ecommerce/order','address_country_required','The country field is required.','2022-05-30 02:37:49','2022-05-30 02:37:49'),(2495,1,'en','plugins/ecommerce/order','address_address_required','The address field is required.','2022-05-30 02:37:49','2022-05-30 02:37:49'),(2496,1,'en','plugins/ecommerce/order','create_order_from_payment_page','Order was created from checkout page','2022-05-30 02:37:49','2022-05-30 02:37:49'),(2497,1,'en','plugins/ecommerce/order','order_was_verified_by','Order was verified by %user_name%','2022-05-30 02:37:49','2022-05-30 02:37:49'),(2498,1,'en','plugins/ecommerce/order','new_order','New order :order_id','2022-05-30 02:37:49','2022-05-30 02:37:49'),(2499,1,'en','plugins/ecommerce/order','payment_was_confirmed_by','Payment was confirmed (amount :money) by %user_name%','2022-05-30 02:37:49','2022-05-30 02:37:49'),(2500,1,'en','plugins/ecommerce/order','edit_order','Edit order :code','2022-05-30 02:37:49','2022-05-30 02:37:49'),(2501,1,'en','plugins/ecommerce/order','confirm_order_success','Confirm order successfully!','2022-05-30 02:37:49','2022-05-30 02:37:49'),(2502,1,'en','plugins/ecommerce/order','error_when_sending_email','There is an error when sending email','2022-05-30 02:37:49','2022-05-30 02:37:49'),(2503,1,'en','plugins/ecommerce/order','sent_confirmation_email_success','Sent confirmation email successfully!','2022-05-30 02:37:49','2022-05-30 02:37:49'),(2504,1,'en','plugins/ecommerce/order','order_was_sent_to_shipping_team','Order was sent to shipping team','2022-05-30 02:37:49','2022-05-30 02:37:49'),(2505,1,'en','plugins/ecommerce/order','by_username','by %user_name%','2022-05-30 02:37:49','2022-05-30 02:37:49'),(2506,1,'en','plugins/ecommerce/order','shipping_was_created_from','Shipping was created from order %order_id%','2022-05-30 02:37:49','2022-05-30 02:37:49'),(2507,1,'en','plugins/ecommerce/order','shipping_was_canceled_success','Shipping was cancelled successfully!','2022-05-30 02:37:49','2022-05-30 02:37:49'),(2508,1,'en','plugins/ecommerce/order','shipping_was_canceled_by','Shipping was cancelled by %user_name%','2022-05-30 02:37:49','2022-05-30 02:37:49'),(2509,1,'en','plugins/ecommerce/order','update_shipping_address_success','Update shipping address successfully!','2022-05-30 02:37:50','2022-05-30 02:37:50'),(2510,1,'en','plugins/ecommerce/order','order_was_canceled_by','Order was cancelled by %user_name%','2022-05-30 02:37:50','2022-05-30 02:37:50'),(2511,1,'en','plugins/ecommerce/order','confirm_payment_success','Confirm payment successfully!','2022-05-30 02:37:50','2022-05-30 02:37:50'),(2512,1,'en','plugins/ecommerce/order','refund_amount_invalid','Refund amount must be lower or equal :price','2022-05-30 02:37:50','2022-05-30 02:37:50'),(2513,1,'en','plugins/ecommerce/order','number_of_products_invalid','Number of products refund is not valid!','2022-05-30 02:37:50','2022-05-30 02:37:50'),(2514,1,'en','plugins/ecommerce/order','cannot_found_payment_for_this_order','Cannot found payment for this order!','2022-05-30 02:37:50','2022-05-30 02:37:50'),(2515,1,'en','plugins/ecommerce/order','refund_success_with_price','Refund success :price','2022-05-30 02:37:50','2022-05-30 02:37:50'),(2516,1,'en','plugins/ecommerce/order','refund_success','Refund successfully!','2022-05-30 02:37:50','2022-05-30 02:37:50'),(2517,1,'en','plugins/ecommerce/order','order_is_not_existed','Order is not existed!','2022-05-30 02:37:50','2022-05-30 02:37:50'),(2518,1,'en','plugins/ecommerce/order','reorder','Reorder','2022-05-30 02:37:50','2022-05-30 02:37:50'),(2519,1,'en','plugins/ecommerce/order','sent_email_incomplete_order_success','Sent email to remind about incomplete order successfully!','2022-05-30 02:37:50','2022-05-30 02:37:50'),(2520,1,'en','plugins/ecommerce/order','applied_coupon_success','Applied coupon \":code\" successfully!','2022-05-30 02:37:50','2022-05-30 02:37:50'),(2521,1,'en','plugins/ecommerce/order','new_order_notice','You have <span class=\"bold\">:count</span> New Order(s)','2022-05-30 02:37:50','2022-05-30 02:37:50'),(2522,1,'en','plugins/ecommerce/order','view_all','View all','2022-05-30 02:37:50','2022-05-30 02:37:50'),(2523,1,'en','plugins/ecommerce/order','cancel_order','Cancel order','2022-05-30 02:37:50','2022-05-30 02:37:50'),(2524,1,'en','plugins/ecommerce/order','order_canceled','Order canceled','2022-05-30 02:37:50','2022-05-30 02:37:50'),(2525,1,'en','plugins/ecommerce/order','order_was_canceled_at','Order was canceled at','2022-05-30 02:37:50','2022-05-30 02:37:50'),(2526,1,'en','plugins/ecommerce/order','completed','Completed','2022-05-30 02:37:50','2022-05-30 02:37:50'),(2527,1,'en','plugins/ecommerce/order','uncompleted','Uncompleted','2022-05-30 02:37:50','2022-05-30 02:37:50'),(2528,1,'en','plugins/ecommerce/order','sku','SKU','2022-05-30 02:37:50','2022-05-30 02:37:50'),(2529,1,'en','plugins/ecommerce/order','warehouse','Warehouse','2022-05-30 02:37:50','2022-05-30 02:37:50'),(2530,1,'en','plugins/ecommerce/order','sub_amount','Sub amount','2022-05-30 02:37:50','2022-05-30 02:37:50'),(2531,1,'en','plugins/ecommerce/order','coupon_code','Coupon code: \":code\"','2022-05-30 02:37:50','2022-05-30 02:37:50'),(2532,1,'en','plugins/ecommerce/order','shipping_fee','Shipping fee','2022-05-30 02:37:50','2022-05-30 02:37:50'),(2533,1,'en','plugins/ecommerce/order','tax','Tax','2022-05-30 02:37:50','2022-05-30 02:37:50'),(2534,1,'en','plugins/ecommerce/order','refunded_amount','Refunded amount','2022-05-30 02:37:50','2022-05-30 02:37:50'),(2535,1,'en','plugins/ecommerce/order','amount_received','The amount actually received','2022-05-30 02:37:50','2022-05-30 02:37:50'),(2536,1,'en','plugins/ecommerce/order','download_invoice','Download invoice','2022-05-30 02:37:50','2022-05-30 02:37:50'),(2537,1,'en','plugins/ecommerce/order','print_invoice','Print invoice','2022-05-30 02:37:50','2022-05-30 02:37:50'),(2538,1,'en','plugins/ecommerce/order','add_note','Add note...','2022-05-30 02:37:50','2022-05-30 02:37:50'),(2539,1,'en','plugins/ecommerce/order','order_was_confirmed','Order was confirmed','2022-05-30 02:37:50','2022-05-30 02:37:50'),(2540,1,'en','plugins/ecommerce/order','confirm_order','Confirm order','2022-05-30 02:37:50','2022-05-30 02:37:50'),(2541,1,'en','plugins/ecommerce/order','confirm','Confirm','2022-05-30 02:37:50','2022-05-30 02:37:50'),(2542,1,'en','plugins/ecommerce/order','order_was_canceled','Order was canceled','2022-05-30 02:37:50','2022-05-30 02:37:50'),(2543,1,'en','plugins/ecommerce/order','pending_payment','Pending payment','2022-05-30 02:37:50','2022-05-30 02:37:50'),(2544,1,'en','plugins/ecommerce/order','payment_was_accepted','Payment :money was accepted','2022-05-30 02:37:50','2022-05-30 02:37:50'),(2545,1,'en','plugins/ecommerce/order','payment_was_refunded','Payment was refunded','2022-05-30 02:37:50','2022-05-30 02:37:50'),(2546,1,'en','plugins/ecommerce/order','confirm_payment','Confirm payment','2022-05-30 02:37:50','2022-05-30 02:37:50'),(2547,1,'en','plugins/ecommerce/order','refund','Refund','2022-05-30 02:37:50','2022-05-30 02:37:50'),(2548,1,'en','plugins/ecommerce/order','all_products_are_not_delivered','All products are not delivered','2022-05-30 02:37:50','2022-05-30 02:37:50'),(2549,1,'en','plugins/ecommerce/order','delivery','Delivery','2022-05-30 02:37:50','2022-05-30 02:37:50'),(2550,1,'en','plugins/ecommerce/order','history','History','2022-05-30 02:37:50','2022-05-30 02:37:50'),(2551,1,'en','plugins/ecommerce/order','order_number','Order number','2022-05-30 02:37:50','2022-05-30 02:37:50'),(2552,1,'en','plugins/ecommerce/order','from','from','2022-05-30 02:37:50','2022-05-30 02:37:50'),(2553,1,'en','plugins/ecommerce/order','status','Status','2022-05-30 02:37:50','2022-05-30 02:37:50'),(2554,1,'en','plugins/ecommerce/order','successfully','Successfully','2022-05-30 02:37:50','2022-05-30 02:37:50'),(2555,1,'en','plugins/ecommerce/order','transaction_type','Transaction\'s type','2022-05-30 02:37:50','2022-05-30 02:37:50'),(2556,1,'en','plugins/ecommerce/order','staff','Staff','2022-05-30 02:37:50','2022-05-30 02:37:50'),(2557,1,'en','plugins/ecommerce/order','refund_date','Refund date','2022-05-30 02:37:50','2022-05-30 02:37:50'),(2558,1,'en','plugins/ecommerce/order','n_a','N\\A','2022-05-30 02:37:50','2022-05-30 02:37:50'),(2559,1,'en','plugins/ecommerce/order','payment_date','Payment date','2022-05-30 02:37:50','2022-05-30 02:37:50'),(2560,1,'en','plugins/ecommerce/order','payment_gateway','Payment gateway','2022-05-30 02:37:50','2022-05-30 02:37:50'),(2561,1,'en','plugins/ecommerce/order','transaction_amount','Transaction amount','2022-05-30 02:37:50','2022-05-30 02:37:50'),(2562,1,'en','plugins/ecommerce/order','resend','Resend','2022-05-30 02:37:50','2022-05-30 02:37:50'),(2563,1,'en','plugins/ecommerce/order','default_store','Default store','2022-05-30 02:37:50','2022-05-30 02:37:50'),(2564,1,'en','plugins/ecommerce/order','update_address','Update address','2022-05-30 02:37:50','2022-05-30 02:37:50'),(2565,1,'en','plugins/ecommerce/order','have_an_account_already','Have an account already','2022-05-30 02:37:50','2022-05-30 02:37:50'),(2566,1,'en','plugins/ecommerce/order','dont_have_an_account_yet','Don\'t have an account yet','2022-05-30 02:37:50','2022-05-30 02:37:50'),(2567,1,'en','plugins/ecommerce/order','mark_payment_as_confirmed','Mark <span>:method</span> as confirmed','2022-05-30 02:37:50','2022-05-30 02:37:50'),(2568,1,'en','plugins/ecommerce/order','resend_order_confirmation','Resend order confirmation','2022-05-30 02:37:50','2022-05-30 02:37:50'),(2569,1,'en','plugins/ecommerce/order','resend_order_confirmation_description','Confirmation email will be sent to <strong>:email</strong>?','2022-05-30 02:37:50','2022-05-30 02:37:50'),(2570,1,'en','plugins/ecommerce/order','send','Send','2022-05-30 02:37:50','2022-05-30 02:37:50'),(2571,1,'en','plugins/ecommerce/order','update','Update','2022-05-30 02:37:50','2022-05-30 02:37:50'),(2572,1,'en','plugins/ecommerce/order','cancel_shipping_confirmation','Cancel shipping confirmation?','2022-05-30 02:37:50','2022-05-30 02:37:50'),(2573,1,'en','plugins/ecommerce/order','cancel_shipping_confirmation_description','Cancel shipping confirmation?','2022-05-30 02:37:50','2022-05-30 02:37:50'),(2574,1,'en','plugins/ecommerce/order','cancel_order_confirmation','Cancel order confirmation?','2022-05-30 02:37:50','2022-05-30 02:37:50'),(2575,1,'en','plugins/ecommerce/order','cancel_order_confirmation_description','Are you sure you want to cancel this order? This action cannot rollback','2022-05-30 02:37:50','2022-05-30 02:37:50'),(2576,1,'en','plugins/ecommerce/order','confirm_payment_confirmation_description','Processed by <strong>:method</strong>. Did you receive payment outside the system? This payment won\'t be saved into system and cannot be refunded','2022-05-30 02:37:50','2022-05-30 02:37:50'),(2577,1,'en','plugins/ecommerce/order','save_note','Save note','2022-05-30 02:37:50','2022-05-30 02:37:50'),(2578,1,'en','plugins/ecommerce/order','order_note','Order note','2022-05-30 02:37:50','2022-05-30 02:37:50'),(2579,1,'en','plugins/ecommerce/order','order_note_placeholder','Note about order, ex: time or shipping instruction.','2022-05-30 02:37:50','2022-05-30 02:37:50'),(2580,1,'en','plugins/ecommerce/order','order_amount','Order amount','2022-05-30 02:37:50','2022-05-30 02:37:50'),(2581,1,'en','plugins/ecommerce/order','additional_information','Additional information','2022-05-30 02:37:50','2022-05-30 02:37:50'),(2582,1,'en','plugins/ecommerce/order','notice_about_incomplete_order','Notice about incomplete order','2022-05-30 02:37:50','2022-05-30 02:37:50'),(2583,1,'en','plugins/ecommerce/order','notice_about_incomplete_order_description','Remind email about uncompleted order will be send to <strong>:email</strong>?','2022-05-30 02:37:50','2022-05-30 02:37:50'),(2584,1,'en','plugins/ecommerce/order','incomplete_order_description_1','An incomplete order is when a potential customer places items in their shopping cart, and goes all the way through to the payment page, but then doesn\'t complete the transaction.','2022-05-30 02:37:50','2022-05-30 02:37:50'),(2585,1,'en','plugins/ecommerce/order','incomplete_order_description_2','If you have contacted customers and they want to continue buying, you can help them complete their order by following the link:','2022-05-30 02:37:50','2022-05-30 02:37:50'),(2586,1,'en','plugins/ecommerce/order','send_an_email_to_recover_this_order','Send an email to customer to recover this order','2022-05-30 02:37:50','2022-05-30 02:37:50'),(2587,1,'en','plugins/ecommerce/order','see_maps','See maps','2022-05-30 02:37:50','2022-05-30 02:37:50'),(2588,1,'en','plugins/ecommerce/order','one_or_more_products_dont_have_enough_quantity','One or more products don\'t have enough quantity!','2022-05-30 02:37:50','2022-05-30 02:37:50'),(2589,1,'en','plugins/ecommerce/order','cannot_send_order_recover_to_mail','The email could not be found so it can\'t send a recovery email to the customer.','2022-05-30 02:37:50','2022-05-30 02:37:50'),(2590,1,'en','plugins/ecommerce/order','payment_info','Payment Info','2022-05-30 02:37:50','2022-05-30 02:37:50'),(2591,1,'en','plugins/ecommerce/order','payment_method_refund_automatic','Your customer will be refunded using :method automatically.','2022-05-30 02:37:50','2022-05-30 02:37:50'),(2592,1,'en','plugins/ecommerce/order','order','Order','2022-05-30 02:37:50','2022-05-30 02:37:50'),(2593,1,'en','plugins/ecommerce/order','order_information','Order information','2022-05-30 02:37:50','2022-05-30 02:37:50'),(2594,1,'en','plugins/ecommerce/order','create_a_new_product','Create a new product','2022-05-30 02:37:50','2022-05-30 02:37:50'),(2595,1,'en','plugins/ecommerce/order','out_of_stock','Out of stock','2022-05-30 02:37:50','2022-05-30 02:37:50'),(2596,1,'en','plugins/ecommerce/order','products_available','product(s) available','2022-05-30 02:37:50','2022-05-30 02:37:50'),(2597,1,'en','plugins/ecommerce/order','no_products_found','No products found!','2022-05-30 02:37:50','2022-05-30 02:37:50'),(2598,1,'en','plugins/ecommerce/order','note','Note','2022-05-30 02:37:50','2022-05-30 02:37:50'),(2599,1,'en','plugins/ecommerce/order','note_for_order','Note for order...','2022-05-30 02:37:50','2022-05-30 02:37:50'),(2600,1,'en','plugins/ecommerce/order','amount','Amount','2022-05-30 02:37:50','2022-05-30 02:37:50'),(2601,1,'en','plugins/ecommerce/order','add_discount','Add discount','2022-05-30 02:37:50','2022-05-30 02:37:50'),(2602,1,'en','plugins/ecommerce/order','discount','Discount','2022-05-30 02:37:50','2022-05-30 02:37:50'),(2603,1,'en','plugins/ecommerce/order','add_shipping_fee','Add shipping fee','2022-05-30 02:37:50','2022-05-30 02:37:50'),(2604,1,'en','plugins/ecommerce/order','shipping','Shipping','2022-05-30 02:37:50','2022-05-30 02:37:50'),(2605,1,'en','plugins/ecommerce/order','total_amount','Total amount','2022-05-30 02:37:50','2022-05-30 02:37:50'),(2606,1,'en','plugins/ecommerce/order','confirm_payment_and_create_order','Confirm payment and create order','2022-05-30 02:37:50','2022-05-30 02:37:50'),(2607,1,'en','plugins/ecommerce/order','paid','Paid','2022-05-30 02:37:50','2022-05-30 02:37:50'),(2608,1,'en','plugins/ecommerce/order','pay_later','Pay later','2022-05-30 02:37:50','2022-05-30 02:37:50'),(2609,1,'en','plugins/ecommerce/order','customer_information','Customer information','2022-05-30 02:37:50','2022-05-30 02:37:50'),(2610,1,'en','plugins/ecommerce/order','create_new_customer','Create new customer','2022-05-30 02:37:50','2022-05-30 02:37:50'),(2611,1,'en','plugins/ecommerce/order','no_customer_found','No customer found!','2022-05-30 02:37:50','2022-05-30 02:37:50'),(2612,1,'en','plugins/ecommerce/order','customer','Customer','2022-05-30 02:37:50','2022-05-30 02:37:50'),(2613,1,'en','plugins/ecommerce/order','orders','order(s)','2022-05-30 02:37:50','2022-05-30 02:37:50'),(2614,1,'en','plugins/ecommerce/order','shipping_address','Shipping Address','2022-05-30 02:37:50','2022-05-30 02:37:50'),(2615,1,'en','plugins/ecommerce/order','see_on_maps','See on maps','2022-05-30 02:37:50','2022-05-30 02:37:50'),(2616,1,'en','plugins/ecommerce/order','name','Name','2022-05-30 02:37:50','2022-05-30 02:37:50'),(2617,1,'en','plugins/ecommerce/order','price','Price','2022-05-30 02:37:50','2022-05-30 02:37:50'),(2618,1,'en','plugins/ecommerce/order','sku_optional','SKU (optional)','2022-05-30 02:37:50','2022-05-30 02:37:50'),(2619,1,'en','plugins/ecommerce/order','with_storehouse_management','With storehouse management?','2022-05-30 02:37:50','2022-05-30 02:37:50'),(2620,1,'en','plugins/ecommerce/order','quantity','Quantity','2022-05-30 02:37:50','2022-05-30 02:37:50'),(2621,1,'en','plugins/ecommerce/order','allow_customer_checkout_when_this_product_out_of_stock','Allow customer checkout when this product out of stock?','2022-05-30 02:37:50','2022-05-30 02:37:50'),(2622,1,'en','plugins/ecommerce/order','address','Address','2022-05-30 02:37:51','2022-05-30 02:37:51'),(2623,1,'en','plugins/ecommerce/order','phone','Phone','2022-05-30 02:37:51','2022-05-30 02:37:51'),(2624,1,'en','plugins/ecommerce/order','country','Country','2022-05-30 02:37:51','2022-05-30 02:37:51'),(2625,1,'en','plugins/ecommerce/order','state','State','2022-05-30 02:37:51','2022-05-30 02:37:51'),(2626,1,'en','plugins/ecommerce/order','city','City','2022-05-30 02:37:51','2022-05-30 02:37:51'),(2627,1,'en','plugins/ecommerce/order','zip_code','Zip code','2022-05-30 02:37:51','2022-05-30 02:37:51'),(2628,1,'en','plugins/ecommerce/order','discount_based_on','Discount based on','2022-05-30 02:37:51','2022-05-30 02:37:51'),(2629,1,'en','plugins/ecommerce/order','or_coupon_code','Or coupon code','2022-05-30 02:37:51','2022-05-30 02:37:51'),(2630,1,'en','plugins/ecommerce/order','description','Description','2022-05-30 02:37:51','2022-05-30 02:37:51'),(2631,1,'en','plugins/ecommerce/order','how_to_select_configured_shipping','How to select configured shipping?','2022-05-30 02:37:51','2022-05-30 02:37:51'),(2632,1,'en','plugins/ecommerce/order','please_add_customer_information_with_the_complete_shipping_address_to_see_the_configured_shipping_rates','Please add customer information with the complete shipping address to see the configured shipping rates','2022-05-30 02:37:51','2022-05-30 02:37:51'),(2633,1,'en','plugins/ecommerce/order','free_shipping','Free shipping','2022-05-30 02:37:51','2022-05-30 02:37:51'),(2634,1,'en','plugins/ecommerce/order','custom','Custom','2022-05-30 02:37:51','2022-05-30 02:37:51'),(2635,1,'en','plugins/ecommerce/order','email','Email','2022-05-30 02:37:51','2022-05-30 02:37:51'),(2636,1,'en','plugins/ecommerce/order','create_order','Create order','2022-05-30 02:37:51','2022-05-30 02:37:51'),(2637,1,'en','plugins/ecommerce/order','close','Close','2022-05-30 02:37:51','2022-05-30 02:37:51'),(2638,1,'en','plugins/ecommerce/order','confirm_payment_is_paid_for_this_order','Confirm payment is paid for this order','2022-05-30 02:37:51','2022-05-30 02:37:51'),(2639,1,'en','plugins/ecommerce/order','payment_status_of_the_order_is_paid_once_the_order_has_been_created_you_cannot_change_the_payment_method_or_status','Payment status of the order is Paid. Once the order has been created, you cannot change the payment method or status','2022-05-30 02:37:51','2022-05-30 02:37:51'),(2640,1,'en','plugins/ecommerce/order','select_payment_method','Select payment method','2022-05-30 02:37:51','2022-05-30 02:37:51'),(2641,1,'en','plugins/ecommerce/order','cash_on_delivery_cod','Cash on delivery (COD)','2022-05-30 02:37:51','2022-05-30 02:37:51'),(2642,1,'en','plugins/ecommerce/order','bank_transfer','Bank transfer','2022-05-30 02:37:51','2022-05-30 02:37:51'),(2643,1,'en','plugins/ecommerce/order','paid_amount','Paid amount','2022-05-30 02:37:51','2022-05-30 02:37:51'),(2644,1,'en','plugins/ecommerce/order','confirm_that_payment_for_this_order_will_be_paid_later','Confirm that payment for this order will be paid later','2022-05-30 02:37:51','2022-05-30 02:37:51'),(2645,1,'en','plugins/ecommerce/order','payment_status_of_the_order_is_pending_once_the_order_has_been_created_you_cannot_change_the_payment_method_or_status','Payment status of the order is Pending. Once the order has been created, you cannot change the payment method or status','2022-05-30 02:37:51','2022-05-30 02:37:51'),(2646,1,'en','plugins/ecommerce/order','pending_amount','Pending amount','2022-05-30 02:37:51','2022-05-30 02:37:51'),(2647,1,'en','plugins/ecommerce/order','update_email','Update email','2022-05-30 02:37:51','2022-05-30 02:37:51'),(2648,1,'en','plugins/ecommerce/order','save','Save','2022-05-30 02:37:51','2022-05-30 02:37:51'),(2649,1,'en','plugins/ecommerce/order','cancel','Cancel','2022-05-30 02:37:51','2022-05-30 02:37:51'),(2650,1,'en','plugins/ecommerce/order','create_a_new_order','Create a new order','2022-05-30 02:37:51','2022-05-30 02:37:51'),(2651,1,'en','plugins/ecommerce/order','search_or_create_new_product','Search or create a new product','2022-05-30 02:37:51','2022-05-30 02:37:51'),(2652,1,'en','plugins/ecommerce/order','search_or_create_new_customer','Search or create a new customer','2022-05-30 02:37:51','2022-05-30 02:37:51'),(2653,1,'en','plugins/ecommerce/order','discount_description','Discount description','2022-05-30 02:37:51','2022-05-30 02:37:51'),(2654,1,'en','plugins/ecommerce/order','cant_select_out_of_stock_product','Cannot select out of stock product!','2022-05-30 02:37:51','2022-05-30 02:37:51'),(2655,1,'en','plugins/ecommerce/payment','name','Payments','2022-05-30 02:37:51','2022-05-30 02:37:51'),(2656,1,'en','plugins/ecommerce/payment','payment_method','Payment methods','2022-05-30 02:37:51','2022-05-30 02:37:51'),(2657,1,'en','plugins/ecommerce/payment','view_payment','View payment #','2022-05-30 02:37:51','2022-05-30 02:37:51'),(2658,1,'en','plugins/ecommerce/payment','charge_id','Charge ID','2022-05-30 02:37:51','2022-05-30 02:37:51'),(2659,1,'en','plugins/ecommerce/payment','amount','Amount','2022-05-30 02:37:51','2022-05-30 02:37:51'),(2660,1,'en','plugins/ecommerce/payment','currency','Currency','2022-05-30 02:37:51','2022-05-30 02:37:51'),(2661,1,'en','plugins/ecommerce/payment','user','User','2022-05-30 02:37:51','2022-05-30 02:37:51'),(2662,1,'en','plugins/ecommerce/payment','paypal_name_required','PayPal\'s name is required!','2022-05-30 02:37:51','2022-05-30 02:37:51'),(2663,1,'en','plugins/ecommerce/payment','paypal_name_max','PayPal\'s name is too long!','2022-05-30 02:37:51','2022-05-30 02:37:51'),(2664,1,'en','plugins/ecommerce/payment','stripe_name_required','Stripe\'s name is required!','2022-05-30 02:37:51','2022-05-30 02:37:51'),(2665,1,'en','plugins/ecommerce/payment','stripe_name_max','Stripe\'s name is too long!','2022-05-30 02:37:51','2022-05-30 02:37:51'),(2666,1,'en','plugins/ecommerce/payment','status','Status','2022-05-30 02:37:51','2022-05-30 02:37:51'),(2667,1,'en','plugins/ecommerce/payment','enabled','Enabled','2022-05-30 02:37:51','2022-05-30 02:37:51'),(2668,1,'en','plugins/ecommerce/payment','disabled','Disabled','2022-05-30 02:37:51','2022-05-30 02:37:51'),(2669,1,'en','plugins/ecommerce/payment','client_id','Client ID','2022-05-30 02:37:51','2022-05-30 02:37:51'),(2670,1,'en','plugins/ecommerce/payment','client_secret','Client Secret','2022-05-30 02:37:51','2022-05-30 02:37:51'),(2671,1,'en','plugins/ecommerce/payment','mode','Mode','2022-05-30 02:37:51','2022-05-30 02:37:51'),(2672,1,'en','plugins/ecommerce/payment','sandbox','Sandbox','2022-05-30 02:37:51','2022-05-30 02:37:51'),(2673,1,'en','plugins/ecommerce/payment','live','Live','2022-05-30 02:37:51','2022-05-30 02:37:51'),(2674,1,'en','plugins/ecommerce/payment','enable_payment_log','Enable Payment Log','2022-05-30 02:37:51','2022-05-30 02:37:51'),(2675,1,'en','plugins/ecommerce/payment','yes','Yes','2022-05-30 02:37:51','2022-05-30 02:37:51'),(2676,1,'en','plugins/ecommerce/payment','no','No','2022-05-30 02:37:51','2022-05-30 02:37:51'),(2677,1,'en','plugins/ecommerce/payment','client_key','Client Key','2022-05-30 02:37:51','2022-05-30 02:37:51'),(2678,1,'en','plugins/ecommerce/payment','stripe','Stripe','2022-05-30 02:37:51','2022-05-30 02:37:51'),(2679,1,'en','plugins/ecommerce/payment','paypal','PayPal','2022-05-30 02:37:51','2022-05-30 02:37:51'),(2680,1,'en','plugins/ecommerce/payment','action','Action','2022-05-30 02:37:51','2022-05-30 02:37:51'),(2681,1,'en','plugins/ecommerce/payment','go_back','Go back','2022-05-30 02:37:51','2022-05-30 02:37:51'),(2682,1,'en','plugins/ecommerce/payment','view','View','2022-05-30 02:37:51','2022-05-30 02:37:51'),(2683,1,'en','plugins/ecommerce/payment','cash_on_delivery','Cash on delivery (COD)','2022-05-30 02:37:51','2022-05-30 02:37:51'),(2684,1,'en','plugins/ecommerce/payment','via_bank_transfer','Via bank transfer','2022-05-30 02:37:51','2022-05-30 02:37:51'),(2685,1,'en','plugins/ecommerce/payment','payment_via_cart','Payment via card','2022-05-30 02:37:51','2022-05-30 02:37:51'),(2686,1,'en','plugins/ecommerce/payment','card_number','Card number','2022-05-30 02:37:51','2022-05-30 02:37:51'),(2687,1,'en','plugins/ecommerce/payment','full_name','Full name','2022-05-30 02:37:51','2022-05-30 02:37:51'),(2688,1,'en','plugins/ecommerce/payment','payment_via_paypal','Payment via PayPal','2022-05-30 02:37:51','2022-05-30 02:37:51'),(2689,1,'en','plugins/ecommerce/payment','mm_yy','MM/YY','2022-05-30 02:37:51','2022-05-30 02:37:51'),(2690,1,'en','plugins/ecommerce/payment','cvc','CVC','2022-05-30 02:37:51','2022-05-30 02:37:51'),(2691,1,'en','plugins/ecommerce/payment','details','Details','2022-05-30 02:37:51','2022-05-30 02:37:51'),(2692,1,'en','plugins/ecommerce/payment','payer_name','Payer Name','2022-05-30 02:37:51','2022-05-30 02:37:51'),(2693,1,'en','plugins/ecommerce/payment','email','Email','2022-05-30 02:37:51','2022-05-30 02:37:51'),(2694,1,'en','plugins/ecommerce/payment','phone','Phone','2022-05-30 02:37:51','2022-05-30 02:37:51'),(2695,1,'en','plugins/ecommerce/payment','country','Country','2022-05-30 02:37:51','2022-05-30 02:37:51'),(2696,1,'en','plugins/ecommerce/payment','shipping_address','Shipping Address','2022-05-30 02:37:51','2022-05-30 02:37:51'),(2697,1,'en','plugins/ecommerce/payment','payment_details','Payment Details','2022-05-30 02:37:51','2022-05-30 02:37:51'),(2698,1,'en','plugins/ecommerce/payment','card','Card','2022-05-30 02:37:51','2022-05-30 02:37:51'),(2699,1,'en','plugins/ecommerce/payment','address','Address','2022-05-30 02:37:51','2022-05-30 02:37:51'),(2700,1,'en','plugins/ecommerce/payment','could_not_get_stripe_token','Could not get Stripe token to make a charge.','2022-05-30 02:37:51','2022-05-30 02:37:51'),(2701,1,'en','plugins/ecommerce/payment','new_payment','Payment for order :id','2022-05-30 02:37:51','2022-05-30 02:37:51'),(2702,1,'en','plugins/ecommerce/payment','payment_id','Payment ID','2022-05-30 02:37:51','2022-05-30 02:37:51'),(2703,1,'en','plugins/ecommerce/prices','name','Price','2022-05-30 02:37:51','2022-05-30 02:37:51'),(2704,1,'en','plugins/ecommerce/prices','create','New price','2022-05-30 02:37:51','2022-05-30 02:37:51'),(2705,1,'en','plugins/ecommerce/prices','edit','Edit price','2022-05-30 02:37:51','2022-05-30 02:37:51'),(2706,1,'en','plugins/ecommerce/prices','list','List price','2022-05-30 02:37:51','2022-05-30 02:37:51'),(2707,1,'en','plugins/ecommerce/product-attribute-sets','name','Product attribute sets','2022-05-30 02:37:51','2022-05-30 02:37:51'),(2708,1,'en','plugins/ecommerce/product-attribute-sets','create','New product attribute set','2022-05-30 02:37:51','2022-05-30 02:37:51'),(2709,1,'en','plugins/ecommerce/product-attribute-sets','edit','Edit product attribute set','2022-05-30 02:37:51','2022-05-30 02:37:51'),(2710,1,'en','plugins/ecommerce/product-attribute-sets','visible_in_categories','Visible in categories','2022-05-30 02:37:51','2022-05-30 02:37:51'),(2711,1,'en','plugins/ecommerce/product-attribute-sets','product_with_more_version','Product with more version','2022-05-30 02:37:51','2022-05-30 02:37:51'),(2712,1,'en','plugins/ecommerce/product-attribute-sets','create_a_version','Create a version','2022-05-30 02:37:51','2022-05-30 02:37:51'),(2713,1,'en','plugins/ecommerce/product-attribute-sets','enabled','Enabled','2022-05-30 02:37:51','2022-05-30 02:37:51'),(2714,1,'en','plugins/ecommerce/product-attribute-sets','attributes','Attributes','2022-05-30 02:37:51','2022-05-30 02:37:51'),(2715,1,'en','plugins/ecommerce/product-attribute-sets','price','Price','2022-05-30 02:37:51','2022-05-30 02:37:51'),(2716,1,'en','plugins/ecommerce/product-attribute-sets','edit_btn','Edit','2022-05-30 02:37:51','2022-05-30 02:37:51'),(2717,1,'en','plugins/ecommerce/product-attribute-sets','remove_btn','Remove','2022-05-30 02:37:51','2022-05-30 02:37:51'),(2718,1,'en','plugins/ecommerce/product-attribute-sets','product','Product','2022-05-30 02:37:51','2022-05-30 02:37:51'),(2719,1,'en','plugins/ecommerce/product-attribute-sets','back_to_product','Back to product','2022-05-30 02:37:51','2022-05-30 02:37:51'),(2720,1,'en','plugins/ecommerce/product-attribute-sets','save','Save','2022-05-30 02:37:51','2022-05-30 02:37:51'),(2721,1,'en','plugins/ecommerce/product-attribute-sets','other_existing_versions','Other existing versions','2022-05-30 02:37:51','2022-05-30 02:37:51'),(2722,1,'en','plugins/ecommerce/product-attribute-sets','version_information','Version information','2022-05-30 02:37:51','2022-05-30 02:37:51'),(2723,1,'en','plugins/ecommerce/product-attribute-sets','add_rule','Add rule','2022-05-30 02:37:51','2022-05-30 02:37:51'),(2724,1,'en','plugins/ecommerce/product-attribute-sets','rules','Rules','2022-05-30 02:37:51','2022-05-30 02:37:51'),(2725,1,'en','plugins/ecommerce/product-attribute-sets','pricing','Pricing','2022-05-30 02:37:51','2022-05-30 02:37:51'),(2726,1,'en','plugins/ecommerce/product-attribute-sets','sale_price','Sale price','2022-05-30 02:37:51','2022-05-30 02:37:51'),(2727,1,'en','plugins/ecommerce/product-attribute-sets','sale_type','Sale type','2022-05-30 02:37:51','2022-05-30 02:37:51'),(2728,1,'en','plugins/ecommerce/product-attribute-sets','no_sale_price','No sale price','2022-05-30 02:37:51','2022-05-30 02:37:51'),(2729,1,'en','plugins/ecommerce/product-attribute-sets','always_on_sale','Always on sale','2022-05-30 02:37:51','2022-05-30 02:37:51'),(2730,1,'en','plugins/ecommerce/product-attribute-sets','limited_time','Limited time','2022-05-30 02:37:51','2022-05-30 02:37:51'),(2731,1,'en','plugins/ecommerce/product-attribute-sets','from','From','2022-05-30 02:37:51','2022-05-30 02:37:51'),(2732,1,'en','plugins/ecommerce/product-attribute-sets','to','To','2022-05-30 02:37:51','2022-05-30 02:37:51'),(2733,1,'en','plugins/ecommerce/product-attribute-sets','storehouse','Storehouse','2022-05-30 02:37:51','2022-05-30 02:37:51'),(2734,1,'en','plugins/ecommerce/product-attribute-sets','no_storehouse_management','No storehouse management','2022-05-30 02:37:51','2022-05-30 02:37:51'),(2735,1,'en','plugins/ecommerce/product-attribute-sets','with_storehouse_management','With storehouse management','2022-05-30 02:37:51','2022-05-30 02:37:51'),(2736,1,'en','plugins/ecommerce/product-attribute-sets','quantity','Quantity','2022-05-30 02:37:51','2022-05-30 02:37:51'),(2737,1,'en','plugins/ecommerce/product-attribute-sets','allow_customer_checkout_out_of_stock','Allow customer checkout when this product out of stock','2022-05-30 02:37:51','2022-05-30 02:37:51'),(2738,1,'en','plugins/ecommerce/product-attribute-sets','shipping','Shipping','2022-05-30 02:37:51','2022-05-30 02:37:51'),(2739,1,'en','plugins/ecommerce/product-attribute-sets','length','Length','2022-05-30 02:37:51','2022-05-30 02:37:51'),(2740,1,'en','plugins/ecommerce/product-attribute-sets','wide','Wide','2022-05-30 02:37:51','2022-05-30 02:37:51'),(2741,1,'en','plugins/ecommerce/product-attribute-sets','height','Height','2022-05-30 02:37:51','2022-05-30 02:37:51'),(2742,1,'en','plugins/ecommerce/product-attribute-sets','weight','Weight','2022-05-30 02:37:51','2022-05-30 02:37:51'),(2743,1,'en','plugins/ecommerce/product-attribute-sets','version_images','Version images','2022-05-30 02:37:51','2022-05-30 02:37:51'),(2744,1,'en','plugins/ecommerce/product-attribute-sets','add_new_image','Add new image','2022-05-30 02:37:51','2022-05-30 02:37:51'),(2745,1,'en','plugins/ecommerce/product-attribute-sets','attribute_set','Attribute set','2022-05-30 02:37:51','2022-05-30 02:37:51'),(2746,1,'en','plugins/ecommerce/product-attribute-sets','value','Value','2022-05-30 02:37:52','2022-05-30 02:37:52'),(2747,1,'en','plugins/ecommerce/product-attribute-sets','dropdown_swatch','Dropdown Swatch','2022-05-30 02:37:52','2022-05-30 02:37:52'),(2748,1,'en','plugins/ecommerce/product-attribute-sets','visual_swatch','Visual Swatch','2022-05-30 02:37:52','2022-05-30 02:37:52'),(2749,1,'en','plugins/ecommerce/product-attribute-sets','text_swatch','Text Swatch','2022-05-30 02:37:52','2022-05-30 02:37:52'),(2750,1,'en','plugins/ecommerce/product-attribute-sets','display_layout','Display Layout','2022-05-30 02:37:52','2022-05-30 02:37:52'),(2751,1,'en','plugins/ecommerce/product-attribute-sets','searchable','Searchable','2022-05-30 02:37:52','2022-05-30 02:37:52'),(2752,1,'en','plugins/ecommerce/product-attribute-sets','comparable','Comparable','2022-05-30 02:37:52','2022-05-30 02:37:52'),(2753,1,'en','plugins/ecommerce/product-attribute-sets','use_in_product_listing','Used in product listing','2022-05-30 02:37:52','2022-05-30 02:37:52'),(2754,1,'en','plugins/ecommerce/product-attribute-sets','attributes_list','Attributes list','2022-05-30 02:37:52','2022-05-30 02:37:52'),(2755,1,'en','plugins/ecommerce/product-attribute-sets','is_default','Is default?','2022-05-30 02:37:52','2022-05-30 02:37:52'),(2756,1,'en','plugins/ecommerce/product-attribute-sets','title','Title','2022-05-30 02:37:52','2022-05-30 02:37:52'),(2757,1,'en','plugins/ecommerce/product-attribute-sets','slug','Slug','2022-05-30 02:37:52','2022-05-30 02:37:52'),(2758,1,'en','plugins/ecommerce/product-attribute-sets','color','Color','2022-05-30 02:37:52','2022-05-30 02:37:52'),(2759,1,'en','plugins/ecommerce/product-attribute-sets','image','Image','2022-05-30 02:37:52','2022-05-30 02:37:52'),(2760,1,'en','plugins/ecommerce/product-attribute-sets','remove','Remove','2022-05-30 02:37:52','2022-05-30 02:37:52'),(2761,1,'en','plugins/ecommerce/product-attribute-sets','add_new_attribute','Add new attribute','2022-05-30 02:37:52','2022-05-30 02:37:52'),(2762,1,'en','plugins/ecommerce/product-attribute-sets','use_image_from_product_variation','Use image from product variation (for Visual Swatch only)','2022-05-30 02:37:52','2022-05-30 02:37:52'),(2763,1,'en','plugins/ecommerce/product-attributes','name','Product attributes','2022-05-30 02:37:52','2022-05-30 02:37:52'),(2764,1,'en','plugins/ecommerce/product-attributes','create','New product attribute','2022-05-30 02:37:52','2022-05-30 02:37:52'),(2765,1,'en','plugins/ecommerce/product-attributes','edit','Edit product attribute','2022-05-30 02:37:52','2022-05-30 02:37:52'),(2766,1,'en','plugins/ecommerce/product-attributes','intro.title','Manage product attributes','2022-05-30 02:37:52','2022-05-30 02:37:52'),(2767,1,'en','plugins/ecommerce/product-attributes','intro.description','Product attribute such as color, width, height ...','2022-05-30 02:37:52','2022-05-30 02:37:52'),(2768,1,'en','plugins/ecommerce/product-attributes','intro.button_text','Create product attribute','2022-05-30 02:37:52','2022-05-30 02:37:52'),(2769,1,'en','plugins/ecommerce/product-categories','name','Product categories','2022-05-30 02:37:52','2022-05-30 02:37:52'),(2770,1,'en','plugins/ecommerce/product-categories','create','Create new product category','2022-05-30 02:37:52','2022-05-30 02:37:52'),(2771,1,'en','plugins/ecommerce/product-categories','edit','Edit product category','2022-05-30 02:37:52','2022-05-30 02:37:52'),(2772,1,'en','plugins/ecommerce/product-categories','list','List product categories','2022-05-30 02:37:52','2022-05-30 02:37:52'),(2773,1,'en','plugins/ecommerce/product-categories','none','None','2022-05-30 02:37:52','2022-05-30 02:37:52'),(2774,1,'en','plugins/ecommerce/product-categories','menu','Product categories','2022-05-30 02:37:52','2022-05-30 02:37:52'),(2775,1,'en','plugins/ecommerce/product-categories','intro.title','Manage product categories','2022-05-30 02:37:52','2022-05-30 02:37:52'),(2776,1,'en','plugins/ecommerce/product-categories','intro.description','Such as clothes, shoes, bags, jewelry ...','2022-05-30 02:37:52','2022-05-30 02:37:52'),(2777,1,'en','plugins/ecommerce/product-categories','intro.button_text','Create product category','2022-05-30 02:37:52','2022-05-30 02:37:52'),(2778,1,'en','plugins/ecommerce/product-categories','total_products','Total products: :total','2022-05-30 02:37:52','2022-05-30 02:37:52'),(2779,1,'en','plugins/ecommerce/product-collections','name','Product collections','2022-05-30 02:37:52','2022-05-30 02:37:52'),(2780,1,'en','plugins/ecommerce/product-collections','create','New product collection','2022-05-30 02:37:52','2022-05-30 02:37:52'),(2781,1,'en','plugins/ecommerce/product-collections','edit','Edit product collection','2022-05-30 02:37:52','2022-05-30 02:37:52'),(2782,1,'en','plugins/ecommerce/product-collections','slug_help_block','Label key: <code>:slug</code>. We will use this key for filter.','2022-05-30 02:37:52','2022-05-30 02:37:52'),(2783,1,'en','plugins/ecommerce/product-collections','intro.title','Manage product collections','2022-05-30 02:37:52','2022-05-30 02:37:52'),(2784,1,'en','plugins/ecommerce/product-collections','intro.description','Group your products into collections to make it easier for customers to find them by category.','2022-05-30 02:37:52','2022-05-30 02:37:52'),(2785,1,'en','plugins/ecommerce/product-collections','intro.button_text','Create product collection','2022-05-30 02:37:52','2022-05-30 02:37:52'),(2786,1,'en','plugins/ecommerce/product-label','name','Product labels','2022-05-30 02:37:52','2022-05-30 02:37:52'),(2787,1,'en','plugins/ecommerce/product-label','create','New product label','2022-05-30 02:37:52','2022-05-30 02:37:52'),(2788,1,'en','plugins/ecommerce/product-label','edit','Edit product label','2022-05-30 02:37:52','2022-05-30 02:37:52'),(2789,1,'en','plugins/ecommerce/product-label','color','Color','2022-05-30 02:37:52','2022-05-30 02:37:52'),(2790,1,'en','plugins/ecommerce/product-label','color_placeholder','Example: #f0f0f0','2022-05-30 02:37:52','2022-05-30 02:37:52'),(2791,1,'en','plugins/ecommerce/product-tag','name','Product tags','2022-05-30 02:37:52','2022-05-30 02:37:52'),(2792,1,'en','plugins/ecommerce/product-tag','create','New product tag','2022-05-30 02:37:52','2022-05-30 02:37:52'),(2793,1,'en','plugins/ecommerce/product-tag','edit','Edit product tag','2022-05-30 02:37:52','2022-05-30 02:37:52'),(2794,1,'en','plugins/ecommerce/products','name','Products','2022-05-30 02:37:52','2022-05-30 02:37:52'),(2795,1,'en','plugins/ecommerce/products','create','New product','2022-05-30 02:37:52','2022-05-30 02:37:52'),(2796,1,'en','plugins/ecommerce/products','edit','Edit product - :name','2022-05-30 02:37:52','2022-05-30 02:37:52'),(2797,1,'en','plugins/ecommerce/products','form.name','Name','2022-05-30 02:37:52','2022-05-30 02:37:52'),(2798,1,'en','plugins/ecommerce/products','form.name_placeholder','Product\'s name (Maximum 120 characters)','2022-05-30 02:37:52','2022-05-30 02:37:52'),(2799,1,'en','plugins/ecommerce/products','form.description','Description','2022-05-30 02:37:52','2022-05-30 02:37:52'),(2800,1,'en','plugins/ecommerce/products','form.description_placeholder','Short description for product (Maximum 400 characters)','2022-05-30 02:37:52','2022-05-30 02:37:52'),(2801,1,'en','plugins/ecommerce/products','form.categories','Categories','2022-05-30 02:37:52','2022-05-30 02:37:52'),(2802,1,'en','plugins/ecommerce/products','form.content','Content','2022-05-30 02:37:52','2022-05-30 02:37:52'),(2803,1,'en','plugins/ecommerce/products','form.price','Price','2022-05-30 02:37:52','2022-05-30 02:37:52'),(2804,1,'en','plugins/ecommerce/products','form.quantity','Quantity','2022-05-30 02:37:52','2022-05-30 02:37:52'),(2805,1,'en','plugins/ecommerce/products','form.brand','Brand','2022-05-30 02:37:52','2022-05-30 02:37:52'),(2806,1,'en','plugins/ecommerce/products','form.width','Width','2022-05-30 02:37:52','2022-05-30 02:37:52'),(2807,1,'en','plugins/ecommerce/products','form.height','Height','2022-05-30 02:37:52','2022-05-30 02:37:52'),(2808,1,'en','plugins/ecommerce/products','form.weight','Weight','2022-05-30 02:37:52','2022-05-30 02:37:52'),(2809,1,'en','plugins/ecommerce/products','form.date.end','From date','2022-05-30 02:37:52','2022-05-30 02:37:52'),(2810,1,'en','plugins/ecommerce/products','form.date.start','To date','2022-05-30 02:37:52','2022-05-30 02:37:52'),(2811,1,'en','plugins/ecommerce/products','form.image','Images','2022-05-30 02:37:52','2022-05-30 02:37:52'),(2812,1,'en','plugins/ecommerce/products','form.collections','Product collections','2022-05-30 02:37:52','2022-05-30 02:37:52'),(2813,1,'en','plugins/ecommerce/products','form.labels','Labels','2022-05-30 02:37:52','2022-05-30 02:37:52'),(2814,1,'en','plugins/ecommerce/products','form.price_sale','Price sale','2022-05-30 02:37:52','2022-05-30 02:37:52'),(2815,1,'en','plugins/ecommerce/products','form.product_type.title','Product type','2022-05-30 02:37:52','2022-05-30 02:37:52'),(2816,1,'en','plugins/ecommerce/products','form.product','Product','2022-05-30 02:37:52','2022-05-30 02:37:52'),(2817,1,'en','plugins/ecommerce/products','form.total','Total','2022-05-30 02:37:52','2022-05-30 02:37:52'),(2818,1,'en','plugins/ecommerce/products','form.sub_total','Subtotal','2022-05-30 02:37:52','2022-05-30 02:37:52'),(2819,1,'en','plugins/ecommerce/products','form.shipping_fee','Shipping fee','2022-05-30 02:37:52','2022-05-30 02:37:52'),(2820,1,'en','plugins/ecommerce/products','form.discount','Discount','2022-05-30 02:37:52','2022-05-30 02:37:52'),(2821,1,'en','plugins/ecommerce/products','form.options','Options','2022-05-30 02:37:52','2022-05-30 02:37:52'),(2822,1,'en','plugins/ecommerce/products','form.shipping.height','Height','2022-05-30 02:37:52','2022-05-30 02:37:52'),(2823,1,'en','plugins/ecommerce/products','form.shipping.length','Length','2022-05-30 02:37:52','2022-05-30 02:37:52'),(2824,1,'en','plugins/ecommerce/products','form.shipping.title','Shipping','2022-05-30 02:37:52','2022-05-30 02:37:52'),(2825,1,'en','plugins/ecommerce/products','form.shipping.weight','Weight','2022-05-30 02:37:52','2022-05-30 02:37:52'),(2826,1,'en','plugins/ecommerce/products','form.shipping.wide','Wide','2022-05-30 02:37:52','2022-05-30 02:37:52'),(2827,1,'en','plugins/ecommerce/products','form.stock.allow_order_when_out','Allow customer checkout when this product out of stock','2022-05-30 02:37:52','2022-05-30 02:37:52'),(2828,1,'en','plugins/ecommerce/products','form.stock.in_stock','In stock','2022-05-30 02:37:52','2022-05-30 02:37:52'),(2829,1,'en','plugins/ecommerce/products','form.stock.out_stock','Out stock','2022-05-30 02:37:52','2022-05-30 02:37:52'),(2830,1,'en','plugins/ecommerce/products','form.stock.title','Stock status','2022-05-30 02:37:52','2022-05-30 02:37:52'),(2831,1,'en','plugins/ecommerce/products','form.storehouse.no_storehouse','No storehouse management','2022-05-30 02:37:52','2022-05-30 02:37:52'),(2832,1,'en','plugins/ecommerce/products','form.storehouse.storehouse','With storehouse management','2022-05-30 02:37:52','2022-05-30 02:37:52'),(2833,1,'en','plugins/ecommerce/products','form.storehouse.title','Storehouse','2022-05-30 02:37:52','2022-05-30 02:37:52'),(2834,1,'en','plugins/ecommerce/products','form.storehouse.quantity','Quantity','2022-05-30 02:37:52','2022-05-30 02:37:52'),(2835,1,'en','plugins/ecommerce/products','form.tax','Tax','2022-05-30 02:37:52','2022-05-30 02:37:52'),(2836,1,'en','plugins/ecommerce/products','form.is_default','Is default','2022-05-30 02:37:52','2022-05-30 02:37:52'),(2837,1,'en','plugins/ecommerce/products','form.action','Action','2022-05-30 02:37:52','2022-05-30 02:37:52'),(2838,1,'en','plugins/ecommerce/products','form.restock_quantity','Restock quantity','2022-05-30 02:37:52','2022-05-30 02:37:52'),(2839,1,'en','plugins/ecommerce/products','form.remain','Remain','2022-05-30 02:37:52','2022-05-30 02:37:52'),(2840,1,'en','plugins/ecommerce/products','form.choose_discount_period','Choose Discount Period','2022-05-30 02:37:52','2022-05-30 02:37:52'),(2841,1,'en','plugins/ecommerce/products','form.cancel','Cancel','2022-05-30 02:37:52','2022-05-30 02:37:52'),(2842,1,'en','plugins/ecommerce/products','form.no_results','No results!','2022-05-30 02:37:52','2022-05-30 02:37:52'),(2843,1,'en','plugins/ecommerce/products','form.value','Value','2022-05-30 02:37:52','2022-05-30 02:37:52'),(2844,1,'en','plugins/ecommerce/products','form.attribute_name','Attribute name','2022-05-30 02:37:52','2022-05-30 02:37:52'),(2845,1,'en','plugins/ecommerce/products','form.add_more_attribute','Add more attribute','2022-05-30 02:37:52','2022-05-30 02:37:52'),(2846,1,'en','plugins/ecommerce/products','form.continue','Continue','2022-05-30 02:37:52','2022-05-30 02:37:52'),(2847,1,'en','plugins/ecommerce/products','form.add_new_attributes','Add new attributes','2022-05-30 02:37:52','2022-05-30 02:37:52'),(2848,1,'en','plugins/ecommerce/products','form.add_new_attributes_description','Adding new attributes helps the product to have many options, such as size or color.','2022-05-30 02:37:52','2022-05-30 02:37:52'),(2849,1,'en','plugins/ecommerce/products','form.create_product_variations',':link to create product variations!','2022-05-30 02:37:52','2022-05-30 02:37:52'),(2850,1,'en','plugins/ecommerce/products','form.tags','Tags','2022-05-30 02:37:52','2022-05-30 02:37:52'),(2851,1,'en','plugins/ecommerce/products','form.write_some_tags','Write some tags','2022-05-30 02:37:52','2022-05-30 02:37:52'),(2852,1,'en','plugins/ecommerce/products','form.variation_existed','This variation is existed.','2022-05-30 02:37:52','2022-05-30 02:37:52'),(2853,1,'en','plugins/ecommerce/products','form.no_attributes_selected','No attributes selected!','2022-05-30 02:37:52','2022-05-30 02:37:52'),(2854,1,'en','plugins/ecommerce/products','form.added_variation_success','Added variation successfully!','2022-05-30 02:37:52','2022-05-30 02:37:52'),(2855,1,'en','plugins/ecommerce/products','form.updated_variation_success','Updated variation successfully!','2022-05-30 02:37:52','2022-05-30 02:37:52'),(2856,1,'en','plugins/ecommerce/products','form.created_all_variation_success','Created all variations successfully!','2022-05-30 02:37:52','2022-05-30 02:37:52'),(2857,1,'en','plugins/ecommerce/products','form.updated_product_attributes_success','Updated product attributes successfully!','2022-05-30 02:37:52','2022-05-30 02:37:52'),(2858,1,'en','plugins/ecommerce/products','form.stock_status','Stock status','2022-05-30 02:37:52','2022-05-30 02:37:52'),(2859,1,'en','plugins/ecommerce/products','form.auto_generate_sku','Auto generate SKU?','2022-05-30 02:37:52','2022-05-30 02:37:52'),(2860,1,'en','plugins/ecommerce/products','form.featured_image','Featured image (optional)','2022-05-30 02:37:52','2022-05-30 02:37:52'),(2861,1,'en','plugins/ecommerce/products','price','Price','2022-05-30 02:37:52','2022-05-30 02:37:52'),(2862,1,'en','plugins/ecommerce/products','quantity','Quantity','2022-05-30 02:37:52','2022-05-30 02:37:52'),(2863,1,'en','plugins/ecommerce/products','type','Type','2022-05-30 02:37:52','2022-05-30 02:37:52'),(2864,1,'en','plugins/ecommerce/products','image','Thumbnail','2022-05-30 02:37:52','2022-05-30 02:37:52'),(2865,1,'en','plugins/ecommerce/products','sku','SKU','2022-05-30 02:37:52','2022-05-30 02:37:52'),(2866,1,'en','plugins/ecommerce/products','brand','Brand','2022-05-30 02:37:52','2022-05-30 02:37:52'),(2867,1,'en','plugins/ecommerce/products','cannot_delete','Product could not be deleted','2022-05-30 02:37:52','2022-05-30 02:37:52'),(2868,1,'en','plugins/ecommerce/products','product_deleted','Product deleted','2022-05-30 02:37:52','2022-05-30 02:37:52'),(2869,1,'en','plugins/ecommerce/products','product_collections','Product collections','2022-05-30 02:37:52','2022-05-30 02:37:52'),(2870,1,'en','plugins/ecommerce/products','products','Products','2022-05-30 02:37:53','2022-05-30 02:37:53'),(2871,1,'en','plugins/ecommerce/products','menu','Products','2022-05-30 02:37:53','2022-05-30 02:37:53'),(2872,1,'en','plugins/ecommerce/products','control.button_add_image','Add image','2022-05-30 02:37:53','2022-05-30 02:37:53'),(2873,1,'en','plugins/ecommerce/products','price_sale','Sale price','2022-05-30 02:37:53','2022-05-30 02:37:53'),(2874,1,'en','plugins/ecommerce/products','price_group_title','Manager product price','2022-05-30 02:37:53','2022-05-30 02:37:53'),(2875,1,'en','plugins/ecommerce/products','store_house_group_title','Manager store house','2022-05-30 02:37:53','2022-05-30 02:37:53'),(2876,1,'en','plugins/ecommerce/products','shipping_group_title','Manager shipping','2022-05-30 02:37:53','2022-05-30 02:37:53'),(2877,1,'en','plugins/ecommerce/products','overview','Overview','2022-05-30 02:37:53','2022-05-30 02:37:53'),(2878,1,'en','plugins/ecommerce/products','attributes','Attributes','2022-05-30 02:37:53','2022-05-30 02:37:53'),(2879,1,'en','plugins/ecommerce/products','product_has_variations','Product has variations','2022-05-30 02:37:53','2022-05-30 02:37:53'),(2880,1,'en','plugins/ecommerce/products','manage_products','Manage products','2022-05-30 02:37:53','2022-05-30 02:37:53'),(2881,1,'en','plugins/ecommerce/products','add_new_product','Add a new product','2022-05-30 02:37:53','2022-05-30 02:37:53'),(2882,1,'en','plugins/ecommerce/products','start_by_adding_new_product','Start by adding new products.','2022-05-30 02:37:53','2022-05-30 02:37:53'),(2883,1,'en','plugins/ecommerce/products','edit_this_product','Edit this product','2022-05-30 02:37:53','2022-05-30 02:37:53'),(2884,1,'en','plugins/ecommerce/products','delete','Delete','2022-05-30 02:37:53','2022-05-30 02:37:53'),(2885,1,'en','plugins/ecommerce/products','related_products','Related products','2022-05-30 02:37:53','2022-05-30 02:37:53'),(2886,1,'en','plugins/ecommerce/products','cross_selling_products','Cross-selling products','2022-05-30 02:37:53','2022-05-30 02:37:53'),(2887,1,'en','plugins/ecommerce/products','up_selling_products','Up-selling products','2022-05-30 02:37:53','2022-05-30 02:37:53'),(2888,1,'en','plugins/ecommerce/products','grouped_products','Grouped products','2022-05-30 02:37:53','2022-05-30 02:37:53'),(2889,1,'en','plugins/ecommerce/products','search_products','Search products','2022-05-30 02:37:53','2022-05-30 02:37:53'),(2890,1,'en','plugins/ecommerce/products','selected_products','Selected products','2022-05-30 02:37:53','2022-05-30 02:37:53'),(2891,1,'en','plugins/ecommerce/products','edit_variation_item','Edit','2022-05-30 02:37:53','2022-05-30 02:37:53'),(2892,1,'en','plugins/ecommerce/products','variations_box_description','Click on \"Edit attribute\" to add/remove attributes of variation or click on \"Add new variation\" to add variation.','2022-05-30 02:37:53','2022-05-30 02:37:53'),(2893,1,'en','plugins/ecommerce/products','save_changes','Save changes','2022-05-30 02:37:53','2022-05-30 02:37:53'),(2894,1,'en','plugins/ecommerce/products','continue','Continue','2022-05-30 02:37:53','2022-05-30 02:37:53'),(2895,1,'en','plugins/ecommerce/products','edit_attribute','Edit attribute','2022-05-30 02:37:53','2022-05-30 02:37:53'),(2896,1,'en','plugins/ecommerce/products','select_attribute','Select attribute','2022-05-30 02:37:53','2022-05-30 02:37:53'),(2897,1,'en','plugins/ecommerce/products','add_new_variation','Add new variation','2022-05-30 02:37:53','2022-05-30 02:37:53'),(2898,1,'en','plugins/ecommerce/products','edit_variation','Edit variation','2022-05-30 02:37:53','2022-05-30 02:37:53'),(2899,1,'en','plugins/ecommerce/products','generate_all_variations','Generate all variations','2022-05-30 02:37:53','2022-05-30 02:37:53'),(2900,1,'en','plugins/ecommerce/products','generate_all_variations_confirmation','Are you sure you want to generate all variations for this product?','2022-05-30 02:37:53','2022-05-30 02:37:53'),(2901,1,'en','plugins/ecommerce/products','delete_variation','Delete variation?','2022-05-30 02:37:53','2022-05-30 02:37:53'),(2902,1,'en','plugins/ecommerce/products','delete_variation_confirmation','Are you sure you want to delete this variation? This action cannot be undo.','2022-05-30 02:37:53','2022-05-30 02:37:53'),(2903,1,'en','plugins/ecommerce/products','delete_variations_confirmation','Are you sure you want to delete those variations? This action cannot be undo.','2022-05-30 02:37:53','2022-05-30 02:37:53'),(2904,1,'en','plugins/ecommerce/products','product_create_validate_name_required','Please enter product\'s name','2022-05-30 02:37:53','2022-05-30 02:37:53'),(2905,1,'en','plugins/ecommerce/products','product_create_validate_sale_price_max','The discount must be less than the original price','2022-05-30 02:37:53','2022-05-30 02:37:53'),(2906,1,'en','plugins/ecommerce/products','product_create_validate_sale_price_required_if','Must enter a discount when you want to schedule a promotion','2022-05-30 02:37:53','2022-05-30 02:37:53'),(2907,1,'en','plugins/ecommerce/products','product_create_validate_end_date_after','End date must be after start date','2022-05-30 02:37:53','2022-05-30 02:37:53'),(2908,1,'en','plugins/ecommerce/products','product_create_validate_start_date_required_if','Discount start date cannot be left blank when scheduling is selected','2022-05-30 02:37:53','2022-05-30 02:37:53'),(2909,1,'en','plugins/ecommerce/products','product_create_validate_sale_price','Discounts cannot be left blank when scheduling is selected','2022-05-30 02:37:53','2022-05-30 02:37:53'),(2910,1,'en','plugins/ecommerce/products','stock_statuses.in_stock','In stock','2022-05-30 02:37:53','2022-05-30 02:37:53'),(2911,1,'en','plugins/ecommerce/products','stock_statuses.out_of_stock','Out of stock','2022-05-30 02:37:53','2022-05-30 02:37:53'),(2912,1,'en','plugins/ecommerce/products','stock_statuses.on_backorder','On backorder','2022-05-30 02:37:53','2022-05-30 02:37:53'),(2913,1,'en','plugins/ecommerce/products','stock_status','Stock status','2022-05-30 02:37:53','2022-05-30 02:37:53'),(2914,1,'en','plugins/ecommerce/products','processing','Processing...','2022-05-30 02:37:53','2022-05-30 02:37:53'),(2915,1,'en','plugins/ecommerce/products','delete_selected_variations','Delete selected variations','2022-05-30 02:37:53','2022-05-30 02:37:53'),(2916,1,'en','plugins/ecommerce/products','delete_variations','Delete variations','2022-05-30 02:37:53','2022-05-30 02:37:53'),(2917,1,'en','plugins/ecommerce/products','category','Category','2022-05-30 02:37:53','2022-05-30 02:37:53'),(2918,1,'en','plugins/ecommerce/products','product_price_flash_sale_warning','This product is in flash sale <strong>:name</strong> so its price is <strong>:price</strong>.','2022-05-30 02:37:53','2022-05-30 02:37:53'),(2919,1,'en','plugins/ecommerce/products','product_price_discount_warning','This product is in discount <strong>:name</strong> so its price is <strong>:price</strong>.','2022-05-30 02:37:53','2022-05-30 02:37:53'),(2920,1,'en','plugins/ecommerce/reports','name','Report','2022-05-30 02:37:53','2022-05-30 02:37:53'),(2921,1,'en','plugins/ecommerce/reports','widget.order.title','Orders','2022-05-30 02:37:53','2022-05-30 02:37:53'),(2922,1,'en','plugins/ecommerce/reports','count.revenue','Today revenue','2022-05-30 02:37:53','2022-05-30 02:37:53'),(2923,1,'en','plugins/ecommerce/reports','count.orders','Today orders','2022-05-30 02:37:53','2022-05-30 02:37:53'),(2924,1,'en','plugins/ecommerce/reports','count.products','Total products','2022-05-30 02:37:53','2022-05-30 02:37:53'),(2925,1,'en','plugins/ecommerce/reports','count.customers','Total customers','2022-05-30 02:37:53','2022-05-30 02:37:53'),(2926,1,'en','plugins/ecommerce/reports','product_name','Product name','2022-05-30 02:37:53','2022-05-30 02:37:53'),(2927,1,'en','plugins/ecommerce/reports','quantity','Quantity','2022-05-30 02:37:53','2022-05-30 02:37:53'),(2928,1,'en','plugins/ecommerce/reports','revenue_statistics','Revenue statistics','2022-05-30 02:37:53','2022-05-30 02:37:53'),(2929,1,'en','plugins/ecommerce/reports','top_selling_products','Top Selling Products','2022-05-30 02:37:53','2022-05-30 02:37:53'),(2930,1,'en','plugins/ecommerce/reports','ranges.today','Today','2022-05-30 02:37:53','2022-05-30 02:37:53'),(2931,1,'en','plugins/ecommerce/reports','ranges.this_week','This week','2022-05-30 02:37:53','2022-05-30 02:37:53'),(2932,1,'en','plugins/ecommerce/reports','ranges.last_7_days','Last 7 days','2022-05-30 02:37:53','2022-05-30 02:37:53'),(2933,1,'en','plugins/ecommerce/reports','ranges.last_30_days','Last 30 days','2022-05-30 02:37:53','2022-05-30 02:37:53'),(2934,1,'en','plugins/ecommerce/reports','ranges.this_month','This month','2022-05-30 02:37:53','2022-05-30 02:37:53'),(2935,1,'en','plugins/ecommerce/reports','ranges.this_year','This year','2022-05-30 02:37:53','2022-05-30 02:37:53'),(2936,1,'en','plugins/ecommerce/reports','revenue_this_month','Revenue this month','2022-05-30 02:37:53','2022-05-30 02:37:53'),(2937,1,'en','plugins/ecommerce/reports','order_processing_this_month','order(s) processing in this month','2022-05-30 02:37:53','2022-05-30 02:37:53'),(2938,1,'en','plugins/ecommerce/reports','order_completed_this_month','order(s) completed in this month','2022-05-30 02:37:53','2022-05-30 02:37:53'),(2939,1,'en','plugins/ecommerce/reports','product_will_be_out_of_stock','product(s) will be out of stock soon','2022-05-30 02:37:53','2022-05-30 02:37:53'),(2940,1,'en','plugins/ecommerce/reports','product_out_of_stock','product(s) out of stock','2022-05-30 02:37:53','2022-05-30 02:37:53'),(2941,1,'en','plugins/ecommerce/reports','sales_reports','Sales Reports','2022-05-30 02:37:53','2022-05-30 02:37:53'),(2942,1,'en','plugins/ecommerce/reports','total_earnings','Total Earnings','2022-05-30 02:37:53','2022-05-30 02:37:53'),(2943,1,'en','plugins/ecommerce/reports','recent_orders','Recent Orders','2022-05-30 02:37:53','2022-05-30 02:37:53'),(2944,1,'en','plugins/ecommerce/reports','statistics','Statistics','2022-05-30 02:37:53','2022-05-30 02:37:53'),(2945,1,'en','plugins/ecommerce/reports','items_earning_sales','Items Earning Sales: :value','2022-05-30 02:37:53','2022-05-30 02:37:53'),(2946,1,'en','plugins/ecommerce/reports','revenue','Revenue','2022-05-30 02:37:53','2022-05-30 02:37:53'),(2947,1,'en','plugins/ecommerce/reports','orders','Orders','2022-05-30 02:37:53','2022-05-30 02:37:53'),(2948,1,'en','plugins/ecommerce/reports','products','Products','2022-05-30 02:37:53','2022-05-30 02:37:53'),(2949,1,'en','plugins/ecommerce/reports','customers','Customers','2022-05-30 02:37:53','2022-05-30 02:37:53'),(2950,1,'en','plugins/ecommerce/reports','earnings','Earnings','2022-05-30 02:37:53','2022-05-30 02:37:53'),(2951,1,'en','plugins/ecommerce/reports','date_range_format_value','From :from to :to','2022-05-30 02:37:53','2022-05-30 02:37:53'),(2952,1,'en','plugins/ecommerce/reports','select_range','Select Range','2022-05-30 02:37:53','2022-05-30 02:37:53'),(2953,1,'en','plugins/ecommerce/review','name','Reviews','2022-05-30 02:37:53','2022-05-30 02:37:53'),(2954,1,'en','plugins/ecommerce/review','add_review','Add review','2022-05-30 02:37:53','2022-05-30 02:37:53'),(2955,1,'en','plugins/ecommerce/review','delete_review','Delete review','2022-05-30 02:37:53','2022-05-30 02:37:53'),(2956,1,'en','plugins/ecommerce/review','create_review','Create Review','2022-05-30 02:37:53','2022-05-30 02:37:53'),(2957,1,'en','plugins/ecommerce/review','please_select_rating','Please select rating','2022-05-30 02:37:53','2022-05-30 02:37:53'),(2958,1,'en','plugins/ecommerce/review','comment','Comment','2022-05-30 02:37:53','2022-05-30 02:37:53'),(2959,1,'en','plugins/ecommerce/review','approve','Approve','2022-05-30 02:37:53','2022-05-30 02:37:53'),(2960,1,'en','plugins/ecommerce/review','approved','Approved','2022-05-30 02:37:53','2022-05-30 02:37:53'),(2961,1,'en','plugins/ecommerce/review','disapprove','Disapprove','2022-05-30 02:37:53','2022-05-30 02:37:53'),(2962,1,'en','plugins/ecommerce/review','disapproved','Disapproved','2022-05-30 02:37:53','2022-05-30 02:37:53'),(2963,1,'en','plugins/ecommerce/review','product','Product','2022-05-30 02:37:53','2022-05-30 02:37:53'),(2964,1,'en','plugins/ecommerce/review','user','User','2022-05-30 02:37:53','2022-05-30 02:37:53'),(2965,1,'en','plugins/ecommerce/review','star','Star','2022-05-30 02:37:53','2022-05-30 02:37:53'),(2966,1,'en','plugins/ecommerce/review','status','Status','2022-05-30 02:37:53','2022-05-30 02:37:53'),(2967,1,'en','plugins/ecommerce/review','list_review','Customer reviews','2022-05-30 02:37:53','2022-05-30 02:37:53'),(2968,1,'en','plugins/ecommerce/review','intro.title','Manage customer reviews','2022-05-30 02:37:53','2022-05-30 02:37:53'),(2969,1,'en','plugins/ecommerce/review','intro.description','Customer reviews will be shown here and you can manage it to show/hide in product detail page.','2022-05-30 02:37:54','2022-05-30 02:37:54'),(2970,1,'en','plugins/ecommerce/review','images','Images','2022-05-30 02:37:54','2022-05-30 02:37:54'),(2971,1,'en','plugins/ecommerce/shipping','name','Shipping Rules','2022-05-30 02:37:54','2022-05-30 02:37:54'),(2972,1,'en','plugins/ecommerce/shipping','shipping','Shipping','2022-05-30 02:37:54','2022-05-30 02:37:54'),(2973,1,'en','plugins/ecommerce/shipping','title','Title','2022-05-30 02:37:54','2022-05-30 02:37:54'),(2974,1,'en','plugins/ecommerce/shipping','amount','Amount','2022-05-30 02:37:54','2022-05-30 02:37:54'),(2975,1,'en','plugins/ecommerce/shipping','enable','Enable','2022-05-30 02:37:54','2022-05-30 02:37:54'),(2976,1,'en','plugins/ecommerce/shipping','enabled','Enabled','2022-05-30 02:37:54','2022-05-30 02:37:54'),(2977,1,'en','plugins/ecommerce/shipping','disable','Disable','2022-05-30 02:37:54','2022-05-30 02:37:54'),(2978,1,'en','plugins/ecommerce/shipping','disabled','Disabled','2022-05-30 02:37:54','2022-05-30 02:37:54'),(2979,1,'en','plugins/ecommerce/shipping','create_shipping','Create a shipping','2022-05-30 02:37:54','2022-05-30 02:37:54'),(2980,1,'en','plugins/ecommerce/shipping','edit_shipping','Edit shipping :code','2022-05-30 02:37:54','2022-05-30 02:37:54'),(2981,1,'en','plugins/ecommerce/shipping','status','Status','2022-05-30 02:37:54','2022-05-30 02:37:54'),(2982,1,'en','plugins/ecommerce/shipping','shipping_methods','Shipping methods','2022-05-30 02:37:54','2022-05-30 02:37:54'),(2983,1,'en','plugins/ecommerce/shipping','create_shipping_method','Create shipping method','2022-05-30 02:37:54','2022-05-30 02:37:54'),(2984,1,'en','plugins/ecommerce/shipping','edit_shipping_method','Edit shipping method','2022-05-30 02:37:54','2022-05-30 02:37:54'),(2985,1,'en','plugins/ecommerce/shipping','add_shipping_region','Add shipping region','2022-05-30 02:37:54','2022-05-30 02:37:54'),(2986,1,'en','plugins/ecommerce/shipping','country','Country','2022-05-30 02:37:54','2022-05-30 02:37:54'),(2987,1,'en','plugins/ecommerce/shipping','state','State','2022-05-30 02:37:54','2022-05-30 02:37:54'),(2988,1,'en','plugins/ecommerce/shipping','city','City','2022-05-30 02:37:54','2022-05-30 02:37:54'),(2989,1,'en','plugins/ecommerce/shipping','address','Address','2022-05-30 02:37:54','2022-05-30 02:37:54'),(2990,1,'en','plugins/ecommerce/shipping','phone','Phone','2022-05-30 02:37:54','2022-05-30 02:37:54'),(2991,1,'en','plugins/ecommerce/shipping','email','Email','2022-05-30 02:37:54','2022-05-30 02:37:54'),(2992,1,'en','plugins/ecommerce/shipping','zip_code','Zip code','2022-05-30 02:37:54','2022-05-30 02:37:54'),(2993,1,'en','plugins/ecommerce/shipping','methods.default','Default','2022-05-30 02:37:54','2022-05-30 02:37:54'),(2994,1,'en','plugins/ecommerce/shipping','statuses.not_approved','Not approved','2022-05-30 02:37:54','2022-05-30 02:37:54'),(2995,1,'en','plugins/ecommerce/shipping','statuses.approved','Approved','2022-05-30 02:37:54','2022-05-30 02:37:54'),(2996,1,'en','plugins/ecommerce/shipping','statuses.pending','Pending','2022-05-30 02:37:54','2022-05-30 02:37:54'),(2997,1,'en','plugins/ecommerce/shipping','statuses.arrange_shipment','Arrange shipment','2022-05-30 02:37:54','2022-05-30 02:37:54'),(2998,1,'en','plugins/ecommerce/shipping','statuses.ready_to_be_shipped_out','Ready to be shipped out','2022-05-30 02:37:54','2022-05-30 02:37:54'),(2999,1,'en','plugins/ecommerce/shipping','statuses.picking','Picking','2022-05-30 02:37:54','2022-05-30 02:37:54'),(3000,1,'en','plugins/ecommerce/shipping','statuses.delay_picking','Delay picking','2022-05-30 02:37:54','2022-05-30 02:37:54'),(3001,1,'en','plugins/ecommerce/shipping','statuses.picked','Picked','2022-05-30 02:37:54','2022-05-30 02:37:54'),(3002,1,'en','plugins/ecommerce/shipping','statuses.not_picked','Not picked','2022-05-30 02:37:54','2022-05-30 02:37:54'),(3003,1,'en','plugins/ecommerce/shipping','statuses.delivering','Delivering','2022-05-30 02:37:54','2022-05-30 02:37:54'),(3004,1,'en','plugins/ecommerce/shipping','statuses.delivered','Delivered','2022-05-30 02:37:54','2022-05-30 02:37:54'),(3005,1,'en','plugins/ecommerce/shipping','statuses.not_delivered','Not delivered','2022-05-30 02:37:54','2022-05-30 02:37:54'),(3006,1,'en','plugins/ecommerce/shipping','statuses.audited','Audited','2022-05-30 02:37:54','2022-05-30 02:37:54'),(3007,1,'en','plugins/ecommerce/shipping','statuses.canceled','Canceled','2022-05-30 02:37:54','2022-05-30 02:37:54'),(3008,1,'en','plugins/ecommerce/shipping','cod_statuses.pending','Pending','2022-05-30 02:37:54','2022-05-30 02:37:54'),(3009,1,'en','plugins/ecommerce/shipping','cod_statuses.completed','Completed','2022-05-30 02:37:54','2022-05-30 02:37:54'),(3010,1,'en','plugins/ecommerce/shipping','delete','Delete','2022-05-30 02:37:54','2022-05-30 02:37:54'),(3011,1,'en','plugins/ecommerce/shipping','shipping_rules','Shipping Rules','2022-05-30 02:37:54','2022-05-30 02:37:54'),(3012,1,'en','plugins/ecommerce/shipping','shipping_rules_description','Rules to calculate shipping fee.','2022-05-30 02:37:54','2022-05-30 02:37:54'),(3013,1,'en','plugins/ecommerce/shipping','select_country','Select country','2022-05-30 02:37:54','2022-05-30 02:37:54'),(3014,1,'en','plugins/ecommerce/shipping','add_shipping_rule','Add shipping rule','2022-05-30 02:37:54','2022-05-30 02:37:54'),(3015,1,'en','plugins/ecommerce/shipping','delete_shipping_rate','Delete shipping rate for area','2022-05-30 02:37:54','2022-05-30 02:37:54'),(3016,1,'en','plugins/ecommerce/shipping','delete_shipping_rate_confirmation','Are you sure you want to delete <strong class=\"region-price-item-label\"></strong> from this shipping area?','2022-05-30 02:37:54','2022-05-30 02:37:54'),(3017,1,'en','plugins/ecommerce/shipping','delete_shipping_area','Delete shipping area','2022-05-30 02:37:54','2022-05-30 02:37:54'),(3018,1,'en','plugins/ecommerce/shipping','delete_shipping_area_confirmation','Are you sure you want to delete shipping area <strong class=\"region-item-label\"></strong>?','2022-05-30 02:37:54','2022-05-30 02:37:54'),(3019,1,'en','plugins/ecommerce/shipping','add_shipping_fee_for_area','Add shipping fee for area','2022-05-30 02:37:54','2022-05-30 02:37:54'),(3020,1,'en','plugins/ecommerce/shipping','confirm','Confirm','2022-05-30 02:37:54','2022-05-30 02:37:54'),(3021,1,'en','plugins/ecommerce/shipping','save','Save','2022-05-30 02:37:54','2022-05-30 02:37:54'),(3022,1,'en','plugins/ecommerce/shipping','greater_than','Greater than','2022-05-30 02:37:54','2022-05-30 02:37:54'),(3023,1,'en','plugins/ecommerce/shipping','type','Type','2022-05-30 02:37:54','2022-05-30 02:37:54'),(3024,1,'en','plugins/ecommerce/shipping','shipping_rule_name','Name of shipping rule','2022-05-30 02:37:54','2022-05-30 02:37:54'),(3025,1,'en','plugins/ecommerce/shipping','shipping_fee','Shipping fee','2022-05-30 02:37:54','2022-05-30 02:37:54'),(3026,1,'en','plugins/ecommerce/shipping','cancel','Cancel','2022-05-30 02:37:54','2022-05-30 02:37:54'),(3027,1,'en','plugins/ecommerce/shipping','base_on_weight','Based on product\'s weight (:unit)','2022-05-30 02:37:54','2022-05-30 02:37:54'),(3028,1,'en','plugins/ecommerce/shipping','base_on_price','Based on product\'s price','2022-05-30 02:37:54','2022-05-30 02:37:54'),(3029,1,'en','plugins/ecommerce/shipping','shipment_canceled','Shipment was canceled','2022-05-30 02:37:54','2022-05-30 02:37:54'),(3030,1,'en','plugins/ecommerce/shipping','at','At','2022-05-30 02:37:54','2022-05-30 02:37:54'),(3031,1,'en','plugins/ecommerce/shipping','cash_on_delivery','Cash on delivery (COD)','2022-05-30 02:37:54','2022-05-30 02:37:54'),(3032,1,'en','plugins/ecommerce/shipping','update_shipping_status','Update shipping status','2022-05-30 02:37:54','2022-05-30 02:37:54'),(3033,1,'en','plugins/ecommerce/shipping','update_cod_status','Update COD status','2022-05-30 02:37:54','2022-05-30 02:37:54'),(3034,1,'en','plugins/ecommerce/shipping','history','History','2022-05-30 02:37:54','2022-05-30 02:37:54'),(3035,1,'en','plugins/ecommerce/shipping','shipment_information','Shipment information','2022-05-30 02:37:54','2022-05-30 02:37:54'),(3036,1,'en','plugins/ecommerce/shipping','order_number','Order number','2022-05-30 02:37:54','2022-05-30 02:37:54'),(3037,1,'en','plugins/ecommerce/shipping','shipping_method','Shipping method','2022-05-30 02:37:54','2022-05-30 02:37:54'),(3038,1,'en','plugins/ecommerce/shipping','select_shipping_method','Select shipping method','2022-05-30 02:37:54','2022-05-30 02:37:54'),(3039,1,'en','plugins/ecommerce/shipping','cod_status','COD status','2022-05-30 02:37:54','2022-05-30 02:37:54'),(3040,1,'en','plugins/ecommerce/shipping','shipping_status','Shipping status','2022-05-30 02:37:54','2022-05-30 02:37:54'),(3041,1,'en','plugins/ecommerce/shipping','customer_information','Customer information','2022-05-30 02:37:54','2022-05-30 02:37:54'),(3042,1,'en','plugins/ecommerce/shipping','sku','SKU','2022-05-30 02:37:54','2022-05-30 02:37:54'),(3043,1,'en','plugins/ecommerce/shipping','change_status_confirm_title','Confirm <span class=\"shipment-status-label\"></span> ?','2022-05-30 02:37:54','2022-05-30 02:37:54'),(3044,1,'en','plugins/ecommerce/shipping','change_status_confirm_description','Are you sure you want to confirm <span class=\"shipment-status-label\"></span> for this shipment?','2022-05-30 02:37:54','2022-05-30 02:37:54'),(3045,1,'en','plugins/ecommerce/shipping','accept','Accept','2022-05-30 02:37:54','2022-05-30 02:37:54'),(3046,1,'en','plugins/ecommerce/shipping','weight_unit','Weight (:unit)','2022-05-30 02:37:54','2022-05-30 02:37:54'),(3047,1,'en','plugins/ecommerce/shipping','updated_at','Last Update','2022-05-30 02:37:54','2022-05-30 02:37:54'),(3048,1,'en','plugins/ecommerce/shipping','cod_amount','Cash on delivery amount (COD)','2022-05-30 02:37:54','2022-05-30 02:37:54'),(3049,1,'en','plugins/ecommerce/shipping','cancel_shipping','Cancel shipping','2022-05-30 02:37:54','2022-05-30 02:37:54'),(3050,1,'en','plugins/ecommerce/shipping','shipping_address','Shipping address','2022-05-30 02:37:54','2022-05-30 02:37:54'),(3051,1,'en','plugins/ecommerce/shipping','packages','Packages','2022-05-30 02:37:54','2022-05-30 02:37:54'),(3052,1,'en','plugins/ecommerce/shipping','edit','Edit','2022-05-30 02:37:54','2022-05-30 02:37:54'),(3053,1,'en','plugins/ecommerce/shipping','fee','Fee','2022-05-30 02:37:54','2022-05-30 02:37:54'),(3054,1,'en','plugins/ecommerce/shipping','note','Note','2022-05-30 02:37:54','2022-05-30 02:37:54'),(3055,1,'en','plugins/ecommerce/shipping','finish','Finish','2022-05-30 02:37:54','2022-05-30 02:37:54'),(3056,1,'en','plugins/ecommerce/shipping','shipping_fee_cod','Shipping fee/COD','2022-05-30 02:37:54','2022-05-30 02:37:54'),(3057,1,'en','plugins/ecommerce/shipping','send_confirmation_email_to_customer','Send confirmation email to customer','2022-05-30 02:37:54','2022-05-30 02:37:54'),(3058,1,'en','plugins/ecommerce/shipping','form_name','Name','2022-05-30 02:37:54','2022-05-30 02:37:54'),(3059,1,'en','plugins/ecommerce/shipping','changed_shipping_status','Changed status of shipping to: :status. Updated by: %user_name%','2022-05-30 02:37:54','2022-05-30 02:37:54'),(3060,1,'en','plugins/ecommerce/shipping','order_confirmed_by','Order confirmed by %user_name%','2022-05-30 02:37:54','2022-05-30 02:37:54'),(3061,1,'en','plugins/ecommerce/shipping','shipping_canceled_by','Shipping is cancelled by %user_name%','2022-05-30 02:37:54','2022-05-30 02:37:54'),(3062,1,'en','plugins/ecommerce/shipping','update_shipping_status_success','Update shipping status successfully!','2022-05-30 02:37:54','2022-05-30 02:37:54'),(3063,1,'en','plugins/ecommerce/shipping','update_cod_status_success','Updated COD status of shipping successfully!','2022-05-30 02:37:54','2022-05-30 02:37:54'),(3064,1,'en','plugins/ecommerce/shipping','updated_cod_status_by','Updated COD status to :status . Updated by: %user_name%','2022-05-30 02:37:54','2022-05-30 02:37:54'),(3065,1,'en','plugins/ecommerce/shipping','all','All','2022-05-30 02:37:54','2022-05-30 02:37:54'),(3066,1,'en','plugins/ecommerce/shipping','error_when_adding_new_region','There is an error when adding new region!','2022-05-30 02:37:54','2022-05-30 02:37:54'),(3067,1,'en','plugins/ecommerce/shipping','delivery','Delivery','2022-05-30 02:37:54','2022-05-30 02:37:54'),(3068,1,'en','plugins/ecommerce/shipping','adjustment_price_of','Adjustment price of :key','2022-05-30 02:37:54','2022-05-30 02:37:54'),(3069,1,'en','plugins/ecommerce/shipping','warehouse','Warehouse','2022-05-30 02:37:54','2022-05-30 02:37:54'),(3070,1,'en','plugins/ecommerce/shipping','delivery_note','Delivery note','2022-05-30 02:37:54','2022-05-30 02:37:54'),(3071,1,'en','plugins/ecommerce/shipping','shipments','Shipments','2022-05-30 02:37:54','2022-05-30 02:37:54'),(3072,1,'en','plugins/ecommerce/shipping','order_id','Order ID','2022-05-30 02:37:54','2022-05-30 02:37:54'),(3073,1,'en','plugins/ecommerce/shipping','not_available','Not available','2022-05-30 02:37:54','2022-05-30 02:37:54'),(3074,1,'en','plugins/ecommerce/shipping','shipping_amount','Shipping Amount','2022-05-30 02:37:54','2022-05-30 02:37:54'),(3075,1,'en','plugins/ecommerce/shipping','additional_shipment_information','Additional shipment information','2022-05-30 02:37:54','2022-05-30 02:37:54'),(3076,1,'en','plugins/ecommerce/shipping','shipping_company_name','Shipping Company Name','2022-05-30 02:37:54','2022-05-30 02:37:54'),(3077,1,'en','plugins/ecommerce/shipping','tracking_id','Tracking ID','2022-05-30 02:37:54','2022-05-30 02:37:54'),(3078,1,'en','plugins/ecommerce/shipping','tracking_link','Tracking Link','2022-05-30 02:37:54','2022-05-30 02:37:54'),(3079,1,'en','plugins/ecommerce/shipping','estimate_date_shipped','Estimate Date Shipped','2022-05-30 02:37:54','2022-05-30 02:37:54'),(3080,1,'en','plugins/ecommerce/shipping','date_shipped','Date Shipped','2022-05-30 02:37:54','2022-05-30 02:37:54'),(3081,1,'en','plugins/ecommerce/shipping','add_note','Add note...','2022-05-30 02:37:54','2022-05-30 02:37:54'),(3082,1,'en','plugins/ecommerce/shipping','view_order','View Order :order_id','2022-05-30 02:37:54','2022-05-30 02:37:54'),(3083,1,'en','plugins/ecommerce/store-locator','name','Store locators','2022-05-30 02:37:54','2022-05-30 02:37:54'),(3084,1,'en','plugins/ecommerce/store-locator','description','This address will appear on your invoice and will be used to calculate your shipping price.','2022-05-30 02:37:54','2022-05-30 02:37:54'),(3085,1,'en','plugins/ecommerce/store-locator','shop_name','Shop name','2022-05-30 02:37:54','2022-05-30 02:37:54'),(3086,1,'en','plugins/ecommerce/store-locator','phone','Phone','2022-05-30 02:37:55','2022-05-30 02:37:55'),(3087,1,'en','plugins/ecommerce/store-locator','email','Email','2022-05-30 02:37:55','2022-05-30 02:37:55'),(3088,1,'en','plugins/ecommerce/store-locator','state','State','2022-05-30 02:37:55','2022-05-30 02:37:55'),(3089,1,'en','plugins/ecommerce/store-locator','city','City','2022-05-30 02:37:55','2022-05-30 02:37:55'),(3090,1,'en','plugins/ecommerce/store-locator','country','Country','2022-05-30 02:37:55','2022-05-30 02:37:55'),(3091,1,'en','plugins/ecommerce/store-locator','address','Address','2022-05-30 02:37:55','2022-05-30 02:37:55'),(3092,1,'en','plugins/ecommerce/store-locator','primary_store_is','Primary store is','2022-05-30 02:37:55','2022-05-30 02:37:55'),(3093,1,'en','plugins/ecommerce/store-locator','store_name','Store name','2022-05-30 02:37:55','2022-05-30 02:37:55'),(3094,1,'en','plugins/ecommerce/store-locator','select_country','Select country...','2022-05-30 02:37:55','2022-05-30 02:37:55'),(3095,1,'en','plugins/ecommerce/store-locator','default_shipping_location','Default shipping location','2022-05-30 02:37:55','2022-05-30 02:37:55'),(3096,1,'en','plugins/ecommerce/store-locator','default_store','Default store','2022-05-30 02:37:55','2022-05-30 02:37:55'),(3097,1,'en','plugins/ecommerce/tax','name','Taxes','2022-05-30 02:37:55','2022-05-30 02:37:55'),(3098,1,'en','plugins/ecommerce/tax','create','Create a tax','2022-05-30 02:37:55','2022-05-30 02:37:55'),(3099,1,'en','plugins/ecommerce/tax','edit','Edit tax :title','2022-05-30 02:37:55','2022-05-30 02:37:55'),(3100,1,'en','plugins/ecommerce/tax','title','Title','2022-05-30 02:37:55','2022-05-30 02:37:55'),(3101,1,'en','plugins/ecommerce/tax','percentage','Percentage %','2022-05-30 02:37:55','2022-05-30 02:37:55'),(3102,1,'en','plugins/ecommerce/tax','priority','Priority','2022-05-30 02:37:55','2022-05-30 02:37:55'),(3103,1,'en','plugins/ecommerce/tax','select_tax','-- select --','2022-05-30 02:37:55','2022-05-30 02:37:55'),(3104,1,'vi','plugins/ecommerce/brands','name','Thương hiệu','2022-05-30 02:37:55','2022-05-30 02:37:55'),(3105,1,'vi','plugins/ecommerce/brands','create','Thêm thương hiệu mới','2022-05-30 02:37:55','2022-05-30 02:37:55'),(3106,1,'vi','plugins/ecommerce/brands','edit','Sửa thương hiệu','2022-05-30 02:37:55','2022-05-30 02:37:55'),(3107,1,'vi','plugins/ecommerce/brands','form.name','Tên','2022-05-30 02:37:55','2022-05-30 02:37:55'),(3108,1,'vi','plugins/ecommerce/brands','form.name_placeholder','Tên thương hiệu (tối đa 255 kí tự)','2022-05-30 02:37:55','2022-05-30 02:37:55'),(3109,1,'vi','plugins/ecommerce/brands','form.description','Mô tả','2022-05-30 02:37:55','2022-05-30 02:37:55'),(3110,1,'vi','plugins/ecommerce/brands','form.description_placeholder','Mô tả ngắn cho thương hiệu này (tối đa 400 kí tự)','2022-05-30 02:37:55','2022-05-30 02:37:55'),(3111,1,'vi','plugins/ecommerce/brands','form.website','Website','2022-05-30 02:37:55','2022-05-30 02:37:55'),(3112,1,'vi','plugins/ecommerce/brands','form.logo','Logo','2022-05-30 02:37:55','2022-05-30 02:37:55'),(3113,1,'vi','plugins/ecommerce/brands','form.is_featured','Nổi bật?','2022-05-30 02:37:55','2022-05-30 02:37:55'),(3114,1,'vi','plugins/ecommerce/brands','logo','Logo','2022-05-30 02:37:55','2022-05-30 02:37:55'),(3115,1,'vi','plugins/ecommerce/brands','website','Website','2022-05-30 02:37:55','2022-05-30 02:37:55'),(3116,1,'vi','plugins/ecommerce/brands','notices.no_select','Không có bản ghi nào được chọn!','2022-05-30 02:37:55','2022-05-30 02:37:55'),(3117,1,'vi','plugins/ecommerce/brands','notices.update_success_message','Cập nhật thành công','2022-05-30 02:37:55','2022-05-30 02:37:55'),(3118,1,'vi','plugins/ecommerce/brands','cannot_delete','Xoá không thành công','2022-05-30 02:37:55','2022-05-30 02:37:55'),(3119,1,'vi','plugins/ecommerce/brands','brand_deleted','Xoá thương hiệu thành công','2022-05-30 02:37:55','2022-05-30 02:37:55'),(3120,1,'vi','plugins/ecommerce/brands','menu','Thương hiệu','2022-05-30 02:37:55','2022-05-30 02:37:55'),(3121,1,'vi','plugins/ecommerce/brands','intro.title','Quản lý danh sách thương hiệu','2022-05-30 02:37:55','2022-05-30 02:37:55'),(3122,1,'vi','plugins/ecommerce/brands','intro.description','Các thương hiệu của sản phẩm như Nike, Adidas, Bitis ...','2022-05-30 02:37:55','2022-05-30 02:37:55'),(3123,1,'vi','plugins/ecommerce/brands','intro.button_text','Tạo thương hiệu','2022-05-30 02:37:55','2022-05-30 02:37:55'),(3124,1,'vi','plugins/ecommerce/brands','no_brand','Không có thương hiệu','2022-05-30 02:37:55','2022-05-30 02:37:55'),(3125,1,'vi','plugins/ecommerce/currencies','name','Tiền tệ','2022-05-30 02:37:55','2022-05-30 02:37:55'),(3126,1,'vi','plugins/ecommerce/currencies','create','Thêm loại tiền tệ mới','2022-05-30 02:37:55','2022-05-30 02:37:55'),(3127,1,'vi','plugins/ecommerce/currencies','edit','Sửa tiền tệ','2022-05-30 02:37:55','2022-05-30 02:37:55'),(3128,1,'vi','plugins/ecommerce/currencies','list','Danh sách tiền tệ','2022-05-30 02:37:55','2022-05-30 02:37:55'),(3129,1,'vi','plugins/ecommerce/currencies','tables.title','Tên','2022-05-30 02:37:55','2022-05-30 02:37:55'),(3130,1,'vi','plugins/ecommerce/currencies','tables.code','Mã','2022-05-30 02:37:55','2022-05-30 02:37:55'),(3131,1,'vi','plugins/ecommerce/currencies','tables.symbol','Kí hiệu','2022-05-30 02:37:55','2022-05-30 02:37:55'),(3132,1,'vi','plugins/ecommerce/currencies','tables.is_prefix_symbol','Sử dụng ký hiệu trước số tiền','2022-05-30 02:37:55','2022-05-30 02:37:55'),(3133,1,'vi','plugins/ecommerce/currencies','tables.status','Trạng thái','2022-05-30 02:37:55','2022-05-30 02:37:55'),(3134,1,'vi','plugins/ecommerce/currencies','tables.order','Sắp xếp','2022-05-30 02:37:55','2022-05-30 02:37:55'),(3135,1,'vi','plugins/ecommerce/currencies','forms.title','Tiêu đề','2022-05-30 02:37:55','2022-05-30 02:37:55'),(3136,1,'vi','plugins/ecommerce/currencies','forms.code','Mã','2022-05-30 02:37:55','2022-05-30 02:37:55'),(3137,1,'vi','plugins/ecommerce/currencies','forms.symbol','Kí hiệu','2022-05-30 02:37:55','2022-05-30 02:37:55'),(3138,1,'vi','plugins/ecommerce/currencies','forms.is_prefix_symbol','Sử dụng ký hiệu trước số tiền','2022-05-30 02:37:55','2022-05-30 02:37:55'),(3139,1,'vi','plugins/ecommerce/currencies','forms.status','Trạng thái','2022-05-30 02:37:55','2022-05-30 02:37:55'),(3140,1,'vi','plugins/ecommerce/currencies','forms.order','Sắp xếp','2022-05-30 02:37:55','2022-05-30 02:37:55'),(3141,1,'vi','plugins/ecommerce/currencies','forms.decimals','Số kí tự sau dấu phân cách','2022-05-30 02:37:55','2022-05-30 02:37:55'),(3142,1,'vi','plugins/ecommerce/currencies','forms.activated','Đã kích hoạt','2022-05-30 02:37:55','2022-05-30 02:37:55'),(3143,1,'vi','plugins/ecommerce/currencies','forms.deactivated','Đã bị huỷ kích hoạt','2022-05-30 02:37:55','2022-05-30 02:37:55'),(3144,1,'vi','plugins/ecommerce/currencies','forms.yes','Có','2022-05-30 02:37:55','2022-05-30 02:37:55'),(3145,1,'vi','plugins/ecommerce/currencies','forms.no','Không','2022-05-30 02:37:55','2022-05-30 02:37:55'),(3146,1,'vi','plugins/ecommerce/currency','currencies','Tiền tệ','2022-05-30 02:37:55','2022-05-30 02:37:55'),(3147,1,'vi','plugins/ecommerce/currency','setting_description','Các loại tiền tệ được sử dụng trên website.','2022-05-30 02:37:55','2022-05-30 02:37:55'),(3148,1,'vi','plugins/ecommerce/currency','name','Tên','2022-05-30 02:37:55','2022-05-30 02:37:55'),(3149,1,'vi','plugins/ecommerce/currency','symbol','Ký hiệu','2022-05-30 02:37:55','2022-05-30 02:37:55'),(3150,1,'vi','plugins/ecommerce/currency','number_of_decimals','Số thập phân','2022-05-30 02:37:55','2022-05-30 02:37:55'),(3151,1,'vi','plugins/ecommerce/currency','exchange_rate','Tỷ giá','2022-05-30 02:37:55','2022-05-30 02:37:55'),(3152,1,'vi','plugins/ecommerce/currency','is_prefix_symbol','Vị trí ký hiệu','2022-05-30 02:37:55','2022-05-30 02:37:55'),(3153,1,'vi','plugins/ecommerce/currency','is_default','Mặc định?','2022-05-30 02:37:55','2022-05-30 02:37:55'),(3154,1,'vi','plugins/ecommerce/currency','remove','Xoá','2022-05-30 02:37:55','2022-05-30 02:37:55'),(3155,1,'vi','plugins/ecommerce/currency','new_currency','Thêm tiền tệ mới','2022-05-30 02:37:55','2022-05-30 02:37:55'),(3156,1,'vi','plugins/ecommerce/currency','save_settings','Lưu cài đặt','2022-05-30 02:37:55','2022-05-30 02:37:55'),(3157,1,'vi','plugins/ecommerce/currency','before_number','Trước số','2022-05-30 02:37:55','2022-05-30 02:37:55'),(3158,1,'vi','plugins/ecommerce/currency','after_number','Sau số','2022-05-30 02:37:55','2022-05-30 02:37:55'),(3159,1,'vi','plugins/ecommerce/customer','name','Khách hàng','2022-05-30 02:37:55','2022-05-30 02:37:55'),(3160,1,'vi','plugins/ecommerce/customer','create','Create a customer','2022-05-30 02:37:55','2022-05-30 02:37:55'),(3161,1,'vi','plugins/ecommerce/customer','edit','Edit customer \":name\"','2022-05-30 02:37:55','2022-05-30 02:37:55'),(3162,1,'vi','plugins/ecommerce/customer','email','Email','2022-05-30 02:37:55','2022-05-30 02:37:55'),(3163,1,'vi','plugins/ecommerce/customer','email_placeholder','Ex: example@gmail.com','2022-05-30 02:37:55','2022-05-30 02:37:55'),(3164,1,'vi','plugins/ecommerce/customer','password','Password','2022-05-30 02:37:55','2022-05-30 02:37:55'),(3165,1,'vi','plugins/ecommerce/customer','change_password','Change password?','2022-05-30 02:37:55','2022-05-30 02:37:55'),(3166,1,'vi','plugins/ecommerce/customer','password_confirmation','Password confirmation','2022-05-30 02:37:55','2022-05-30 02:37:55'),(3167,1,'vi','plugins/ecommerce/customer','intro.title','Quản lý danh sách khách hàng','2022-05-30 02:37:55','2022-05-30 02:37:55'),(3168,1,'vi','plugins/ecommerce/customer','intro.description','Khi khách hàng đặt hàng, bạn sẽ biết được thông tin và lịch sử mua hàng của khách hàng.','2022-05-30 02:37:55','2022-05-30 02:37:55'),(3169,1,'vi','plugins/ecommerce/customer','intro.button_text','Tạo khách hàng','2022-05-30 02:37:55','2022-05-30 02:37:55'),(3170,1,'vi','plugins/ecommerce/discount','name','Khuyến mãi','2022-05-30 02:37:55','2022-05-30 02:37:55'),(3171,1,'vi','plugins/ecommerce/discount','invalid_coupon','Mã khuyến mãi không hợp lệ hoặc đã hết hạn!','2022-05-30 02:37:55','2022-05-30 02:37:55'),(3172,1,'vi','plugins/ecommerce/discount','cannot_use_same_time_with_other_discount_program','Mã khuyến mãi này không thể sử dụng chung với chương trình khuyến mãi!','2022-05-30 02:37:55','2022-05-30 02:37:55'),(3173,1,'vi','plugins/ecommerce/discount','not_used','Chưa sử dụng mã giảm giá này','2022-05-30 02:37:55','2022-05-30 02:37:55'),(3174,1,'vi','plugins/ecommerce/discount','detail','Detail','2022-05-30 02:37:55','2022-05-30 02:37:55'),(3175,1,'vi','plugins/ecommerce/discount','used','Used','2022-05-30 02:37:55','2022-05-30 02:37:55'),(3176,1,'vi','plugins/ecommerce/discount','start_date','Start date','2022-05-30 02:37:55','2022-05-30 02:37:55'),(3177,1,'vi','plugins/ecommerce/discount','end_date','End date','2022-05-30 02:37:55','2022-05-30 02:37:55'),(3178,1,'vi','plugins/ecommerce/discount','intro.title','Chương trình khuyến mãi','2022-05-30 02:37:55','2022-05-30 02:37:55'),(3179,1,'vi','plugins/ecommerce/discount','intro.description','Tạo ra các mã coupon, cài đặt một sản phẩm, hoặc một nhóm sản phẩm khuyến mãi dành cho các khách hàng thân thiết của bạn.','2022-05-30 02:37:55','2022-05-30 02:37:55'),(3180,1,'vi','plugins/ecommerce/discount','intro.button_text','Tạo khuyến mãi','2022-05-30 02:37:55','2022-05-30 02:37:55'),(3181,1,'vi','plugins/ecommerce/discount','create','Create discount','2022-05-30 02:37:55','2022-05-30 02:37:55'),(3182,1,'vi','plugins/ecommerce/discount','expired','Expired','2022-05-30 02:37:55','2022-05-30 02:37:55'),(3183,1,'vi','plugins/ecommerce/discount','discount_promotion','Discount promotion','2022-05-30 02:37:55','2022-05-30 02:37:55'),(3184,1,'vi','plugins/ecommerce/discount','can','can','2022-05-30 02:37:55','2022-05-30 02:37:55'),(3185,1,'vi','plugins/ecommerce/discount','cannot','cannot','2022-05-30 02:37:55','2022-05-30 02:37:55'),(3186,1,'vi','plugins/ecommerce/discount','use_with_promotion','be used with promotion','2022-05-30 02:37:55','2022-05-30 02:37:55'),(3187,1,'vi','plugins/ecommerce/discount','create_discount_validate_title_required_if','Please enter the name of the promotion','2022-05-30 02:37:55','2022-05-30 02:37:55'),(3188,1,'vi','plugins/ecommerce/discount','create_discount_validate_code_required_if','Please enter the promotion code','2022-05-30 02:37:55','2022-05-30 02:37:55'),(3189,1,'vi','plugins/ecommerce/discount','create_discount_validate_value_required','Amount must be greater than 0','2022-05-30 02:37:55','2022-05-30 02:37:55'),(3190,1,'vi','plugins/ecommerce/discount','create_discount_validate_target_required','No object selected for promotion','2022-05-30 02:37:55','2022-05-30 02:37:55'),(3191,1,'vi','plugins/ecommerce/discount','enums.type-options.amount','Amount - Fixed','2022-05-30 02:37:55','2022-05-30 02:37:55'),(3192,1,'vi','plugins/ecommerce/discount','enums.type-options.percentage','Discount %','2022-05-30 02:37:55','2022-05-30 02:37:55'),(3193,1,'vi','plugins/ecommerce/discount','enums.type-options.shipping','Free shipping','2022-05-30 02:37:55','2022-05-30 02:37:55'),(3194,1,'vi','plugins/ecommerce/discount','enums.type-options.same-price','Same price','2022-05-30 02:37:55','2022-05-30 02:37:55'),(3195,1,'vi','plugins/ecommerce/discount','discount','Discount','2022-05-30 02:37:55','2022-05-30 02:37:55'),(3196,1,'vi','plugins/ecommerce/discount','create_coupon_code','Tạo mã khuyến mãi','2022-05-30 02:37:55','2022-05-30 02:37:55'),(3197,1,'vi','plugins/ecommerce/discount','create_discount_promotion','Create discount promotion','2022-05-30 02:37:55','2022-05-30 02:37:55'),(3198,1,'vi','plugins/ecommerce/discount','generate_coupon_code','Generate coupon code','2022-05-30 02:37:55','2022-05-30 02:37:55'),(3199,1,'vi','plugins/ecommerce/discount','customers_will_enter_this_coupon_code_when_they_checkout','Customers will enter this coupon code when they checkout','2022-05-30 02:37:55','2022-05-30 02:37:55'),(3200,1,'vi','plugins/ecommerce/discount','select_type_of_discount','Select type of discount','2022-05-30 02:37:55','2022-05-30 02:37:55'),(3201,1,'vi','plugins/ecommerce/discount','coupon_code','Coupon code','2022-05-30 02:37:55','2022-05-30 02:37:55'),(3202,1,'vi','plugins/ecommerce/discount','promotion','Promotion','2022-05-30 02:37:55','2022-05-30 02:37:55'),(3203,1,'vi','plugins/ecommerce/discount','can_be_used_with_promotion','Can be used with promotion','2022-05-30 02:37:55','2022-05-30 02:37:55'),(3204,1,'vi','plugins/ecommerce/discount','unlimited_coupon','Unlimited coupon','2022-05-30 02:37:55','2022-05-30 02:37:55'),(3205,1,'vi','plugins/ecommerce/discount','enter_number','Enter number','2022-05-30 02:37:55','2022-05-30 02:37:55'),(3206,1,'vi','plugins/ecommerce/discount','coupon_type','Coupon type','2022-05-30 02:37:55','2022-05-30 02:37:55'),(3207,1,'vi','plugins/ecommerce/discount','percentage_discount','Percentage discount (%)','2022-05-30 02:37:55','2022-05-30 02:37:55'),(3208,1,'vi','plugins/ecommerce/discount','free_shipping','Free shipping','2022-05-30 02:37:55','2022-05-30 02:37:55'),(3209,1,'vi','plugins/ecommerce/discount','same_price','Same price','2022-05-30 02:37:55','2022-05-30 02:37:55'),(3210,1,'vi','plugins/ecommerce/discount','apply_for','apply for','2022-05-30 02:37:55','2022-05-30 02:37:55'),(3211,1,'vi','plugins/ecommerce/discount','all_orders','All orders','2022-05-30 02:37:55','2022-05-30 02:37:55'),(3212,1,'vi','plugins/ecommerce/discount','order_amount_from','Order amount from','2022-05-30 02:37:55','2022-05-30 02:37:55'),(3213,1,'vi','plugins/ecommerce/discount','product_collection','Product collection','2022-05-30 02:37:55','2022-05-30 02:37:55'),(3214,1,'vi','plugins/ecommerce/discount','product','Product','2022-05-30 02:37:55','2022-05-30 02:37:55'),(3215,1,'vi','plugins/ecommerce/discount','customer','Customer','2022-05-30 02:37:55','2022-05-30 02:37:55'),(3216,1,'vi','plugins/ecommerce/discount','variant','Variant','2022-05-30 02:37:55','2022-05-30 02:37:55'),(3217,1,'vi','plugins/ecommerce/discount','search_product','Search product','2022-05-30 02:37:55','2022-05-30 02:37:55'),(3218,1,'vi','plugins/ecommerce/discount','no_products_found','No products found!','2022-05-30 02:37:55','2022-05-30 02:37:55'),(3219,1,'vi','plugins/ecommerce/discount','search_customer','Search customer','2022-05-30 02:37:55','2022-05-30 02:37:55'),(3220,1,'vi','plugins/ecommerce/discount','no_customer_found','No customer found!','2022-05-30 02:37:55','2022-05-30 02:37:55'),(3221,1,'vi','plugins/ecommerce/discount','one_time_per_order','One time per order','2022-05-30 02:37:55','2022-05-30 02:37:55'),(3222,1,'vi','plugins/ecommerce/discount','one_time_per_product_in_cart','One time per product in cart','2022-05-30 02:37:55','2022-05-30 02:37:55'),(3223,1,'vi','plugins/ecommerce/discount','number_of_products','Number of products required to apply','2022-05-30 02:37:55','2022-05-30 02:37:55'),(3224,1,'vi','plugins/ecommerce/discount','selected_products','Selected products','2022-05-30 02:37:55','2022-05-30 02:37:55'),(3225,1,'vi','plugins/ecommerce/discount','selected_customers','Selected customers','2022-05-30 02:37:55','2022-05-30 02:37:55'),(3226,1,'vi','plugins/ecommerce/discount','time','Time','2022-05-30 02:37:55','2022-05-30 02:37:55'),(3227,1,'vi','plugins/ecommerce/discount','never_expired','Never expired','2022-05-30 02:37:55','2022-05-30 02:37:55'),(3228,1,'vi','plugins/ecommerce/discount','save','Save','2022-05-30 02:37:55','2022-05-30 02:37:55'),(3229,1,'vi','plugins/ecommerce/discount','enter_promotion_name','Enter promotion name','2022-05-30 02:37:55','2022-05-30 02:37:55'),(3230,1,'vi','plugins/ecommerce/discount','enter_coupon_name','Enter coupon name','2022-05-30 02:37:55','2022-05-30 02:37:55'),(3231,1,'vi','plugins/ecommerce/discount','cancel','Cancel','2022-05-30 02:37:55','2022-05-30 02:37:55'),(3232,1,'vi','plugins/ecommerce/discount','is','Is','2022-05-30 02:37:55','2022-05-30 02:37:55'),(3233,1,'vi','plugins/ecommerce/discount','when_shipping_fee_less_than','when shipping fee less than','2022-05-30 02:37:55','2022-05-30 02:37:55'),(3234,1,'vi','plugins/ecommerce/ecommerce','settings','Cài đặt','2022-05-30 02:37:55','2022-05-30 02:37:55'),(3235,1,'vi','plugins/ecommerce/ecommerce','name','Thương mại điện tử','2022-05-30 02:37:55','2022-05-30 02:37:55'),(3236,1,'vi','plugins/ecommerce/ecommerce','setting.email.title','E-commerce','2022-05-30 02:37:55','2022-05-30 02:37:55'),(3237,1,'vi','plugins/ecommerce/ecommerce','setting.email.description','Ecommerce email config','2022-05-30 02:37:55','2022-05-30 02:37:55'),(3238,1,'vi','plugins/ecommerce/ecommerce','setting.email.order_confirm_subject','Subject of order confirmation email','2022-05-30 02:37:55','2022-05-30 02:37:55'),(3239,1,'vi','plugins/ecommerce/ecommerce','setting.email.order_confirm_subject_placeholder','The subject of email confirmation send to the customer','2022-05-30 02:37:56','2022-05-30 02:37:56'),(3240,1,'vi','plugins/ecommerce/ecommerce','setting.email.order_confirm_content','Content of order confirmation email','2022-05-30 02:37:56','2022-05-30 02:37:56'),(3241,1,'vi','plugins/ecommerce/ecommerce','setting.email.order_status_change_subject','Subject of email when changing order\'s status','2022-05-30 02:37:56','2022-05-30 02:37:56'),(3242,1,'vi','plugins/ecommerce/ecommerce','setting.email.order_status_change_subject_placeholder','Subject of email when changing order\'s status send to customer','2022-05-30 02:37:56','2022-05-30 02:37:56'),(3243,1,'vi','plugins/ecommerce/ecommerce','setting.email.order_status_change_content','Content of email when changing order\'s status','2022-05-30 02:37:56','2022-05-30 02:37:56'),(3244,1,'vi','plugins/ecommerce/ecommerce','setting.email.from_email','Email from','2022-05-30 02:37:56','2022-05-30 02:37:56'),(3245,1,'vi','plugins/ecommerce/ecommerce','setting.email.from_email_placeholder','Email from address to display in mail. Ex: example@gmail.com','2022-05-30 02:37:56','2022-05-30 02:37:56'),(3246,1,'vi','plugins/ecommerce/ecommerce','store_address','Địa chỉ cửa hàng','2022-05-30 02:37:56','2022-05-30 02:37:56'),(3247,1,'vi','plugins/ecommerce/ecommerce','store_phone','Số điện thoại cửa hàng','2022-05-30 02:37:56','2022-05-30 02:37:56'),(3248,1,'vi','plugins/ecommerce/ecommerce','order_id','Mã đơn hàng','2022-05-30 02:37:56','2022-05-30 02:37:56'),(3249,1,'vi','plugins/ecommerce/ecommerce','order_token','Chuỗi mã hoá đơn hàng','2022-05-30 02:37:56','2022-05-30 02:37:56'),(3250,1,'vi','plugins/ecommerce/ecommerce','customer_name','Tên khách hàng','2022-05-30 02:37:56','2022-05-30 02:37:56'),(3251,1,'vi','plugins/ecommerce/ecommerce','customer_email','Email khách hàng','2022-05-30 02:37:56','2022-05-30 02:37:56'),(3252,1,'vi','plugins/ecommerce/ecommerce','customer_phone','Số điện thoại khách hàng','2022-05-30 02:37:56','2022-05-30 02:37:56'),(3253,1,'vi','plugins/ecommerce/ecommerce','customer_address','Địa chỉ khách hàng','2022-05-30 02:37:56','2022-05-30 02:37:56'),(3254,1,'vi','plugins/ecommerce/ecommerce','product_list','Danh sách sản phẩm trong đơn hàng','2022-05-30 02:37:56','2022-05-30 02:37:56'),(3255,1,'vi','plugins/ecommerce/ecommerce','payment_detail','Chi tiết thanh toán','2022-05-30 02:37:56','2022-05-30 02:37:56'),(3256,1,'vi','plugins/ecommerce/ecommerce','shipping_method','Phương thức vận chuyển','2022-05-30 02:37:56','2022-05-30 02:37:56'),(3257,1,'vi','plugins/ecommerce/ecommerce','payment_method','Phương thức thanh toán','2022-05-30 02:37:56','2022-05-30 02:37:56'),(3258,1,'vi','plugins/ecommerce/ecommerce','standard_and_format','Tiêu chuẩn & Định dạng','2022-05-30 02:37:56','2022-05-30 02:37:56'),(3259,1,'vi','plugins/ecommerce/ecommerce','standard_and_format_description','Các tiêu chuẩn và các định dạng được sử dụng để tính toán những thứ như giá cả sản phẩm, trọng lượng vận chuyển và thời gian đơn hàng được đặt.','2022-05-30 02:37:56','2022-05-30 02:37:56'),(3260,1,'vi','plugins/ecommerce/ecommerce','change_order_format','Chỉnh sửa định dạng mã đơn hàng (tùy chọn)','2022-05-30 02:37:56','2022-05-30 02:37:56'),(3261,1,'vi','plugins/ecommerce/ecommerce','change_order_format_description','Mã đơn hàng mặc định bắt đầu từ :number. Bạn có thể thay đổi chuỗi bắt đầu hoặc kết thúc để tạo mã đơn hàng theo ý bạn, ví dụ \"DH-:number\" hoặc \":number-A\"','2022-05-30 02:37:56','2022-05-30 02:37:56'),(3262,1,'vi','plugins/ecommerce/ecommerce','start_with','Bắt đầu bằng','2022-05-30 02:37:56','2022-05-30 02:37:56'),(3263,1,'vi','plugins/ecommerce/ecommerce','end_with','Kết thúc bằng','2022-05-30 02:37:56','2022-05-30 02:37:56'),(3264,1,'vi','plugins/ecommerce/ecommerce','order_will_be_shown','Mã đơn hàng của bạn sẽ hiển thị theo mẫu','2022-05-30 02:37:56','2022-05-30 02:37:56'),(3265,1,'vi','plugins/ecommerce/ecommerce','weight_unit','Đơn vị cân nặng','2022-05-30 02:37:56','2022-05-30 02:37:56'),(3266,1,'vi','plugins/ecommerce/ecommerce','height_unit','Đơn vị chiều dài/chiều cao','2022-05-30 02:37:56','2022-05-30 02:37:56'),(3267,1,'vi','plugins/ecommerce/email','customer_new_order_title','Xác nhận đơn hàng','2022-05-30 02:37:56','2022-05-30 02:37:56'),(3268,1,'vi','plugins/ecommerce/email','customer_new_order_description','Được gửi khi khách hàng tạo đơn hàng','2022-05-30 02:37:56','2022-05-30 02:37:56'),(3269,1,'vi','plugins/ecommerce/email','order_cancellation_title','Hủy đơn hàng','2022-05-30 02:37:56','2022-05-30 02:37:56'),(3270,1,'vi','plugins/ecommerce/email','order_cancellation_description','Được gửi khi khách hàng hủy đơn hàng','2022-05-30 02:37:56','2022-05-30 02:37:56'),(3271,1,'vi','plugins/ecommerce/email','delivery_confirmation_title','Xác nhận giao hàng','2022-05-30 02:37:56','2022-05-30 02:37:56'),(3272,1,'vi','plugins/ecommerce/email','delivery_confirmation_description','Được gửi đến khách hàng khi bắt đầu giao hàng','2022-05-30 02:37:56','2022-05-30 02:37:56'),(3273,1,'vi','plugins/ecommerce/email','admin_new_order_title','Thông báo có đơn hàng mới','2022-05-30 02:37:56','2022-05-30 02:37:56'),(3274,1,'vi','plugins/ecommerce/email','admin_new_order_description','Được gửi cho quản trị viên khi có khách mua hàng','2022-05-30 02:37:56','2022-05-30 02:37:56'),(3275,1,'vi','plugins/ecommerce/email','order_confirmation_title','Xác nhận đơn hàng','2022-05-30 02:37:56','2022-05-30 02:37:56'),(3276,1,'vi','plugins/ecommerce/email','order_confirmation_description','Email được gửi đến khách hàng khi đơn hàng xác nhận','2022-05-30 02:37:56','2022-05-30 02:37:56'),(3277,1,'vi','plugins/ecommerce/email','payment_confirmation_title','Xác nhận thanh toán','2022-05-30 02:37:56','2022-05-30 02:37:56'),(3278,1,'vi','plugins/ecommerce/email','payment_confirmation_description','Email được gửi đến khách hàng khi đơn hàng xác nhận thanh toán','2022-05-30 02:37:56','2022-05-30 02:37:56'),(3279,1,'vi','plugins/ecommerce/email','order_recover_title','Đơn hàng đang chờ hoàn tất','2022-05-30 02:37:56','2022-05-30 02:37:56'),(3280,1,'vi','plugins/ecommerce/email','order_recover_description','Email nhắc nhở khách hàng hoàn tất đơn hàng','2022-05-30 02:37:56','2022-05-30 02:37:56'),(3281,1,'vi','plugins/ecommerce/email','link_go_to_our_shop','hoặc <a href=\":link\">Truy cập website</a>','2022-05-30 02:37:56','2022-05-30 02:37:56'),(3282,1,'vi','plugins/ecommerce/email','order_information','Thông tin đơn hàng','2022-05-30 02:37:56','2022-05-30 02:37:56'),(3283,1,'vi','plugins/ecommerce/email','order_number','Mã đơn hàng: <strong>:order_id</strong>','2022-05-30 02:37:56','2022-05-30 02:37:56'),(3284,1,'vi','plugins/ecommerce/email','view_order','Xem đơn hàng','2022-05-30 02:37:56','2022-05-30 02:37:56'),(3285,1,'vi','plugins/ecommerce/order','statuses.pending','Chưa xử lý','2022-05-30 02:37:56','2022-05-30 02:37:56'),(3286,1,'vi','plugins/ecommerce/order','statuses.processing','Đang xử lý','2022-05-30 02:37:56','2022-05-30 02:37:56'),(3287,1,'vi','plugins/ecommerce/order','statuses.completed','Hoàn thành','2022-05-30 02:37:56','2022-05-30 02:37:56'),(3288,1,'vi','plugins/ecommerce/order','statuses.canceled','Bị huỷ','2022-05-30 02:37:56','2022-05-30 02:37:56'),(3289,1,'vi','plugins/ecommerce/order','name','Đơn hàng','2022-05-30 02:37:56','2022-05-30 02:37:56'),(3290,1,'vi','plugins/ecommerce/order','incomplete_order','Đơn hàng chưa hoàn tất','2022-05-30 02:37:56','2022-05-30 02:37:56'),(3291,1,'vi','plugins/ecommerce/order','order_id','Mã đơn hàng','2022-05-30 02:37:56','2022-05-30 02:37:56'),(3292,1,'vi','plugins/ecommerce/order','customer_label','Khách hàng','2022-05-30 02:37:56','2022-05-30 02:37:56'),(3293,1,'vi','plugins/ecommerce/order','amount','Tổng cộng','2022-05-30 02:37:56','2022-05-30 02:37:56'),(3294,1,'vi','plugins/ecommerce/order','shipping_amount','Phí vận chuyển','2022-05-30 02:37:56','2022-05-30 02:37:56'),(3295,1,'vi','plugins/ecommerce/order','payment_method','Phương thức thanh toán','2022-05-30 02:37:56','2022-05-30 02:37:56'),(3296,1,'vi','plugins/ecommerce/order','payment_status_label','Trạng thái thanh toán','2022-05-30 02:37:56','2022-05-30 02:37:56'),(3297,1,'vi','plugins/ecommerce/order','manage_orders','Quản lý đơn hàng','2022-05-30 02:37:56','2022-05-30 02:37:56'),(3298,1,'vi','plugins/ecommerce/order','order_intro_description','Một khi cửa hàng của bạn có đơn đặt hàng, đây sẽ là nơi bạn xử lý và theo dõi những đơn đặt hàng đó.','2022-05-30 02:37:56','2022-05-30 02:37:56'),(3299,1,'vi','plugins/ecommerce/order','create_new_order','Tạo đơn hàng','2022-05-30 02:37:56','2022-05-30 02:37:56'),(3300,1,'vi','plugins/ecommerce/order','manage_incomplete_orders','Quản lý đơn hàng chưa hoàn tất','2022-05-30 02:37:56','2022-05-30 02:37:56'),(3301,1,'vi','plugins/ecommerce/order','incomplete_orders_intro_description','Đơn hàng chưa hoàn tất là đơn hàng được tạo khi khách hàng thêm sản phẩm vào giỏ hàng, tiến hành điền thông tin mua hàng nhưng không hoàn tất quá trình thanh toán.','2022-05-30 02:37:56','2022-05-30 02:37:56'),(3302,1,'vi','plugins/ecommerce/order','cannot_send_order_recover_to_mail','Không tìm thấy email nên không thể gửi email khôi phục cho khách hàng.','2022-05-30 02:37:56','2022-05-30 02:37:56'),(3303,1,'vi','plugins/ecommerce/order','menu','Đơn hàng','2022-05-30 02:37:56','2022-05-30 02:37:56'),(3304,1,'vi','plugins/ecommerce/order','order_information','Thông tin đơn hàng','2022-05-30 02:37:56','2022-05-30 02:37:56'),(3305,1,'vi','plugins/ecommerce/order','create','Create an order','2022-05-30 02:37:56','2022-05-30 02:37:56'),(3306,1,'vi','plugins/ecommerce/order','cancel_error','The order is delivering or completed','2022-05-30 02:37:56','2022-05-30 02:37:56'),(3307,1,'vi','plugins/ecommerce/order','cancel_success','You do cancel the order successful','2022-05-30 02:37:56','2022-05-30 02:37:56'),(3308,1,'vi','plugins/ecommerce/order','product_id','Product ID','2022-05-30 02:37:56','2022-05-30 02:37:56'),(3309,1,'vi','plugins/ecommerce/order','tax_amount','Tax Amount','2022-05-30 02:37:56','2022-05-30 02:37:56'),(3310,1,'vi','plugins/ecommerce/order','invoice_for_order','Invoice for order','2022-05-30 02:37:56','2022-05-30 02:37:56'),(3311,1,'vi','plugins/ecommerce/order','created','Created','2022-05-30 02:37:56','2022-05-30 02:37:56'),(3312,1,'vi','plugins/ecommerce/order','invoice','Invoice','2022-05-30 02:37:56','2022-05-30 02:37:56'),(3313,1,'vi','plugins/ecommerce/order','return','Return','2022-05-30 02:37:56','2022-05-30 02:37:56'),(3314,1,'vi','plugins/ecommerce/order','total_refund_amount','Total refund amount','2022-05-30 02:37:56','2022-05-30 02:37:56'),(3315,1,'vi','plugins/ecommerce/order','total_amount_can_be_refunded','Total amount can be refunded','2022-05-30 02:37:56','2022-05-30 02:37:56'),(3316,1,'vi','plugins/ecommerce/order','refund_reason','Refund reason (optional)','2022-05-30 02:37:56','2022-05-30 02:37:56'),(3317,1,'vi','plugins/ecommerce/order','products','product(s)','2022-05-30 02:37:56','2022-05-30 02:37:56'),(3318,1,'vi','plugins/ecommerce/order','default','Default','2022-05-30 02:37:56','2022-05-30 02:37:56'),(3319,1,'vi','plugins/ecommerce/order','system','System','2022-05-30 02:37:56','2022-05-30 02:37:56'),(3320,1,'vi','plugins/ecommerce/order','new_order_from','New order :order_id from :customer','2022-05-30 02:37:56','2022-05-30 02:37:56'),(3321,1,'vi','plugins/ecommerce/order','confirmation_email_was_sent_to_customer','The email confirmation was sent to customer','2022-05-30 02:37:56','2022-05-30 02:37:56'),(3322,1,'vi','plugins/ecommerce/order','address_name_required','The name field is required.','2022-05-30 02:37:56','2022-05-30 02:37:56'),(3323,1,'vi','plugins/ecommerce/order','address_phone_required','The phone field is required.','2022-05-30 02:37:56','2022-05-30 02:37:56'),(3324,1,'vi','plugins/ecommerce/order','address_email_required','The email field is required.','2022-05-30 02:37:56','2022-05-30 02:37:56'),(3325,1,'vi','plugins/ecommerce/order','address_email_unique','The customer with that email is existed, please choose other email or login with this email!','2022-05-30 02:37:56','2022-05-30 02:37:56'),(3326,1,'vi','plugins/ecommerce/order','address_state_required','The state field is required.','2022-05-30 02:37:56','2022-05-30 02:37:56'),(3327,1,'vi','plugins/ecommerce/order','address_city_required','The city field is required.','2022-05-30 02:37:56','2022-05-30 02:37:56'),(3328,1,'vi','plugins/ecommerce/order','address_country_required','The country field is required.','2022-05-30 02:37:56','2022-05-30 02:37:56'),(3329,1,'vi','plugins/ecommerce/order','address_address_required','The address field is required.','2022-05-30 02:37:56','2022-05-30 02:37:56'),(3330,1,'vi','plugins/ecommerce/order','create_order_from_payment_page','Order was created from checkout page','2022-05-30 02:37:56','2022-05-30 02:37:56'),(3331,1,'vi','plugins/ecommerce/order','order_was_verified_by','Order was verified by %user_name%','2022-05-30 02:37:56','2022-05-30 02:37:56'),(3332,1,'vi','plugins/ecommerce/order','new_order','New order :order_id','2022-05-30 02:37:56','2022-05-30 02:37:56'),(3333,1,'vi','plugins/ecommerce/order','payment_was_confirmed_by','Payment was confirmed (amount :money) by %user_name%','2022-05-30 02:37:56','2022-05-30 02:37:56'),(3334,1,'vi','plugins/ecommerce/order','edit_order','Edit order :code','2022-05-30 02:37:56','2022-05-30 02:37:56'),(3335,1,'vi','plugins/ecommerce/order','confirm_order_success','Confirm order successfully!','2022-05-30 02:37:56','2022-05-30 02:37:56'),(3336,1,'vi','plugins/ecommerce/order','error_when_sending_email','There is an error when sending email','2022-05-30 02:37:56','2022-05-30 02:37:56'),(3337,1,'vi','plugins/ecommerce/order','sent_confirmation_email_success','Sent confirmation email successfully!','2022-05-30 02:37:56','2022-05-30 02:37:56'),(3338,1,'vi','plugins/ecommerce/order','order_was_sent_to_shipping_team','Order was sent to shipping team','2022-05-30 02:37:56','2022-05-30 02:37:56'),(3339,1,'vi','plugins/ecommerce/order','by_username','by %user_name%','2022-05-30 02:37:56','2022-05-30 02:37:56'),(3340,1,'vi','plugins/ecommerce/order','shipping_was_created_from','Shipping was created from order %order_id%','2022-05-30 02:37:56','2022-05-30 02:37:56'),(3341,1,'vi','plugins/ecommerce/order','shipping_was_canceled_success','Shipping was cancelled successfully!','2022-05-30 02:37:56','2022-05-30 02:37:56'),(3342,1,'vi','plugins/ecommerce/order','shipping_was_canceled_by','Shipping was cancelled by %user_name%','2022-05-30 02:37:56','2022-05-30 02:37:56'),(3343,1,'vi','plugins/ecommerce/order','update_shipping_address_success','Update shipping address successfully!','2022-05-30 02:37:56','2022-05-30 02:37:56'),(3344,1,'vi','plugins/ecommerce/order','order_was_canceled_by','Order was cancelled by %user_name%','2022-05-30 02:37:56','2022-05-30 02:37:56'),(3345,1,'vi','plugins/ecommerce/order','confirm_payment_success','Confirm payment successfully!','2022-05-30 02:37:56','2022-05-30 02:37:56'),(3346,1,'vi','plugins/ecommerce/order','refund_amount_invalid','Refund amount must be lower or equal :price','2022-05-30 02:37:56','2022-05-30 02:37:56'),(3347,1,'vi','plugins/ecommerce/order','number_of_products_invalid','Number of products refund is not valid!','2022-05-30 02:37:56','2022-05-30 02:37:56'),(3348,1,'vi','plugins/ecommerce/order','cannot_found_payment_for_this_order','Cannot found payment for this order!','2022-05-30 02:37:56','2022-05-30 02:37:56'),(3349,1,'vi','plugins/ecommerce/order','refund_success_with_price','Refund success :price','2022-05-30 02:37:56','2022-05-30 02:37:56'),(3350,1,'vi','plugins/ecommerce/order','refund_success','Refund successfully!','2022-05-30 02:37:56','2022-05-30 02:37:56'),(3351,1,'vi','plugins/ecommerce/order','order_is_not_existed','Order is not existed!','2022-05-30 02:37:56','2022-05-30 02:37:56'),(3352,1,'vi','plugins/ecommerce/order','reorder','Reorder','2022-05-30 02:37:56','2022-05-30 02:37:56'),(3353,1,'vi','plugins/ecommerce/order','sent_email_incomplete_order_success','Sent email to remind about incomplete order successfully!','2022-05-30 02:37:56','2022-05-30 02:37:56'),(3354,1,'vi','plugins/ecommerce/order','applied_coupon_success','Applied coupon \":code\" successfully!','2022-05-30 02:37:56','2022-05-30 02:37:56'),(3355,1,'vi','plugins/ecommerce/order','new_order_notice','You have <span class=\"bold\">:count</span> New Order(s)','2022-05-30 02:37:56','2022-05-30 02:37:56'),(3356,1,'vi','plugins/ecommerce/order','view_all','View all','2022-05-30 02:37:56','2022-05-30 02:37:56'),(3357,1,'vi','plugins/ecommerce/order','cancel_order','Cancel order','2022-05-30 02:37:56','2022-05-30 02:37:56'),(3358,1,'vi','plugins/ecommerce/order','order_canceled','Order canceled','2022-05-30 02:37:56','2022-05-30 02:37:56'),(3359,1,'vi','plugins/ecommerce/order','order_was_canceled_at','Order was canceled at','2022-05-30 02:37:56','2022-05-30 02:37:56'),(3360,1,'vi','plugins/ecommerce/order','completed','Completed','2022-05-30 02:37:56','2022-05-30 02:37:56'),(3361,1,'vi','plugins/ecommerce/order','uncompleted','Uncompleted','2022-05-30 02:37:56','2022-05-30 02:37:56'),(3362,1,'vi','plugins/ecommerce/order','sku','SKU','2022-05-30 02:37:56','2022-05-30 02:37:56'),(3363,1,'vi','plugins/ecommerce/order','warehouse','Warehouse','2022-05-30 02:37:56','2022-05-30 02:37:56'),(3364,1,'vi','plugins/ecommerce/order','sub_amount','Sub amount','2022-05-30 02:37:56','2022-05-30 02:37:56'),(3365,1,'vi','plugins/ecommerce/order','coupon_code','Coupon code: \":code\"','2022-05-30 02:37:56','2022-05-30 02:37:56'),(3366,1,'vi','plugins/ecommerce/order','shipping_fee','Shipping fee','2022-05-30 02:37:56','2022-05-30 02:37:56'),(3367,1,'vi','plugins/ecommerce/order','tax','Tax','2022-05-30 02:37:56','2022-05-30 02:37:56'),(3368,1,'vi','plugins/ecommerce/order','refunded_amount','Refunded amount','2022-05-30 02:37:56','2022-05-30 02:37:56'),(3369,1,'vi','plugins/ecommerce/order','amount_received','The amount actually received','2022-05-30 02:37:56','2022-05-30 02:37:56'),(3370,1,'vi','plugins/ecommerce/order','download_invoice','Download invoice','2022-05-30 02:37:56','2022-05-30 02:37:56'),(3371,1,'vi','plugins/ecommerce/order','add_note','Add note...','2022-05-30 02:37:56','2022-05-30 02:37:56'),(3372,1,'vi','plugins/ecommerce/order','order_was_confirmed','Order was confirmed','2022-05-30 02:37:56','2022-05-30 02:37:56'),(3373,1,'vi','plugins/ecommerce/order','confirm_order','Confirm order','2022-05-30 02:37:56','2022-05-30 02:37:56'),(3374,1,'vi','plugins/ecommerce/order','confirm','Confirm','2022-05-30 02:37:56','2022-05-30 02:37:56'),(3375,1,'vi','plugins/ecommerce/order','order_was_canceled','Order was canceled','2022-05-30 02:37:56','2022-05-30 02:37:56'),(3376,1,'vi','plugins/ecommerce/order','pending_payment','Pending payment','2022-05-30 02:37:56','2022-05-30 02:37:56'),(3377,1,'vi','plugins/ecommerce/order','payment_was_accepted','Payment :money was accepted','2022-05-30 02:37:56','2022-05-30 02:37:56'),(3378,1,'vi','plugins/ecommerce/order','payment_was_refunded','Payment was refunded','2022-05-30 02:37:56','2022-05-30 02:37:56'),(3379,1,'vi','plugins/ecommerce/order','confirm_payment','Confirm payment','2022-05-30 02:37:56','2022-05-30 02:37:56'),(3380,1,'vi','plugins/ecommerce/order','refund','Refund','2022-05-30 02:37:56','2022-05-30 02:37:56'),(3381,1,'vi','plugins/ecommerce/order','all_products_are_not_delivered','All products are not delivered','2022-05-30 02:37:56','2022-05-30 02:37:56'),(3382,1,'vi','plugins/ecommerce/order','delivery','Delivery','2022-05-30 02:37:56','2022-05-30 02:37:56'),(3383,1,'vi','plugins/ecommerce/order','history','History','2022-05-30 02:37:56','2022-05-30 02:37:56'),(3384,1,'vi','plugins/ecommerce/order','order_number','Order number','2022-05-30 02:37:56','2022-05-30 02:37:56'),(3385,1,'vi','plugins/ecommerce/order','from','from','2022-05-30 02:37:56','2022-05-30 02:37:56'),(3386,1,'vi','plugins/ecommerce/order','status','Status','2022-05-30 02:37:56','2022-05-30 02:37:56'),(3387,1,'vi','plugins/ecommerce/order','successfully','Successfully','2022-05-30 02:37:56','2022-05-30 02:37:56'),(3388,1,'vi','plugins/ecommerce/order','transaction_type','Transaction\'s type','2022-05-30 02:37:56','2022-05-30 02:37:56'),(3389,1,'vi','plugins/ecommerce/order','staff','Staff','2022-05-30 02:37:56','2022-05-30 02:37:56'),(3390,1,'vi','plugins/ecommerce/order','refund_date','Refund date','2022-05-30 02:37:56','2022-05-30 02:37:56'),(3391,1,'vi','plugins/ecommerce/order','n_a','N\\A','2022-05-30 02:37:56','2022-05-30 02:37:56'),(3392,1,'vi','plugins/ecommerce/order','payment_date','Payment date','2022-05-30 02:37:56','2022-05-30 02:37:56'),(3393,1,'vi','plugins/ecommerce/order','payment_gateway','Payment gateway','2022-05-30 02:37:56','2022-05-30 02:37:56'),(3394,1,'vi','plugins/ecommerce/order','transaction_amount','Transaction amount','2022-05-30 02:37:56','2022-05-30 02:37:56'),(3395,1,'vi','plugins/ecommerce/order','resend','Resend','2022-05-30 02:37:56','2022-05-30 02:37:56'),(3396,1,'vi','plugins/ecommerce/order','default_store','Default store','2022-05-30 02:37:56','2022-05-30 02:37:56'),(3397,1,'vi','plugins/ecommerce/order','update_address','Update address','2022-05-30 02:37:56','2022-05-30 02:37:56'),(3398,1,'vi','plugins/ecommerce/order','have_an_account_already','Have an account already','2022-05-30 02:37:56','2022-05-30 02:37:56'),(3399,1,'vi','plugins/ecommerce/order','dont_have_an_account_yet','Don\'t have an account yet','2022-05-30 02:37:56','2022-05-30 02:37:56'),(3400,1,'vi','plugins/ecommerce/order','mark_payment_as_confirmed','Mark <span>:method</span> as confirmed','2022-05-30 02:37:56','2022-05-30 02:37:56'),(3401,1,'vi','plugins/ecommerce/order','resend_order_confirmation','Resend order confirmation','2022-05-30 02:37:56','2022-05-30 02:37:56'),(3402,1,'vi','plugins/ecommerce/order','resend_order_confirmation_description','Confirmation email will be sent to <strong>:email</strong>?','2022-05-30 02:37:56','2022-05-30 02:37:56'),(3403,1,'vi','plugins/ecommerce/order','send','Send','2022-05-30 02:37:56','2022-05-30 02:37:56'),(3404,1,'vi','plugins/ecommerce/order','update','Update','2022-05-30 02:37:56','2022-05-30 02:37:56'),(3405,1,'vi','plugins/ecommerce/order','cancel_shipping_confirmation','Cancel shipping confirmation?','2022-05-30 02:37:56','2022-05-30 02:37:56'),(3406,1,'vi','plugins/ecommerce/order','cancel_shipping_confirmation_description','Cancel shipping confirmation?','2022-05-30 02:37:56','2022-05-30 02:37:56'),(3407,1,'vi','plugins/ecommerce/order','cancel_order_confirmation','Cancel order confirmation?','2022-05-30 02:37:56','2022-05-30 02:37:56'),(3408,1,'vi','plugins/ecommerce/order','cancel_order_confirmation_description','Are you sure you want to cancel this order? This action cannot rollback','2022-05-30 02:37:56','2022-05-30 02:37:56'),(3409,1,'vi','plugins/ecommerce/order','confirm_payment_confirmation_description','Processed by <strong>:method</strong>. Did you receive payment outside the system? This payment won\'t be saved into system and cannot be refunded','2022-05-30 02:37:56','2022-05-30 02:37:56'),(3410,1,'vi','plugins/ecommerce/order','save_note','Save note','2022-05-30 02:37:56','2022-05-30 02:37:56'),(3411,1,'vi','plugins/ecommerce/order','order_note','Order note','2022-05-30 02:37:56','2022-05-30 02:37:56'),(3412,1,'vi','plugins/ecommerce/order','order_note_placeholder','Note about order, ex: time or shipping instruction.','2022-05-30 02:37:56','2022-05-30 02:37:56'),(3413,1,'vi','plugins/ecommerce/order','order_amount','Order amount','2022-05-30 02:37:56','2022-05-30 02:37:56'),(3414,1,'vi','plugins/ecommerce/order','additional_information','Additional information','2022-05-30 02:37:56','2022-05-30 02:37:56'),(3415,1,'vi','plugins/ecommerce/order','notice_about_incomplete_order','Notice about incomplete order','2022-05-30 02:37:56','2022-05-30 02:37:56'),(3416,1,'vi','plugins/ecommerce/order','notice_about_incomplete_order_description','Remind email about uncompleted order will be send to <strong>:email</strong>?','2022-05-30 02:37:56','2022-05-30 02:37:56'),(3417,1,'vi','plugins/ecommerce/order','incomplete_order_description_1','An incomplete order is when a potential customer places items in their shopping cart, and goes all the way through to the payment page, but then doesn\'t complete the transaction.','2022-05-30 02:37:56','2022-05-30 02:37:56'),(3418,1,'vi','plugins/ecommerce/order','incomplete_order_description_2','If you have contacted customers and they want to continue buying, you can help them complete their order by following the link:','2022-05-30 02:37:56','2022-05-30 02:37:56'),(3419,1,'vi','plugins/ecommerce/order','send_an_email_to_recover_this_order','Send an email to customer to recover this order','2022-05-30 02:37:56','2022-05-30 02:37:56'),(3420,1,'vi','plugins/ecommerce/order','see_maps','See maps','2022-05-30 02:37:56','2022-05-30 02:37:56'),(3421,1,'vi','plugins/ecommerce/order','one_or_more_products_dont_have_enough_quantity','One or more products don\'t have enough quantity!','2022-05-30 02:37:56','2022-05-30 02:37:56'),(3422,1,'vi','plugins/ecommerce/order','payment_info','Payment Info','2022-05-30 02:37:56','2022-05-30 02:37:56'),(3423,1,'vi','plugins/ecommerce/order','payment_method_refund_automatic','Your customer will be refunded using :method automatically.','2022-05-30 02:37:56','2022-05-30 02:37:56'),(3424,1,'vi','plugins/ecommerce/order','order','Order','2022-05-30 02:37:56','2022-05-30 02:37:56'),(3425,1,'vi','plugins/ecommerce/order','create_a_new_product','Create a new product','2022-05-30 02:37:56','2022-05-30 02:37:56'),(3426,1,'vi','plugins/ecommerce/order','out_of_stock','Out of stock','2022-05-30 02:37:56','2022-05-30 02:37:56'),(3427,1,'vi','plugins/ecommerce/order','products_available','product(s) available','2022-05-30 02:37:56','2022-05-30 02:37:56'),(3428,1,'vi','plugins/ecommerce/order','no_products_found','No products found!','2022-05-30 02:37:56','2022-05-30 02:37:56'),(3429,1,'vi','plugins/ecommerce/order','note','Note','2022-05-30 02:37:56','2022-05-30 02:37:56'),(3430,1,'vi','plugins/ecommerce/order','note_for_order','Note for order...','2022-05-30 02:37:56','2022-05-30 02:37:56'),(3431,1,'vi','plugins/ecommerce/order','add_discount','Add discount','2022-05-30 02:37:56','2022-05-30 02:37:56'),(3432,1,'vi','plugins/ecommerce/order','discount','Discount','2022-05-30 02:37:56','2022-05-30 02:37:56'),(3433,1,'vi','plugins/ecommerce/order','add_shipping_fee','Add shipping fee','2022-05-30 02:37:56','2022-05-30 02:37:56'),(3434,1,'vi','plugins/ecommerce/order','shipping','Shipping','2022-05-30 02:37:56','2022-05-30 02:37:56'),(3435,1,'vi','plugins/ecommerce/order','total_amount','Total amount','2022-05-30 02:37:56','2022-05-30 02:37:56'),(3436,1,'vi','plugins/ecommerce/order','confirm_payment_and_create_order','Confirm payment and create order','2022-05-30 02:37:57','2022-05-30 02:37:57'),(3437,1,'vi','plugins/ecommerce/order','paid','Paid','2022-05-30 02:37:57','2022-05-30 02:37:57'),(3438,1,'vi','plugins/ecommerce/order','pay_later','Pay later','2022-05-30 02:37:57','2022-05-30 02:37:57'),(3439,1,'vi','plugins/ecommerce/order','customer_information','Customer information','2022-05-30 02:37:57','2022-05-30 02:37:57'),(3440,1,'vi','plugins/ecommerce/order','create_new_customer','Create new customer','2022-05-30 02:37:57','2022-05-30 02:37:57'),(3441,1,'vi','plugins/ecommerce/order','no_customer_found','No customer found!','2022-05-30 02:37:57','2022-05-30 02:37:57'),(3442,1,'vi','plugins/ecommerce/order','customer','Customer','2022-05-30 02:37:57','2022-05-30 02:37:57'),(3443,1,'vi','plugins/ecommerce/order','orders','order(s)','2022-05-30 02:37:57','2022-05-30 02:37:57'),(3444,1,'vi','plugins/ecommerce/order','shipping_address','Shipping Address','2022-05-30 02:37:57','2022-05-30 02:37:57'),(3445,1,'vi','plugins/ecommerce/order','see_on_maps','See on maps','2022-05-30 02:37:57','2022-05-30 02:37:57'),(3446,1,'vi','plugins/ecommerce/order','price','Price','2022-05-30 02:37:57','2022-05-30 02:37:57'),(3447,1,'vi','plugins/ecommerce/order','sku_optional','SKU (optional)','2022-05-30 02:37:57','2022-05-30 02:37:57'),(3448,1,'vi','plugins/ecommerce/order','with_storehouse_management','With storehouse management?','2022-05-30 02:37:57','2022-05-30 02:37:57'),(3449,1,'vi','plugins/ecommerce/order','quantity','Quantity','2022-05-30 02:37:57','2022-05-30 02:37:57'),(3450,1,'vi','plugins/ecommerce/order','allow_customer_checkout_when_this_product_out_of_stock','Allow customer checkout when this product out of stock?','2022-05-30 02:37:57','2022-05-30 02:37:57'),(3451,1,'vi','plugins/ecommerce/order','address','Address','2022-05-30 02:37:57','2022-05-30 02:37:57'),(3452,1,'vi','plugins/ecommerce/order','phone','Phone','2022-05-30 02:37:57','2022-05-30 02:37:57'),(3453,1,'vi','plugins/ecommerce/order','country','Country','2022-05-30 02:37:57','2022-05-30 02:37:57'),(3454,1,'vi','plugins/ecommerce/order','state','State','2022-05-30 02:37:57','2022-05-30 02:37:57'),(3455,1,'vi','plugins/ecommerce/order','city','City','2022-05-30 02:37:57','2022-05-30 02:37:57'),(3456,1,'vi','plugins/ecommerce/order','zip_code','Zip code','2022-05-30 02:37:57','2022-05-30 02:37:57'),(3457,1,'vi','plugins/ecommerce/order','discount_based_on','Discount based on','2022-05-30 02:37:57','2022-05-30 02:37:57'),(3458,1,'vi','plugins/ecommerce/order','or_coupon_code','Or coupon code','2022-05-30 02:37:57','2022-05-30 02:37:57'),(3459,1,'vi','plugins/ecommerce/order','description','Description','2022-05-30 02:37:57','2022-05-30 02:37:57'),(3460,1,'vi','plugins/ecommerce/order','how_to_select_configured_shipping','How to select configured shipping?','2022-05-30 02:37:57','2022-05-30 02:37:57'),(3461,1,'vi','plugins/ecommerce/order','please_add_customer_information_with_the_complete_shipping_address_to_see_the_configured_shipping_rates','Please add customer information with the complete shipping address to see the configured shipping rates','2022-05-30 02:37:57','2022-05-30 02:37:57'),(3462,1,'vi','plugins/ecommerce/order','free_shipping','Free shipping','2022-05-30 02:37:57','2022-05-30 02:37:57'),(3463,1,'vi','plugins/ecommerce/order','custom','Custom','2022-05-30 02:37:57','2022-05-30 02:37:57'),(3464,1,'vi','plugins/ecommerce/order','email','Email','2022-05-30 02:37:57','2022-05-30 02:37:57'),(3465,1,'vi','plugins/ecommerce/order','create_order','Create order','2022-05-30 02:37:57','2022-05-30 02:37:57'),(3466,1,'vi','plugins/ecommerce/order','close','Close','2022-05-30 02:37:57','2022-05-30 02:37:57'),(3467,1,'vi','plugins/ecommerce/order','confirm_payment_is_paid_for_this_order','Confirm payment is paid for this order','2022-05-30 02:37:57','2022-05-30 02:37:57'),(3468,1,'vi','plugins/ecommerce/order','payment_status_of_the_order_is_paid_once_the_order_has_been_created_you_cannot_change_the_payment_method_or_status','Payment status of the order is Paid. Once the order has been created, you cannot change the payment method or status','2022-05-30 02:37:57','2022-05-30 02:37:57'),(3469,1,'vi','plugins/ecommerce/order','select_payment_method','Select payment method','2022-05-30 02:37:57','2022-05-30 02:37:57'),(3470,1,'vi','plugins/ecommerce/order','cash_on_delivery_cod','Cash on delivery (COD)','2022-05-30 02:37:57','2022-05-30 02:37:57'),(3471,1,'vi','plugins/ecommerce/order','bank_transfer','Bank transfer','2022-05-30 02:37:57','2022-05-30 02:37:57'),(3472,1,'vi','plugins/ecommerce/order','paid_amount','Paid amount','2022-05-30 02:37:57','2022-05-30 02:37:57'),(3473,1,'vi','plugins/ecommerce/order','confirm_that_payment_for_this_order_will_be_paid_later','Confirm that payment for this order will be paid later','2022-05-30 02:37:57','2022-05-30 02:37:57'),(3474,1,'vi','plugins/ecommerce/order','payment_status_of_the_order_is_pending_once_the_order_has_been_created_you_cannot_change_the_payment_method_or_status','Payment status of the order is Pending. Once the order has been created, you cannot change the payment method or status','2022-05-30 02:37:57','2022-05-30 02:37:57'),(3475,1,'vi','plugins/ecommerce/order','pending_amount','Pending amount','2022-05-30 02:37:57','2022-05-30 02:37:57'),(3476,1,'vi','plugins/ecommerce/order','update_email','Update email','2022-05-30 02:37:57','2022-05-30 02:37:57'),(3477,1,'vi','plugins/ecommerce/order','save','Save','2022-05-30 02:37:57','2022-05-30 02:37:57'),(3478,1,'vi','plugins/ecommerce/order','cancel','Cancel','2022-05-30 02:37:57','2022-05-30 02:37:57'),(3479,1,'vi','plugins/ecommerce/order','create_a_new_order','Create a new order','2022-05-30 02:37:57','2022-05-30 02:37:57'),(3480,1,'vi','plugins/ecommerce/order','search_or_create_new_product','Search or create a new product','2022-05-30 02:37:57','2022-05-30 02:37:57'),(3481,1,'vi','plugins/ecommerce/order','search_or_create_new_customer','Search or create a new customer','2022-05-30 02:37:57','2022-05-30 02:37:57'),(3482,1,'vi','plugins/ecommerce/order','discount_description','Discount description','2022-05-30 02:37:57','2022-05-30 02:37:57'),(3483,1,'vi','plugins/ecommerce/order','cant_select_out_of_stock_product','Cannot select out of stock product!','2022-05-30 02:37:57','2022-05-30 02:37:57'),(3484,1,'vi','plugins/ecommerce/payment','name','Thanh toán','2022-05-30 02:37:57','2022-05-30 02:37:57'),(3485,1,'vi','plugins/ecommerce/payment','payment_method','Phương thức thanh toán','2022-05-30 02:37:57','2022-05-30 02:37:57'),(3486,1,'vi','plugins/ecommerce/payment','view_payment','Xem thanh toán #','2022-05-30 02:37:57','2022-05-30 02:37:57'),(3487,1,'vi','plugins/ecommerce/payment','charge_id','Mã giao dịch','2022-05-30 02:37:57','2022-05-30 02:37:57'),(3488,1,'vi','plugins/ecommerce/payment','amount','Số tiền','2022-05-30 02:37:57','2022-05-30 02:37:57'),(3489,1,'vi','plugins/ecommerce/payment','currency','Đơn vị tiền tệ','2022-05-30 02:37:57','2022-05-30 02:37:57'),(3490,1,'vi','plugins/ecommerce/payment','user','Người dùng','2022-05-30 02:37:57','2022-05-30 02:37:57'),(3491,1,'vi','plugins/ecommerce/payment','paypal_name_required','Tên của phương thức PayPal là bắt buộc!','2022-05-30 02:37:57','2022-05-30 02:37:57'),(3492,1,'vi','plugins/ecommerce/payment','paypal_name_max','Tên của phương thức PayPal quá dài!','2022-05-30 02:37:57','2022-05-30 02:37:57'),(3493,1,'vi','plugins/ecommerce/payment','stripe_name_required','Tên của phương thức Stripe là bắt buộc!','2022-05-30 02:37:57','2022-05-30 02:37:57'),(3494,1,'vi','plugins/ecommerce/payment','stripe_name_max','Tên của phương thức Stripe quá dài!','2022-05-30 02:37:57','2022-05-30 02:37:57'),(3495,1,'vi','plugins/ecommerce/payment','status','Trạng thái','2022-05-30 02:37:57','2022-05-30 02:37:57'),(3496,1,'vi','plugins/ecommerce/payment','enabled','Bật','2022-05-30 02:37:57','2022-05-30 02:37:57'),(3497,1,'vi','plugins/ecommerce/payment','disabled','Tắt','2022-05-30 02:37:57','2022-05-30 02:37:57'),(3498,1,'vi','plugins/ecommerce/payment','client_id','Client ID','2022-05-30 02:37:57','2022-05-30 02:37:57'),(3499,1,'vi','plugins/ecommerce/payment','client_secret','Client Secret','2022-05-30 02:37:57','2022-05-30 02:37:57'),(3500,1,'vi','plugins/ecommerce/payment','mode','Chế độ','2022-05-30 02:37:57','2022-05-30 02:37:57'),(3501,1,'vi','plugins/ecommerce/payment','sandbox','Sandbox','2022-05-30 02:37:57','2022-05-30 02:37:57'),(3502,1,'vi','plugins/ecommerce/payment','live','Live','2022-05-30 02:37:57','2022-05-30 02:37:57'),(3503,1,'vi','plugins/ecommerce/payment','enable_payment_log','Bật lưu nhật ký thanh toán','2022-05-30 02:37:57','2022-05-30 02:37:57'),(3504,1,'vi','plugins/ecommerce/payment','yes','Có','2022-05-30 02:37:57','2022-05-30 02:37:57'),(3505,1,'vi','plugins/ecommerce/payment','no','Không','2022-05-30 02:37:57','2022-05-30 02:37:57'),(3506,1,'vi','plugins/ecommerce/payment','client_key','Client Key','2022-05-30 02:37:57','2022-05-30 02:37:57'),(3507,1,'vi','plugins/ecommerce/payment','stripe','Stripe','2022-05-30 02:37:57','2022-05-30 02:37:57'),(3508,1,'vi','plugins/ecommerce/payment','paypal','PayPal','2022-05-30 02:37:57','2022-05-30 02:37:57'),(3509,1,'vi','plugins/ecommerce/payment','action','Hành động','2022-05-30 02:37:57','2022-05-30 02:37:57'),(3510,1,'vi','plugins/ecommerce/payment','go_back','Quay lại','2022-05-30 02:37:57','2022-05-30 02:37:57'),(3511,1,'vi','plugins/ecommerce/payment','view','Xem','2022-05-30 02:37:57','2022-05-30 02:37:57'),(3512,1,'vi','plugins/ecommerce/payment','cash_on_delivery','Thanh toán khi nhận hàng (COD)','2022-05-30 02:37:57','2022-05-30 02:37:57'),(3513,1,'vi','plugins/ecommerce/payment','via_bank_transfer','Thông qua chuyển khoản ngân hàng','2022-05-30 02:37:57','2022-05-30 02:37:57'),(3514,1,'vi','plugins/ecommerce/payment','payment_via_cart','Thanh toán bằng thẻ','2022-05-30 02:37:57','2022-05-30 02:37:57'),(3515,1,'vi','plugins/ecommerce/payment','card_number','Số thẻ','2022-05-30 02:37:57','2022-05-30 02:37:57'),(3516,1,'vi','plugins/ecommerce/payment','full_name','Tên trên thẻ','2022-05-30 02:37:57','2022-05-30 02:37:57'),(3517,1,'vi','plugins/ecommerce/payment','payment_via_paypal','Thanh toán thông qua PayPal','2022-05-30 02:37:57','2022-05-30 02:37:57'),(3518,1,'vi','plugins/ecommerce/payment','mm_yy','MM/YY','2022-05-30 02:37:57','2022-05-30 02:37:57'),(3519,1,'vi','plugins/ecommerce/payment','cvc','CVC','2022-05-30 02:37:57','2022-05-30 02:37:57'),(3520,1,'vi','plugins/ecommerce/payment','details','Chi tiết','2022-05-30 02:37:57','2022-05-30 02:37:57'),(3521,1,'vi','plugins/ecommerce/payment','payer_name','Người thanh toán','2022-05-30 02:37:57','2022-05-30 02:37:57'),(3522,1,'vi','plugins/ecommerce/payment','email','Địa chỉ email','2022-05-30 02:37:57','2022-05-30 02:37:57'),(3523,1,'vi','plugins/ecommerce/payment','phone','Điện thoại','2022-05-30 02:37:57','2022-05-30 02:37:57'),(3524,1,'vi','plugins/ecommerce/payment','country','Quốc gia','2022-05-30 02:37:57','2022-05-30 02:37:57'),(3525,1,'vi','plugins/ecommerce/payment','shipping_address','Địa chỉ giao hàng','2022-05-30 02:37:57','2022-05-30 02:37:57'),(3526,1,'vi','plugins/ecommerce/payment','payment_details','Chi tiết giao dịch','2022-05-30 02:37:57','2022-05-30 02:37:57'),(3527,1,'vi','plugins/ecommerce/payment','card','Thẻ','2022-05-30 02:37:57','2022-05-30 02:37:57'),(3528,1,'vi','plugins/ecommerce/payment','address','Địa chỉ','2022-05-30 02:37:57','2022-05-30 02:37:57'),(3529,1,'vi','plugins/ecommerce/payment','could_not_get_stripe_token','Không thể lấy mã Stripe để thanh toán','2022-05-30 02:37:57','2022-05-30 02:37:57'),(3530,1,'vi','plugins/ecommerce/payment','new_payment','Thanh toán cho đơn hàng :id','2022-05-30 02:37:57','2022-05-30 02:37:57'),(3531,1,'vi','plugins/ecommerce/payment','payment_id','Mã thanh toán','2022-05-30 02:37:57','2022-05-30 02:37:57'),(3532,1,'vi','plugins/ecommerce/prices','name','Price','2022-05-30 02:37:57','2022-05-30 02:37:57'),(3533,1,'vi','plugins/ecommerce/prices','create','New price','2022-05-30 02:37:57','2022-05-30 02:37:57'),(3534,1,'vi','plugins/ecommerce/prices','edit','Edit price','2022-05-30 02:37:57','2022-05-30 02:37:57'),(3535,1,'vi','plugins/ecommerce/prices','list','List price','2022-05-30 02:37:57','2022-05-30 02:37:57'),(3536,1,'vi','plugins/ecommerce/product-attribute-sets','name','Product attribute sets','2022-05-30 02:37:57','2022-05-30 02:37:57'),(3537,1,'vi','plugins/ecommerce/product-attribute-sets','create','New product attribute set','2022-05-30 02:37:57','2022-05-30 02:37:57'),(3538,1,'vi','plugins/ecommerce/product-attribute-sets','edit','Edit product attribute set','2022-05-30 02:37:57','2022-05-30 02:37:57'),(3539,1,'vi','plugins/ecommerce/product-attribute-sets','visible_in_categories','Visible in categories','2022-05-30 02:37:57','2022-05-30 02:37:57'),(3540,1,'vi','plugins/ecommerce/product-attribute-sets','product_with_more_version','Product with more version','2022-05-30 02:37:57','2022-05-30 02:37:57'),(3541,1,'vi','plugins/ecommerce/product-attribute-sets','create_a_version','Create a version','2022-05-30 02:37:57','2022-05-30 02:37:57'),(3542,1,'vi','plugins/ecommerce/product-attribute-sets','enabled','Enabled','2022-05-30 02:37:57','2022-05-30 02:37:57'),(3543,1,'vi','plugins/ecommerce/product-attribute-sets','attributes','Attributes','2022-05-30 02:37:57','2022-05-30 02:37:57'),(3544,1,'vi','plugins/ecommerce/product-attribute-sets','price','Price','2022-05-30 02:37:57','2022-05-30 02:37:57'),(3545,1,'vi','plugins/ecommerce/product-attribute-sets','edit_btn','Edit','2022-05-30 02:37:57','2022-05-30 02:37:57'),(3546,1,'vi','plugins/ecommerce/product-attribute-sets','remove_btn','Remove','2022-05-30 02:37:57','2022-05-30 02:37:57'),(3547,1,'vi','plugins/ecommerce/product-attribute-sets','product','Product','2022-05-30 02:37:57','2022-05-30 02:37:57'),(3548,1,'vi','plugins/ecommerce/product-attribute-sets','back_to_product','Back to product','2022-05-30 02:37:57','2022-05-30 02:37:57'),(3549,1,'vi','plugins/ecommerce/product-attribute-sets','save','Save','2022-05-30 02:37:57','2022-05-30 02:37:57'),(3550,1,'vi','plugins/ecommerce/product-attribute-sets','other_existing_versions','Other existing versions','2022-05-30 02:37:57','2022-05-30 02:37:57'),(3551,1,'vi','plugins/ecommerce/product-attribute-sets','version_information','Version information','2022-05-30 02:37:57','2022-05-30 02:37:57'),(3552,1,'vi','plugins/ecommerce/product-attribute-sets','add_rule','Add rule','2022-05-30 02:37:57','2022-05-30 02:37:57'),(3553,1,'vi','plugins/ecommerce/product-attribute-sets','rules','Rules','2022-05-30 02:37:57','2022-05-30 02:37:57'),(3554,1,'vi','plugins/ecommerce/product-attribute-sets','pricing','Pricing','2022-05-30 02:37:57','2022-05-30 02:37:57'),(3555,1,'vi','plugins/ecommerce/product-attribute-sets','sale_price','Sale price','2022-05-30 02:37:57','2022-05-30 02:37:57'),(3556,1,'vi','plugins/ecommerce/product-attribute-sets','sale_type','Sale type','2022-05-30 02:37:57','2022-05-30 02:37:57'),(3557,1,'vi','plugins/ecommerce/product-attribute-sets','no_sale_price','No sale price','2022-05-30 02:37:57','2022-05-30 02:37:57'),(3558,1,'vi','plugins/ecommerce/product-attribute-sets','always_on_sale','Always on sale','2022-05-30 02:37:57','2022-05-30 02:37:57'),(3559,1,'vi','plugins/ecommerce/product-attribute-sets','limited_time','Limited time','2022-05-30 02:37:57','2022-05-30 02:37:57'),(3560,1,'vi','plugins/ecommerce/product-attribute-sets','from','From','2022-05-30 02:37:57','2022-05-30 02:37:57'),(3561,1,'vi','plugins/ecommerce/product-attribute-sets','to','To','2022-05-30 02:37:57','2022-05-30 02:37:57'),(3562,1,'vi','plugins/ecommerce/product-attribute-sets','storehouse','Storehouse','2022-05-30 02:37:57','2022-05-30 02:37:57'),(3563,1,'vi','plugins/ecommerce/product-attribute-sets','no_storehouse_management','No storehouse management','2022-05-30 02:37:57','2022-05-30 02:37:57'),(3564,1,'vi','plugins/ecommerce/product-attribute-sets','with_storehouse_management','With storehouse management','2022-05-30 02:37:57','2022-05-30 02:37:57'),(3565,1,'vi','plugins/ecommerce/product-attribute-sets','quantity','Quantity','2022-05-30 02:37:57','2022-05-30 02:37:57'),(3566,1,'vi','plugins/ecommerce/product-attribute-sets','allow_customer_checkout_out_of_stock','Allow customer checkout when this product out of stock','2022-05-30 02:37:57','2022-05-30 02:37:57'),(3567,1,'vi','plugins/ecommerce/product-attribute-sets','shipping','Shipping','2022-05-30 02:37:57','2022-05-30 02:37:57'),(3568,1,'vi','plugins/ecommerce/product-attribute-sets','length','Length','2022-05-30 02:37:58','2022-05-30 02:37:58'),(3569,1,'vi','plugins/ecommerce/product-attribute-sets','wide','Wide','2022-05-30 02:37:58','2022-05-30 02:37:58'),(3570,1,'vi','plugins/ecommerce/product-attribute-sets','height','Height','2022-05-30 02:37:58','2022-05-30 02:37:58'),(3571,1,'vi','plugins/ecommerce/product-attribute-sets','weight','Weight','2022-05-30 02:37:58','2022-05-30 02:37:58'),(3572,1,'vi','plugins/ecommerce/product-attribute-sets','version_images','Version images','2022-05-30 02:37:58','2022-05-30 02:37:58'),(3573,1,'vi','plugins/ecommerce/product-attribute-sets','add_new_image','Add new image','2022-05-30 02:37:58','2022-05-30 02:37:58'),(3574,1,'vi','plugins/ecommerce/product-attribute-sets','attribute_set','Attribute set','2022-05-30 02:37:58','2022-05-30 02:37:58'),(3575,1,'vi','plugins/ecommerce/product-attribute-sets','value','Value','2022-05-30 02:37:58','2022-05-30 02:37:58'),(3576,1,'vi','plugins/ecommerce/product-attribute-sets','dropdown_swatch','Dropdown Swatch','2022-05-30 02:37:58','2022-05-30 02:37:58'),(3577,1,'vi','plugins/ecommerce/product-attribute-sets','visual_swatch','Visual Swatch','2022-05-30 02:37:58','2022-05-30 02:37:58'),(3578,1,'vi','plugins/ecommerce/product-attribute-sets','text_swatch','Text Swatch','2022-05-30 02:37:58','2022-05-30 02:37:58'),(3579,1,'vi','plugins/ecommerce/product-attributes','name','Thuộc tính sản phẩm','2022-05-30 02:37:58','2022-05-30 02:37:58'),(3580,1,'vi','plugins/ecommerce/product-attributes','create','Tạo','2022-05-30 02:37:58','2022-05-30 02:37:58'),(3581,1,'vi','plugins/ecommerce/product-attributes','edit','Sửa','2022-05-30 02:37:58','2022-05-30 02:37:58'),(3582,1,'vi','plugins/ecommerce/product-attributes','intro.title','Quản lý danh sách thuộc tính sản phẩm','2022-05-30 02:37:58','2022-05-30 02:37:58'),(3583,1,'vi','plugins/ecommerce/product-attributes','intro.description','Các thuộc tính của sản phẩm như màu sắc, kích thước ...','2022-05-30 02:37:58','2022-05-30 02:37:58'),(3584,1,'vi','plugins/ecommerce/product-attributes','intro.button_text','Tạo thuộc tính sản phẩm','2022-05-30 02:37:58','2022-05-30 02:37:58'),(3585,1,'vi','plugins/ecommerce/product-categories','create','Create new product category','2022-05-30 02:37:58','2022-05-30 02:37:58'),(3586,1,'vi','plugins/ecommerce/product-categories','edit','Edit product category','2022-05-30 02:37:58','2022-05-30 02:37:58'),(3587,1,'vi','plugins/ecommerce/product-categories','name','Danh mục sản phẩm','2022-05-30 02:37:58','2022-05-30 02:37:58'),(3588,1,'vi','plugins/ecommerce/product-categories','none','Không có','2022-05-30 02:37:58','2022-05-30 02:37:58'),(3589,1,'vi','plugins/ecommerce/product-categories','menu','Danh mục sản phẩm','2022-05-30 02:37:58','2022-05-30 02:37:58'),(3590,1,'vi','plugins/ecommerce/product-categories','intro.title','Quản lý danh sách danh mục sản phẩm','2022-05-30 02:37:58','2022-05-30 02:37:58'),(3591,1,'vi','plugins/ecommerce/product-categories','intro.description','Danh mục sản phẩm như quần áo, giày dép, linh kiện điện tử ...','2022-05-30 02:37:58','2022-05-30 02:37:58'),(3592,1,'vi','plugins/ecommerce/product-categories','intro.button_text','Tạo danh mục sản phẩm','2022-05-30 02:37:58','2022-05-30 02:37:58'),(3593,1,'vi','plugins/ecommerce/product-categories','total_products','Tổng sản phẩm: :total','2022-05-30 02:37:58','2022-05-30 02:37:58'),(3594,1,'vi','plugins/ecommerce/product-collections','name','Nhóm sản phẩm','2022-05-30 02:37:58','2022-05-30 02:37:58'),(3595,1,'vi','plugins/ecommerce/product-collections','create','Thêm nhóm sản phẩm','2022-05-30 02:37:58','2022-05-30 02:37:58'),(3596,1,'vi','plugins/ecommerce/product-collections','edit','Sửa nhóm sản phẩm','2022-05-30 02:37:58','2022-05-30 02:37:58'),(3597,1,'vi','plugins/ecommerce/product-collections','slug_help_block','Label key: <code>:slug</code>. We will use this key for filter.','2022-05-30 02:37:58','2022-05-30 02:37:58'),(3598,1,'vi','plugins/ecommerce/product-collections','intro.title','Quản lý nhóm sản phẩm','2022-05-30 02:37:58','2022-05-30 02:37:58'),(3599,1,'vi','plugins/ecommerce/product-collections','intro.description','Nhóm sản phẩm giúp quản lý sản phẩm và khách hàng tìm kiếm sản phẩm một cách dễ dàng.','2022-05-30 02:37:58','2022-05-30 02:37:58'),(3600,1,'vi','plugins/ecommerce/product-collections','intro.button_text','Tạo nhóm sản phẩm','2022-05-30 02:37:58','2022-05-30 02:37:58'),(3601,1,'vi','plugins/ecommerce/products','name','Sản phẩm','2022-05-30 02:37:58','2022-05-30 02:37:58'),(3602,1,'vi','plugins/ecommerce/products','create','Thêm sản phẩm mới','2022-05-30 02:37:58','2022-05-30 02:37:58'),(3603,1,'vi','plugins/ecommerce/products','edit','Sửa sản phẩm - :name','2022-05-30 02:37:58','2022-05-30 02:37:58'),(3604,1,'vi','plugins/ecommerce/products','form.name','Tên sản phẩm','2022-05-30 02:37:58','2022-05-30 02:37:58'),(3605,1,'vi','plugins/ecommerce/products','form.name_placeholder','Tên sản phẩm (Tối đa 120 chữ cái)','2022-05-30 02:37:58','2022-05-30 02:37:58'),(3606,1,'vi','plugins/ecommerce/products','form.description','Mô tả ngắn','2022-05-30 02:37:58','2022-05-30 02:37:58'),(3607,1,'vi','plugins/ecommerce/products','form.description_placeholder','Mô tả ngắn gọn cho sản phẩm (Tối đa 400 chữ cái)','2022-05-30 02:37:58','2022-05-30 02:37:58'),(3608,1,'vi','plugins/ecommerce/products','form.categories','Danh mục','2022-05-30 02:37:58','2022-05-30 02:37:58'),(3609,1,'vi','plugins/ecommerce/products','form.content','Chi tiết sản phẩm','2022-05-30 02:37:58','2022-05-30 02:37:58'),(3610,1,'vi','plugins/ecommerce/products','form.price','Giá cơ bản','2022-05-30 02:37:58','2022-05-30 02:37:58'),(3611,1,'vi','plugins/ecommerce/products','form.price_sale','Giá giảm','2022-05-30 02:37:58','2022-05-30 02:37:58'),(3612,1,'vi','plugins/ecommerce/products','form.quantity','Số lượng','2022-05-30 02:37:58','2022-05-30 02:37:58'),(3613,1,'vi','plugins/ecommerce/products','form.brand','Thương hiệu','2022-05-30 02:37:58','2022-05-30 02:37:58'),(3614,1,'vi','plugins/ecommerce/products','form.width','Rộng','2022-05-30 02:37:58','2022-05-30 02:37:58'),(3615,1,'vi','plugins/ecommerce/products','form.height','Cao','2022-05-30 02:37:58','2022-05-30 02:37:58'),(3616,1,'vi','plugins/ecommerce/products','form.weight','Cân nặng','2022-05-30 02:37:58','2022-05-30 02:37:58'),(3617,1,'vi','plugins/ecommerce/products','form.image','Hình ảnh','2022-05-30 02:37:58','2022-05-30 02:37:58'),(3618,1,'vi','plugins/ecommerce/products','form.product_type.title','Loại sản phẩm','2022-05-30 02:37:58','2022-05-30 02:37:58'),(3619,1,'vi','plugins/ecommerce/products','form.stock.title','Tình trạng kho','2022-05-30 02:37:58','2022-05-30 02:37:58'),(3620,1,'vi','plugins/ecommerce/products','form.stock.in_stock','Còn hàng','2022-05-30 02:37:58','2022-05-30 02:37:58'),(3621,1,'vi','plugins/ecommerce/products','form.stock.out_stock','Hết hàng','2022-05-30 02:37:58','2022-05-30 02:37:58'),(3622,1,'vi','plugins/ecommerce/products','form.stock.allow_order_when_out','Cho phép đặt hàng khi hết','2022-05-30 02:37:58','2022-05-30 02:37:58'),(3623,1,'vi','plugins/ecommerce/products','form.storehouse.title','Quản lý kho','2022-05-30 02:37:58','2022-05-30 02:37:58'),(3624,1,'vi','plugins/ecommerce/products','form.storehouse.no_storehouse','Không quản lý kho','2022-05-30 02:37:58','2022-05-30 02:37:58'),(3625,1,'vi','plugins/ecommerce/products','form.storehouse.storehouse','Quản lý kho','2022-05-30 02:37:58','2022-05-30 02:37:58'),(3626,1,'vi','plugins/ecommerce/products','form.storehouse.quantity','Số lượng','2022-05-30 02:37:58','2022-05-30 02:37:58'),(3627,1,'vi','plugins/ecommerce/products','form.shipping.title','Giao hàng','2022-05-30 02:37:58','2022-05-30 02:37:58'),(3628,1,'vi','plugins/ecommerce/products','form.shipping.length','Chiều dài','2022-05-30 02:37:58','2022-05-30 02:37:58'),(3629,1,'vi','plugins/ecommerce/products','form.shipping.wide','Chiều rộng','2022-05-30 02:37:58','2022-05-30 02:37:58'),(3630,1,'vi','plugins/ecommerce/products','form.shipping.height','Chiều cao','2022-05-30 02:37:58','2022-05-30 02:37:58'),(3631,1,'vi','plugins/ecommerce/products','form.shipping.weight','Cân nặng','2022-05-30 02:37:58','2022-05-30 02:37:58'),(3632,1,'vi','plugins/ecommerce/products','form.date.start','Ngày bắt đầu','2022-05-30 02:37:58','2022-05-30 02:37:58'),(3633,1,'vi','plugins/ecommerce/products','form.date.end','Ngày kết thúc','2022-05-30 02:37:58','2022-05-30 02:37:58'),(3634,1,'vi','plugins/ecommerce/products','form.tags','Nhãn','2022-05-30 02:37:58','2022-05-30 02:37:58'),(3635,1,'vi','plugins/ecommerce/products','form.tax','Thuế','2022-05-30 02:37:58','2022-05-30 02:37:58'),(3636,1,'vi','plugins/ecommerce/products','price','Giá cơ bản','2022-05-30 02:37:58','2022-05-30 02:37:58'),(3637,1,'vi','plugins/ecommerce/products','price_sale','Giá giảm','2022-05-30 02:37:58','2022-05-30 02:37:58'),(3638,1,'vi','plugins/ecommerce/products','quantity','Số lượng','2022-05-30 02:37:58','2022-05-30 02:37:58'),(3639,1,'vi','plugins/ecommerce/products','type','Loại sản phẩm','2022-05-30 02:37:58','2022-05-30 02:37:58'),(3640,1,'vi','plugins/ecommerce/products','image','Ảnh','2022-05-30 02:37:58','2022-05-30 02:37:58'),(3641,1,'vi','plugins/ecommerce/products','sku','Mã sản phẩm','2022-05-30 02:37:58','2022-05-30 02:37:58'),(3642,1,'vi','plugins/ecommerce/products','brand','Thương hiệu','2022-05-30 02:37:58','2022-05-30 02:37:58'),(3643,1,'vi','plugins/ecommerce/products','cannot_delete','Product could not be deleted','2022-05-30 02:37:58','2022-05-30 02:37:58'),(3644,1,'vi','plugins/ecommerce/products','product_deleted','Product deleted','2022-05-30 02:37:58','2022-05-30 02:37:58'),(3645,1,'vi','plugins/ecommerce/products','products','Sản phẩm','2022-05-30 02:37:58','2022-05-30 02:37:58'),(3646,1,'vi','plugins/ecommerce/products','menu','Sản phẩm','2022-05-30 02:37:58','2022-05-30 02:37:58'),(3647,1,'vi','plugins/ecommerce/products','control.button_add_image','Thêm hình ảnh','2022-05-30 02:37:58','2022-05-30 02:37:58'),(3648,1,'vi','plugins/ecommerce/products','overview','Tổng quan','2022-05-30 02:37:58','2022-05-30 02:37:58'),(3649,1,'vi','plugins/ecommerce/products','attributes','Thuộc tính','2022-05-30 02:37:58','2022-05-30 02:37:58'),(3650,1,'vi','plugins/ecommerce/products','product_has_variations','Sản phẩm có nhiều phiên bản','2022-05-30 02:37:58','2022-05-30 02:37:58'),(3651,1,'vi','plugins/ecommerce/products','manage_products','Quản lý danh sách sản phẩm','2022-05-30 02:37:58','2022-05-30 02:37:58'),(3652,1,'vi','plugins/ecommerce/products','add_new_product','Tạo sản phẩm','2022-05-30 02:37:58','2022-05-30 02:37:58'),(3653,1,'vi','plugins/ecommerce/products','start_by_adding_new_product','Bắt đầu bán hàng bằng việc thêm sản phẩm.','2022-05-30 02:37:58','2022-05-30 02:37:58'),(3654,1,'vi','plugins/ecommerce/reports','name','Báo cáo','2022-05-30 02:37:58','2022-05-30 02:37:58'),(3655,1,'vi','plugins/ecommerce/reports','widget.order.title','Đơn hàng','2022-05-30 02:37:58','2022-05-30 02:37:58'),(3656,1,'vi','plugins/ecommerce/reports','count.revenue','Doanh thu hôm nay','2022-05-30 02:37:58','2022-05-30 02:37:58'),(3657,1,'vi','plugins/ecommerce/reports','count.orders','Đơn hàng hôm nay','2022-05-30 02:37:58','2022-05-30 02:37:58'),(3658,1,'vi','plugins/ecommerce/reports','count.products','Sản phẩm','2022-05-30 02:37:58','2022-05-30 02:37:58'),(3659,1,'vi','plugins/ecommerce/reports','count.customers','Khách hàng','2022-05-30 02:37:58','2022-05-30 02:37:58'),(3660,1,'vi','plugins/ecommerce/reports','product_name','Tên sản phẩm','2022-05-30 02:37:58','2022-05-30 02:37:58'),(3661,1,'vi','plugins/ecommerce/reports','quantity','Số lượng','2022-05-30 02:37:58','2022-05-30 02:37:58'),(3662,1,'vi','plugins/ecommerce/reports','revenue_statistics','Thống kê doanh thu','2022-05-30 02:37:58','2022-05-30 02:37:58'),(3663,1,'vi','plugins/ecommerce/reports','top_selling_products','Sản phẩm bán chạy trong tháng','2022-05-30 02:37:58','2022-05-30 02:37:58'),(3664,1,'vi','plugins/ecommerce/review','name','Đánh giá','2022-05-30 02:37:58','2022-05-30 02:37:58'),(3665,1,'vi','plugins/ecommerce/review','list_review','Khách hàng đánh giá','2022-05-30 02:37:58','2022-05-30 02:37:58'),(3666,1,'vi','plugins/ecommerce/review','add_review','Thêm đánh giá','2022-05-30 02:37:58','2022-05-30 02:37:58'),(3667,1,'vi','plugins/ecommerce/review','delete_review','Xóa đánh giá','2022-05-30 02:37:58','2022-05-30 02:37:58'),(3668,1,'vi','plugins/ecommerce/review','create_review','Tạo đánh giá','2022-05-30 02:37:58','2022-05-30 02:37:58'),(3669,1,'vi','plugins/ecommerce/review','please_select_rating','Chọn đánh giá','2022-05-30 02:37:58','2022-05-30 02:37:58'),(3670,1,'vi','plugins/ecommerce/review','comment','Bình luận','2022-05-30 02:37:58','2022-05-30 02:37:58'),(3671,1,'vi','plugins/ecommerce/review','approve','Chấp thuận','2022-05-30 02:37:58','2022-05-30 02:37:58'),(3672,1,'vi','plugins/ecommerce/review','approved','Đã chấp thuận','2022-05-30 02:37:58','2022-05-30 02:37:58'),(3673,1,'vi','plugins/ecommerce/review','disapprove','Không chấp thuận','2022-05-30 02:37:58','2022-05-30 02:37:58'),(3674,1,'vi','plugins/ecommerce/review','disapproved','Đã không chấp thuận','2022-05-30 02:37:58','2022-05-30 02:37:58'),(3675,1,'vi','plugins/ecommerce/review','product','Sản phẩm','2022-05-30 02:37:58','2022-05-30 02:37:58'),(3676,1,'vi','plugins/ecommerce/review','user','Người dùng','2022-05-30 02:37:58','2022-05-30 02:37:58'),(3677,1,'vi','plugins/ecommerce/review','star','Sao','2022-05-30 02:37:58','2022-05-30 02:37:58'),(3678,1,'vi','plugins/ecommerce/review','status','Trạng thái','2022-05-30 02:37:58','2022-05-30 02:37:58'),(3679,1,'vi','plugins/ecommerce/review','intro.title','Quản lý danh sách nhận xét của khách hàng','2022-05-30 02:37:58','2022-05-30 02:37:58'),(3680,1,'vi','plugins/ecommerce/review','intro.description','Lưu trữ các nhận xét, đánh giá của khách hàng','2022-05-30 02:37:58','2022-05-30 02:37:58'),(3681,1,'vi','plugins/ecommerce/shipping','name','Phí vận chuyển','2022-05-30 02:37:58','2022-05-30 02:37:58'),(3682,1,'vi','plugins/ecommerce/shipping','shipping','Vận chuyển','2022-05-30 02:37:58','2022-05-30 02:37:58'),(3683,1,'vi','plugins/ecommerce/shipping','title','Title','2022-05-30 02:37:58','2022-05-30 02:37:58'),(3684,1,'vi','plugins/ecommerce/shipping','country','Quốc gia','2022-05-30 02:37:58','2022-05-30 02:37:58'),(3685,1,'vi','plugins/ecommerce/shipping','state','State','2022-05-30 02:37:58','2022-05-30 02:37:58'),(3686,1,'vi','plugins/ecommerce/shipping','city','City','2022-05-30 02:37:58','2022-05-30 02:37:58'),(3687,1,'vi','plugins/ecommerce/shipping','amount','Amount','2022-05-30 02:37:58','2022-05-30 02:37:58'),(3688,1,'vi','plugins/ecommerce/shipping','enable','Enable','2022-05-30 02:37:58','2022-05-30 02:37:58'),(3689,1,'vi','plugins/ecommerce/shipping','enabled','Enabled','2022-05-30 02:37:58','2022-05-30 02:37:58'),(3690,1,'vi','plugins/ecommerce/shipping','disable','Disable','2022-05-30 02:37:58','2022-05-30 02:37:58'),(3691,1,'vi','plugins/ecommerce/shipping','disabled','Disabled','2022-05-30 02:37:59','2022-05-30 02:37:59'),(3692,1,'vi','plugins/ecommerce/shipping','create_shipping','Create a shipping','2022-05-30 02:37:59','2022-05-30 02:37:59'),(3693,1,'vi','plugins/ecommerce/shipping','edit_shipping','Edit shipping #','2022-05-30 02:37:59','2022-05-30 02:37:59'),(3694,1,'vi','plugins/ecommerce/shipping','status','Status','2022-05-30 02:37:59','2022-05-30 02:37:59'),(3695,1,'vi','plugins/ecommerce/shipping','shipping_methods','Phương thức vận chuyển','2022-05-30 02:37:59','2022-05-30 02:37:59'),(3696,1,'vi','plugins/ecommerce/shipping','create_shipping_method','Tạo phương thức vận chuyển','2022-05-30 02:37:59','2022-05-30 02:37:59'),(3697,1,'vi','plugins/ecommerce/shipping','edit_shipping_method','Sửa phương thức vận chuyển','2022-05-30 02:37:59','2022-05-30 02:37:59'),(3698,1,'vi','plugins/ecommerce/shipping','add_shipping_region','Thêm khu vực vận chuyển','2022-05-30 02:37:59','2022-05-30 02:37:59'),(3699,1,'vi','plugins/ecommerce/shipping','methods.default','Default','2022-05-30 02:37:59','2022-05-30 02:37:59'),(3700,1,'vi','plugins/ecommerce/shipping','statuses.not_approved','Not approved','2022-05-30 02:37:59','2022-05-30 02:37:59'),(3701,1,'vi','plugins/ecommerce/shipping','statuses.approved','Approved','2022-05-30 02:37:59','2022-05-30 02:37:59'),(3702,1,'vi','plugins/ecommerce/shipping','statuses.picking','Picking','2022-05-30 02:37:59','2022-05-30 02:37:59'),(3703,1,'vi','plugins/ecommerce/shipping','statuses.delay_picking','Delay picking','2022-05-30 02:37:59','2022-05-30 02:37:59'),(3704,1,'vi','plugins/ecommerce/shipping','statuses.picked','Picked','2022-05-30 02:37:59','2022-05-30 02:37:59'),(3705,1,'vi','plugins/ecommerce/shipping','statuses.not_picked','Not picked','2022-05-30 02:37:59','2022-05-30 02:37:59'),(3706,1,'vi','plugins/ecommerce/shipping','statuses.delivering','Delivering','2022-05-30 02:37:59','2022-05-30 02:37:59'),(3707,1,'vi','plugins/ecommerce/shipping','statuses.delivered','Delivered','2022-05-30 02:37:59','2022-05-30 02:37:59'),(3708,1,'vi','plugins/ecommerce/shipping','statuses.not_delivered','Not delivered','2022-05-30 02:37:59','2022-05-30 02:37:59'),(3709,1,'vi','plugins/ecommerce/shipping','statuses.audited','Audited','2022-05-30 02:37:59','2022-05-30 02:37:59'),(3710,1,'vi','plugins/ecommerce/shipping','statuses.canceled','Canceled','2022-05-30 02:37:59','2022-05-30 02:37:59'),(3711,1,'vi','plugins/ecommerce/shipping','cod_statuses.pending','Pending','2022-05-30 02:37:59','2022-05-30 02:37:59'),(3712,1,'vi','plugins/ecommerce/shipping','cod_statuses.completed','Completed','2022-05-30 02:37:59','2022-05-30 02:37:59'),(3713,1,'vi','plugins/ecommerce/store-locator','name','Địa chỉ cửa hàng','2022-05-30 02:37:59','2022-05-30 02:37:59'),(3714,1,'vi','plugins/ecommerce/store-locator','description','Địa chỉ này sẽ xuất hiện trên hoá đơn của bạn và sẽ được sử dụng để tính toán mức giá vận chuyển của bạn.','2022-05-30 02:37:59','2022-05-30 02:37:59'),(3715,1,'vi','plugins/ecommerce/store-locator','shop_name','Tên cửa hàng','2022-05-30 02:37:59','2022-05-30 02:37:59'),(3716,1,'vi','plugins/ecommerce/store-locator','phone','Điện thoại','2022-05-30 02:37:59','2022-05-30 02:37:59'),(3717,1,'vi','plugins/ecommerce/store-locator','address','Địa chỉ','2022-05-30 02:37:59','2022-05-30 02:37:59'),(3718,1,'vi','plugins/ecommerce/tax','name','Thuế','2022-05-30 02:37:59','2022-05-30 02:37:59'),(3719,1,'vi','plugins/ecommerce/tax','create','Tạo thuế','2022-05-30 02:37:59','2022-05-30 02:37:59'),(3720,1,'vi','plugins/ecommerce/tax','edit','Chỉnh sửa thuế :title','2022-05-30 02:37:59','2022-05-30 02:37:59'),(3721,1,'vi','plugins/ecommerce/tax','title','Tiêu đề','2022-05-30 02:37:59','2022-05-30 02:37:59'),(3722,1,'vi','plugins/ecommerce/tax','percentage','Tỉ lệ phần trăm %','2022-05-30 02:37:59','2022-05-30 02:37:59'),(3723,1,'vi','plugins/ecommerce/tax','priority','Thứ tự ưu tiên','2022-05-30 02:37:59','2022-05-30 02:37:59'),(3724,1,'vi','plugins/ecommerce/tax','select_tax','-- lựa chọn --','2022-05-30 02:37:59','2022-05-30 02:37:59'),(3725,1,'en','plugins/faq/faq-category','name','Categories','2022-05-30 02:37:59','2022-05-30 02:37:59'),(3726,1,'en','plugins/faq/faq-category','create','New category','2022-05-30 02:37:59','2022-05-30 02:37:59'),(3727,1,'en','plugins/faq/faq-category','edit','Edit category','2022-05-30 02:37:59','2022-05-30 02:37:59'),(3728,1,'en','plugins/faq/faq','name','FAQ','2022-05-30 02:37:59','2022-05-30 02:37:59'),(3729,1,'en','plugins/faq/faq','create','New faq','2022-05-30 02:37:59','2022-05-30 02:37:59'),(3730,1,'en','plugins/faq/faq','edit','Edit faq','2022-05-30 02:37:59','2022-05-30 02:37:59'),(3731,1,'en','plugins/faq/faq','question','Question','2022-05-30 02:37:59','2022-05-30 02:37:59'),(3732,1,'en','plugins/faq/faq','answer','Answer','2022-05-30 02:37:59','2022-05-30 02:37:59'),(3733,1,'en','plugins/faq/faq','category','Category','2022-05-30 02:37:59','2022-05-30 02:37:59'),(3734,1,'en','plugins/faq/faq','all','All','2022-05-30 02:37:59','2022-05-30 02:37:59'),(3735,1,'en','plugins/faq/faq','faq_schema_config','FAQ schema configuration (:link)','2022-05-30 02:37:59','2022-05-30 02:37:59'),(3736,1,'en','plugins/faq/faq','learn_more','Learn more','2022-05-30 02:37:59','2022-05-30 02:37:59'),(3737,1,'en','plugins/faq/faq','settings.title','FAQ','2022-05-30 02:37:59','2022-05-30 02:37:59'),(3738,1,'en','plugins/faq/faq','settings.description','Settings for FAQ','2022-05-30 02:37:59','2022-05-30 02:37:59'),(3739,1,'en','plugins/faq/faq','settings.enable_faq_schema','Enable FAQ Schema?','2022-05-30 02:37:59','2022-05-30 02:37:59'),(3740,1,'en','plugins/faq/faq','settings.enable_faq_schema_description','Learn more: https://developers.google.com/search/docs/data-types/faqpage','2022-05-30 02:37:59','2022-05-30 02:37:59'),(3741,1,'en','plugins/faq/faq','select_category','Select a category','2022-05-30 02:37:59','2022-05-30 02:37:59'),(3742,1,'en','plugins/faq/faq','add_item','Add item','2022-05-30 02:37:59','2022-05-30 02:37:59'),(3743,1,'vi','plugins/faq/faq','name','Câu hỏi thường gặp','2022-05-30 02:37:59','2022-05-30 02:37:59'),(3744,1,'vi','plugins/faq/faq','create','Thêm câu hỏi','2022-05-30 02:37:59','2022-05-30 02:37:59'),(3745,1,'vi','plugins/faq/faq','edit','Sửa câu hỏi','2022-05-30 02:37:59','2022-05-30 02:37:59'),(3746,1,'vi','plugins/faq/faq','question','Câu hỏi','2022-05-30 02:37:59','2022-05-30 02:37:59'),(3747,1,'vi','plugins/faq/faq','answer','Trả lời','2022-05-30 02:37:59','2022-05-30 02:37:59'),(3748,1,'en','plugins/language/language','name','Languages','2022-05-30 02:37:59','2022-05-30 02:37:59'),(3749,1,'en','plugins/language/language','choose_language','Choose a language','2022-05-30 02:37:59','2022-05-30 02:37:59'),(3750,1,'en','plugins/language/language','select_language','Select language','2022-05-30 02:37:59','2022-05-30 02:37:59'),(3751,1,'en','plugins/language/language','choose_language_helper','You can choose a language in the list or directly edit it below.','2022-05-30 02:37:59','2022-05-30 02:37:59'),(3752,1,'en','plugins/language/language','language_name','Language name','2022-05-30 02:37:59','2022-05-30 02:37:59'),(3753,1,'en','plugins/language/language','language_name_helper','The name is how it is displayed on your site (for example: English).','2022-05-30 02:37:59','2022-05-30 02:37:59'),(3754,1,'en','plugins/language/language','locale','Locale','2022-05-30 02:37:59','2022-05-30 02:37:59'),(3755,1,'en','plugins/language/language','locale_helper','Laravel Locale for the language (for example: <code>en</code>).','2022-05-30 02:37:59','2022-05-30 02:37:59'),(3756,1,'en','plugins/language/language','language_code','Language code','2022-05-30 02:37:59','2022-05-30 02:37:59'),(3757,1,'en','plugins/language/language','language_code_helper','Language code - preferably 2-letters ISO 639-1 (for example: en)','2022-05-30 02:37:59','2022-05-30 02:37:59'),(3758,1,'en','plugins/language/language','text_direction','Text direction','2022-05-30 02:37:59','2022-05-30 02:37:59'),(3759,1,'en','plugins/language/language','text_direction_helper','Choose the text direction for the language','2022-05-30 02:37:59','2022-05-30 02:37:59'),(3760,1,'en','plugins/language/language','left_to_right','Left to right','2022-05-30 02:37:59','2022-05-30 02:37:59'),(3761,1,'en','plugins/language/language','right_to_left','Right to left','2022-05-30 02:37:59','2022-05-30 02:37:59'),(3762,1,'en','plugins/language/language','flag','Flag','2022-05-30 02:37:59','2022-05-30 02:37:59'),(3763,1,'en','plugins/language/language','flag_helper','Choose a flag for the language.','2022-05-30 02:37:59','2022-05-30 02:37:59'),(3764,1,'en','plugins/language/language','order','Order','2022-05-30 02:37:59','2022-05-30 02:37:59'),(3765,1,'en','plugins/language/language','order_helper','Position of the language in the language switcher','2022-05-30 02:37:59','2022-05-30 02:37:59'),(3766,1,'en','plugins/language/language','add_new_language','Add new language','2022-05-30 02:37:59','2022-05-30 02:37:59'),(3767,1,'en','plugins/language/language','code','Code','2022-05-30 02:37:59','2022-05-30 02:37:59'),(3768,1,'en','plugins/language/language','default_language','Is default?','2022-05-30 02:37:59','2022-05-30 02:37:59'),(3769,1,'en','plugins/language/language','actions','Actions','2022-05-30 02:37:59','2022-05-30 02:37:59'),(3770,1,'en','plugins/language/language','translations','Translations','2022-05-30 02:37:59','2022-05-30 02:37:59'),(3771,1,'en','plugins/language/language','edit','Edit','2022-05-30 02:37:59','2022-05-30 02:37:59'),(3772,1,'en','plugins/language/language','edit_tooltip','Edit this language','2022-05-30 02:37:59','2022-05-30 02:37:59'),(3773,1,'en','plugins/language/language','delete','Delete','2022-05-30 02:37:59','2022-05-30 02:37:59'),(3774,1,'en','plugins/language/language','delete_tooltip','Delete this language and all its associated data','2022-05-30 02:37:59','2022-05-30 02:37:59'),(3775,1,'en','plugins/language/language','choose_default_language','Choose :language as default language','2022-05-30 02:37:59','2022-05-30 02:37:59'),(3776,1,'en','plugins/language/language','current_language','Current record\'s language','2022-05-30 02:37:59','2022-05-30 02:37:59'),(3777,1,'en','plugins/language/language','edit_related','Edit related language for this record','2022-05-30 02:37:59','2022-05-30 02:37:59'),(3778,1,'en','plugins/language/language','add_language_for_item','Add other language version for this record','2022-05-30 02:37:59','2022-05-30 02:37:59'),(3779,1,'en','plugins/language/language','settings','Settings','2022-05-30 02:37:59','2022-05-30 02:37:59'),(3780,1,'en','plugins/language/language','language_hide_default','Hide default language from URL?','2022-05-30 02:37:59','2022-05-30 02:37:59'),(3781,1,'en','plugins/language/language','language_display_flag_only','Flag only','2022-05-30 02:37:59','2022-05-30 02:37:59'),(3782,1,'en','plugins/language/language','language_display_name_only','Name only','2022-05-30 02:37:59','2022-05-30 02:37:59'),(3783,1,'en','plugins/language/language','language_display_all','Display all flag and name','2022-05-30 02:37:59','2022-05-30 02:37:59'),(3784,1,'en','plugins/language/language','language_display','Language display','2022-05-30 02:37:59','2022-05-30 02:37:59'),(3785,1,'en','plugins/language/language','switcher_display','Switcher language display','2022-05-30 02:37:59','2022-05-30 02:37:59'),(3786,1,'en','plugins/language/language','language_switcher_display_dropdown','Dropdown','2022-05-30 02:37:59','2022-05-30 02:37:59'),(3787,1,'en','plugins/language/language','language_switcher_display_list','List','2022-05-30 02:37:59','2022-05-30 02:37:59'),(3788,1,'en','plugins/language/language','current_language_edit_notification','You are editing \"<strong class=\"current_language_text\">:language</strong>\" version','2022-05-30 02:37:59','2022-05-30 02:37:59'),(3789,1,'en','plugins/language/language','confirm-change-language','Confirm change language','2022-05-30 02:37:59','2022-05-30 02:37:59'),(3790,1,'en','plugins/language/language','confirm-change-language-message','Do you really want to change language to \"<strong class=\"change_to_language_text\"></strong>\" ? This action will be override \"<strong class=\"change_to_language_text\"></strong>\" version if it\'s existed!','2022-05-30 02:37:59','2022-05-30 02:37:59'),(3791,1,'en','plugins/language/language','confirm-change-language-btn','Confirm change','2022-05-30 02:37:59','2022-05-30 02:37:59'),(3792,1,'en','plugins/language/language','hide_languages','Hide languages','2022-05-30 02:37:59','2022-05-30 02:37:59'),(3793,1,'en','plugins/language/language','hide_languages_description','You can completely hide content in specific languages from visitors and search engines, but still view it yourself. This allows reviewing translations that are in progress.','2022-05-30 02:37:59','2022-05-30 02:37:59'),(3794,1,'en','plugins/language/language','hide_languages_helper_display_hidden','{0} All languages are currently displayed.|{1} :language is currently hidden to visitors.|[2, Inf] :language are currently hidden to visitors.','2022-05-30 02:37:59','2022-05-30 02:37:59'),(3795,1,'en','plugins/language/language','show_all','Show all','2022-05-30 02:37:59','2022-05-30 02:37:59'),(3796,1,'en','plugins/language/language','change_language','Language','2022-05-30 02:37:59','2022-05-30 02:37:59'),(3797,1,'en','plugins/language/language','language_show_default_item_if_current_version_not_existed','Show item in default language if it is not existed in current language','2022-05-30 02:37:59','2022-05-30 02:37:59'),(3798,1,'en','plugins/language/language','select_flag','Select a flag...','2022-05-30 02:37:59','2022-05-30 02:37:59'),(3799,1,'en','plugins/language/language','delete_confirmation_message','Do you really want to delete this language? It also deletes all items in this language and cannot rollback!','2022-05-30 02:37:59','2022-05-30 02:37:59'),(3800,1,'en','plugins/language/language','added_already','This language was added already!','2022-05-30 02:37:59','2022-05-30 02:37:59'),(3801,1,'en','plugins/language/language','language_auto_detect_user_language','Auto detect user language?','2022-05-30 02:37:59','2022-05-30 02:37:59'),(3802,1,'en','plugins/location/bulk-import','name','Bulk Import','2022-05-30 02:37:59','2022-05-30 02:37:59'),(3803,1,'en','plugins/location/bulk-import','loading_text','Importing','2022-05-30 02:37:59','2022-05-30 02:37:59'),(3804,1,'en','plugins/location/bulk-import','imported_successfully','Imported successfully.','2022-05-30 02:37:59','2022-05-30 02:37:59'),(3805,1,'en','plugins/location/bulk-import','please_choose_the_file_mime','Please choose the file mime :types','2022-05-30 02:37:59','2022-05-30 02:37:59'),(3806,1,'en','plugins/location/bulk-import','please_choose_the_file','Please choose the file','2022-05-30 02:37:59','2022-05-30 02:37:59'),(3807,1,'en','plugins/location/bulk-import','start_import','Start Import','2022-05-30 02:37:59','2022-05-30 02:37:59'),(3808,1,'en','plugins/location/bulk-import','note','Note!','2022-05-30 02:37:59','2022-05-30 02:37:59'),(3809,1,'en','plugins/location/bulk-import','warning_before_importing','If this is your first time using this feature, please read the documentation or contact the Administrator for access to the correct functionality!','2022-05-30 02:37:59','2022-05-30 02:37:59'),(3810,1,'en','plugins/location/bulk-import','results','Result: :success successes, :failed failures','2022-05-30 02:37:59','2022-05-30 02:37:59'),(3811,1,'en','plugins/location/bulk-import','failures','Failures','2022-05-30 02:37:59','2022-05-30 02:37:59'),(3812,1,'en','plugins/location/bulk-import','tables.import','Import','2022-05-30 02:37:59','2022-05-30 02:37:59'),(3813,1,'en','plugins/location/bulk-import','template','Template','2022-05-30 02:37:59','2022-05-30 02:37:59'),(3814,1,'en','plugins/location/bulk-import','rules','Rules','2022-05-30 02:37:59','2022-05-30 02:37:59'),(3815,1,'en','plugins/location/bulk-import','choose_file_with_mime','Choose file with mime: (:types)','2022-05-30 02:37:59','2022-05-30 02:37:59'),(3816,1,'en','plugins/location/bulk-import','choose_file','Choose file','2022-05-30 02:37:59','2022-05-30 02:37:59'),(3817,1,'en','plugins/location/bulk-import','menu','Import locations','2022-05-30 02:37:59','2022-05-30 02:37:59'),(3818,1,'en','plugins/location/bulk-import','download-csv-file','Download CSV template','2022-05-30 02:37:59','2022-05-30 02:37:59'),(3819,1,'en','plugins/location/bulk-import','download-excel-file','Download Excel template','2022-05-30 02:37:59','2022-05-30 02:37:59'),(3820,1,'en','plugins/location/bulk-import','downloading','Downloading...','2022-05-30 02:37:59','2022-05-30 02:37:59'),(3821,1,'en','plugins/location/bulk-import','export.template.input_error','Input error','2022-05-30 02:37:59','2022-05-30 02:37:59'),(3822,1,'en','plugins/location/bulk-import','export.template.number_not_allowed','Number is not allowed!','2022-05-30 02:37:59','2022-05-30 02:37:59'),(3823,1,'en','plugins/location/bulk-import','export.template.allowed_input','Allowed input','2022-05-30 02:37:59','2022-05-30 02:37:59'),(3824,1,'en','plugins/location/bulk-import','export.template.prompt_decimal','Only numbers or decimals are accepted and greater than or equal to :min.','2022-05-30 02:37:59','2022-05-30 02:37:59'),(3825,1,'en','plugins/location/bulk-import','export.template.prompt_whole_number','Only numbers are accepted and greater than or equal to :min.','2022-05-30 02:37:59','2022-05-30 02:37:59'),(3826,1,'en','plugins/location/bulk-import','export.template.prompt_list','Please pick a value from the drop-down list.','2022-05-30 02:37:59','2022-05-30 02:37:59'),(3827,1,'en','plugins/location/bulk-import','export.template.pick_from_list','Pick from list','2022-05-30 02:37:59','2022-05-30 02:37:59'),(3828,1,'en','plugins/location/bulk-import','export.template.value_not_in_list','Value is not in list.','2022-05-30 02:37:59','2022-05-30 02:37:59'),(3829,1,'en','plugins/location/bulk-import','export.template.max_text_length','Max text length','2022-05-30 02:37:59','2022-05-30 02:37:59'),(3830,1,'en','plugins/location/bulk-import','export.template.prompt_max_text_length','Only accept text with length less than or equal to :max.','2022-05-30 02:37:59','2022-05-30 02:37:59'),(3831,1,'en','plugins/location/bulk-import','import_failed_description','Import failed, please check the errors below!','2022-05-30 02:37:59','2022-05-30 02:37:59'),(3832,1,'en','plugins/location/bulk-import','available_enable_multi_language','Only available when you enable \"Is Multi Language?\"','2022-05-30 02:37:59','2022-05-30 02:37:59'),(3833,1,'en','plugins/location/bulk-import','import_type_required_if','The :attribute field is required when \"Import Type\" is :value.','2022-05-30 02:37:59','2022-05-30 02:37:59'),(3834,1,'en','plugins/location/bulk-import','import_available_data','Import available data','2022-05-30 02:37:59','2022-05-30 02:37:59'),(3835,1,'en','plugins/location/bulk-import','import','Import','2022-05-30 02:37:59','2022-05-30 02:37:59'),(3836,1,'en','plugins/location/bulk-import','import_available_data_confirmation','Import available data confirmation','2022-05-30 02:37:59','2022-05-30 02:37:59'),(3837,1,'en','plugins/location/bulk-import','import_available_data_confirmation_content','Do you really want to import states/cities for this country?','2022-05-30 02:37:59','2022-05-30 02:37:59'),(3838,1,'en','plugins/location/city','name','Cities','2022-05-30 02:37:59','2022-05-30 02:37:59'),(3839,1,'en','plugins/location/city','create','New city','2022-05-30 02:37:59','2022-05-30 02:37:59'),(3840,1,'en','plugins/location/city','edit','Edit city','2022-05-30 02:37:59','2022-05-30 02:37:59'),(3841,1,'en','plugins/location/city','state','State','2022-05-30 02:37:59','2022-05-30 02:37:59'),(3842,1,'en','plugins/location/city','select_state','Select state...','2022-05-30 02:37:59','2022-05-30 02:37:59'),(3843,1,'en','plugins/location/city','select_city','Select city...','2022-05-30 02:37:59','2022-05-30 02:37:59'),(3844,1,'en','plugins/location/city','country','Country','2022-05-30 02:37:59','2022-05-30 02:37:59'),(3845,1,'en','plugins/location/city','select_country','Select country...','2022-05-30 02:37:59','2022-05-30 02:37:59'),(3846,1,'en','plugins/location/city','city','City','2022-05-30 02:37:59','2022-05-30 02:37:59'),(3847,1,'en','plugins/location/country','name','Countries','2022-05-30 02:37:59','2022-05-30 02:37:59'),(3848,1,'en','plugins/location/country','create','New country','2022-05-30 02:37:59','2022-05-30 02:37:59'),(3849,1,'en','plugins/location/country','edit','Edit country','2022-05-30 02:37:59','2022-05-30 02:37:59'),(3850,1,'en','plugins/location/country','nationality','Nationality','2022-05-30 02:38:00','2022-05-30 02:38:00'),(3851,1,'en','plugins/location/country','code','Country ISO code','2022-05-30 02:38:00','2022-05-30 02:38:00'),(3852,1,'en','plugins/location/country','code_placeholder','ISO country code, uppercase. Ex: US.','2022-05-30 02:38:00','2022-05-30 02:38:00'),(3853,1,'en','plugins/location/country','code_helper','Find country ISO code from here: https://en.wikipedia.org/wiki/List_of_ISO_3166_country_codes','2022-05-30 02:38:00','2022-05-30 02:38:00'),(3854,1,'en','plugins/location/location','name','Locations','2022-05-30 02:38:00','2022-05-30 02:38:00'),(3855,1,'en','plugins/location/location','create','New location','2022-05-30 02:38:00','2022-05-30 02:38:00'),(3856,1,'en','plugins/location/location','edit','Edit location','2022-05-30 02:38:00','2022-05-30 02:38:00'),(3857,1,'en','plugins/location/location','all_states','All states','2022-05-30 02:38:00','2022-05-30 02:38:00'),(3858,1,'en','plugins/location/location','abbreviation','Abbreviation','2022-05-30 02:38:00','2022-05-30 02:38:00'),(3859,1,'en','plugins/location/location','abbreviation_placeholder','E.g: CA','2022-05-30 02:38:00','2022-05-30 02:38:00'),(3860,1,'en','plugins/location/state','name','States','2022-05-30 02:38:00','2022-05-30 02:38:00'),(3861,1,'en','plugins/location/state','create','New state','2022-05-30 02:38:00','2022-05-30 02:38:00'),(3862,1,'en','plugins/location/state','edit','Edit state','2022-05-30 02:38:00','2022-05-30 02:38:00'),(3863,1,'en','plugins/location/state','country','Country','2022-05-30 02:38:00','2022-05-30 02:38:00'),(3864,1,'en','plugins/location/state','select_country','Select a country...','2022-05-30 02:38:00','2022-05-30 02:38:00'),(3865,1,'en','plugins/location/state','state','State','2022-05-30 02:38:00','2022-05-30 02:38:00'),(3866,1,'en','plugins/marketplace/marketplace','name','Marketplace','2022-05-30 02:38:00','2022-05-30 02:38:00'),(3867,1,'en','plugins/marketplace/marketplace','email.store_new_order_title','Notice about new order','2022-05-30 02:38:00','2022-05-30 02:38:00'),(3868,1,'en','plugins/marketplace/marketplace','email.store_new_order_description','Send email to the store owner when an order placed','2022-05-30 02:38:00','2022-05-30 02:38:00'),(3869,1,'en','plugins/marketplace/marketplace','email.verify_vendor_title','Verify vendor','2022-05-30 02:38:00','2022-05-30 02:38:00'),(3870,1,'en','plugins/marketplace/marketplace','email.verify_vendor_description','Send email to the admin when a vendor registers','2022-05-30 02:38:00','2022-05-30 02:38:00'),(3871,1,'en','plugins/marketplace/marketplace','email.pending_product_approval_title','Pending product approval','2022-05-30 02:38:00','2022-05-30 02:38:00'),(3872,1,'en','plugins/marketplace/marketplace','email.pending_product_approval_description','Send email to the admin when a vendor post their products','2022-05-30 02:38:00','2022-05-30 02:38:00'),(3873,1,'en','plugins/marketplace/marketplace','email.vendor_account_approved_title','Vendor account approved','2022-05-30 02:38:00','2022-05-30 02:38:00'),(3874,1,'en','plugins/marketplace/marketplace','email.vendor_account_approved_description','Send email to vendor when their account approved','2022-05-30 02:38:00','2022-05-30 02:38:00'),(3875,1,'en','plugins/marketplace/marketplace','email.product_approved_title','Product approved','2022-05-30 02:38:00','2022-05-30 02:38:00'),(3876,1,'en','plugins/marketplace/marketplace','email.product_approved_description','Send email to vendor when their product approved','2022-05-30 02:38:00','2022-05-30 02:38:00'),(3877,1,'en','plugins/marketplace/marketplace','email.withdrawal_approved_title','Withdrawal approved','2022-05-30 02:38:00','2022-05-30 02:38:00'),(3878,1,'en','plugins/marketplace/marketplace','email.withdrawal_approved_description','Send email to vendor when their withdrawal request approved','2022-05-30 02:38:00','2022-05-30 02:38:00'),(3879,1,'en','plugins/marketplace/marketplace','current_balance','Current balance','2022-05-30 02:38:00','2022-05-30 02:38:00'),(3880,1,'en','plugins/marketplace/marketplace','settings.name','Settings','2022-05-30 02:38:00','2022-05-30 02:38:00'),(3881,1,'en','plugins/marketplace/marketplace','settings.title','Settings for marketplace','2022-05-30 02:38:00','2022-05-30 02:38:00'),(3882,1,'en','plugins/marketplace/marketplace','settings.description','','2022-05-30 02:38:00','2022-05-30 02:38:00'),(3883,1,'en','plugins/marketplace/marketplace','settings.fee_per_order','Fee per order (%), suggest: 2 or 3','2022-05-30 02:38:00','2022-05-30 02:38:00'),(3884,1,'en','plugins/marketplace/marketplace','settings.fee_withdrawal','Fee withdrawal (Fixed amount)','2022-05-30 02:38:00','2022-05-30 02:38:00'),(3885,1,'en','plugins/marketplace/marketplace','settings.check_valid_signature','Check valid signature in vendor\'s earnings','2022-05-30 02:38:00','2022-05-30 02:38:00'),(3886,1,'en','plugins/marketplace/marketplace','settings.verify_vendor','Vendor verification (Vendor just can post their product listing after getting verified)','2022-05-30 02:38:00','2022-05-30 02:38:00'),(3887,1,'en','plugins/marketplace/marketplace','settings.enable_product_approval','Enable product approval','2022-05-30 02:38:00','2022-05-30 02:38:00'),(3888,1,'en','plugins/marketplace/marketplace','settings.hide_store_phone_number','Hide store phone number?','2022-05-30 02:38:00','2022-05-30 02:38:00'),(3889,1,'en','plugins/marketplace/marketplace','theme_options.name','Marketplace','2022-05-30 02:38:00','2022-05-30 02:38:00'),(3890,1,'en','plugins/marketplace/marketplace','theme_options.description','Theme options for Marketplace','2022-05-30 02:38:00','2022-05-30 02:38:00'),(3891,1,'en','plugins/marketplace/marketplace','theme_options.logo_vendor_dashboard','Logo in the vendor dashboard (Default is the main logo)','2022-05-30 02:38:00','2022-05-30 02:38:00'),(3892,1,'en','plugins/marketplace/marketplace','store_name','Store name','2022-05-30 02:38:00','2022-05-30 02:38:00'),(3893,1,'en','plugins/marketplace/marketplace','store_email','Store email','2022-05-30 02:38:00','2022-05-30 02:38:00'),(3894,1,'en','plugins/marketplace/marketplace','store_phone','Store phone','2022-05-30 02:38:00','2022-05-30 02:38:00'),(3895,1,'en','plugins/marketplace/marketplace','product_name','Product name','2022-05-30 02:38:00','2022-05-30 02:38:00'),(3896,1,'en','plugins/marketplace/marketplace','product_url','Product URL','2022-05-30 02:38:00','2022-05-30 02:38:00'),(3897,1,'en','plugins/marketplace/marketplace','withdrawal_amount','Withdrawal amount','2022-05-30 02:38:00','2022-05-30 02:38:00'),(3898,1,'en','plugins/marketplace/marketplace','helpers.customer_status','If you change the status other than \":status\" this vendor\'s store will also change to \":store\"','2022-05-30 02:38:00','2022-05-30 02:38:00'),(3899,1,'en','plugins/marketplace/marketplace','helpers.store_status','If you change the status other than \":status\" this store\'s account will also change to \":customer\"','2022-05-30 02:38:00','2022-05-30 02:38:00'),(3900,1,'en','plugins/marketplace/marketplace','tables.earnings','Earnings','2022-05-30 02:38:00','2022-05-30 02:38:00'),(3901,1,'en','plugins/marketplace/marketplace','tables.products_count','Products Count','2022-05-30 02:38:00','2022-05-30 02:38:00'),(3902,1,'en','plugins/marketplace/order','shipping_method_required','Shipping method for \":name\" store order is required.','2022-05-30 02:38:00','2022-05-30 02:38:00'),(3903,1,'en','plugins/marketplace/order','shipping_method_in','Shipping method for \":name\" store order is invalid.','2022-05-30 02:38:00','2022-05-30 02:38:00'),(3904,1,'en','plugins/marketplace/order','shipping_option_required','Shipping option for \":name\" store order is required.','2022-05-30 02:38:00','2022-05-30 02:38:00'),(3905,1,'en','plugins/marketplace/order','refund.insufficient_balance','Balance of vendor is not enough to refund order, balance: :balance','2022-05-30 02:38:00','2022-05-30 02:38:00'),(3906,1,'en','plugins/marketplace/order','refund.description','Refunded from the order #:order','2022-05-30 02:38:00','2022-05-30 02:38:00'),(3907,1,'en','plugins/marketplace/order','products_are_from_different_vendors','Cannot create order! Products are from different vendors.','2022-05-30 02:38:00','2022-05-30 02:38:00'),(3908,1,'en','plugins/marketplace/revenue','edit','Update wallet balance','2022-05-30 02:38:00','2022-05-30 02:38:00'),(3909,1,'en','plugins/marketplace/revenue','view_store','View store \":store\"','2022-05-30 02:38:00','2022-05-30 02:38:00'),(3910,1,'en','plugins/marketplace/revenue','forms.description_placeholder','Update the exact amount with order #__ORDER_ID__ with reason: __REASON__','2022-05-30 02:38:00','2022-05-30 02:38:00'),(3911,1,'en','plugins/marketplace/revenue','forms.amount','Amount','2022-05-30 02:38:00','2022-05-30 02:38:00'),(3912,1,'en','plugins/marketplace/revenue','forms.amount_placeholder','Enter Amount','2022-05-30 02:38:00','2022-05-30 02:38:00'),(3913,1,'en','plugins/marketplace/revenue','forms.type','Type','2022-05-30 02:38:00','2022-05-30 02:38:00'),(3914,1,'en','plugins/marketplace/revenue','forms.created_by','Created By','2022-05-30 02:38:00','2022-05-30 02:38:00'),(3915,1,'en','plugins/marketplace/revenue','types.add-amount','Add Amount','2022-05-30 02:38:00','2022-05-30 02:38:00'),(3916,1,'en','plugins/marketplace/revenue','types.subtract-amount','Subtract Amount','2022-05-30 02:38:00','2022-05-30 02:38:00'),(3917,1,'en','plugins/marketplace/revenue','store_name','Store Name','2022-05-30 02:38:00','2022-05-30 02:38:00'),(3918,1,'en','plugins/marketplace/revenue','vendor_name','Vendor Name','2022-05-30 02:38:00','2022-05-30 02:38:00'),(3919,1,'en','plugins/marketplace/revenue','balance','Balance','2022-05-30 02:38:00','2022-05-30 02:38:00'),(3920,1,'en','plugins/marketplace/revenue','store_information','Store information','2022-05-30 02:38:00','2022-05-30 02:38:00'),(3921,1,'en','plugins/marketplace/revenue','update_balance','Adjust Balance','2022-05-30 02:38:00','2022-05-30 02:38:00'),(3922,1,'en','plugins/marketplace/revenue','update_balance_title','Add/Subtract amount of vendor','2022-05-30 02:38:00','2022-05-30 02:38:00'),(3923,1,'en','plugins/marketplace/revenue','statements','Statements','2022-05-30 02:38:00','2022-05-30 02:38:00'),(3924,1,'en','plugins/marketplace/revenue','products','Products','2022-05-30 02:38:00','2022-05-30 02:38:00'),(3925,1,'en','plugins/marketplace/store','name','Stores','2022-05-30 02:38:00','2022-05-30 02:38:00'),(3926,1,'en','plugins/marketplace/store','create','New store','2022-05-30 02:38:00','2022-05-30 02:38:00'),(3927,1,'en','plugins/marketplace/store','edit','Edit store','2022-05-30 02:38:00','2022-05-30 02:38:00'),(3928,1,'en','plugins/marketplace/store','view','View','2022-05-30 02:38:00','2022-05-30 02:38:00'),(3929,1,'en','plugins/marketplace/store','forms.logo','Logo','2022-05-30 02:38:00','2022-05-30 02:38:00'),(3930,1,'en','plugins/marketplace/store','forms.email','Email','2022-05-30 02:38:00','2022-05-30 02:38:00'),(3931,1,'en','plugins/marketplace/store','forms.email_placeholder','Ex: name@store.com','2022-05-30 02:38:00','2022-05-30 02:38:00'),(3932,1,'en','plugins/marketplace/store','forms.phone','Phone','2022-05-30 02:38:00','2022-05-30 02:38:00'),(3933,1,'en','plugins/marketplace/store','forms.phone_placeholder','Phone','2022-05-30 02:38:00','2022-05-30 02:38:00'),(3934,1,'en','plugins/marketplace/store','forms.address','Address','2022-05-30 02:38:00','2022-05-30 02:38:00'),(3935,1,'en','plugins/marketplace/store','forms.address_placeholder','Address','2022-05-30 02:38:00','2022-05-30 02:38:00'),(3936,1,'en','plugins/marketplace/store','forms.city','City','2022-05-30 02:38:00','2022-05-30 02:38:00'),(3937,1,'en','plugins/marketplace/store','forms.city_placeholder','City','2022-05-30 02:38:00','2022-05-30 02:38:00'),(3938,1,'en','plugins/marketplace/store','forms.state','State','2022-05-30 02:38:00','2022-05-30 02:38:00'),(3939,1,'en','plugins/marketplace/store','forms.state_placeholder','State','2022-05-30 02:38:00','2022-05-30 02:38:00'),(3940,1,'en','plugins/marketplace/store','forms.country','Country','2022-05-30 02:38:00','2022-05-30 02:38:00'),(3941,1,'en','plugins/marketplace/store','forms.country_placeholder','Country','2022-05-30 02:38:00','2022-05-30 02:38:00'),(3942,1,'en','plugins/marketplace/store','forms.store_owner','Store owner','2022-05-30 02:38:00','2022-05-30 02:38:00'),(3943,1,'en','plugins/marketplace/store','forms.select_store_owner','Select a store owner...','2022-05-30 02:38:00','2022-05-30 02:38:00'),(3944,1,'en','plugins/marketplace/store','forms.store','Store','2022-05-30 02:38:00','2022-05-30 02:38:00'),(3945,1,'en','plugins/marketplace/store','forms.select_store','Select a store...','2022-05-30 02:38:00','2022-05-30 02:38:00'),(3946,1,'en','plugins/marketplace/store','forms.is_vendor','Is vendor?','2022-05-30 02:38:00','2022-05-30 02:38:00'),(3947,1,'en','plugins/marketplace/store','store','Store','2022-05-30 02:38:00','2022-05-30 02:38:00'),(3948,1,'en','plugins/marketplace/store','store_name','Store name','2022-05-30 02:38:00','2022-05-30 02:38:00'),(3949,1,'en','plugins/marketplace/store','store_phone','Store phone','2022-05-30 02:38:00','2022-05-30 02:38:00'),(3950,1,'en','plugins/marketplace/store','store_link','Store link','2022-05-30 02:38:00','2022-05-30 02:38:00'),(3951,1,'en','plugins/marketplace/store','product_approval_notification','This product was created by :vendor. It needs to be approved to be shown on your website. :approve_link','2022-05-30 02:38:00','2022-05-30 02:38:00'),(3952,1,'en','plugins/marketplace/store','approve_here','Approve it here.','2022-05-30 02:38:00','2022-05-30 02:38:00'),(3953,1,'en','plugins/marketplace/store','approve_product_confirmation','Approve product confirmation','2022-05-30 02:38:00','2022-05-30 02:38:00'),(3954,1,'en','plugins/marketplace/store','approve_product_confirmation_description','Are you sure you really want to approve this product from :vendor?','2022-05-30 02:38:00','2022-05-30 02:38:00'),(3955,1,'en','plugins/marketplace/store','approve','Approve','2022-05-30 02:38:00','2022-05-30 02:38:00'),(3956,1,'en','plugins/marketplace/store','approve_product_success','Approved product successfully','2022-05-30 02:38:00','2022-05-30 02:38:00'),(3957,1,'en','plugins/marketplace/store','product_approved_notification','This product was created by :vendor. Approved by :user.','2022-05-30 02:38:00','2022-05-30 02:38:00'),(3958,1,'en','plugins/marketplace/store','information','Store information','2022-05-30 02:38:00','2022-05-30 02:38:00'),(3959,1,'en','plugins/marketplace/store','vendor_information','Vendor information','2022-05-30 02:38:00','2022-05-30 02:38:00'),(3960,1,'en','plugins/marketplace/store','vendor_name','Name','2022-05-30 02:38:00','2022-05-30 02:38:00'),(3961,1,'en','plugins/marketplace/store','withdrawal_approval_notification','This withdrawal request has been created by :vendor. Their current balance is :balance.','2022-05-30 02:38:00','2022-05-30 02:38:00'),(3962,1,'en','plugins/marketplace/unverified-vendor','name','Unverified vendors','2022-05-30 02:38:00','2022-05-30 02:38:00'),(3963,1,'en','plugins/marketplace/unverified-vendor','verify','Verify vendor \":name\"','2022-05-30 02:38:00','2022-05-30 02:38:00'),(3964,1,'en','plugins/marketplace/unverified-vendor','forms.email','Email','2022-05-30 02:38:00','2022-05-30 02:38:00'),(3965,1,'en','plugins/marketplace/unverified-vendor','forms.store_name','Store name','2022-05-30 02:38:00','2022-05-30 02:38:00'),(3966,1,'en','plugins/marketplace/unverified-vendor','forms.store_phone','Store phone','2022-05-30 02:38:00','2022-05-30 02:38:00'),(3967,1,'en','plugins/marketplace/unverified-vendor','forms.vendor_phone','Phone','2022-05-30 02:38:00','2022-05-30 02:38:00'),(3968,1,'en','plugins/marketplace/unverified-vendor','forms.verify_vendor','Verify vendor','2022-05-30 02:38:00','2022-05-30 02:38:00'),(3969,1,'en','plugins/marketplace/unverified-vendor','forms.registered_at','Registered At','2022-05-30 02:38:01','2022-05-30 02:38:01'),(3970,1,'en','plugins/marketplace/unverified-vendor','approve','Approve','2022-05-30 02:38:01','2022-05-30 02:38:01'),(3971,1,'en','plugins/marketplace/unverified-vendor','approve_vendor_confirmation','Approve vendor confirmation','2022-05-30 02:38:01','2022-05-30 02:38:01'),(3972,1,'en','plugins/marketplace/unverified-vendor','approve_vendor_confirmation_description','Are you sure you really want to approve :vendor for selling on this site?','2022-05-30 02:38:01','2022-05-30 02:38:01'),(3973,1,'en','plugins/marketplace/unverified-vendor','vendor_approval_notification','Do you want to approve this vendor for selling on this site? Approve here :approve_link','2022-05-30 02:38:01','2022-05-30 02:38:01'),(3974,1,'en','plugins/marketplace/withdrawal','name','Withdrawals','2022-05-30 02:38:01','2022-05-30 02:38:01'),(3975,1,'en','plugins/marketplace/withdrawal','edit','Edit withdrawal','2022-05-30 02:38:01','2022-05-30 02:38:01'),(3976,1,'en','plugins/marketplace/withdrawal','statuses.pending','Pending','2022-05-30 02:38:01','2022-05-30 02:38:01'),(3977,1,'en','plugins/marketplace/withdrawal','statuses.processing','Processing','2022-05-30 02:38:01','2022-05-30 02:38:01'),(3978,1,'en','plugins/marketplace/withdrawal','statuses.completed','Completed','2022-05-30 02:38:01','2022-05-30 02:38:01'),(3979,1,'en','plugins/marketplace/withdrawal','statuses.canceled','Canceled','2022-05-30 02:38:01','2022-05-30 02:38:01'),(3980,1,'en','plugins/marketplace/withdrawal','statuses.refused','Refused','2022-05-30 02:38:01','2022-05-30 02:38:01'),(3981,1,'en','plugins/marketplace/withdrawal','amount','Amount','2022-05-30 02:38:01','2022-05-30 02:38:01'),(3982,1,'en','plugins/marketplace/withdrawal','customer','Customer','2022-05-30 02:38:01','2022-05-30 02:38:01'),(3983,1,'en','plugins/marketplace/withdrawal','vendor','Vendor','2022-05-30 02:38:01','2022-05-30 02:38:01'),(3984,1,'en','plugins/marketplace/withdrawal','currency','Currency','2022-05-30 02:38:01','2022-05-30 02:38:01'),(3985,1,'en','plugins/marketplace/withdrawal','forms.amount','Amount','2022-05-30 02:38:01','2022-05-30 02:38:01'),(3986,1,'en','plugins/marketplace/withdrawal','forms.amount_placeholder','Amount you want to withdrawal','2022-05-30 02:38:01','2022-05-30 02:38:01'),(3987,1,'en','plugins/marketplace/withdrawal','forms.fee','Fee','2022-05-30 02:38:01','2022-05-30 02:38:01'),(3988,1,'en','plugins/marketplace/withdrawal','forms.fee_helper','You have to pay a fee when withdrawing: :fee','2022-05-30 02:38:01','2022-05-30 02:38:01'),(3989,1,'en','plugins/marketplace/withdrawal','forms.pending_status_helper','To complete withdrawal, please update status as processing then completed','2022-05-30 02:38:01','2022-05-30 02:38:01'),(3990,1,'en','plugins/marketplace/withdrawal','forms.payment_channel','Payment Channel','2022-05-30 02:38:01','2022-05-30 02:38:01'),(3991,1,'en','plugins/marketplace/withdrawal','forms.payment_channel_placeholder','Payment Channel','2022-05-30 02:38:01','2022-05-30 02:38:01'),(3992,1,'en','plugins/marketplace/withdrawal','forms.transaction_id','Transaction ID','2022-05-30 02:38:01','2022-05-30 02:38:01'),(3993,1,'en','plugins/marketplace/withdrawal','forms.transaction_id_placeholder','Transaction ID','2022-05-30 02:38:01','2022-05-30 02:38:01'),(3994,1,'en','plugins/newsletter/newsletter','name','Newsletters','2022-05-30 02:38:01','2022-05-30 02:38:01'),(3995,1,'en','plugins/newsletter/newsletter','settings.email.templates.title','Newsletter','2022-05-30 02:38:01','2022-05-30 02:38:01'),(3996,1,'en','plugins/newsletter/newsletter','settings.email.templates.description','Config newsletter email templates','2022-05-30 02:38:01','2022-05-30 02:38:01'),(3997,1,'en','plugins/newsletter/newsletter','settings.email.templates.to_admin.title','Email send to admin','2022-05-30 02:38:01','2022-05-30 02:38:01'),(3998,1,'en','plugins/newsletter/newsletter','settings.email.templates.to_admin.description','Template for sending email to admin','2022-05-30 02:38:01','2022-05-30 02:38:01'),(3999,1,'en','plugins/newsletter/newsletter','settings.email.templates.to_user.title','Email send to user','2022-05-30 02:38:01','2022-05-30 02:38:01'),(4000,1,'en','plugins/newsletter/newsletter','settings.email.templates.to_user.description','Template for sending email to subscriber','2022-05-30 02:38:01','2022-05-30 02:38:01'),(4001,1,'en','plugins/newsletter/newsletter','settings.title','Newsletter','2022-05-30 02:38:01','2022-05-30 02:38:01'),(4002,1,'en','plugins/newsletter/newsletter','settings.description','Settings for newsletter','2022-05-30 02:38:01','2022-05-30 02:38:01'),(4003,1,'en','plugins/newsletter/newsletter','settings.mailchimp_api_key','Mailchimp API Key','2022-05-30 02:38:01','2022-05-30 02:38:01'),(4004,1,'en','plugins/newsletter/newsletter','settings.mailchimp_list_id','Mailchimp List ID','2022-05-30 02:38:01','2022-05-30 02:38:01'),(4005,1,'en','plugins/newsletter/newsletter','settings.mailchimp_list','Mailchimp List','2022-05-30 02:38:01','2022-05-30 02:38:01'),(4006,1,'en','plugins/newsletter/newsletter','settings.sendgrid_api_key','Sendgrid API Key','2022-05-30 02:38:01','2022-05-30 02:38:01'),(4007,1,'en','plugins/newsletter/newsletter','settings.sendgrid_list_id','Sendgrid List ID','2022-05-30 02:38:01','2022-05-30 02:38:01'),(4008,1,'en','plugins/newsletter/newsletter','settings.sendgrid_list','Sendgrid List','2022-05-30 02:38:01','2022-05-30 02:38:01'),(4009,1,'en','plugins/newsletter/newsletter','statuses.subscribed','Subscribed','2022-05-30 02:38:01','2022-05-30 02:38:01'),(4010,1,'en','plugins/newsletter/newsletter','statuses.unsubscribed','Unsubscribed','2022-05-30 02:38:01','2022-05-30 02:38:01'),(4011,1,'en','plugins/payment/payment','payments','Payments','2022-05-30 02:38:01','2022-05-30 02:38:01'),(4012,1,'en','plugins/payment/payment','checkout_success','Checkout successfully!','2022-05-30 02:38:01','2022-05-30 02:38:01'),(4013,1,'en','plugins/payment/payment','view_payment','View payment #','2022-05-30 02:38:01','2022-05-30 02:38:01'),(4014,1,'en','plugins/payment/payment','charge_id','Charge ID','2022-05-30 02:38:01','2022-05-30 02:38:01'),(4015,1,'en','plugins/payment/payment','amount','Amount','2022-05-30 02:38:01','2022-05-30 02:38:01'),(4016,1,'en','plugins/payment/payment','currency','Currency','2022-05-30 02:38:01','2022-05-30 02:38:01'),(4017,1,'en','plugins/payment/payment','user','User','2022-05-30 02:38:01','2022-05-30 02:38:01'),(4018,1,'en','plugins/payment/payment','stripe','Stripe','2022-05-30 02:38:01','2022-05-30 02:38:01'),(4019,1,'en','plugins/payment/payment','paypal','PayPal','2022-05-30 02:38:01','2022-05-30 02:38:01'),(4020,1,'en','plugins/payment/payment','action','Action','2022-05-30 02:38:01','2022-05-30 02:38:01'),(4021,1,'en','plugins/payment/payment','payment_via_card','Payment via card','2022-05-30 02:38:01','2022-05-30 02:38:01'),(4022,1,'en','plugins/payment/payment','card_number','Card number','2022-05-30 02:38:01','2022-05-30 02:38:01'),(4023,1,'en','plugins/payment/payment','full_name','Full name','2022-05-30 02:38:01','2022-05-30 02:38:01'),(4024,1,'en','plugins/payment/payment','payment_via_paypal','Fast and safe online payment via PayPal.','2022-05-30 02:38:01','2022-05-30 02:38:01'),(4025,1,'en','plugins/payment/payment','mm_yy','MM/YY','2022-05-30 02:38:01','2022-05-30 02:38:01'),(4026,1,'en','plugins/payment/payment','cvc','CVC','2022-05-30 02:38:01','2022-05-30 02:38:01'),(4027,1,'en','plugins/payment/payment','details','Details','2022-05-30 02:38:01','2022-05-30 02:38:01'),(4028,1,'en','plugins/payment/payment','payer_name','Payer Name','2022-05-30 02:38:01','2022-05-30 02:38:01'),(4029,1,'en','plugins/payment/payment','email','Email','2022-05-30 02:38:01','2022-05-30 02:38:01'),(4030,1,'en','plugins/payment/payment','phone','Phone','2022-05-30 02:38:01','2022-05-30 02:38:01'),(4031,1,'en','plugins/payment/payment','country','Country','2022-05-30 02:38:01','2022-05-30 02:38:01'),(4032,1,'en','plugins/payment/payment','shipping_address','Shipping Address','2022-05-30 02:38:01','2022-05-30 02:38:01'),(4033,1,'en','plugins/payment/payment','payment_details','Payment Details','2022-05-30 02:38:01','2022-05-30 02:38:01'),(4034,1,'en','plugins/payment/payment','card','Card','2022-05-30 02:38:01','2022-05-30 02:38:01'),(4035,1,'en','plugins/payment/payment','address','Address','2022-05-30 02:38:01','2022-05-30 02:38:01'),(4036,1,'en','plugins/payment/payment','could_not_get_stripe_token','Could not get Stripe token to make a charge.','2022-05-30 02:38:01','2022-05-30 02:38:01'),(4037,1,'en','plugins/payment/payment','payment_id','Payment ID','2022-05-30 02:38:01','2022-05-30 02:38:01'),(4038,1,'en','plugins/payment/payment','payment_methods','Payment methods','2022-05-30 02:38:01','2022-05-30 02:38:01'),(4039,1,'en','plugins/payment/payment','transactions','Transactions','2022-05-30 02:38:01','2022-05-30 02:38:01'),(4040,1,'en','plugins/payment/payment','payment_methods_description','Setup payment methods for website','2022-05-30 02:38:01','2022-05-30 02:38:01'),(4041,1,'en','plugins/payment/payment','paypal_description','Customer can buy product and pay directly via PayPal','2022-05-30 02:38:01','2022-05-30 02:38:01'),(4042,1,'en','plugins/payment/payment','use','Use','2022-05-30 02:38:01','2022-05-30 02:38:01'),(4043,1,'en','plugins/payment/payment','stripe_description','Customer can buy product and pay directly using Visa, Credit card via Stripe','2022-05-30 02:38:01','2022-05-30 02:38:01'),(4044,1,'en','plugins/payment/payment','edit','Edit','2022-05-30 02:38:01','2022-05-30 02:38:01'),(4045,1,'en','plugins/payment/payment','settings','Settings','2022-05-30 02:38:01','2022-05-30 02:38:01'),(4046,1,'en','plugins/payment/payment','activate','Activate','2022-05-30 02:38:01','2022-05-30 02:38:01'),(4047,1,'en','plugins/payment/payment','deactivate','Deactivate','2022-05-30 02:38:01','2022-05-30 02:38:01'),(4048,1,'en','plugins/payment/payment','update','Update','2022-05-30 02:38:01','2022-05-30 02:38:01'),(4049,1,'en','plugins/payment/payment','configuration_instruction','Configuration instruction for :name','2022-05-30 02:38:01','2022-05-30 02:38:01'),(4050,1,'en','plugins/payment/payment','configuration_requirement','To use :name, you need','2022-05-30 02:38:01','2022-05-30 02:38:01'),(4051,1,'en','plugins/payment/payment','service_registration','Register with :name','2022-05-30 02:38:01','2022-05-30 02:38:01'),(4052,1,'en','plugins/payment/payment','after_service_registration_msg','After registration at :name, you will have Client ID, Client Secret','2022-05-30 02:38:01','2022-05-30 02:38:01'),(4053,1,'en','plugins/payment/payment','enter_client_id_and_secret','Enter Client ID, Secret into the box in right hand','2022-05-30 02:38:01','2022-05-30 02:38:01'),(4054,1,'en','plugins/payment/payment','method_name','Method name','2022-05-30 02:38:01','2022-05-30 02:38:01'),(4055,1,'en','plugins/payment/payment','please_provide_information','Please provide information','2022-05-30 02:38:01','2022-05-30 02:38:01'),(4056,1,'en','plugins/payment/payment','client_id','Client ID','2022-05-30 02:38:01','2022-05-30 02:38:01'),(4057,1,'en','plugins/payment/payment','client_secret','Client Secret','2022-05-30 02:38:01','2022-05-30 02:38:01'),(4058,1,'en','plugins/payment/payment','secret','Secret','2022-05-30 02:38:01','2022-05-30 02:38:01'),(4059,1,'en','plugins/payment/payment','stripe_key','Stripe Public Key','2022-05-30 02:38:01','2022-05-30 02:38:01'),(4060,1,'en','plugins/payment/payment','stripe_secret','Stripe Private Key','2022-05-30 02:38:01','2022-05-30 02:38:01'),(4061,1,'en','plugins/payment/payment','stripe_after_service_registration_msg','After registration at :name, you will have Public, Secret keys','2022-05-30 02:38:01','2022-05-30 02:38:01'),(4062,1,'en','plugins/payment/payment','stripe_enter_client_id_and_secret','Enter Public, Secret keys into the box in right hand','2022-05-30 02:38:01','2022-05-30 02:38:01'),(4063,1,'en','plugins/payment/payment','pay_online_via','Pay online via :name','2022-05-30 02:38:01','2022-05-30 02:38:01'),(4064,1,'en','plugins/payment/payment','sandbox_mode','Sandbox mode','2022-05-30 02:38:01','2022-05-30 02:38:01'),(4065,1,'en','plugins/payment/payment','deactivate_payment_method','Deactivate payment method','2022-05-30 02:38:01','2022-05-30 02:38:01'),(4066,1,'en','plugins/payment/payment','deactivate_payment_method_description','Do you really want to deactivate this payment method?','2022-05-30 02:38:01','2022-05-30 02:38:01'),(4067,1,'en','plugins/payment/payment','agree','Agree','2022-05-30 02:38:01','2022-05-30 02:38:01'),(4068,1,'en','plugins/payment/payment','name','Payments','2022-05-30 02:38:01','2022-05-30 02:38:01'),(4069,1,'en','plugins/payment/payment','create','New payment','2022-05-30 02:38:01','2022-05-30 02:38:01'),(4070,1,'en','plugins/payment/payment','go_back','Go back','2022-05-30 02:38:01','2022-05-30 02:38:01'),(4071,1,'en','plugins/payment/payment','information','Information','2022-05-30 02:38:01','2022-05-30 02:38:01'),(4072,1,'en','plugins/payment/payment','methods.paypal','PayPal','2022-05-30 02:38:01','2022-05-30 02:38:01'),(4073,1,'en','plugins/payment/payment','methods.stripe','Stripe','2022-05-30 02:38:01','2022-05-30 02:38:01'),(4074,1,'en','plugins/payment/payment','methods.cod','Cash on delivery (COD)','2022-05-30 02:38:01','2022-05-30 02:38:01'),(4075,1,'en','plugins/payment/payment','methods.bank_transfer','Bank transfer','2022-05-30 02:38:01','2022-05-30 02:38:01'),(4076,1,'en','plugins/payment/payment','statuses.pending','Pending','2022-05-30 02:38:01','2022-05-30 02:38:01'),(4077,1,'en','plugins/payment/payment','statuses.completed','Completed','2022-05-30 02:38:01','2022-05-30 02:38:01'),(4078,1,'en','plugins/payment/payment','statuses.refunding','Refunding','2022-05-30 02:38:01','2022-05-30 02:38:01'),(4079,1,'en','plugins/payment/payment','statuses.refunded','Refunded','2022-05-30 02:38:01','2022-05-30 02:38:01'),(4080,1,'en','plugins/payment/payment','statuses.fraud','Fraud','2022-05-30 02:38:01','2022-05-30 02:38:01'),(4081,1,'en','plugins/payment/payment','statuses.failed','Failed','2022-05-30 02:38:01','2022-05-30 02:38:01'),(4082,1,'en','plugins/payment/payment','payment_methods_instruction','Guide customers to pay directly. You can choose to pay by delivery or bank transfer','2022-05-30 02:38:01','2022-05-30 02:38:01'),(4083,1,'en','plugins/payment/payment','payment_method_description','Payment guide - (Displayed on the notice of successful purchase and payment page)','2022-05-30 02:38:01','2022-05-30 02:38:01'),(4084,1,'en','plugins/payment/payment','payment_via_cod','Cash on delivery (COD)','2022-05-30 02:38:01','2022-05-30 02:38:01'),(4085,1,'en','plugins/payment/payment','payment_via_bank_transfer','Bank transfer','2022-05-30 02:38:01','2022-05-30 02:38:01'),(4086,1,'en','plugins/payment/payment','payment_pending','Checkout successfully. Your payment is pending and will be checked by our staff.','2022-05-30 02:38:01','2022-05-30 02:38:01'),(4087,1,'en','plugins/payment/payment','created_at','Created At','2022-05-30 02:38:01','2022-05-30 02:38:01'),(4088,1,'en','plugins/payment/payment','payment_channel','Payment Channel','2022-05-30 02:38:02','2022-05-30 02:38:02'),(4089,1,'en','plugins/payment/payment','total','Total','2022-05-30 02:38:02','2022-05-30 02:38:02'),(4090,1,'en','plugins/payment/payment','status','Status','2022-05-30 02:38:02','2022-05-30 02:38:02'),(4091,1,'en','plugins/payment/payment','default_payment_method','Default payment method','2022-05-30 02:38:02','2022-05-30 02:38:02'),(4092,1,'en','plugins/payment/payment','turn_off_success','Turn off payment method successfully!','2022-05-30 02:38:02','2022-05-30 02:38:02'),(4093,1,'en','plugins/payment/payment','saved_payment_method_success','Saved payment method successfully!','2022-05-30 02:38:02','2022-05-30 02:38:02'),(4094,1,'en','plugins/payment/payment','saved_payment_settings_success','Saved payment settings successfully!','2022-05-30 02:38:02','2022-05-30 02:38:02'),(4095,1,'en','plugins/payment/payment','payment_name','Name','2022-05-30 02:38:02','2022-05-30 02:38:02'),(4096,1,'en','plugins/payment/payment','callback_url','Callback URL','2022-05-30 02:38:02','2022-05-30 02:38:02'),(4097,1,'en','plugins/payment/payment','return_url','Return URL','2022-05-30 02:38:02','2022-05-30 02:38:02'),(4098,1,'en','plugins/payment/payment','payment_not_found','Payment not found!','2022-05-30 02:38:02','2022-05-30 02:38:02'),(4099,1,'en','plugins/payment/payment','refunds.title','Refunds','2022-05-30 02:38:02','2022-05-30 02:38:02'),(4100,1,'en','plugins/payment/payment','refunds.id','ID','2022-05-30 02:38:02','2022-05-30 02:38:02'),(4101,1,'en','plugins/payment/payment','refunds.breakdowns','Breakdowns','2022-05-30 02:38:02','2022-05-30 02:38:02'),(4102,1,'en','plugins/payment/payment','refunds.gross_amount','Gross amount','2022-05-30 02:38:02','2022-05-30 02:38:02'),(4103,1,'en','plugins/payment/payment','refunds.paypal_fee','PayPal fee','2022-05-30 02:38:02','2022-05-30 02:38:02'),(4104,1,'en','plugins/payment/payment','refunds.net_amount','Net amount','2022-05-30 02:38:02','2022-05-30 02:38:02'),(4105,1,'en','plugins/payment/payment','refunds.total_refunded_amount','Total refunded amount','2022-05-30 02:38:02','2022-05-30 02:38:02'),(4106,1,'en','plugins/payment/payment','refunds.create_time','Create time','2022-05-30 02:38:02','2022-05-30 02:38:02'),(4107,1,'en','plugins/payment/payment','refunds.update_time','Update time','2022-05-30 02:38:02','2022-05-30 02:38:02'),(4108,1,'en','plugins/payment/payment','refunds.status','Status','2022-05-30 02:38:02','2022-05-30 02:38:02'),(4109,1,'en','plugins/payment/payment','refunds.description','Description','2022-05-30 02:38:02','2022-05-30 02:38:02'),(4110,1,'en','plugins/payment/payment','refunds.refunded_at','Refunded at','2022-05-30 02:38:02','2022-05-30 02:38:02'),(4111,1,'en','plugins/payment/payment','refunds.error_message','Error message','2022-05-30 02:38:02','2022-05-30 02:38:02'),(4112,1,'en','plugins/payment/payment','view_response_source','View response source','2022-05-30 02:38:02','2022-05-30 02:38:02'),(4113,1,'en','plugins/payment/payment','status_is_not_completed','Status is not COMPLETED','2022-05-30 02:38:02','2022-05-30 02:38:02'),(4114,1,'en','plugins/payment/payment','cannot_found_capture_id','Can not found capture id with payment detail','2022-05-30 02:38:02','2022-05-30 02:38:02'),(4115,1,'en','plugins/payment/payment','amount_refunded','Amount refunded','2022-05-30 02:38:02','2022-05-30 02:38:02'),(4116,1,'en','plugins/payment/payment','amount_remaining','Amount remaining','2022-05-30 02:38:02','2022-05-30 02:38:02'),(4117,1,'en','plugins/payment/payment','paid_at','Paid At','2022-05-30 02:38:02','2022-05-30 02:38:02'),(4118,1,'en','plugins/payment/payment','invalid_settings','Settings for :name are invalid!','2022-05-30 02:38:02','2022-05-30 02:38:02'),(4119,1,'en','plugins/payment/payment','view_transaction','Transaction \":charge_id\"','2022-05-30 02:38:02','2022-05-30 02:38:02'),(4120,1,'en','plugins/payment/payment','payment_description','Pay for your order #:order_id at :site_url','2022-05-30 02:38:02','2022-05-30 02:38:02'),(4121,1,'vi','plugins/payment/payment','payments','Thanh toán','2022-05-30 02:38:02','2022-05-30 02:38:02'),(4122,1,'vi','plugins/payment/payment','checkout_success','Thanh toán thành công!','2022-05-30 02:38:02','2022-05-30 02:38:02'),(4123,1,'vi','plugins/payment/payment','view_payment','Xem thanh toán #','2022-05-30 02:38:02','2022-05-30 02:38:02'),(4124,1,'vi','plugins/payment/payment','charge_id','Mã thanh toán','2022-05-30 02:38:02','2022-05-30 02:38:02'),(4125,1,'vi','plugins/payment/payment','amount','Số tiền','2022-05-30 02:38:02','2022-05-30 02:38:02'),(4126,1,'vi','plugins/payment/payment','currency','Loại tiền tệ','2022-05-30 02:38:02','2022-05-30 02:38:02'),(4127,1,'vi','plugins/payment/payment','user','Người dùng','2022-05-30 02:38:02','2022-05-30 02:38:02'),(4128,1,'vi','plugins/payment/payment','stripe','Stripe','2022-05-30 02:38:02','2022-05-30 02:38:02'),(4129,1,'vi','plugins/payment/payment','paypal','PayPal','2022-05-30 02:38:02','2022-05-30 02:38:02'),(4130,1,'vi','plugins/payment/payment','action','Hành động','2022-05-30 02:38:02','2022-05-30 02:38:02'),(4131,1,'vi','plugins/payment/payment','payment_via_card','Thanh toán qua thẻ','2022-05-30 02:38:02','2022-05-30 02:38:02'),(4132,1,'vi','plugins/payment/payment','card_number','Số thẻ','2022-05-30 02:38:02','2022-05-30 02:38:02'),(4133,1,'vi','plugins/payment/payment','full_name','Họ tên','2022-05-30 02:38:02','2022-05-30 02:38:02'),(4134,1,'vi','plugins/payment/payment','payment_via_paypal','Thanh toán qua PayPal','2022-05-30 02:38:02','2022-05-30 02:38:02'),(4135,1,'vi','plugins/payment/payment','mm_yy','MM/YY','2022-05-30 02:38:02','2022-05-30 02:38:02'),(4136,1,'vi','plugins/payment/payment','cvc','CVC','2022-05-30 02:38:02','2022-05-30 02:38:02'),(4137,1,'vi','plugins/payment/payment','details','Chi tiết','2022-05-30 02:38:02','2022-05-30 02:38:02'),(4138,1,'vi','plugins/payment/payment','payer_name','Tên người mua','2022-05-30 02:38:02','2022-05-30 02:38:02'),(4139,1,'vi','plugins/payment/payment','email','Email','2022-05-30 02:38:02','2022-05-30 02:38:02'),(4140,1,'vi','plugins/payment/payment','phone','Điện thoại','2022-05-30 02:38:02','2022-05-30 02:38:02'),(4141,1,'vi','plugins/payment/payment','country','Quốc gia','2022-05-30 02:38:02','2022-05-30 02:38:02'),(4142,1,'vi','plugins/payment/payment','shipping_address','Địa chỉ giao hàng','2022-05-30 02:38:02','2022-05-30 02:38:02'),(4143,1,'vi','plugins/payment/payment','payment_details','Chi tiết thanh toán','2022-05-30 02:38:02','2022-05-30 02:38:02'),(4144,1,'vi','plugins/payment/payment','card','Thẻ','2022-05-30 02:38:02','2022-05-30 02:38:02'),(4145,1,'vi','plugins/payment/payment','address','Địa chỉ','2022-05-30 02:38:02','2022-05-30 02:38:02'),(4146,1,'vi','plugins/payment/payment','could_not_get_stripe_token','Không thể lấy mã Stripe để thanh toán.','2022-05-30 02:38:02','2022-05-30 02:38:02'),(4147,1,'vi','plugins/payment/payment','payment_id','Mã thanh toán','2022-05-30 02:38:02','2022-05-30 02:38:02'),(4148,1,'vi','plugins/payment/payment','payment_methods','Phương thức thanh toán','2022-05-30 02:38:02','2022-05-30 02:38:02'),(4149,1,'vi','plugins/payment/payment','transactions','Lịch sử giao dịch','2022-05-30 02:38:02','2022-05-30 02:38:02'),(4150,1,'vi','plugins/payment/payment','payment_methods_description','Cài đặt các phương thức thanh toán cho website','2022-05-30 02:38:02','2022-05-30 02:38:02'),(4151,1,'vi','plugins/payment/payment','paypal_description','Khách hàng có thể mua hàng và thanh toán trực tiếp thông qua cổng thanh toán PayPal','2022-05-30 02:38:02','2022-05-30 02:38:02'),(4152,1,'vi','plugins/payment/payment','use','Dùng','2022-05-30 02:38:02','2022-05-30 02:38:02'),(4153,1,'vi','plugins/payment/payment','stripe_description','Khách hàng có thể mua hàng và thanh toán bằng Visa, Credit card thông qua cổng thanh toán Stripe','2022-05-30 02:38:02','2022-05-30 02:38:02'),(4154,1,'vi','plugins/payment/payment','edit','Chỉnh sửa','2022-05-30 02:38:02','2022-05-30 02:38:02'),(4155,1,'vi','plugins/payment/payment','settings','Cài đặt','2022-05-30 02:38:02','2022-05-30 02:38:02'),(4156,1,'vi','plugins/payment/payment','activate','Kích hoạt','2022-05-30 02:38:02','2022-05-30 02:38:02'),(4157,1,'vi','plugins/payment/payment','deactivate','Huỷ kích hoạt','2022-05-30 02:38:02','2022-05-30 02:38:02'),(4158,1,'vi','plugins/payment/payment','update','Cập nhật','2022-05-30 02:38:02','2022-05-30 02:38:02'),(4159,1,'vi','plugins/payment/payment','configuration_instruction','Hướng dẫn cấu hình :name','2022-05-30 02:38:02','2022-05-30 02:38:02'),(4160,1,'vi','plugins/payment/payment','configuration_requirement','Để sử dụng :name bạn cần','2022-05-30 02:38:02','2022-05-30 02:38:02'),(4161,1,'vi','plugins/payment/payment','service_registration','Đăng ký dịch vụ với :name','2022-05-30 02:38:02','2022-05-30 02:38:02'),(4162,1,'vi','plugins/payment/payment','after_service_registration_msg','Sau khi hoàn tất các bước đăng ký tại :name, bạn sẽ có các thông số Client ID, Client Secret','2022-05-30 02:38:02','2022-05-30 02:38:02'),(4163,1,'vi','plugins/payment/payment','enter_client_id_and_secret','Nhập các thông số Client ID, Secret vào ô bên phải','2022-05-30 02:38:02','2022-05-30 02:38:02'),(4164,1,'vi','plugins/payment/payment','method_name','Tên phương thức','2022-05-30 02:38:02','2022-05-30 02:38:02'),(4165,1,'vi','plugins/payment/payment','please_provide_information','Xin vui lòng cung cấp thông tin','2022-05-30 02:38:02','2022-05-30 02:38:02'),(4166,1,'vi','plugins/payment/payment','client_id','Client ID','2022-05-30 02:38:02','2022-05-30 02:38:02'),(4167,1,'vi','plugins/payment/payment','client_secret','Client Secret','2022-05-30 02:38:02','2022-05-30 02:38:02'),(4168,1,'vi','plugins/payment/payment','stripe_key','Stripe Key','2022-05-30 02:38:02','2022-05-30 02:38:02'),(4169,1,'vi','plugins/payment/payment','stripe_secret','Stripe Secret','2022-05-30 02:38:02','2022-05-30 02:38:02'),(4170,1,'vi','plugins/payment/payment','stripe_after_service_registration_msg','After registration at :name, you will have Public, Secret keys','2022-05-30 02:38:02','2022-05-30 02:38:02'),(4171,1,'vi','plugins/payment/payment','stripe_enter_client_id_and_secret','Enter Public, Secret keys into the box in right hand','2022-05-30 02:38:02','2022-05-30 02:38:02'),(4172,1,'vi','plugins/payment/payment','secret','Secret','2022-05-30 02:38:02','2022-05-30 02:38:02'),(4173,1,'vi','plugins/payment/payment','pay_online_via','Thanh toán online qua :name','2022-05-30 02:38:02','2022-05-30 02:38:02'),(4174,1,'vi','plugins/payment/payment','sandbox_mode','Chế độ thử nghiệm','2022-05-30 02:38:02','2022-05-30 02:38:02'),(4175,1,'vi','plugins/payment/payment','deactivate_payment_method','Huỷ kích hoạt phương thức','2022-05-30 02:38:02','2022-05-30 02:38:02'),(4176,1,'vi','plugins/payment/payment','deactivate_payment_method_description','Bạn có chắc chắn muốn huỷ phương thức thành toán này?','2022-05-30 02:38:02','2022-05-30 02:38:02'),(4177,1,'vi','plugins/payment/payment','agree','Đồng ý','2022-05-30 02:38:02','2022-05-30 02:38:02'),(4178,1,'vi','plugins/payment/payment','name','Thanh toán','2022-05-30 02:38:02','2022-05-30 02:38:02'),(4179,1,'vi','plugins/payment/payment','create','Thêm thanh toán mới','2022-05-30 02:38:02','2022-05-30 02:38:02'),(4180,1,'vi','plugins/payment/payment','go_back','Trở lại','2022-05-30 02:38:02','2022-05-30 02:38:02'),(4181,1,'vi','plugins/payment/payment','information','Thông tin','2022-05-30 02:38:02','2022-05-30 02:38:02'),(4182,1,'vi','plugins/payment/payment','methods.paypal','PayPal','2022-05-30 02:38:02','2022-05-30 02:38:02'),(4183,1,'vi','plugins/payment/payment','methods.stripe','Stripe','2022-05-30 02:38:02','2022-05-30 02:38:02'),(4184,1,'vi','plugins/payment/payment','methods.cod','Thanh toán khi giao hàng (COD)','2022-05-30 02:38:02','2022-05-30 02:38:02'),(4185,1,'vi','plugins/payment/payment','methods.bank_transfer','Chuyển khoản qua ngân hàng','2022-05-30 02:38:02','2022-05-30 02:38:02'),(4186,1,'vi','plugins/payment/payment','statuses.pending','Chưa hoàn tất','2022-05-30 02:38:02','2022-05-30 02:38:02'),(4187,1,'vi','plugins/payment/payment','statuses.completed','Đã hoàn thành','2022-05-30 02:38:02','2022-05-30 02:38:02'),(4188,1,'vi','plugins/payment/payment','statuses.refunding','Đang hoàn tiền','2022-05-30 02:38:02','2022-05-30 02:38:02'),(4189,1,'vi','plugins/payment/payment','statuses.refunded','Đã hoàn tiền','2022-05-30 02:38:02','2022-05-30 02:38:02'),(4190,1,'vi','plugins/payment/payment','statuses.fraud','Gian lận','2022-05-30 02:38:02','2022-05-30 02:38:02'),(4191,1,'vi','plugins/payment/payment','statuses.failed','Thất bại','2022-05-30 02:38:02','2022-05-30 02:38:02'),(4192,1,'vi','plugins/payment/payment','payment_methods_instruction','Hướng dẫn khách hàng thanh toán trực tiếp. Có thể chọn thanh toán khi giao hàng hoặc chuyển khoản','2022-05-30 02:38:02','2022-05-30 02:38:02'),(4193,1,'vi','plugins/payment/payment','payment_method_description','Hướng dẫn thanh toán – (Hiển thị ở trang thông báo mua hàng thành công và trang thanh toán)','2022-05-30 02:38:02','2022-05-30 02:38:02'),(4194,1,'vi','plugins/payment/payment','payment_via_cod','Thanh toán khi nhận hàng (COD)','2022-05-30 02:38:03','2022-05-30 02:38:03'),(4195,1,'vi','plugins/payment/payment','payment_via_bank_transfer','Chuyển khoản qua ngân hàng','2022-05-30 02:38:03','2022-05-30 02:38:03'),(4196,1,'vi','plugins/payment/payment','payment_pending','Thực hiện thành công. Thanh toán của bạn đang được xử lý và sẽ được xác nhận bởi nhân viên.','2022-05-30 02:38:03','2022-05-30 02:38:03'),(4197,1,'vi','plugins/payment/payment','created_at','Ngày tạo','2022-05-30 02:38:03','2022-05-30 02:38:03'),(4198,1,'vi','plugins/payment/payment','payment_channel','Phương thức thanh toán','2022-05-30 02:38:03','2022-05-30 02:38:03'),(4199,1,'vi','plugins/payment/payment','total','Tổng cộng','2022-05-30 02:38:03','2022-05-30 02:38:03'),(4200,1,'vi','plugins/payment/payment','status','Trạng thái','2022-05-30 02:38:03','2022-05-30 02:38:03'),(4201,1,'vi','plugins/payment/payment','default_payment_method','Phương thức thanh toán mặc định','2022-05-30 02:38:03','2022-05-30 02:38:03'),(4202,1,'en','plugins/simple-slider/simple-slider','create','New slider','2022-05-30 02:38:03','2022-05-30 02:38:03'),(4203,1,'en','plugins/simple-slider/simple-slider','edit','Edit slider','2022-05-30 02:38:03','2022-05-30 02:38:03'),(4204,1,'en','plugins/simple-slider/simple-slider','menu','Simple sliders','2022-05-30 02:38:03','2022-05-30 02:38:03'),(4205,1,'en','plugins/simple-slider/simple-slider','settings.title','Simple sliders','2022-05-30 02:38:03','2022-05-30 02:38:03'),(4206,1,'en','plugins/simple-slider/simple-slider','settings.description','Settings for Simple sliders','2022-05-30 02:38:03','2022-05-30 02:38:03'),(4207,1,'en','plugins/simple-slider/simple-slider','settings.using_assets','Using default assets?','2022-05-30 02:38:03','2022-05-30 02:38:03'),(4208,1,'en','plugins/simple-slider/simple-slider','settings.using_assets_description','If using assets option is enabled then below scripts will be auto added to front site.','2022-05-30 02:38:03','2022-05-30 02:38:03'),(4209,1,'en','plugins/simple-slider/simple-slider','add_new','Add new','2022-05-30 02:38:03','2022-05-30 02:38:03'),(4210,1,'en','plugins/simple-slider/simple-slider','save_sorting','Save sorting','2022-05-30 02:38:03','2022-05-30 02:38:03'),(4211,1,'en','plugins/simple-slider/simple-slider','key','Key','2022-05-30 02:38:03','2022-05-30 02:38:03'),(4212,1,'en','plugins/simple-slider/simple-slider','slide_items','Slide Items','2022-05-30 02:38:03','2022-05-30 02:38:03'),(4213,1,'en','plugins/simple-slider/simple-slider','update_slide_position_success','Updated slide position successfully!','2022-05-30 02:38:03','2022-05-30 02:38:03'),(4214,1,'en','plugins/simple-slider/simple-slider','create_new_slide','Create a new slide','2022-05-30 02:38:03','2022-05-30 02:38:03'),(4215,1,'en','plugins/simple-slider/simple-slider','edit_slide','Edit slide #:id','2022-05-30 02:38:03','2022-05-30 02:38:03'),(4216,1,'en','plugins/simple-slider/simple-slider','simple_slider_shortcode_name','Simple Slider','2022-05-30 02:38:03','2022-05-30 02:38:03'),(4217,1,'en','plugins/simple-slider/simple-slider','simple_slider_shortcode_description','Add a simple slider','2022-05-30 02:38:03','2022-05-30 02:38:03'),(4218,1,'en','plugins/simple-slider/simple-slider','select_slider','Select a slider','2022-05-30 02:38:03','2022-05-30 02:38:03'),(4219,1,'en','plugins/social-login/social-login','settings.title','Social Login settings','2022-05-30 02:38:03','2022-05-30 02:38:03'),(4220,1,'en','plugins/social-login/social-login','settings.description','Configure social login options','2022-05-30 02:38:03','2022-05-30 02:38:03'),(4221,1,'en','plugins/social-login/social-login','settings.facebook.title','Facebook login settings','2022-05-30 02:38:03','2022-05-30 02:38:03'),(4222,1,'en','plugins/social-login/social-login','settings.facebook.description','Enable/disable & configure app credentials for Facebook login','2022-05-30 02:38:03','2022-05-30 02:38:03'),(4223,1,'en','plugins/social-login/social-login','settings.facebook.app_id','App ID','2022-05-30 02:38:03','2022-05-30 02:38:03'),(4224,1,'en','plugins/social-login/social-login','settings.facebook.app_secret','App Secret','2022-05-30 02:38:03','2022-05-30 02:38:03'),(4225,1,'en','plugins/social-login/social-login','settings.facebook.helper','Please go to https://developers.facebook.com to create new app update App ID, App Secret. Callback URL is :callback','2022-05-30 02:38:03','2022-05-30 02:38:03'),(4226,1,'en','plugins/social-login/social-login','settings.google.title','Google login settings','2022-05-30 02:38:03','2022-05-30 02:38:03'),(4227,1,'en','plugins/social-login/social-login','settings.google.description','Enable/disable & configure app credentials for Google login','2022-05-30 02:38:03','2022-05-30 02:38:03'),(4228,1,'en','plugins/social-login/social-login','settings.google.app_id','App ID','2022-05-30 02:38:03','2022-05-30 02:38:03'),(4229,1,'en','plugins/social-login/social-login','settings.google.app_secret','App Secret','2022-05-30 02:38:03','2022-05-30 02:38:03'),(4230,1,'en','plugins/social-login/social-login','settings.google.helper','Please go to https://console.developers.google.com/apis/dashboard to create new app update App ID, App Secret. Callback URL is :callback','2022-05-30 02:38:03','2022-05-30 02:38:03'),(4231,1,'en','plugins/social-login/social-login','settings.github.title','Github login settings','2022-05-30 02:38:03','2022-05-30 02:38:03'),(4232,1,'en','plugins/social-login/social-login','settings.github.description','Enable/disable & configure app credentials for Github login','2022-05-30 02:38:03','2022-05-30 02:38:03'),(4233,1,'en','plugins/social-login/social-login','settings.github.app_id','App ID','2022-05-30 02:38:03','2022-05-30 02:38:03'),(4234,1,'en','plugins/social-login/social-login','settings.github.app_secret','App Secret','2022-05-30 02:38:03','2022-05-30 02:38:03'),(4235,1,'en','plugins/social-login/social-login','settings.github.helper','Please go to https://github.com/settings/developers to create new app update App ID, App Secret. Callback URL is :callback','2022-05-30 02:38:03','2022-05-30 02:38:03'),(4236,1,'en','plugins/social-login/social-login','settings.linkedin.title','Linkedin login settings','2022-05-30 02:38:03','2022-05-30 02:38:03'),(4237,1,'en','plugins/social-login/social-login','settings.linkedin.description','Enable/disable & configure app credentials for Linkedin login','2022-05-30 02:38:03','2022-05-30 02:38:03'),(4238,1,'en','plugins/social-login/social-login','settings.linkedin.app_id','App ID','2022-05-30 02:38:03','2022-05-30 02:38:03'),(4239,1,'en','plugins/social-login/social-login','settings.linkedin.app_secret','App Secret','2022-05-30 02:38:03','2022-05-30 02:38:03'),(4240,1,'en','plugins/social-login/social-login','settings.linkedin.helper','Please go to https://www.linkedin.com/developers/apps/new to create new app update App ID, App Secret. Callback URL is :callback','2022-05-30 02:38:03','2022-05-30 02:38:03'),(4241,1,'en','plugins/social-login/social-login','settings.enable','Enable?','2022-05-30 02:38:03','2022-05-30 02:38:03'),(4242,1,'en','plugins/social-login/social-login','menu','Social Login','2022-05-30 02:38:03','2022-05-30 02:38:03'),(4243,1,'en','plugins/translation/translation','translations','Translations','2022-05-30 02:38:03','2022-05-30 02:38:03'),(4244,1,'en','plugins/translation/translation','translations_description','Translate all words in system.','2022-05-30 02:38:03','2022-05-30 02:38:03'),(4245,1,'en','plugins/translation/translation','export_warning','Warning, translations are not visible until they are exported back to the resources/lang file, using \'php artisan cms:translations:export\' command or publish button.','2022-05-30 02:38:03','2022-05-30 02:38:03'),(4246,1,'en','plugins/translation/translation','import_done','Done importing, processed :counter items! Reload this page to refresh the groups!','2022-05-30 02:38:03','2022-05-30 02:38:03'),(4247,1,'en','plugins/translation/translation','translation_manager','Translations Manager','2022-05-30 02:38:03','2022-05-30 02:38:03'),(4248,1,'en','plugins/translation/translation','done_publishing','Done publishing the translations for group','2022-05-30 02:38:03','2022-05-30 02:38:03'),(4249,1,'en','plugins/translation/translation','append_translation','Append new translations','2022-05-30 02:38:03','2022-05-30 02:38:03'),(4250,1,'en','plugins/translation/translation','replace_translation','Replace existing translations','2022-05-30 02:38:03','2022-05-30 02:38:03'),(4251,1,'en','plugins/translation/translation','import_group','Import group','2022-05-30 02:38:03','2022-05-30 02:38:03'),(4252,1,'en','plugins/translation/translation','confirm_publish_group','Are you sure you want to publish the translations group \":group\"? This will overwrite existing language files.','2022-05-30 02:38:03','2022-05-30 02:38:03'),(4253,1,'en','plugins/translation/translation','publish_translations','Publish translations','2022-05-30 02:38:03','2022-05-30 02:38:03'),(4254,1,'en','plugins/translation/translation','back','Back','2022-05-30 02:38:03','2022-05-30 02:38:03'),(4255,1,'en','plugins/translation/translation','edit_title','Enter translation','2022-05-30 02:38:03','2022-05-30 02:38:03'),(4256,1,'en','plugins/translation/translation','choose_group_msg','Choose a group to display the group translations. If no groups are visible, make sure you have imported the translations.','2022-05-30 02:38:03','2022-05-30 02:38:03'),(4257,1,'en','plugins/translation/translation','choose_a_group','Choose a group','2022-05-30 02:38:03','2022-05-30 02:38:03'),(4258,1,'en','plugins/translation/translation','locales','Locales','2022-05-30 02:38:03','2022-05-30 02:38:03'),(4259,1,'en','plugins/translation/translation','theme-translations','Theme translations','2022-05-30 02:38:03','2022-05-30 02:38:03'),(4260,1,'en','plugins/translation/translation','admin-translations','Other translations','2022-05-30 02:38:03','2022-05-30 02:38:03'),(4261,1,'en','plugins/translation/translation','translate_from','Translate from','2022-05-30 02:38:03','2022-05-30 02:38:03'),(4262,1,'en','plugins/translation/translation','to','to','2022-05-30 02:38:03','2022-05-30 02:38:03'),(4263,1,'en','plugins/translation/translation','no_other_languages','No other language to translate!','2022-05-30 02:38:03','2022-05-30 02:38:03'),(4264,1,'en','plugins/translation/translation','edit','Edit','2022-05-30 02:38:03','2022-05-30 02:38:03'),(4265,1,'en','plugins/translation/translation','locale','Locale','2022-05-30 02:38:03','2022-05-30 02:38:03'),(4266,1,'en','plugins/translation/translation','locale_placeholder','Ex: en','2022-05-30 02:38:03','2022-05-30 02:38:03'),(4267,1,'en','plugins/translation/translation','name','Name','2022-05-30 02:38:03','2022-05-30 02:38:03'),(4268,1,'en','plugins/translation/translation','default_locale','Default locale?','2022-05-30 02:38:03','2022-05-30 02:38:03'),(4269,1,'en','plugins/translation/translation','actions','Actions','2022-05-30 02:38:03','2022-05-30 02:38:03'),(4270,1,'en','plugins/translation/translation','choose_language','Choose language','2022-05-30 02:38:03','2022-05-30 02:38:03'),(4271,1,'en','plugins/translation/translation','add_new_language','Add new language','2022-05-30 02:38:03','2022-05-30 02:38:03'),(4272,1,'en','plugins/translation/translation','select_language','Select language','2022-05-30 02:38:03','2022-05-30 02:38:03'),(4273,1,'en','plugins/translation/translation','flag','Flag','2022-05-30 02:38:03','2022-05-30 02:38:03'),(4274,1,'en','plugins/translation/translation','folder_is_not_writeable','Cannot write files! Folder /resources/lang is not writable. Please chmod to make it writable!','2022-05-30 02:38:03','2022-05-30 02:38:03'),(4275,1,'en','plugins/translation/translation','delete','Delete','2022-05-30 02:38:03','2022-05-30 02:38:03'),(4276,1,'en','plugins/translation/translation','confirm_delete_message','Do you really want to delete this locale? It will delete all files/folders for this local in /resources/lang!','2022-05-30 02:38:03','2022-05-30 02:38:03'),(4277,1,'en','plugins/translation/translation','download','Download','2022-05-30 02:38:03','2022-05-30 02:38:03'),(4278,1,'en','plugins/translation/translation','select_locale','Select locale','2022-05-30 02:38:03','2022-05-30 02:38:03'),(4279,1,'en','plugins/translation/translation','theme_translations_instruction','Click on text to translate. Do NOT translate variables, Eg. :username, :query, :link...','2022-05-30 02:38:03','2022-05-30 02:38:03'),(4280,1,'vi','auth','failed','Không tìm thấy thông tin đăng nhập hợp lệ.','2022-05-30 02:38:03','2022-05-30 02:38:03'),(4281,1,'vi','auth','throttle','Đăng nhập không đúng quá nhiều lần. Vui lòng thử lại sau :seconds giây.','2022-05-30 02:38:03','2022-05-30 02:38:03'),(4282,1,'vi','auth','password','Mật khẩu không chính xác','2022-05-30 02:38:03','2022-05-30 02:38:03'),(4283,1,'vi','pagination','previous','&laquo; Trước','2022-05-30 02:38:03','2022-05-30 02:38:03'),(4284,1,'vi','pagination','next','Sau &raquo;','2022-05-30 02:38:03','2022-05-30 02:38:03'),(4285,1,'vi','passwords','reset','Mật khẩu đã được cập nhật!','2022-05-30 02:38:03','2022-05-30 02:38:03'),(4286,1,'vi','passwords','sent','Chúng tôi đã gửi cho bạn đường dẫn thay đổi mật khẩu!','2022-05-30 02:38:03','2022-05-30 02:38:03'),(4287,1,'vi','passwords','token','Mã xác nhận mật khẩu không hợp lệ.','2022-05-30 02:38:03','2022-05-30 02:38:03'),(4288,1,'vi','passwords','user','Không tìm thấy thành viên với địa chỉ email này.','2022-05-30 02:38:03','2022-05-30 02:38:03'),(4289,1,'vi','validation','accepted','Trường :attribute phải được chấp nhận.','2022-05-30 02:38:03','2022-05-30 02:38:03'),(4290,1,'vi','validation','active_url','Trường :attribute không phải là một URL hợp lệ.','2022-05-30 02:38:03','2022-05-30 02:38:03'),(4291,1,'vi','validation','after','Trường :attribute phải là một ngày sau ngày :date.','2022-05-30 02:38:03','2022-05-30 02:38:03'),(4292,1,'vi','validation','after_or_equal','Trường :attribute phải là thời gian bắt đầu sau hoặc đúng bằng :date.','2022-05-30 02:38:04','2022-05-30 02:38:04'),(4293,1,'vi','validation','alpha','Trường :attribute chỉ có thể chứa các chữ cái.','2022-05-30 02:38:04','2022-05-30 02:38:04'),(4294,1,'vi','validation','alpha_dash','Trường :attribute chỉ có thể chứa chữ cái, số và dấu gạch ngang.','2022-05-30 02:38:04','2022-05-30 02:38:04'),(4295,1,'vi','validation','alpha_num','Trường :attribute chỉ có thể chứa chữ cái và số.','2022-05-30 02:38:04','2022-05-30 02:38:04'),(4296,1,'vi','validation','array','Trường :attribute phải là dạng mảng.','2022-05-30 02:38:04','2022-05-30 02:38:04'),(4297,1,'vi','validation','before','Trường :attribute phải là một ngày trước ngày :date.','2022-05-30 02:38:04','2022-05-30 02:38:04'),(4298,1,'vi','validation','before_or_equal','Trường :attribute phải là thời gian bắt đầu trước hoặc đúng bằng :date.','2022-05-30 02:38:04','2022-05-30 02:38:04'),(4299,1,'vi','validation','between.array','Trường :attribute phải có từ :min - :max phần tử.','2022-05-30 02:38:04','2022-05-30 02:38:04'),(4300,1,'vi','validation','between.file','Dung lượng tập tin trong trường :attribute phải từ :min - :max kB.','2022-05-30 02:38:04','2022-05-30 02:38:04'),(4301,1,'vi','validation','between.numeric','Trường :attribute phải nằm trong khoảng :min - :max.','2022-05-30 02:38:04','2022-05-30 02:38:04'),(4302,1,'vi','validation','between.string','Trường :attribute phải từ :min - :max kí tự.','2022-05-30 02:38:04','2022-05-30 02:38:04'),(4303,1,'vi','validation','boolean','Trường :attribute phải là true hoặc false.','2022-05-30 02:38:04','2022-05-30 02:38:04'),(4304,1,'vi','validation','confirmed','Giá trị xác nhận trong trường :attribute không khớp.','2022-05-30 02:38:04','2022-05-30 02:38:04'),(4305,1,'vi','validation','date','Trường :attribute không phải là định dạng của ngày-tháng.','2022-05-30 02:38:04','2022-05-30 02:38:04'),(4306,1,'vi','validation','date_equals','Trường :attribute phải là một ngày bằng với :date.','2022-05-30 02:38:04','2022-05-30 02:38:04'),(4307,1,'vi','validation','date_format','Trường :attribute không giống với định dạng :format.','2022-05-30 02:38:04','2022-05-30 02:38:04'),(4308,1,'vi','validation','different','Trường :attribute và :other phải khác nhau.','2022-05-30 02:38:04','2022-05-30 02:38:04'),(4309,1,'vi','validation','digits','Độ dài của trường :attribute phải gồm :digits chữ số.','2022-05-30 02:38:04','2022-05-30 02:38:04'),(4310,1,'vi','validation','digits_between','Độ dài của trường :attribute phải nằm trong khoảng :min and :max chữ số.','2022-05-30 02:38:04','2022-05-30 02:38:04'),(4311,1,'vi','validation','dimensions','Trường :attribute có kích thước không hợp lệ.','2022-05-30 02:38:04','2022-05-30 02:38:04'),(4312,1,'vi','validation','distinct','Trường :attribute có giá trị trùng lặp.','2022-05-30 02:38:04','2022-05-30 02:38:04'),(4313,1,'vi','validation','email','Trường :attribute phải là một địa chỉ email hợp lệ.','2022-05-30 02:38:04','2022-05-30 02:38:04'),(4314,1,'vi','validation','ends_with','Trường :attribute phải kết thúc bằng một trong những giá trị sau: :values','2022-05-30 02:38:04','2022-05-30 02:38:04'),(4315,1,'vi','validation','exists','Giá trị đã chọn trong trường :attribute không hợp lệ.','2022-05-30 02:38:04','2022-05-30 02:38:04'),(4316,1,'vi','validation','file','Trường :attribute phải là một tệp tin.','2022-05-30 02:38:04','2022-05-30 02:38:04'),(4317,1,'vi','validation','filled','Trường :attribute không được bỏ trống.','2022-05-30 02:38:04','2022-05-30 02:38:04'),(4318,1,'vi','validation','gt.array','Mảng :attribute phải có nhiều hơn :value phần tử.','2022-05-30 02:38:04','2022-05-30 02:38:04'),(4319,1,'vi','validation','gt.file','Dung lượng trường :attribute phải lớn hơn :value kilobytes.','2022-05-30 02:38:04','2022-05-30 02:38:04'),(4320,1,'vi','validation','gt.numeric','Giá trị trường :attribute phải lớn hơn :value.','2022-05-30 02:38:04','2022-05-30 02:38:04'),(4321,1,'vi','validation','gt.string','Độ dài trường :attribute phải nhiều hơn :value kí tự.','2022-05-30 02:38:04','2022-05-30 02:38:04'),(4322,1,'vi','validation','gte.array','Mảng :attribute phải có ít nhất :value phần tử.','2022-05-30 02:38:04','2022-05-30 02:38:04'),(4323,1,'vi','validation','gte.file','Dung lượng trường :attribute phải lớn hơn hoặc bằng :value kilobytes.','2022-05-30 02:38:04','2022-05-30 02:38:04'),(4324,1,'vi','validation','gte.numeric','Giá trị trường :attribute phải lớn hơn hoặc bằng :value.','2022-05-30 02:38:04','2022-05-30 02:38:04'),(4325,1,'vi','validation','gte.string','Độ dài trường :attribute phải lớn hơn hoặc bằng :value kí tự.','2022-05-30 02:38:04','2022-05-30 02:38:04'),(4326,1,'vi','validation','image','Trường :attribute phải là định dạng hình ảnh.','2022-05-30 02:38:04','2022-05-30 02:38:04'),(4327,1,'vi','validation','in','Giá trị đã chọn trong trường :attribute không hợp lệ.','2022-05-30 02:38:04','2022-05-30 02:38:04'),(4328,1,'vi','validation','in_array','Trường :attribute phải thuộc tập cho phép: :other.','2022-05-30 02:38:04','2022-05-30 02:38:04'),(4329,1,'vi','validation','integer','Trường :attribute phải là một số nguyên.','2022-05-30 02:38:04','2022-05-30 02:38:04'),(4330,1,'vi','validation','ip','Trường :attribute phải là một địa chỉ IP.','2022-05-30 02:38:04','2022-05-30 02:38:04'),(4331,1,'vi','validation','ipv4','Trường :attribute phải là một địa chỉ IPv4.','2022-05-30 02:38:04','2022-05-30 02:38:04'),(4332,1,'vi','validation','ipv6','Trường :attribute phải là một địa chỉ IPv6.','2022-05-30 02:38:04','2022-05-30 02:38:04'),(4333,1,'vi','validation','json','Trường :attribute phải là một chuỗi JSON.','2022-05-30 02:38:04','2022-05-30 02:38:04'),(4334,1,'vi','validation','lt.array','Mảng :attribute phải có ít hơn :value phần tử.','2022-05-30 02:38:04','2022-05-30 02:38:04'),(4335,1,'vi','validation','lt.file','Dung lượng trường :attribute phải nhỏ hơn :value kilobytes.','2022-05-30 02:38:04','2022-05-30 02:38:04'),(4336,1,'vi','validation','lt.numeric','Giá trị trường :attribute phải nhỏ hơn :value.','2022-05-30 02:38:04','2022-05-30 02:38:04'),(4337,1,'vi','validation','lt.string','Độ dài trường :attribute phải nhỏ hơn :value kí tự.','2022-05-30 02:38:04','2022-05-30 02:38:04'),(4338,1,'vi','validation','lte.array','Mảng :attribute không được có nhiều hơn :value phần tử.','2022-05-30 02:38:04','2022-05-30 02:38:04'),(4339,1,'vi','validation','lte.file','Dung lượng trường :attribute phải nhỏ hơn hoặc bằng :value kilobytes.','2022-05-30 02:38:04','2022-05-30 02:38:04'),(4340,1,'vi','validation','lte.numeric','Giá trị trường :attribute phải nhỏ hơn hoặc bằng :value.','2022-05-30 02:38:04','2022-05-30 02:38:04'),(4341,1,'vi','validation','lte.string','Độ dài trường :attribute phải nhỏ hơn hoặc bằng :value kí tự.','2022-05-30 02:38:04','2022-05-30 02:38:04'),(4342,1,'vi','validation','max.array','Trường :attribute không được lớn hơn :max phần tử.','2022-05-30 02:38:04','2022-05-30 02:38:04'),(4343,1,'vi','validation','max.file','Dung lượng tập tin trong trường :attribute không được lớn hơn :max kB.','2022-05-30 02:38:04','2022-05-30 02:38:04'),(4344,1,'vi','validation','max.numeric','Trường :attribute không được lớn hơn :max.','2022-05-30 02:38:04','2022-05-30 02:38:04'),(4345,1,'vi','validation','max.string','Trường :attribute không được lớn hơn :max kí tự.','2022-05-30 02:38:04','2022-05-30 02:38:04'),(4346,1,'vi','validation','mimes','Trường :attribute phải là một tập tin có định dạng: :values.','2022-05-30 02:38:04','2022-05-30 02:38:04'),(4347,1,'vi','validation','mimetypes','Trường :attribute phải là một tập tin có định dạng: :values.','2022-05-30 02:38:04','2022-05-30 02:38:04'),(4348,1,'vi','validation','min.array','Trường :attribute phải có tối thiểu :min phần tử.','2022-05-30 02:38:04','2022-05-30 02:38:04'),(4349,1,'vi','validation','min.file','Dung lượng tập tin trong trường :attribute phải tối thiểu :min kB.','2022-05-30 02:38:04','2022-05-30 02:38:04'),(4350,1,'vi','validation','min.numeric','Trường :attribute phải tối thiểu là :min.','2022-05-30 02:38:04','2022-05-30 02:38:04'),(4351,1,'vi','validation','min.string','Trường :attribute phải có tối thiểu :min kí tự.','2022-05-30 02:38:04','2022-05-30 02:38:04'),(4352,1,'vi','validation','multiple_of','Trường :attribute phải là bội số của :value','2022-05-30 02:38:04','2022-05-30 02:38:04'),(4353,1,'vi','validation','not_in','Giá trị đã chọn trong trường :attribute không hợp lệ.','2022-05-30 02:38:04','2022-05-30 02:38:04'),(4354,1,'vi','validation','not_regex','Trường :attribute có định dạng không hợp lệ.','2022-05-30 02:38:04','2022-05-30 02:38:04'),(4355,1,'vi','validation','numeric','Trường :attribute phải là một số.','2022-05-30 02:38:04','2022-05-30 02:38:04'),(4356,1,'vi','validation','password','Mật khẩu không đúng.','2022-05-30 02:38:04','2022-05-30 02:38:04'),(4357,1,'vi','validation','present','Trường :attribute phải được cung cấp.','2022-05-30 02:38:04','2022-05-30 02:38:04'),(4358,1,'vi','validation','prohibited','Trường :attribute bị cấm.','2022-05-30 02:38:04','2022-05-30 02:38:04'),(4359,1,'vi','validation','prohibited_if','Trường :attribute bị cấm khi :other là :value.','2022-05-30 02:38:04','2022-05-30 02:38:04'),(4360,1,'vi','validation','prohibited_unless','Trường :attribute bị cấm trừ khi :other là một trong :values.','2022-05-30 02:38:04','2022-05-30 02:38:04'),(4361,1,'vi','validation','regex','Trường :attribute có định dạng không hợp lệ.','2022-05-30 02:38:04','2022-05-30 02:38:04'),(4362,1,'vi','validation','required','Trường :attribute không được bỏ trống.','2022-05-30 02:38:04','2022-05-30 02:38:04'),(4363,1,'vi','validation','required_if','Trường :attribute không được bỏ trống khi trường :other là :value.','2022-05-30 02:38:04','2022-05-30 02:38:04'),(4364,1,'vi','validation','required_unless','Trường :attribute không được bỏ trống trừ khi :other là :values.','2022-05-30 02:38:04','2022-05-30 02:38:04'),(4365,1,'vi','validation','required_with','Trường :attribute không được bỏ trống khi một trong :values có giá trị.','2022-05-30 02:38:04','2022-05-30 02:38:04'),(4366,1,'vi','validation','required_with_all','Trường :attribute không được bỏ trống khi tất cả :values có giá trị.','2022-05-30 02:38:04','2022-05-30 02:38:04'),(4367,1,'vi','validation','required_without','Trường :attribute không được bỏ trống khi một trong :values không có giá trị.','2022-05-30 02:38:04','2022-05-30 02:38:04'),(4368,1,'vi','validation','required_without_all','Trường :attribute không được bỏ trống khi tất cả :values không có giá trị.','2022-05-30 02:38:04','2022-05-30 02:38:04'),(4369,1,'vi','validation','same','Trường :attribute và :other phải giống nhau.','2022-05-30 02:38:04','2022-05-30 02:38:04'),(4370,1,'vi','validation','size.array','Trường :attribute phải chứa :size phần tử.','2022-05-30 02:38:04','2022-05-30 02:38:04'),(4371,1,'vi','validation','size.file','Dung lượng tập tin trong trường :attribute phải bằng :size kB.','2022-05-30 02:38:04','2022-05-30 02:38:04'),(4372,1,'vi','validation','size.numeric','Trường :attribute phải bằng :size.','2022-05-30 02:38:04','2022-05-30 02:38:04'),(4373,1,'vi','validation','size.string','Trường :attribute phải chứa :size kí tự.','2022-05-30 02:38:04','2022-05-30 02:38:04'),(4374,1,'vi','validation','starts_with','Trường :attribute phải được bắt đầu bằng một trong những giá trị sau: :values','2022-05-30 02:38:04','2022-05-30 02:38:04'),(4375,1,'vi','validation','string','Trường :attribute phải là một chuỗi kí tự.','2022-05-30 02:38:04','2022-05-30 02:38:04'),(4376,1,'vi','validation','timezone','Trường :attribute phải là một múi giờ hợp lệ.','2022-05-30 02:38:04','2022-05-30 02:38:04'),(4377,1,'vi','validation','unique','Trường :attribute đã có trong cơ sở dữ liệu.','2022-05-30 02:38:04','2022-05-30 02:38:04'),(4378,1,'vi','validation','uploaded','Trường :attribute tải lên thất bại.','2022-05-30 02:38:04','2022-05-30 02:38:04'),(4379,1,'vi','validation','url','Trường :attribute không giống với định dạng một URL.','2022-05-30 02:38:04','2022-05-30 02:38:04'),(4380,1,'vi','validation','uuid','Trường :attribute phải là một chuỗi UUID hợp lệ.','2022-05-30 02:38:04','2022-05-30 02:38:04'),(4381,1,'vi','validation','custom.attribute-name.rule-name','custom-message','2022-05-30 02:38:04','2022-05-30 02:38:04');
/*!40000 ALTER TABLE `translations` ENABLE KEYS */;
UNLOCK TABLES;

--
-- Table structure for table `user_meta`
--

DROP TABLE IF EXISTS `user_meta`;
/*!40101 SET @saved_cs_client     = @@character_set_client */;
/*!50503 SET character_set_client = utf8mb4 */;
CREATE TABLE `user_meta` (
  `id` bigint unsigned NOT NULL AUTO_INCREMENT,
  `key` varchar(191) COLLATE utf8mb4_unicode_ci DEFAULT NULL,
  `value` varchar(191) COLLATE utf8mb4_unicode_ci DEFAULT NULL,
  `user_id` int unsigned NOT NULL,
  `created_at` timestamp NULL DEFAULT NULL,
  `updated_at` timestamp NULL DEFAULT NULL,
  PRIMARY KEY (`id`),
  KEY `user_meta_user_id_index` (`user_id`)
) ENGINE=InnoDB DEFAULT CHARSET=utf8mb4 COLLATE=utf8mb4_unicode_ci;
/*!40101 SET character_set_client = @saved_cs_client */;

--
-- Dumping data for table `user_meta`
--

LOCK TABLES `user_meta` WRITE;
/*!40000 ALTER TABLE `user_meta` DISABLE KEYS */;
/*!40000 ALTER TABLE `user_meta` ENABLE KEYS */;
UNLOCK TABLES;

--
-- Table structure for table `users`
--

DROP TABLE IF EXISTS `users`;
/*!40101 SET @saved_cs_client     = @@character_set_client */;
/*!50503 SET character_set_client = utf8mb4 */;
CREATE TABLE `users` (
  `id` bigint unsigned NOT NULL AUTO_INCREMENT,
  `email` varchar(191) COLLATE utf8mb4_unicode_ci NOT NULL,
  `email_verified_at` timestamp NULL DEFAULT NULL,
  `password` varchar(191) CHARACTER SET utf8mb4 COLLATE utf8mb4_unicode_ci DEFAULT NULL,
  `remember_token` varchar(100) COLLATE utf8mb4_unicode_ci DEFAULT NULL,
  `created_at` timestamp NULL DEFAULT NULL,
  `updated_at` timestamp NULL DEFAULT NULL,
  `first_name` varchar(191) COLLATE utf8mb4_unicode_ci DEFAULT NULL,
  `last_name` varchar(191) COLLATE utf8mb4_unicode_ci DEFAULT NULL,
  `username` varchar(60) COLLATE utf8mb4_unicode_ci DEFAULT NULL,
  `avatar_id` int unsigned DEFAULT NULL,
  `super_user` tinyint(1) NOT NULL DEFAULT '0',
  `manage_supers` tinyint(1) NOT NULL DEFAULT '0',
  `permissions` text COLLATE utf8mb4_unicode_ci,
  `last_login` timestamp NULL DEFAULT NULL,
  PRIMARY KEY (`id`),
  UNIQUE KEY `users_email_unique` (`email`),
  UNIQUE KEY `users_username_unique` (`username`)
) ENGINE=InnoDB AUTO_INCREMENT=2 DEFAULT CHARSET=utf8mb4 COLLATE=utf8mb4_unicode_ci;
/*!40101 SET character_set_client = @saved_cs_client */;

--
-- Dumping data for table `users`
--

LOCK TABLES `users` WRITE;
/*!40000 ALTER TABLE `users` DISABLE KEYS */;
INSERT INTO `users` VALUES (1,'admin@botble.com',NULL,'$2y$10$L.Fo0nDAGeOQUcpZd9BPc.TqSqawRuLmGKhGyZ/yM0zNPbsJANcQK',NULL,'2022-05-30 02:37:20','2022-05-30 02:37:20','System','Admin','botble',NULL,1,1,NULL,NULL);
/*!40000 ALTER TABLE `users` ENABLE KEYS */;
UNLOCK TABLES;

--
-- Table structure for table `widgets`
--

DROP TABLE IF EXISTS `widgets`;
/*!40101 SET @saved_cs_client     = @@character_set_client */;
/*!50503 SET character_set_client = utf8mb4 */;
CREATE TABLE `widgets` (
  `id` bigint unsigned NOT NULL AUTO_INCREMENT,
  `widget_id` varchar(120) COLLATE utf8mb4_unicode_ci NOT NULL,
  `sidebar_id` varchar(120) COLLATE utf8mb4_unicode_ci NOT NULL,
  `theme` varchar(120) COLLATE utf8mb4_unicode_ci NOT NULL,
  `position` tinyint unsigned NOT NULL DEFAULT '0',
  `data` text COLLATE utf8mb4_unicode_ci,
  `created_at` timestamp NULL DEFAULT NULL,
  `updated_at` timestamp NULL DEFAULT NULL,
  PRIMARY KEY (`id`)
) ENGINE=InnoDB AUTO_INCREMENT=39 DEFAULT CHARSET=utf8mb4 COLLATE=utf8mb4_unicode_ci;
/*!40101 SET character_set_client = @saved_cs_client */;

--
-- Dumping data for table `widgets`
--

LOCK TABLES `widgets` WRITE;
/*!40000 ALTER TABLE `widgets` DISABLE KEYS */;
INSERT INTO `widgets` VALUES (1,'SiteInfoWidget','footer_sidebar','farmart',0,'{\"id\":\"SiteInfoWidget\",\"name\":\"Farmart \\u2013 Your Online Foods & Grocery\",\"about\":\"Lorem ipsum dolor sit amet, consectetur adipiscing elit. Sed finibus viverra iaculis. Etiam vulputate et justo eget scelerisque.\",\"phone\":\"(+965) 7492-4277\",\"address\":\"959 Homestead Street Eastlake, NYC\",\"email\":\"support@farmart.com\"}','2022-05-30 02:37:24','2022-05-30 02:37:24'),(2,'CustomMenuWidget','footer_sidebar','farmart',1,'{\"id\":\"CustomMenuWidget\",\"name\":\"Useful Links\",\"menu_id\":\"useful-links\"}','2022-05-30 02:37:24','2022-05-30 02:37:24'),(3,'CustomMenuWidget','footer_sidebar','farmart',2,'{\"id\":\"CustomMenuWidget\",\"name\":\"Help Center\",\"menu_id\":\"help-center\"}','2022-05-30 02:37:24','2022-05-30 02:37:24'),(4,'CustomMenuWidget','footer_sidebar','farmart',3,'{\"id\":\"CustomMenuWidget\",\"name\":\"Business\",\"menu_id\":\"business\"}','2022-05-30 02:37:24','2022-05-30 02:37:24'),(5,'NewsletterWidget','footer_sidebar','farmart',4,'{\"id\":\"NewsletterWidget\",\"title\":\"Newsletter\",\"subtitle\":\"Register now to get updates on promotions and coupon. Don\\u2019t worry! We not spam\"}','2022-05-30 02:37:24','2022-05-30 02:37:24'),(6,'BlogSearchWidget','primary_sidebar','farmart',1,'{\"id\":\"BlogSearchWidget\",\"name\":\"Search\"}','2022-05-30 02:37:24','2022-05-30 02:37:24'),(7,'BlogCategoriesWidget','primary_sidebar','farmart',2,'{\"id\":\"BlogCategoriesWidget\",\"name\":\"Categories\"}','2022-05-30 02:37:24','2022-05-30 02:37:24'),(8,'RecentPostsWidget','primary_sidebar','farmart',3,'{\"id\":\"RecentPostsWidget\",\"name\":\"Recent Posts\"}','2022-05-30 02:37:24','2022-05-30 02:37:24'),(9,'BlogTagsWidget','primary_sidebar','farmart',4,'{\"id\":\"BlogTagsWidget\",\"name\":\"Popular Tags\"}','2022-05-30 02:37:24','2022-05-30 02:37:24'),(10,'SiteFeaturesWidget','pre_footer_sidebar','farmart',1,'{\"id\":\"SiteFeaturesWidget\",\"title\":\"Site Features\",\"data\":{\"1\":{\"icon\":\"general\\/icon-rocket.png\",\"title\":\"Free Shipping\",\"subtitle\":\"For all orders over $200\"},\"2\":{\"icon\":\"general\\/icon-reload.png\",\"title\":\"1 & 1 Returns\",\"subtitle\":\"Cancellation after 1 day\"},\"3\":{\"icon\":\"general\\/icon-protect.png\",\"title\":\"100% Secure Payment\",\"subtitle\":\"Guarantee secure payments\"},\"4\":{\"icon\":\"general\\/icon-support.png\",\"title\":\"24\\/7 Dedicated Support\",\"subtitle\":\"Anywhere & anytime\"},\"5\":{\"icon\":\"general\\/icon-tag.png\",\"title\":\"Daily Offers\",\"subtitle\":\"Discount up to 70% OFF\"}}}','2022-05-30 02:37:24','2022-05-30 02:37:24'),(11,'AdsWidget','products_list_sidebar','farmart',1,'{\"id\":\"AdsWidget\",\"title\":\"Ads\",\"ads_key\":\"ZDOZUZZIU7FZ\",\"background\":\"general\\/background.jpg\",\"size\":\"full-width\"}','2022-05-30 02:37:24','2022-05-30 02:37:24'),(12,'SiteFeaturesWidget','product_detail_sidebar','farmart',1,'{\"id\":\"SiteFeaturesWidget\",\"title\":\"Site Features\",\"data\":{\"1\":{\"icon\":\"general\\/icon-rocket.png\",\"title\":\"Free Shipping\",\"subtitle\":\"For all orders over $200\"},\"2\":{\"icon\":\"general\\/icon-reload.png\",\"title\":\"1 & 1 Returns\",\"subtitle\":\"Cancellation after 1 day\"},\"3\":{\"icon\":\"general\\/icon-protect.png\",\"title\":\"Secure Payment\",\"subtitle\":\"Guarantee secure payments\"}}}','2022-05-30 02:37:24','2022-05-30 02:37:24'),(13,'SiteInfoWidget','product_detail_sidebar','farmart',2,'{\"id\":\"SiteInfoWidget\",\"name\":\"Store information\",\"phone\":\"(+965) 7492-4277\",\"working_time\":\"Mon - Fri: 7:00AM - 18:00PM\"}','2022-05-30 02:37:24','2022-05-30 02:37:24'),(14,'BecomeVendorWidget','product_detail_sidebar','farmart',3,'{\"id\":\"BecomeVendorWidget\",\"name\":\"Become a Vendor?\"}','2022-05-30 02:37:24','2022-05-30 02:37:24'),(15,'ProductCategoriesWidget','bottom_footer_sidebar','farmart',1,'{\"id\":\"ProductCategoriesWidget\",\"name\":\"Consumer Electric\",\"categories\":[18,2,3,4,5,6,7]}','2022-05-30 02:37:24','2022-05-30 02:37:24'),(16,'ProductCategoriesWidget','bottom_footer_sidebar','farmart',2,'{\"id\":\"ProductCategoriesWidget\",\"name\":\"Clothing & Apparel\",\"categories\":[8,9,10,11,12]}','2022-05-30 02:37:24','2022-05-30 02:37:24'),(17,'ProductCategoriesWidget','bottom_footer_sidebar','farmart',3,'{\"id\":\"ProductCategoriesWidget\",\"name\":\"Home, Garden & Kitchen\",\"categories\":[13,14,15,16,17]}','2022-05-30 02:37:24','2022-05-30 02:37:24'),(18,'ProductCategoriesWidget','bottom_footer_sidebar','farmart',4,'{\"id\":\"ProductCategoriesWidget\",\"name\":\"Health & Beauty\",\"categories\":[20,21,22,23,24]}','2022-05-30 02:37:24','2022-05-30 02:37:24'),(19,'ProductCategoriesWidget','bottom_footer_sidebar','farmart',5,'{\"id\":\"ProductCategoriesWidget\",\"name\":\"Computer & Technologies\",\"categories\":[25,26,27,28,29,19]}','2022-05-30 02:37:24','2022-05-30 02:37:24'),(20,'SiteInfoWidget','footer_sidebar','farmart-vi',0,'{\"id\":\"SiteInfoWidget\",\"name\":\"Farmart \\u2013 Th\\u1ef1c ph\\u1ea9m & h\\u00e0ng h\\u00f3a tr\\u1ef1c tuy\\u1ebfn\",\"about\":\"Lorem ipsum dolor sit amet, consectetur adipiscing elit. Sed finibus viverra iaculis. Etiam vulputate et justo eget scelerisque.\",\"phone\":\"(+965) 7492-4277\",\"address\":\"959 Homestead Street Eastlake, NYC\",\"email\":\"support@farmart.com\"}','2022-05-30 02:37:24','2022-05-30 02:37:24'),(21,'CustomMenuWidget','footer_sidebar','farmart-vi',1,'{\"id\":\"CustomMenuWidget\",\"name\":\"Li\\u00ean k\\u1ebft h\\u1eefu \\u00edch\",\"menu_id\":\"lien-ket-huu-ich\"}','2022-05-30 02:37:24','2022-05-30 02:37:24'),(22,'CustomMenuWidget','footer_sidebar','farmart-vi',2,'{\"id\":\"CustomMenuWidget\",\"name\":\"Trung t\\u00e2m tr\\u1ee3 gi\\u00fap\",\"menu_id\":\"trung-tam-tro-giup\"}','2022-05-30 02:37:24','2022-05-30 02:37:24'),(23,'CustomMenuWidget','footer_sidebar','farmart-vi',3,'{\"id\":\"CustomMenuWidget\",\"name\":\"Doanh nghi\\u1ec7p\",\"menu_id\":\"doanh-nghiep\"}','2022-05-30 02:37:24','2022-05-30 02:37:24'),(24,'NewsletterWidget','footer_sidebar','farmart-vi',4,'{\"id\":\"NewsletterWidget\",\"title\":\"\\u0110\\u0103ng k\\u00fd b\\u1ea3n tin\",\"subtitle\":\"\\u0110\\u0103ng k\\u00fd ngay \\u0111\\u1ec3 nh\\u1eadn \\u0111\\u01b0\\u1ee3c c\\u1eadp nh\\u1eadt v\\u1ec1 c\\u00e1c ch\\u01b0\\u01a1ng tr\\u00ecnh khuy\\u1ebfn m\\u00e3i v\\u00e0 phi\\u1ebfu gi\\u1ea3m gi\\u00e1. \\u0110\\u1eebng lo! Ch\\u00fang t\\u00f4i kh\\u00f4ng spam\"}','2022-05-30 02:37:24','2022-05-30 02:37:24'),(25,'BlogSearchWidget','primary_sidebar','farmart-vi',1,'{\"id\":\"BlogSearchWidget\",\"name\":\"T\\u00ecm ki\\u1ebfm\"}','2022-05-30 02:37:24','2022-05-30 02:37:24'),(26,'BlogCategoriesWidget','primary_sidebar','farmart-vi',2,'{\"id\":\"BlogCategoriesWidget\",\"name\":\"Danh m\\u1ee5c b\\u00e0i vi\\u1ebft\"}','2022-05-30 02:37:24','2022-05-30 02:37:24'),(27,'RecentPostsWidget','primary_sidebar','farmart-vi',3,'{\"id\":\"RecentPostsWidget\",\"name\":\"B\\u00e0i vi\\u1ebft g\\u1ea7n \\u0111\\u00e2y\"}','2022-05-30 02:37:24','2022-05-30 02:37:24'),(28,'TagsWidget','primary_sidebar','farmart-vi',4,'{\"id\":\"TagsWidget\",\"name\":\"Tags ph\\u1ed5 bi\\u1ebfn\"}','2022-05-30 02:37:24','2022-05-30 02:37:24'),(29,'SiteFeaturesWidget','pre_footer_sidebar','farmart-vi',1,'{\"id\":\"SiteFeaturesWidget\",\"title\":\"Site Features\",\"data\":{\"1\":{\"icon\":\"general\\/icon-rocket.png\",\"title\":\"Mi\\u1ec5n ph\\u00ed v\\u1eadn chuy\\u1ec3n\",\"subtitle\":\"\\u0110\\u1ed1i v\\u1edbi t\\u1ea5t c\\u1ea3 c\\u00e1c \\u0111\\u01a1n \\u0111\\u1eb7t h\\u00e0ng tr\\u00ean $200\"},\"2\":{\"icon\":\"general\\/icon-reload.png\",\"title\":\"\\u0110\\u1ed5i tr\\u1ea3 1 & 1\",\"subtitle\":\"H\\u1ee7y sau 1 ng\\u00e0y\"},\"3\":{\"icon\":\"general\\/icon-protect.png\",\"title\":\"Thanh to\\u00e1n an to\\u00e0n 100%\",\"subtitle\":\"\\u0110\\u1ea3m b\\u1ea3o thanh to\\u00e1n an to\\u00e0n\"},\"4\":{\"icon\":\"general\\/icon-support.png\",\"title\":\"H\\u1ed7 tr\\u1ee3 t\\u1eadn t\\u00e2m 24\\/7\",\"subtitle\":\"M\\u1ecdi l\\u00fac m\\u1ecdi n\\u01a1i\"},\"5\":{\"icon\":\"general\\/icon-tag.png\",\"title\":\"\\u01afu \\u0111\\u00e3i h\\u00e0ng ng\\u00e0y\",\"subtitle\":\"GI\\u1ea2M GI\\u00c1 l\\u00ean \\u0111\\u1ebfn 70%\"}}}','2022-05-30 02:37:24','2022-05-30 02:37:24'),(30,'AdsWidget','products_list_sidebar','farmart-vi',1,'{\"id\":\"AdsWidget\",\"title\":\"Ads\",\"ads_key\":\"ZDOZUZZIU7FZ\",\"background\":\"general\\/background.jpg\",\"size\":\"full-width\"}','2022-05-30 02:37:24','2022-05-30 02:37:24'),(31,'SiteFeaturesWidget','product_detail_sidebar','farmart-vi',1,'{\"id\":\"SiteFeaturesWidget\",\"title\":\"Site Features\",\"data\":{\"1\":{\"icon\":\"general\\/icon-rocket.png\",\"title\":\"Mi\\u1ec5n ph\\u00ed v\\u1eadn chuy\\u1ec3n\",\"subtitle\":\"\\u0110\\u1ed1i v\\u1edbi t\\u1ea5t c\\u1ea3 c\\u00e1c \\u0111\\u01a1n \\u0111\\u1eb7t h\\u00e0ng tr\\u00ean $200\"},\"2\":{\"icon\":\"general\\/icon-reload.png\",\"title\":\"\\u0110\\u1ed5i tr\\u1ea3 1 & 1\",\"subtitle\":\"H\\u1ee7y sau 1 ng\\u00e0y\"},\"3\":{\"icon\":\"general\\/icon-protect.png\",\"title\":\"Thanh to\\u00e1n an to\\u00e0n\",\"subtitle\":\"\\u0110\\u1ea3m b\\u1ea3o thanh to\\u00e1n an to\\u00e0n\"}}}','2022-05-30 02:37:24','2022-05-30 02:37:24'),(32,'SiteInfoWidget','product_detail_sidebar','farmart-vi',2,'{\"id\":\"SiteInfoWidget\",\"name\":\"Store information\",\"phone\":\"(+965) 7492-4277\",\"working_time\":\"Mon - Fri: 7:00AM - 18:00PM\"}','2022-05-30 02:37:24','2022-05-30 02:37:24'),(33,'BecomeVendorWidget','product_detail_sidebar','farmart-vi',3,'{\"id\":\"BecomeVendorWidget\",\"name\":\"Tr\\u1edf th\\u00e0nh nh\\u00e0 b\\u00e1n h\\u00e0ng?\"}','2022-05-30 02:37:24','2022-05-30 02:37:24'),(34,'ProductCategoriesWidget','bottom_footer_sidebar','farmart-vi',1,'{\"id\":\"ProductCategoriesWidget\",\"name\":\"\\u0110i\\u1ec7n gia d\\u1ee5ng\",\"categories\":[18,2,3,4,5,6,7]}','2022-05-30 02:37:24','2022-05-30 02:37:24'),(35,'ProductCategoriesWidget','bottom_footer_sidebar','farmart-vi',2,'{\"id\":\"ProductCategoriesWidget\",\"name\":\"Qu\\u1ea7n \\u00e1o v\\u00e0 trang ph\\u1ee5c\",\"categories\":[8,9,10,11,12]}','2022-05-30 02:37:24','2022-05-30 02:37:24'),(36,'ProductCategoriesWidget','bottom_footer_sidebar','farmart-vi',3,'{\"id\":\"ProductCategoriesWidget\",\"name\":\"Nh\\u00e0, V\\u01b0\\u1eddn & Nh\\u00e0 b\\u1ebfp\",\"categories\":[13,14,15,16,17]}','2022-05-30 02:37:24','2022-05-30 02:37:24'),(37,'ProductCategoriesWidget','bottom_footer_sidebar','farmart-vi',4,'{\"id\":\"ProductCategoriesWidget\",\"name\":\"S\\u1ee9c kh\\u1ecfe & L\\u00e0m \\u0111\\u1eb9p\",\"categories\":[20,21,22,23,24]}','2022-05-30 02:37:24','2022-05-30 02:37:24'),(38,'ProductCategoriesWidget','bottom_footer_sidebar','farmart-vi',5,'{\"id\":\"ProductCategoriesWidget\",\"name\":\"M\\u00e1y t\\u00ednh & C\\u00f4ng ngh\\u1ec7\",\"categories\":[25,26,27,28,29,19]}','2022-05-30 02:37:24','2022-05-30 02:37:24');
/*!40000 ALTER TABLE `widgets` ENABLE KEYS */;
UNLOCK TABLES;
/*!40103 SET TIME_ZONE=@OLD_TIME_ZONE */;

/*!40101 SET SQL_MODE=@OLD_SQL_MODE */;
/*!40014 SET FOREIGN_KEY_CHECKS=@OLD_FOREIGN_KEY_CHECKS */;
/*!40014 SET UNIQUE_CHECKS=@OLD_UNIQUE_CHECKS */;
/*!40101 SET CHARACTER_SET_CLIENT=@OLD_CHARACTER_SET_CLIENT */;
/*!40101 SET CHARACTER_SET_RESULTS=@OLD_CHARACTER_SET_RESULTS */;
/*!40101 SET COLLATION_CONNECTION=@OLD_COLLATION_CONNECTION */;
/*!40111 SET SQL_NOTES=@OLD_SQL_NOTES */;

-- Dump completed on 2022-05-30 16:38:07
